[
    [
        {
            "certBuyer": true,
            "rating": 3,
            "author": "Flipkart Customer",
            "title": "Cash back not given.!",
            "text": "The offer said 10000 cash back for citi credit and debit cards and I used a debit card for full payment and never got the cash back. Please guide me here with the procedure.",
            "helpful": 1071
        }
    ],
    [
        {
            "certBuyer": true,
            "rating": 1,
            "author": "Sanjeev Malhotra",
            "title": "Hated it!",
            "text": "I ordered a silver iphone X but received a space gray product. Didn't expect this to happen while buying such an expensive product.",
            "helpful": 660
        }
    ],
    [
        {
            "certBuyer": true,
            "rating": 5,
            "author": "Harish Balan",
            "title": "Perfect product!",
            "text": "Excellent delivery .... on time sharp 6:00 PM .... thank you flipkart...\n\nthe phone is everything that apple promised.",
            "helpful": 1526
        }
    ],
    [
        {
            "certBuyer": true,
            "rating": 1,
            "author": "Sachin Tewari",
            "title": "Faulty IphoneX delivered, Flipkart refused to help",
            "text": "First time in my life I ordered something so expensive from online ecommerce site and as per my fear, they delivered a faulty iPhone x. There are blurred lines appearing in portrait mode in back camera.\n\nWhen I contacted Flipkart support they refused for any help and suggested to go to Apple care. So this is pity that after spending 102000/- my iPhone is laying in service centre.\n\nThe Flipkart support is useless and I am not going to make such big purchases for such sites again.\n\nFeeling cheated for my purchase.\n\nRegards\nSachin",
            "helpful": 5595
        }
    ],
    [
        {
            "certBuyer": true,
            "rating": 1,
            "author": "Nitin Kumar",
            "title": "No Invoice hardcopy or softcopy",
            "text": "Product delivered with no hardcopy or softcopy of invoice...no invoice even in app or desktop version...customer care says wait till 11th..as a result I can't insure my phone worth 1 lakh rupees...for all I know it's a stolen product or a counterfeit...thanks Flipkart...ur the worst...",
            "helpful": 83
        }
    ],
    [
        {
            "certBuyer": true,
            "rating": 5,
            "author": "CHIRAG CHOUDHARY",
            "title": "Mind-blowing purchase",
            "text": "Amazing build quality, except the fact that it is missing the fast charger.. all good",
            "helpful": 37
        }
    ],
    [
        {
            "certBuyer": true,
            "rating": 5,
            "author": "Swapnil Das",
            "title": "All Screen. All Good.",
            "text": "Delivered right on time by Flipkart at 6PM India iPhone X launch time. \nRegarding the device, it will blow your mind. Apple proved once again what a masterpiece can be.",
            "helpful": 812
        }
    ],
    [
        {
            "certBuyer": true,
            "rating": 5,
            "author": "Nishikant Mhatre",
            "title": "Best iPhone ever. Killer one...",
            "text": "I am using iPhone since almost last 7 years and this is no doubt the best phone of all. \nJust loved it\nCamera is amazing\nAs always its iPhone so works like charm. \n\nThanks Flipkart for special delivery n on time.",
            "helpful": 542
        }
    ],
    [
        {
            "certBuyer": true,
            "rating": 1,
            "author": "Flipkart Customer",
            "title": "Pathetic Deliver by Flipkart",
            "text": "Delivery from Flipkart was pathetic. I ordered on Friday night. They had to deliver on Monday and the seller didnt even ship it until Monday. Then it was in Flipkart Bangalore hub for 22 hours before it was shipped to Delhi. It took another 24 hours for it to reach Delhi and then it was out for delivery on Thursday. I was not in town, so it was re-scheduled for Monday. In between Thursday and Monday I received numerous calls and emails from Flipkart asking me to cancel the order or get it delivered to someone else at the address. I told those fools that I had taken the exchange offer and dont they want the old phone? Finally, the day came and the delivery guy called up at least 5 times before reaching the delivery address as he was new to the area. He checked the phone details IMEI number etc and took the phone. He called me back at 9pm saying that he cannot check the IMEI and asked me to Whatsapp the screenshot I had shown him during the visit. Terrible! Really Terrible!!!",
            "helpful": 71
        }
    ],
    [
        {
            "certBuyer": true,
            "rating": 5,
            "author": "Shobhit Sarin",
            "title": "Awesum Phone !! Must Buy",
            "text": "I will highly recommend this phone if you have bucks!!\n1.Good camera\n2.Speaker sound is mind blowing\n3.Compact size\n4.Face ID is really  good\n\nSuggestions: Buy Spigen back cover and Spigen Screen guard for your beauty",
            "helpful": 8
        }
    ],
    [
        {
            "certBuyer": true,
            "rating": 5,
            "author": "jitendra singh",
            "title": "Awesome device",
            "text": "First let me share my experience with Flipkart..I got the device yesterday morning.. delivered right on time as mentioned by Flipkart on the day of prebooking . I must say Flipkart has improved a lot. I was hardcore fan of amazon now I have a better option!! I got device as well as nice little surprise in the box from Flipkart. Thanks you Flipkart for amazing service.\ud83d\udc4d\ud83d\udc4c\n\nNow about the device..well it&rsquo;s much faster then I expected and Face ID works like a charm even in pitch dark. Few apps are still not optimised but the native apps are great. It&rsquo;s a complete visual treat. Size is in between iphone 7 and 7 plus. Speakers are   much better too. One more thing I would like to mention that if you have your older device with you then switch on your Wi-fi and Bluetooth on older device then turn on iPhone X and see the magic of seamless transfer of all your data!! This is the best iphone you can buy in 2017. Cheers !!",
            "helpful": 66
        }
    ],
    [
        {
            "certBuyer": true,
            "rating": 5,
            "author": "Rahul Chakraborty",
            "title": "Excellent service by Flipkart!",
            "text": "Excellent service by Flipkart! The phone is amazing. Few apps need to be optimized for the iPhone X, rest all main apps are working perfectly. The product is worth the price!",
            "helpful": 131
        }
    ],
    [
        {
            "certBuyer": true,
            "rating": 5,
            "author": "Sagar Hongekar",
            "title": "Apple x",
            "text": "Awesome",
            "helpful": 4
        }
    ],
    [
        {
            "certBuyer": true,
            "rating": 5,
            "author": "Bhargav Kotadia",
            "title": "Best iPhone ever",
            "text": "Quick delivery \nExcellent product",
            "helpful": 4
        }
    ],
    [
        {
            "certBuyer": true,
            "rating": 5,
            "author": "Himanshu",
            "title": "Stunning !",
            "text": "Simply stunning!!! \n\nLoving my new Iphone X :)",
            "helpful": 4
        }
    ],
    [
        {
            "certBuyer": true,
            "rating": 1,
            "author": "Deep Vidyarthi",
            "title": "People should wait for review and then buy..",
            "text": "I started having problems in 2 days ,phone keeps hanging,network is not coming properly,snapchat keeps hanging..Speaker voice is not clear.Its been just few days and i have to visit service centre.",
            "helpful": 83
        }
    ],
    [
        {
            "certBuyer": true,
            "rating": 3,
            "author": "Dinesh Panwar",
            "title": "Not worth 1 lac price tag",
            "text": "Phone is everything as expected from Apple but little bit of heating after some usage.Rest all great...but FLIPCART delivery sucks...charged me for 1 day delivery but it took 2 days for the phone to reach me.In just 20 days of use..the phone has scratches on steel frame in just 20 days of usage.very poor quality.Definitely not worth a 1 lac Rs price tag",
            "helpful": 30
        }
    ],
    [
        {
            "certBuyer": true,
            "rating": 5,
            "author": "Flipkart Customer",
            "title": "Best in the market!",
            "text": "It was awesome",
            "helpful": 24
        }
    ],
    [
        {
            "certBuyer": true,
            "rating": 5,
            "author": "Christie  Watsa",
            "title": "Excellent Phone",
            "text": "I highly recommend this phone if you have the buck!!\nHowever some issues seen by me which could get addressed with software updates.\n1. Face ID does not work properly in direct sunlight. And few times acted wonky. So not perfect like Touch ID.\n2. RAM management is little bad compared to earlier iPhones on iOS 11.1. \n3. True Tone makes the display more warm / yellow for this phone. Looks better without it. \n4. Dont quite like the control center gesture position.\n5. Provided charger is not a fast charger. This is a bummer by Apple \n6. Glass on front and back could be risky if not handled properly. \n7. Very Costly for a piece of tech whose value deteriorates over time. \n\nWhats nice:\n1. Good and big screen. \n2. Speaker Sound is loud enough for a mobile\n3. Wireless capability (only its too slow to charge)\n4. Fast charging via MacBook Pro charger\n5. India unlocked unit is based on a Qualcomm chipset which makes it a universal phone\n6. Good looks and nice to hold. Not too large like iPhone Plus models. \n 7. Good cameras",
            "helpful": 35
        }
    ],
    [
        {
            "certBuyer": true,
            "rating": 3,
            "author": "Mrinalini Singh",
            "title": "iPhone X",
            "text": "Till placing the order was all good but post that you guys (Flipkart) changed the delivery date that too of one week ...after requesting so many times they delivered on 13th but ideally it was supposed to be on 9th as it was very special day of my life. Sorry to say but am just not happy with your service.",
            "helpful": 11
        }
    ],
    [
        {
            "certBuyer": true,
            "rating": 5,
            "author": "Saurabh Chhabra",
            "title": "Great service by Flipkart, high hopes from Apple X",
            "text": "So far so good. Have been using Android before this hence I found a few hiccups with the way Apple functions. It's a good phone and the face ID works well most of the time. &quot;Most of the time&quot; The no home bottom has changed the way this phone functions as compared to the past Apple phones. Kudos to Shreyas who delivered the phone to me right post the launch at around 6.40 pm. Commendable service by Flipkart. Thanks you.",
            "helpful": 23
        }
    ],
    [
        {
            "certBuyer": true,
            "rating": 5,
            "author": "Flipkart Customer",
            "title": "Best Phone! Period.",
            "text": "First of all I have to thank Flipkart for providing an amazing experience in delivering this beauty! Such precision timing, Im just very impressed. Since the day I had ordered it I had so many negative things in my mind, coz I couldnt believe I was the lucky one to order the phone, then all the rumours which made think of I would get the genuine product. Believe me, when the phone got delivered, I was so nervous. Opened the package and I was blown away with what I had seen. Such sophisticated product I have never experienced in my entire life! To top it all Flipkart had sent a gift and a message which was a thank you note.\nI know this seems like a dragging story, but Im just so happy to get this product via Flipkart!! Wont regret this decision. Thank you so much for handing over the future of smartphones to me so efficiently! I feel lucky to receive it on the launch day!",
            "helpful": 15
        }
    ],
    [
        {
            "certBuyer": true,
            "rating": 5,
            "author": "ashish gupta",
            "title": "Excellent",
            "text": "best thing i have ever purchased in my life .\nsuch a masterpiece to use , it makes me feel like i was waiting for this whole my life .",
            "helpful": 7
        }
    ],
    [
        {
            "certBuyer": true,
            "rating": 5,
            "author": "Flipkart Customer",
            "title": "The best that apple has to offer.",
            "text": "An awesome phone for apple lovers. Face id is on point and very fast. The third party apps are yet to be optimised for this screen, however devs should begin optimising soon. \nRest everything is awesome as expected from apple. The screen is ridiculously good. Speakers are one of the best that i have heard. Overall an awesome phone.",
            "helpful": 12
        }
    ],
    [
        {
            "certBuyer": true,
            "rating": 1,
            "author": "Anjali Priya",
            "title": "Waste of money!",
            "text": "This is really disappointing..just 2 weeks of purchase and newly iPhone X earpiece speaker is not working...did not expect this from worldwide best brand.Instead of giving instead replacement for the device I had to wait for the response from icentre on this.Waste of money definitely.",
            "helpful": 13
        }
    ],
    [
        {
            "certBuyer": true,
            "rating": 5,
            "author": "Abhilash Tiwari",
            "title": "Worth every penny",
            "text": "Fast and awesome delivery! Thanks for all the extra goodies and the letter!",
            "helpful": 11
        }
    ],
    [
        {
            "certBuyer": true,
            "rating": 1,
            "author": "Flipkart Customer",
            "title": "Don't waste your money",
            "text": "Price is to high",
            "helpful": 61
        }
    ],
    [
        {
            "certBuyer": true,
            "rating": 5,
            "author": "Aritra Das",
            "title": "Perfect product!",
            "text": "Best apple phone till now, very compact in size, easy to use in one hand, face id works every time till now, rear camera quality is excellent, front camera quality is good not the best, lack of 3.5mm headphone jack but sound output is very good though..",
            "helpful": 5
        }
    ],
    [
        {
            "certBuyer": true,
            "rating": 5,
            "author": "Sandeep Asati",
            "title": "Excellent",
            "text": "Excellent",
            "helpful": 5
        }
    ],
    [
        {
            "certBuyer": true,
            "rating": 5,
            "author": "Neeraj Singh",
            "title": "Love the new Apple IPhone -X",
            "text": "No doubt a gen-x phone and yes it does have an earphones.. Love the user interface definitely worth the money",
            "helpful": 6
        }
    ],
    [
        {
            "certBuyer": true,
            "rating": 5,
            "author": "Parth Kumar",
            "title": "Finally a refreshed iPhone experience in years!!",
            "text": "The phone reached me as promised on the launch day by flipkart. So full marks to flipkart for speedy delivery. \n\nAs far as the phone is concerned, I would say its a great phone. I have been an iPhone user since the time of iPhone 4 and have bought every iPhone since then. This time Apple has bought something new as compared to the iPhones in the past. \nThe iterations of iPhones were becoming boring and no revolutionary feature was being added by the company, iPhone X definitely changes it. So its  not a boring iPhone like the other ones.\n\nStarting with my experience:\n\nThe display is the main highlight here. Its sharp and gorgeous to look at. You will definitely be happy with it. The chin on top is unnoticeable after few minutes of using the phone.\n\nThe battery life is insane. Heavy users can expect a full day battery and for light users, it can last upto 2 days! Its  Definitely better than iPhone 8 plus for that matter.\n\nFaceId also works really well and I dont miss the TouchId. \n\nPerformance is brisk without any lag as expected. No issues there\n\nCamera performance is also great, especially the new studio light effects and front camera portrait mode feature! I would say you wont Be disappointed from the camera of this phone. Although its similar to the camera of iPhone 8 plus upto a large extent. \n\nFinally to conclude in brief, overall iPhone X is a great phone. The only issue is: Price of the phone is on a higher side which could have been much less in my opinion(compared to the pricing in other countries). Otherwise its the phone to buy, instead of the iPhone 8 or 8 plus if you want to upgrade from older iPhones or if you just dont want a boring old iPhone platform. I think it is worth it over the iPhone 8 plus at least.\nI hope this short review helps you in deciding your purchase of this device. Cheers!!\nP.S: Go for the silver colour. I think it pops more. Grey looks more generic and unrecognisable as a iPhone X.. xD",
            "helpful": 6
        }
    ],
    [
        {
            "certBuyer": true,
            "rating": 5,
            "author": "Rajia Choudhury",
            "title": "Worth every penny",
            "text": "Supurb Product but Fast charger not enclosed",
            "helpful": 2
        }
    ],
    [
        {
            "certBuyer": true,
            "rating": 4,
            "author": "RAJANIKANTH PINGALI",
            "title": "Good not excellent product as well seller/flipkart",
            "text": "I want to write about product and seller as well\nFirst about product : Product is good not excellent as it is exaggerated by apple Face ID is ok ok not as better as finger print ID (Touch ID ) it could be better if finger print unlocking also provided.Incase of performance its excellent. Disappointed with Siri ( it is unable recognise Indian accent as google asst does ),maps and Face ID \n\nNow about seller : the date of delivery mentioned by seller/Flipkart is completely wrong the product hadnt been packed even the date of delivery (or just one day before the given date of delivery ) its been packed after raising complaint regarding the delay to the Flipkart. Then they(seller/Flipkart) changed date of delivery (postponed) and finally the product is received lately. However product is genuine.",
            "helpful": 2
        }
    ],
    [
        {
            "certBuyer": true,
            "rating": 5,
            "author": "Flipkart Customer",
            "title": "Super awesome!",
            "text": "As expected, super nice product. Face ID is beyond awesome, the phone looks vey different &amp; better from the previous versions.",
            "helpful": 2
        }
    ],
    [
        {
            "certBuyer": true,
            "rating": 5,
            "author": "Pawan",
            "title": "Worth it",
            "text": "Awesome phone. I have been using iPhone since 2012, and upgraded every year. But iPhone X is the best upgrade.",
            "helpful": 23
        }
    ],
    [
        {
            "certBuyer": true,
            "rating": 2,
            "author": "Shailaja Dash",
            "title": "Bad quality",
            "text": "Price is too high..  Only apple brand costs u 95k..  Not worth it",
            "helpful": 7
        }
    ],
    [
        {
            "certBuyer": true,
            "rating": 4,
            "author": "Aviral Gupta",
            "title": "Iphone X is perfect! Flipkarts Delivery sucks",
            "text": "Phone is definitely awesome. \n\nFaceID is definitely much better than touch ID. It gets faster and faster as it learns more from every unlock. \n\nDisplay is definitely the best I have used on an iPhone. \n\nNotifications personal to a users eyes is also an amazing feature. \n\nBattery life has definitely improved as it can survive a whole day with a heavy user like me. \n\nAnimojis are fun and the envy of my friends..haha \n\nIn total, I m definitely impressed with this device. \n\nI was able to preorder the 256 GB space grey. My decision to go with Space Grey was definitely right. Looks classy. \n\nThe only disappointment was with Flipkarts  Delivery. \n\nEven after the preorder on 27th, Flipkart failed to deliver my phone on launch day because my shipment was travelling from one warehouse to another the whole day. This was frustrating.",
            "helpful": 16
        }
    ],
    [
        {
            "certBuyer": true,
            "rating": 5,
            "author": "Purav Mehta",
            "title": "Early Impressions of World's Most Awaited Device - iPhone X",
            "text": "Okay, so here it is... iPhone X (it's 10 - TEN and not 'Ex' or 'X'). Before I jump to iPhone X, let me quickly comment on Flipkart's service. They delivered before the date committed (6th Nov was scheduled date whereas product received on 5th Nov itself). While delivery was scheduled for 6th Nov, fans/early adopters do expect launch day delivery and thus it would be appreciated if Flipkart can plan the same accordingly to reach all the pre-order on launch day or a day later than 2 days+. Also, the customer care team is trained to give you rhetorical answers and that can be improved.\n\nAlright, coming back to business, iPhone X is definitely a few years ahead of the competition. The Face ID is so damn good, accurate and reliable. Works like magic. The front notch doesn't bother me and new gestures become familiar in just a few hrs as the base of iOS remains same. The camera is so damn good, that people would want you to click their pictures to be used for display pics on social media. The Design is amazing and feels premium. The glass and steel just combine edge to edge to give you a singular unibody design. Super Retina Display is so damn amazing, the contrast ratio is far far far better than previous iPhone and the black is so deep that it gives you color perfection while looking at it. Am still getting used to the True Tone display, however, you do have a facility to turn the same off. The Processor is so fast, you don't even have to wait for apps to load anymore. Even last year's iPhone (7 series) feels slower in front of A11 Bionic Processor. \n\nAm keeping this really short. If you want it, can afford it, just go for it, cause you don't know if there is a better tomorrow. If you have any other queries or questions and need specific answers, do drop me a note on my twitter @purav_mehta",
            "helpful": 21
        }
    ],
    [
        {
            "certBuyer": true,
            "rating": 5,
            "author": "Jayanth Ramachandran",
            "title": "Fantastic phone and great service from Flipkart.",
            "text": "Excellent delivery service, within few hours of launch. Great phone.",
            "helpful": 5
        }
    ],
    [
        {
            "certBuyer": true,
            "rating": 5,
            "author": "Flipkart Customer",
            "title": "Worth it!",
            "text": "I used the iPhone 7 before this. With so many conflicting reviews I was unsure how the Device would be. I also knew that Apple would not bring an anniversary product to the market without extensive testing to eliminate major problems.Thank god I ordered it! Face ID changes everything. Unlocking the phone is only one minuscule part of its job. Lovely phone enjoying every minute of it. Never missed the home button for a second. The gestures and screen are pure butter. Feels like the future for sure! Apple at its intuitive best!",
            "helpful": 3
        }
    ],
    [
        {
            "certBuyer": true,
            "rating": 5,
            "author": "Flipkart Customer",
            "title": "Excellent phone",
            "text": "Theres no doubt that the iPhone X is an amazing device and thats the reason for everyone wanting to get one. The experience could have been better because I have read reviews of rest of the lucky ones who got the phone delivered on 03 itself whereas mine was delivered on 04 after a number of calls to find the status. The reputation of the seller was very doubtful as per the reviews however I took a risk and Im glad that the experience was not so bad.",
            "helpful": 12
        }
    ],
    [
        {
            "certBuyer": true,
            "rating": 5,
            "author": "Ashish Kumar",
            "title": "Perfect product!",
            "text": "\ud83d\udcaf% genuine",
            "helpful": 4
        }
    ],
    [
        {
            "certBuyer": true,
            "rating": 5,
            "author": "Yash Sumaya",
            "title": "Best iPhone yet",
            "text": "Awesome!",
            "helpful": 4
        }
    ],
    [
        {
            "certBuyer": true,
            "rating": 5,
            "author": "Rishi Anand",
            "title": "Amazed by the phone.",
            "text": "Awesome phone. Amazing delivery experience.",
            "helpful": 4
        }
    ],
    [
        {
            "certBuyer": true,
            "rating": 5,
            "author": "Amit",
            "title": "Must buy!",
            "text": "Undoubtedly best iPhone ever",
            "helpful": 5
        }
    ],
    [
        {
            "certBuyer": true,
            "rating": 4,
            "author": "Rahul Gupta",
            "title": "Value-for-money",
            "text": "Product is great offer is also great but dilivree every slow..",
            "helpful": 15
        }
    ],
    [
        {
            "certBuyer": true,
            "rating": 5,
            "author": "Akhil Prasad",
            "title": "Brilliant",
            "text": "Yes i agree that its a bit too over priced (Not to forget that even Samsung Note 8 is comparable at price with iphone X) . But oh my god, this is an impeccable beast with sublime performance and premium finish. You wont regret paying the huge amount. Because its an absolute stunner &lt;3 And special thanks to flipkart for delivering the product on the release date itself - Go for it if you have the budget. Trust me, you wont regret &lt;3",
            "helpful": 4
        }
    ],
    [
        {
            "certBuyer": true,
            "rating": 4,
            "author": "The Khan",
            "title": "Poor packing",
            "text": "Bamb Cheez by apple but poor packing by flipkart",
            "helpful": 3
        }
    ],
    [
        {
            "certBuyer": true,
            "rating": 1,
            "author": "Ankit Shinh",
            "title": "Very poor",
            "text": "Cannot expect a phone worth this price to restart for no reason.\nFriends- show us your new phone \nMe - flaunting\nPhone - leme go off to sleep\nI mean this\nIs unacceptable, not something that is expected out of apple",
            "helpful": 3
        }
    ],
    [
        {
            "certBuyer": true,
            "rating": 5,
            "author": "AMIT K",
            "title": "iPhone X is the most beautiful beast",
            "text": "iPhone X is the most powerful device inspite of beautiful look. Animogi is amazing, no other phones is having these feature. The new way of unlocking the lock feature is Face Id. Its very good.\nEnjoying using iPhone X.\nKudos to Apple innovation.",
            "helpful": 4
        }
    ],
    [
        {
            "certBuyer": true,
            "rating": 5,
            "author": "Ajinkya Karale",
            "title": "Wonderful",
            "text": "The best phone ever. Great interactions. Great battery life. I am loving the face ID.",
            "helpful": 4
        }
    ],
    [
        {
            "certBuyer": true,
            "rating": 5,
            "author": "KHIMANI MOHAMMED AEZAZ",
            "title": "Classy product",
            "text": "On time delivery and very good mobile.....i phone x is best....",
            "helpful": 6
        }
    ],
    [
        {
            "certBuyer": true,
            "rating": 5,
            "author": "Flipkart Customer",
            "title": "iPhone X perfect gift for your loved ones",
            "text": "Feels nice to hold iPhone X. Yeah it does all that is said by Apple and I have not yet faced any issues as of now :) The phone delivery by Flipkart was swift and quick, shout out to them. And thanks for the surprise gift from Flipkart. Lol",
            "helpful": 5
        }
    ],
    [
        {
            "certBuyer": true,
            "rating": 5,
            "author": "Sita Rama Reddy T",
            "title": "Super!",
            "text": "The Revolutionary product from Apple.The best display and love the face Id which is super fast .",
            "helpful": 11
        }
    ],
    [
        {
            "certBuyer": true,
            "rating": 5,
            "author": "siripurapu sunitha",
            "title": "Shipping speed disappointed me a lot",
            "text": "Product is good but Shipping speed is very slow",
            "helpful": 2
        }
    ],
    [
        {
            "certBuyer": true,
            "rating": 5,
            "author": "Ravi Sharma",
            "title": "Excellent phone, as expected.",
            "text": "Everything as advertised and listed. Though, delivery could have been faster. Delhi to Delhi delivery took more than two days!",
            "helpful": 2
        }
    ],
    [
        {
            "certBuyer": true,
            "rating": 5,
            "author": "Soumyadeep Dutta",
            "title": "A Technological Marvel",
            "text": "This phone is a delight. FaceID is just so good that you almost forget that it is there as a primary layer of security. Build quality is immaculate. The phone has a good heft to it and feels substantial and premium to touch. This radical new iPhone is a must buy for those who want to experience everything Apple.",
            "helpful": 2
        }
    ],
    [
        {
            "certBuyer": true,
            "rating": 5,
            "author": "Saalim Smarty",
            "title": "Terrific purchase",
            "text": "Awsome phone thanku so much flipkart",
            "helpful": 2
        }
    ],
    [
        {
            "certBuyer": true,
            "rating": 5,
            "author": "Altaf Husain",
            "title": "iPhone X",
            "text": "Flipkart is no 1 super service I am very happy .super iPhone x",
            "helpful": 0
        }
    ],
    [
        {
            "certBuyer": true,
            "rating": 3,
            "author": "Flipkart Customer",
            "title": "After using two week",
            "text": "Very good but not best",
            "helpful": 0
        }
    ],
    [
        {
            "certBuyer": true,
            "rating": 5,
            "author": "jivani jignesh",
            "title": "Good",
            "text": "V good",
            "helpful": 0
        }
    ],
    [
        {
            "certBuyer": true,
            "rating": 3,
            "author": "Mughil Mohanan",
            "title": ".",
            "text": "Phone is Amazing... service from Flipkart post sales is not good... dont buy from Flipkart",
            "helpful": 0
        }
    ],
    [
        {
            "certBuyer": true,
            "rating": 5,
            "author": "Avhishek Gazmer",
            "title": "Best in the market!",
            "text": "It's a masterpiece and revolution in terms next gen phone since a launch of the first IPhone",
            "helpful": 0
        }
    ],
    [
        {
            "certBuyer": true,
            "rating": 5,
            "author": "Sean",
            "title": "iPhone X is simply awesome",
            "text": "Simply awesome!!!",
            "helpful": 1
        }
    ],
    [
        {
            "certBuyer": true,
            "rating": 5,
            "author": "dhanesh khanna",
            "title": "Simply awesome",
            "text": "Good but late delivery",
            "helpful": 1
        }
    ],
    [
        {
            "certBuyer": true,
            "rating": 5,
            "author": "syed shoeb",
            "title": "Wonderful",
            "text": "Best iphone....\nCompact size not too big \nBest battery life on a iPhone \nScreen is oled \nCamera's are great with potrait lighting feature which is unique n awesome",
            "helpful": 0
        }
    ],
    [
        {
            "certBuyer": true,
            "rating": 5,
            "author": "Flipkart Customer",
            "title": "Simply awesome",
            "text": "I am in love with my new Iphone X, thank you flipkart for the extra fast delivery. Just loved it.",
            "helpful": 0
        }
    ],
    [
        {
            "certBuyer": true,
            "rating": 5,
            "author": "kapil  Kushwah",
            "title": "Perfect product!",
            "text": "Excellent phone",
            "helpful": 1
        }
    ],
    [
        {
            "certBuyer": true,
            "rating": 5,
            "author": "Swapnil Godambe",
            "title": "Perfect product!",
            "text": "No home button, all gestures making it so easy to use. OLED edge to edge Display is killer.\nLoving animojis.",
            "helpful": 0
        }
    ],
    [
        {
            "certBuyer": true,
            "rating": 5,
            "author": "Pritam Bag",
            "title": "awesome",
            "text": "it's a beast",
            "helpful": 1
        }
    ],
    [
        {
            "certBuyer": true,
            "rating": 5,
            "author": "Samresh Singh",
            "title": "Brilliant",
            "text": "iPhone X stunning performance, looking handy and gorgeous design",
            "helpful": 0
        }
    ],
    [
        {
            "certBuyer": true,
            "rating": 5,
            "author": "Abhishek B R",
            "title": "Best phone:)",
            "text": "Too delicate..Too beautiful:)",
            "helpful": 0
        }
    ],
    [
        {
            "certBuyer": true,
            "rating": 5,
            "author": "Suryakant Sawant",
            "title": "Great Service by Flipkart",
            "text": "Feeling happy with new IPHONE X.\nThis is first time had purchased high value product through Flipkart. Product is genuine and delivery happened within the given time frame.",
            "helpful": 0
        }
    ],
    [
        {
            "certBuyer": true,
            "rating": 5,
            "author": "Nagprasad",
            "title": "Brilliant",
            "text": "Flipkart delivery was quick..but my iPhone x is heating and restarting every single minute what to do????",
            "helpful": 1
        }
    ],
    [
        {
            "certBuyer": true,
            "rating": 5,
            "author": "Vishnu vee",
            "title": "The best ever",
            "text": "The best iphone/phone till date. Great performance and the best picture clarity..Portrait mode is the main attraction. It is not at all an over priced phone. Flipkart delivry was delayed :(",
            "helpful": 1
        }
    ],
    [
        {
            "certBuyer": true,
            "rating": 5,
            "author": "Flipkart Customer",
            "title": "5stars to flipkart",
            "text": "Superb phone really exceptional flipkart service n delivery 5stars to apple n flipkart.",
            "helpful": 1
        }
    ],
    [
        {
            "certBuyer": true,
            "rating": 5,
            "author": "Flipkart Customer",
            "title": "Latest iteration of the Apple juggernaut",
            "text": "If you are an Apple fan boy/girl, then this is your holy grail! (As long as you don't mind the price, that is)",
            "helpful": 1
        }
    ],
    [
        {
            "certBuyer": true,
            "rating": 5,
            "author": "sanjay kapoor",
            "title": "happy",
            "text": "happy",
            "helpful": 1
        }
    ],
    [
        {
            "certBuyer": true,
            "rating": 5,
            "author": "Flipkart Customer",
            "title": "Very Good",
            "text": "awesome phone , best feature , very handy .I got delivery on next  day .",
            "helpful": 1
        }
    ],
    [
        {
            "certBuyer": true,
            "rating": 5,
            "author": "pulkit gupta",
            "title": "Best phone",
            "text": "phone is kind of ultimate innovation by apple...thanks flipkart for timely delivery",
            "helpful": 1
        }
    ],
    [
        {
            "certBuyer": true,
            "rating": 5,
            "author": "Inder Kumar",
            "title": "Awesome!!!!!",
            "text": "Perfect on-time delivery from Flipkart! Product received in excellent condition, and exchange handled nicely as well! All in all, 5 out of 5 for excellent service!!!!!\n\nJust a heads-up, I bought this phone and got it delivered at a different address than mine, and Flipkart used the shipping address as Billing address on invoice. Make sure you mention your name even if the address is someone else's, so that the Bill is in your name.",
            "helpful": 1
        }
    ],
    [
        {
            "certBuyer": true,
            "rating": 5,
            "author": "Abhi Joshi",
            "title": "Awesome Phone",
            "text": "Im in love all over again. Its an excellent phone with great design. No comparison at all.",
            "helpful": 1
        }
    ],
    [
        {
            "certBuyer": true,
            "rating": 5,
            "author": "Amol",
            "title": "Super!",
            "text": "Expensive but OlED is realy great",
            "helpful": 1
        }
    ],
    [
        {
            "certBuyer": true,
            "rating": 5,
            "author": "Flipkart Customer",
            "title": "Perfect product!",
            "text": "Delivered on time with right product.",
            "helpful": 1
        }
    ],
    [
        {
            "certBuyer": true,
            "rating": 5,
            "author": "Dipanjan Das",
            "title": "Terrific purchase",
            "text": "Delivered right on time",
            "helpful": 1
        }
    ],
    [
        {
            "certBuyer": true,
            "rating": 5,
            "author": "Godwin Arthur",
            "title": "Brilliant",
            "text": "Nice product got it on the day of the launch for pre ordering. Nice phone but very expensive.",
            "helpful": 1
        }
    ],
    [
        {
            "certBuyer": true,
            "rating": 5,
            "author": "Naman Khettry",
            "title": "Best phone! Best service! Best buying experience!",
            "text": "Best iPhone yet. Loving the experience. \nFlipkart delivered on its promise. \nGot delivery on the 4th as guaranteed. Youve found a new fan in me! Will recommend one and all to always shop on Flipkart!\nThank you.",
            "helpful": 1
        }
    ],
    [
        {
            "certBuyer": true,
            "rating": 5,
            "author": "Emidio Gomes",
            "title": "Day 1sh",
            "text": "Day 1sh Just Amazing",
            "helpful": 1
        }
    ],
    [
        {
            "certBuyer": true,
            "rating": 5,
            "author": "abhinav talwar",
            "title": "Iphone X is a great phone",
            "text": "This phone is mind boggling with great features and excellent camera ,, love this phone :) :) design is soooo swaggy with awesome display..",
            "helpful": 4
        }
    ],
    [
        {
            "certBuyer": true,
            "rating": 4,
            "author": "Gaurav kaushik",
            "title": "Really Nice",
            "text": "Amazing phone but delivery was kind of late I was expecting in the first week..I am an android guy from last 5 years this is my first phone so I am comparing same segment android phones :\nCamera 4.5/5\nBattery 3.5/5\nLook 5/5\nstrength 5/5\nDamage risk - high\nSpeaker 3.5/5\nEarphones 4/5\nProcessor 5/5\nCostly - Super expensive",
            "helpful": 3
        }
    ],
    [
        {
            "certBuyer": true,
            "rating": 5,
            "author": "Praveen Katragadda",
            "title": "awesome mobile I even seen",
            "text": "Great product by apple",
            "helpful": 3
        }
    ],
    [
        {
            "certBuyer": true,
            "rating": 3,
            "author": "Praval Sharma",
            "title": "Decent product",
            "text": "Not worth the monry, there are many mid range flagships better than this.",
            "helpful": 2
        }
    ],
    [
        {
            "certBuyer": true,
            "rating": 5,
            "author": "Kushboo  Jain u",
            "title": "iPhone x",
            "text": "Awesome packing by Flipkart and phone look pretty gud",
            "helpful": 2
        }
    ],
    [
        {
            "certBuyer": true,
            "rating": 5,
            "author": "Ankit Suryawanshi",
            "title": "Superb Phone with Great Flipkart Service.",
            "text": "I am loving this device. Would certainly recommend to buy over the iPhone 8/8 Plus.\n\nAlso Flipkart was as always awesome with its delivery. The first person in Pune using the iPhone X.",
            "helpful": 2
        }
    ],
    [
        {
            "certBuyer": true,
            "rating": 2,
            "author": "Flipkart Customer",
            "title": "Could be way better",
            "text": "Fairly prdinary product. Not worth the money. It's twice the thickness compared to any of it's competitor's/predecessor's. \n\nIt's the same screen and tech as what a lot of other phones bring in at half the price point. \n\nOn the upside the UI is well organized and designed. Typically apple. Underpowered overpriced product which was designed well in parts and marketted well as a package.",
            "helpful": 13
        }
    ],
    [
        {
            "certBuyer": true,
            "rating": 5,
            "author": "Sukhchain Singh",
            "title": "Best phone till date!!",
            "text": "Best phone till date.. loved it a lot!! edge to edge oled display is mind blowing!! comapred with pixel 2 side by side.. X wins with no compromises!! Camers is the best you can get from a mobile phone.. battery lasts a whole day.. loved a lot!",
            "helpful": 3
        }
    ],
    [
        {
            "certBuyer": true,
            "rating": 1,
            "author": "Flipkart Customer",
            "title": "Worthless",
            "text": "Available at lower price on other e-commerce sites.",
            "helpful": 3
        }
    ],
    [
        {
            "certBuyer": true,
            "rating": 5,
            "author": "Snigdhaman Chatterjee",
            "title": "Mind-blowing purchase",
            "text": "Excellent phone with a crisp screen and an equally snappy performance. Build quality is top notch and the camera is one of the best among smartphones. The new gestures make interacting with the phone a joy, it's really hard to look back and imagine using the home button. Delivery was done on 4th Novas per the estimated date, however I was disappointed to receive it nearly 24 hrs after the Indian launch, considering it was dispatched from a warehouse not even 20kms away from my residence. 0 marks for flipkart on the delivery. The packaging was done pretty nice though and came with a special Apple and Flipkart 10 year anniversary box. Loved that!",
            "helpful": 3
        }
    ],
    [
        {
            "certBuyer": true,
            "rating": 5,
            "author": "Govardhana Reddy Pasam",
            "title": "iPhone X Show completely satisfied the fans",
            "text": "1. Excellent display and I never saw this kind of display quality in any other Mobiles. The display itself phone\n2. The FaceID functionality is nice and the way it deals with the notifications is excellent. Notifications will be shown only if  it identifies ur face. Apple didnt tell much about this in their demos. But this is an excellent feature.\n3.Battery backup is decent and it will be further improved with the future software updates.\n4. Excellent camera and sometimes u will get a feeling that the photos and videos taken from this camera will match the DSLR standards.\n5. I thought the top notch in the display will be a problem while viewing the content but in reality it was not the case and I didnt feel that while watching the videos as well. Very minimal\n6. Also I thought that screen will be much smaller but because of the full edge to edge display I never got that feeling and infact I am seeing more content on my display and which is excellent.\n7. I used SAMSUNG S8 for a while and its Display also awesome but after using this iPhone X I got a feeling that this display is much better.\n8. Thanks to the flipkart for delivering it on the launch day",
            "helpful": 3
        }
    ],
    [
        {
            "certBuyer": true,
            "rating": 1,
            "author": "Vineet Jogalekar",
            "title": "Waste Flipkart delivery . Awesome Phone",
            "text": "Please note: this review is for flipkart delivery &amp; not of iPhone X \n\nFlipkart promised delivery within 3 days while booking &amp; later changed the delivery date to one week after booking.\n\nDont buy iPhoneX on fliokart",
            "helpful": 4
        }
    ],
    [
        {
            "certBuyer": true,
            "rating": 3,
            "author": "Harivansh  Kumar",
            "title": "Unsatisfactory",
            "text": "Flip kard not provide citi bank cash back don't know resion.",
            "helpful": 41
        }
    ],
    [
        {
            "certBuyer": true,
            "rating": 1,
            "author": "Harshdeep Khanna",
            "title": "Poor service of seller",
            "text": "Phone was awesome..but pathetic service of seller...seller takes 7 days to dispatch the order and 10th day i got my parcel.",
            "helpful": 2
        }
    ],
    [
        {
            "certBuyer": true,
            "rating": 5,
            "author": "Sanchit Mathur",
            "title": "Must buy!",
            "text": "Best iPhone till now.\nTotally worth its cost. You love to see how face id works, so smoothly. I booked on nov 3 6 pm sharp and got it by nov 5 afternoon.\nThanks Flipkart &lt;3",
            "helpful": 2
        }
    ],
    [
        {
            "certBuyer": true,
            "rating": 5,
            "author": "Flipkart Customer",
            "title": "Box office HIT",
            "text": "X loses its home button. Honestly, even the thought was life disruptive since I have been using the iPhones in the last decade. But it took me just 2 days to completely change that thought. The X made the 7+ feel primitive in a couple of days flat. I do NOT miss the previous generations anymore. \nIf u are a large screen fan, you may still want to wait till Oct 2018 wherein Apple may release a bigger ver of X.\nThe Phone is overall a HIT",
            "helpful": 3
        }
    ],
    [
        {
            "certBuyer": true,
            "rating": 5,
            "author": "Premal Shah",
            "title": "Best iPhone Ever",
            "text": "Excellent iPhone. And the best iPhone made by Apple ever. Amazing delivery by Flipkart. I got the product sharp at 6 pm on Nov 3.",
            "helpful": 2
        }
    ],
    [
        {
            "certBuyer": true,
            "rating": 4,
            "author": "Vishal",
            "title": "Worth the money",
            "text": "There is no doubt that this is one of apple's best phone. Screen size is bigger and phone size is smaller, which makes it an apt choice, and the display resolution is much better than iphone 8. Also size smaller than iphone 8 plus which is great.\n\nHowever, the steel look (silver model)  is not at all impressive. I suggest that you first have a look at the phone color in the store before ordering.",
            "helpful": 1
        }
    ],
    [
        {
            "certBuyer": true,
            "rating": 5,
            "author": "Flipkart Customer",
            "title": "Worth every penny",
            "text": "Amazing price 84000...thanks to SBI &amp; flipkart....",
            "helpful": 1
        }
    ],
    [
        {
            "certBuyer": true,
            "rating": 5,
            "author": "Adithya Venkatesh",
            "title": "Original Product , the best Apple phone IPhone X",
            "text": "Original product received on the launch day at 7 pm , thanks Flipkart . As far as phone goes its IPhone X , one of the best phones out there and the best creation of Apple till date",
            "helpful": 1
        }
    ],
    [
        {
            "certBuyer": true,
            "rating": 5,
            "author": "Animesh Chaudhury",
            "title": "Best phone as of date..Period !!",
            "text": "Best phone as of yet. Period !!\nEverything is just perfect..right from functionality, looks, performance.. a seamless soothing experience.. upgraded from 5s which is totally worth for.. i know many non-apple fan boys will criticize.. let them...cuz as d old saying goes.. &quot;If you dont have an iPhone, well you dont have an iPhone&quot;\n\nnow coming to flipkart and the seller.. received it on launch day..evening..hats off to efficient delivery.. packaging was good.. no complains.. seller is very good..dnt knw why so negative reviews abt the seller..\n\nEnjoy the experience folks :)",
            "helpful": 1
        }
    ],
    [
        {
            "certBuyer": true,
            "rating": 5,
            "author": "Flipkart Customer",
            "title": "Excellent",
            "text": "Amazing is the word!!!!",
            "helpful": 1
        }
    ],
    [
        {
            "certBuyer": true,
            "rating": 5,
            "author": "RUBINDER SINGH",
            "title": "Thanks",
            "text": "Thanks for the product silvered in estimate time and people are selling in black n I got this phone with discount thanks Flipkart",
            "helpful": 1
        }
    ],
    [
        {
            "certBuyer": true,
            "rating": 4,
            "author": "Umang Agrawal",
            "title": "Nice product, poor service, 1 day delayed delivery",
            "text": "1 star less just because of poor customer service and 1 day delay in product delivery.  I m loving my iPhone X",
            "helpful": 1
        }
    ],
    [
        {
            "certBuyer": true,
            "rating": 5,
            "author": "Chavalla Sai",
            "title": "iPhone X",
            "text": "Awesome product by Apple and superb delivery by Flipkart.I just loved it.",
            "helpful": 1
        }
    ],
    [
        {
            "certBuyer": true,
            "rating": 5,
            "author": "Flipkart Customer",
            "title": "&quot;Top notch&quot;!",
            "text": "Mind blowing! That's how I would describe my experience with the iPhone X.\nThose planning to shift from Android will come to know the beauty of software &amp; hardware integration.\nThe phone functions seamlessly. It's battery can last 12-14 hours if graphics intensive games are avoided and the loudspeaker use kept to minimum.\nCurrently there is a difference of 13K INR between 64GB &amp; 256GB models. I would definitely recommend the 264GB model as one can do limitless things with this phone.\nCameras are superb. The display is &quot;top notch&quot;!\nYou will almost never be bored using the phone. And of course, the face id works brilliantly. It's designed &amp; engineered to perfection.\nA strong piece of advice - Buy a good case and tempered glass for the phone.",
            "helpful": 1
        }
    ],
    [
        {
            "certBuyer": true,
            "rating": 5,
            "author": "Flipkart Customer",
            "title": "Mind-blowing purchase",
            "text": "It has everything you need in a mobile phone.",
            "helpful": 1
        }
    ],
    [
        {
            "certBuyer": true,
            "rating": 5,
            "author": "Abhi  Sin",
            "title": "Awsm phone",
            "text": "Value for money awsm phone but I ordered on 27 oct Flipkart delivered on 5 nov instead of 3 nov",
            "helpful": 1
        }
    ],
    [
        {
            "certBuyer": true,
            "rating": 5,
            "author": "Flipkart Customer",
            "title": "Mind-blowing phone",
            "text": "looks and feels premium, have used it for half a day but initial impressions are great it is undoubtedly the best smartphone i have owned.",
            "helpful": 1
        }
    ],
    [
        {
            "certBuyer": true,
            "rating": 5,
            "author": "Flipkart Customer",
            "title": "Awesome",
            "text": "Flipkart Delivered ahead of promised time.. product in perfect condition... product to be tried, but, its apple.. it would be great",
            "helpful": 1
        }
    ],
    [
        {
            "certBuyer": true,
            "rating": 5,
            "author": "Rahul Anand",
            "title": "Power house: iphone X, 256gb, space grey",
            "text": "I was desperately looking for this phone, since 3rd of November, I used to check flipkart everyday about 3-4 times a day and one lucky day at around 6 am in the morning I found one on flipkart. I wanted to buy a 64gb version in silver but at that time 256 gb was available in space grey, so I went ahead and ordered it at the very moment. I was at the right place at the right time, because after ordering it went back to out of stock.   \n\nTalking about delivery, flipkart suggested that I would get the device 3-4 days later but got it the very next day at around 10:30AM. \n\nPacking was okay, to be honest it was pretty mediocre. It was wrapped in standard flipkart plastic wrap and had 2-3 layers of bubble wrap on the phone box. Thats the least kind of protection for a product that costs a whopping 1.02Lakh INR.\n\nTalking about phone, you can never go wrong with apple. I have a 6s, 7 plus, galaxy s8 plus and now iphone x. Talking about iphone X, it has been one of the most controversial phones ever. The phone is a power house, performs everything smoothly. The notch is there but hardly affects me in my day to day life, oled screen is awesome. Take my word and if you have that kind of money to spend on, then surely go ahead with this phone(if you can find one).",
            "helpful": 2
        }
    ],
    [
        {
            "certBuyer": true,
            "rating": 5,
            "author": "Santosh Prabhu",
            "title": "Awesome phone &amp; shopping experience",
            "text": "Awesome phone. FaceID, Animoji, Dual camera OIS and other new features work wonderfully.\nShopping experience with Flipkart was great. Phone was delivered by 7 pm on launch day. Well done Flipkart!",
            "helpful": 2
        }
    ],
    [
        {
            "certBuyer": true,
            "rating": 4,
            "author": "Utkarsh",
            "title": "Smartphone of the Year 2017",
            "text": "I always embraced the notch\nI was big fan of the design\nYoull be blown away by the sound of speaker\nPhotos sharpness and edges can be improved over software updates\nSlow mo video and 4K at 60fps is jaw dropping.\n*Pro tip - If you have the budget go for it you wont regret ;)",
            "helpful": 2
        }
    ],
    [
        {
            "certBuyer": true,
            "rating": 2,
            "author": "Flipkart Customer",
            "title": "Slightly disappointed",
            "text": "Note happy",
            "helpful": 6
        }
    ],
    [
        {
            "certBuyer": true,
            "rating": 5,
            "author": "Arpit Modi",
            "title": "Excellent",
            "text": "My 1St iPhone. Fully satisfied with iPhone and flipkart both. Excellent service... Loved it...",
            "helpful": 1
        }
    ],
    [
        {
            "certBuyer": true,
            "rating": 5,
            "author": "Vishal Masand",
            "title": "Awestruck !!!",
            "text": "Go get this beast !!!",
            "helpful": 1
        }
    ],
    [
        {
            "certBuyer": true,
            "rating": 5,
            "author": "Srinidhi G S",
            "title": "Awesome",
            "text": "No words to describe the joy...Awesome product",
            "helpful": 1
        }
    ],
    [
        {
            "certBuyer": true,
            "rating": 5,
            "author": "Flipkart Customer",
            "title": "Best in the market!",
            "text": "What a phone ...Yes it is iPhone X with X factor .Camera , battery , Animoji, Face id . M loving it",
            "helpful": 1
        }
    ],
    [
        {
            "certBuyer": true,
            "rating": 5,
            "author": "MANOJ NAVADA",
            "title": "Terrific purchase",
            "text": "This is the best Smartphone on the planet   I have Been using iPhone since 6 years but this is the beast \n\nFirst impression is awesome when it comes to display and speakers.\n\nConsumer satisfaction defined by Flipkart.\n\n\n################THIS IS IPHONE X GIVEN BY FLIPKART############",
            "helpful": 1
        }
    ],
    [
        {
            "certBuyer": true,
            "rating": 5,
            "author": "Flipkart Customer",
            "title": "Just wow!",
            "text": "Best iPhone ever made with a beautiful screen and amazing camera !",
            "helpful": 1
        }
    ],
    [
        {
            "certBuyer": true,
            "rating": 5,
            "author": "Flipkart Customer",
            "title": "Perfect delivery for a perfect phone",
            "text": "Prompt delivery ....perfect phone for the new generation ...",
            "helpful": 1
        }
    ],
    [
        {
            "certBuyer": true,
            "rating": 1,
            "author": "Flipkart Customer",
            "title": "Regret buying",
            "text": "Its so small.. screen size is actually smaller than the iPhone plus size!! Regret buying!!",
            "helpful": 15
        }
    ],
    [
        {
            "certBuyer": true,
            "rating": 5,
            "author": "Vikram Nandakumar",
            "title": "Perfect product!",
            "text": "The perfect way to mark Apple's 10th Anniversary phone! An absolute stunner! No words to explain how magnificent this phone is.",
            "helpful": 1
        }
    ],
    [
        {
            "certBuyer": true,
            "rating": 5,
            "author": "Flipkart Customer",
            "title": "The complete phone.",
            "text": "Most complete phone there is. \nLooks Good ? Of course.\nBest screen ? Yes, its Amoled but with Apple specified specs.\nCamera ? Very awesome.\nPortrait mode ? Yes, front and back.\nGood battery life ? Yes, 8 hrs of usage time.\n3D Touch ? Yes and very useful.  \nBest feedback system there is in any smartphone ? Hell yes. No body does it better than Apple when it comes to vibration feedback in smartphones.\nFace ID ? More convenient than Touch ID. \nFace ID fast ? Yes and it work almost all the times.\nPhone feels snappy ? Hell yes.\nBest processor ? Hell yes.\nStereo speaker ? Yes\nWireless charging ? Yes\nFast charging ? Yes\nRam ? 3GB but its good enough for iOS because of a lot of system optimisation that Apple does. \n120 Hz Touch input, you have to use the phone to get it. \nNo home button ? You will never need it once to get used to the new gestures.",
            "helpful": 0
        }
    ],
    [
        {
            "certBuyer": true,
            "rating": 5,
            "author": "SOUMEN KUMAR  DEY",
            "title": "Big deal",
            "text": "Big Deal . I got 5000 less Price from market for my I phone x .",
            "helpful": 0
        }
    ],
    [
        {
            "certBuyer": true,
            "rating": 5,
            "author": "Sakib Altaf",
            "title": "Awesome",
            "text": "Perfect",
            "helpful": 0
        }
    ],
    [
        {
            "certBuyer": true,
            "rating": 5,
            "author": "Flipkart Customer",
            "title": "Classy product",
            "text": "Happy",
            "helpful": 0
        }
    ],
    [
        {
            "certBuyer": true,
            "rating": 5,
            "author": "ASHISH KUMAR  RAI",
            "title": "Highly recommended",
            "text": "Suprb phone...",
            "helpful": 0
        }
    ],
    [
        {
            "certBuyer": true,
            "rating": 5,
            "author": "SHREE VINAYAK",
            "title": "Brilliant",
            "text": "EXCELLENT",
            "helpful": 0
        }
    ],
    [
        {
            "certBuyer": true,
            "rating": 5,
            "author": "Flipkart Customer",
            "title": "Brilliant",
            "text": "I love iPhone x",
            "helpful": 0
        }
    ],
    [
        {
            "certBuyer": true,
            "rating": 5,
            "author": "Abhinav Singh",
            "title": "Perfect product!",
            "text": "Best phone Apple has launched...",
            "helpful": 0
        }
    ],
    [
        {
            "certBuyer": true,
            "rating": 5,
            "author": "Selvakumar Ramadass",
            "title": "Terrific",
            "text": "Excellent bravo",
            "helpful": 0
        }
    ],
    [
        {
            "certBuyer": true,
            "rating": 1,
            "author": "Deepanshu Dutta",
            "title": "Terrible product",
            "text": "Bad phone",
            "helpful": 0
        }
    ],
    [
        {
            "certBuyer": true,
            "rating": 5,
            "author": "Flipkart Customer",
            "title": "Must buy!",
            "text": "good",
            "helpful": 0
        }
    ],
    [
        {
            "certBuyer": true,
            "rating": 5,
            "author": "Sanjog Sahu",
            "title": "Classy product",
            "text": "Awesome.",
            "helpful": 0
        }
    ],
    [
        {
            "certBuyer": true,
            "rating": 5,
            "author": "Mukund Pillai",
            "title": "Good product",
            "text": "Good",
            "helpful": 0
        }
    ],
    [
        {
            "certBuyer": true,
            "rating": 3,
            "author": "Flipkart Customer",
            "title": "Decent product",
            "text": "Ook",
            "helpful": 0
        }
    ],
    [
        {
            "certBuyer": true,
            "rating": 5,
            "author": "Bhuvnesh Kumawat",
            "title": "Mind-blowing purchase",
            "text": "Amazing phone",
            "helpful": 0
        }
    ],
    [
        {
            "certBuyer": true,
            "rating": 3,
            "author": "Nazeema Bharmal",
            "title": "Nice",
            "text": "I got the phone on the date and time as promised. However one of the accessory that is usb connector cord is missing. I hope to hear back from the customer support soon regarding my issue.",
            "helpful": 0
        }
    ],
    [
        {
            "certBuyer": true,
            "rating": 5,
            "author": "Tejpal  Godara",
            "title": "Superb",
            "text": "Wowww",
            "helpful": 0
        }
    ],
    [
        {
            "certBuyer": true,
            "rating": 5,
            "author": "Anirudh Pulikonda",
            "title": "Ultimate beast of 2017. #iPhoneX",
            "text": "As always awesome quality from Apple. Neural Engine on A11 bionic processor really kept up its hype. Face ID is fast and convenient \n\nThere will be a learning curve to get used to the new Gestures but it wont take more than a couple of hours \n\nWish Apple could have included a 60hz display. But I would blame Samsung for that for pricing the current display at higher than the usual price when supplying to Apple and restricting them to go for a higher refresh rate display like on iPad Pro\n\nNo regrets for lack of Touch ID and no iPhone X owner will have.",
            "helpful": 0
        }
    ],
    [
        {
            "certBuyer": true,
            "rating": 1,
            "author": "Flipkart Customer",
            "title": "Worst experience ever!",
            "text": "Phone not responding screen goes blank everytime. Need to exchange the same.",
            "helpful": 0
        }
    ],
    [
        {
            "certBuyer": true,
            "rating": 5,
            "author": "Padmashree",
            "title": "iPhone X",
            "text": "Packing was good. On time delivery. Can buy the product. Very happy with the phone :)",
            "helpful": 0
        }
    ],
    [
        {
            "certBuyer": true,
            "rating": 5,
            "author": "vis h",
            "title": "Perfect product!",
            "text": "Good",
            "helpful": 0
        }
    ],
    [
        {
            "certBuyer": true,
            "rating": 5,
            "author": "Mohit Mahaveer  Sureka",
            "title": "Best in the market!",
            "text": "Excellent phone and price was awesome",
            "helpful": 0
        }
    ],
    [
        {
            "certBuyer": true,
            "rating": 5,
            "author": "Arindam  Bera",
            "title": "Awesome",
            "text": "Awesome!",
            "helpful": 0
        }
    ],
    [
        {
            "certBuyer": true,
            "rating": 5,
            "author": "Shikhar Bhatnagar",
            "title": "Wonderful",
            "text": "Timely Delivery. Good packaging.",
            "helpful": 0
        }
    ],
    [
        {
            "certBuyer": true,
            "rating": 4,
            "author": "Flipkart Customer",
            "title": "Good choice",
            "text": "Amazing site and loyal.....",
            "helpful": 0
        }
    ],
    [
        {
            "certBuyer": true,
            "rating": 5,
            "author": "Flipkart Customer",
            "title": "thankx",
            "text": "Thanks Flipkart",
            "helpful": 0
        }
    ],
    [
        {
            "certBuyer": true,
            "rating": 5,
            "author": "Ladva Vijay",
            "title": "Awesome",
            "text": "Excellent delivery within 48 hours of order.\nTotally authentic piece.\nloved it.",
            "helpful": 0
        }
    ],
    [
        {
            "certBuyer": true,
            "rating": 5,
            "author": "Flipkart Customer",
            "title": "Quite sexy phone",
            "text": "Ultimately unique phone I just love it",
            "helpful": 0
        }
    ],
    [
        {
            "certBuyer": true,
            "rating": 5,
            "author": "Anand Joseph",
            "title": "Terrific",
            "text": "Good phone",
            "helpful": 0
        }
    ],
    [
        {
            "certBuyer": true,
            "rating": 4,
            "author": "Flipkart Customer",
            "title": "Apple fan",
            "text": "I m apple fan and i like this product. Yes it is very coslty but still apple is apple . K van not ever imagine to buy any other brand in mobile .",
            "helpful": 0
        }
    ],
    [
        {
            "certBuyer": true,
            "rating": 5,
            "author": "Asifur  Rahman",
            "title": "Punctual",
            "text": "ON TIME .. Packaging is perfect ..",
            "helpful": 0
        }
    ],
    [
        {
            "certBuyer": true,
            "rating": 5,
            "author": "Mayur Kashinpure",
            "title": "Amazing Phone !!!",
            "text": "The Beast... couldnt find a single flaw in the phone. The new gestures are easier to use. Loving this phone...",
            "helpful": 0
        }
    ],
    [
        {
            "certBuyer": true,
            "rating": 5,
            "author": "Flipkart Customer",
            "title": "Kudos Flipkart",
            "text": "Amazing service Flipkart.. cheers \nGot my phone delivered within 2 days in excellent packaging and condition. Keep up the good work.",
            "helpful": 0
        }
    ],
    [
        {
            "certBuyer": true,
            "rating": 5,
            "author": "Naresh Chandwani",
            "title": "Terrific purchase",
            "text": "Suberb mobile \ud83d\udc4c\ud83d\udc4c\ud83d\udc4c\ud83d\udc4c",
            "helpful": 0
        }
    ],
    [
        {
            "certBuyer": true,
            "rating": 5,
            "author": "krishna teja jajala",
            "title": "Loved it awesome",
            "text": "I got it today its awesome \nActually Flipkart showed expected date is 16/12\nBut I got 10/12\nFlipkart superrrrrr",
            "helpful": 0
        }
    ],
    [
        {
            "certBuyer": true,
            "rating": 5,
            "author": "Flipkart Customer",
            "title": "Classy product",
            "text": "Good service thanks",
            "helpful": 0
        }
    ],
    [
        {
            "certBuyer": true,
            "rating": 5,
            "author": "mahadeo zalke",
            "title": "King of all phones",
            "text": "KING OF ALL PHONES \nIt was the delightful moment for me to hold the iPhone X in my hand first time. Flipkart has done great job by delivering the iPhone  x on the 2nd day of my order, early in the morning.\nThanks to Flipkart team.",
            "helpful": 0
        }
    ],
    [
        {
            "certBuyer": true,
            "rating": 5,
            "author": "Utkarsh  Narain",
            "title": "Worth every penny",
            "text": "Excellent product ....fantastic as promised delivery",
            "helpful": 0
        }
    ],
    [
        {
            "certBuyer": true,
            "rating": 5,
            "author": "Flipkart Customer",
            "title": "Fabulous! Iphone X..............",
            "text": "Since 25 days I'm using the Iphone X from the date of Launch.I got the Mobile Luckily during Pre Order.Apple has launched a superb handset with new technology.I dont have words to describe.Only 1 thing I can tell is Thank u Apple for giving such a Excellent Smartphone and Thank u Flipkart for delivering the Handset on the Same Launch date.",
            "helpful": 0
        }
    ],
    [
        {
            "certBuyer": true,
            "rating": 5,
            "author": "Ravi Shanubhoge",
            "title": "Great product",
            "text": "Super!!! Thanks a lot Flipkart",
            "helpful": 0
        }
    ],
    [
        {
            "certBuyer": true,
            "rating": 5,
            "author": "Kailash Kumar",
            "title": "Super!",
            "text": "Nice good",
            "helpful": 0
        }
    ],
    [
        {
            "certBuyer": true,
            "rating": 5,
            "author": "Raunaq Singh",
            "title": "Great product",
            "text": "Great..",
            "helpful": 0
        }
    ],
    [
        {
            "certBuyer": true,
            "rating": 5,
            "author": "Raunaq Singh",
            "title": "Classy product",
            "text": "Excellent service delivery by Flipkart... Thanks a lot !!",
            "helpful": 0
        }
    ],
    [
        {
            "certBuyer": true,
            "rating": 5,
            "author": "Jeet Gohil",
            "title": "Best in the market!",
            "text": "Thank you for fast delivery",
            "helpful": 0
        }
    ],
    [
        {
            "certBuyer": true,
            "rating": 5,
            "author": "Kunal Gupta",
            "title": "Revolutionary SmartPhone",
            "text": "Truly a revolutionary product by Apple. Exorbitantly priced but it is what we call true innovation. If you are an Apple lover then please go for it.",
            "helpful": 0
        }
    ],
    [
        {
            "certBuyer": true,
            "rating": 5,
            "author": "Anubhav",
            "title": "Must buy!",
            "text": "Awesome",
            "helpful": 0
        }
    ],
    [
        {
            "certBuyer": true,
            "rating": 5,
            "author": "BHAIRAV PANDEY",
            "title": "Awesome",
            "text": "Very good thanks a lot",
            "helpful": 0
        }
    ],
    [
        {
            "certBuyer": true,
            "rating": 5,
            "author": "Ronald Alexander",
            "title": "An expensive gadget for the high class geeks",
            "text": "The best phone money can buy. Although, expensive Apple is making you pay a premium to get a glance at the future of smartphones. Im still getting used to life without the home button, but everything else is class apart. Just with this was the regular $749 instead of $999",
            "helpful": 0
        }
    ],
    [
        {
            "certBuyer": true,
            "rating": 5,
            "author": "Ritwik Desai",
            "title": "Say hello to the future",
            "text": "Great design and an awesome display!!!",
            "helpful": 0
        }
    ],
    [
        {
            "certBuyer": true,
            "rating": 5,
            "author": "sunil anandpara",
            "title": "APPLE X",
            "text": "NICE 1",
            "helpful": 0
        }
    ],
    [
        {
            "certBuyer": true,
            "rating": 5,
            "author": "Sahil Arora",
            "title": "Superfast delivery by flipkart for sexiest phone.",
            "text": "Superfast delivery by flipkart. Happy to shop with flipkart and iphone X is awsome..Thanku flipkart.",
            "helpful": 0
        }
    ],
    [
        {
            "certBuyer": true,
            "rating": 5,
            "author": "Deep Shukla",
            "title": "My iPhone X",
            "text": "Awesome service..Flipkart...its pleasure to be owner and pocket masterpiece called iPhone X exactly when released to world",
            "helpful": 0
        }
    ],
    [
        {
            "certBuyer": true,
            "rating": 5,
            "author": "SHIVAM ahuja",
            "title": "Iphone x",
            "text": "The beat iphone ever great service flipkart",
            "helpful": 0
        }
    ],
    [
        {
            "certBuyer": true,
            "rating": 5,
            "author": "Vishal Hasija",
            "title": "Awesome phone and excellent service",
            "text": "Most awaited device of the year\n\nReceived my Iphone X today, as usual flipkarts awesome and wuick service made sure that i rceive my device one day in advance which definetly made my sunday, about the phone, its definetely a must have phone for all the apple lovers. This is called a flagship killer, i am loving it.",
            "helpful": 0
        }
    ],
    [
        {
            "certBuyer": true,
            "rating": 5,
            "author": "Flipkart Customer",
            "title": "Worth every penny",
            "text": "The phone is amazing, it will blow your mind!! Thumbs up for Flipkart for delivery and quality!!!",
            "helpful": 0
        }
    ],
    [
        {
            "certBuyer": true,
            "rating": 5,
            "author": "rishi bhasin",
            "title": "Excellent phone",
            "text": "Just amazing phone ....got it from Flipkart on next day of release....thanks",
            "helpful": 0
        }
    ],
    [
        {
            "certBuyer": true,
            "rating": 5,
            "author": "Anil Gupta",
            "title": "Wonderful",
            "text": "Amazing iPhone yet!",
            "helpful": 0
        }
    ],
    [
        {
            "certBuyer": true,
            "rating": 5,
            "author": "Venkadesh Pandiyan",
            "title": "Excellent",
            "text": "As usual best product from apple. Initially closing the app was bit difficult but once use to it, its very easy and smooth. Face id working like a charm. Its working fine in the dark area.",
            "helpful": 0
        }
    ],
    [
        {
            "certBuyer": true,
            "rating": 5,
            "author": "Flipkart Customer",
            "title": "Awesome",
            "text": "Awesome",
            "helpful": 0
        }
    ],
    [
        {
            "certBuyer": true,
            "rating": 1,
            "author": "Sameer Arora",
            "title": "Faulty iPhone X Delivered",
            "text": "After spending Rs. 102,000 I got a defective device. There is no replacement supported by Flipkart for iPhone X. This is really pathetic as I have to give my new device to Apple Service Centre and wait for them to respond. I want replacement of my device but am unsure whether I will get it or not. Flipkart should take special care for these customers. My worst experience with Flipkart till date.",
            "helpful": 195
        }
    ],
    [
        {
            "certBuyer": true,
            "rating": 5,
            "author": "Aniket Nalawade",
            "title": "Terrific",
            "text": "I was the first in south mumbai to get my hands on the iphone X silver 256gb!! Wonderful phone!!! Face id works like a charm! Delivered in 20min after launch !! Really happy with the service!! Keep it up!!",
            "helpful": 46
        }
    ],
    [
        {
            "certBuyer": true,
            "rating": 5,
            "author": "Tushar Patil",
            "title": "Iconic iPhone X",
            "text": "Good phone and efficient delivery by flipkart. Though the seller was delivering in Mumbai only on the launch date. Overall happy",
            "helpful": 3
        }
    ],
    [
        {
            "certBuyer": true,
            "rating": 5,
            "author": "Saurabh Mishra",
            "title": "Mind blowing service!",
            "text": "Mind blowing service from Flipkart and seller. Phone delivered within 30 minutes of India launch, at 6:30 pm. The package contained a letter and free gift from Flipkart! Cheers to supercomnet too!",
            "helpful": 5
        }
    ],
    [
        {
            "certBuyer": true,
            "rating": 5,
            "author": "Shikhar Sehgal",
            "title": "Best iphone. Great seller.",
            "text": "It's a beautiful phone.. Something different from the age of iphone 6..the seller is very good.\nPrompt delivery and service.\nGreat seller. i don't know why there are negative comments about the seller.",
            "helpful": 2
        }
    ],
    [
        {
            "certBuyer": true,
            "rating": 5,
            "author": "Flipkart Customer",
            "title": "Awesome product",
            "text": "Awesome phone, timely delivery. Will definitely recommend this seller.",
            "helpful": 2
        }
    ],
    [
        {
            "certBuyer": true,
            "rating": 5,
            "author": "Kshitij Nayak",
            "title": "Great product..!! Excellent service..!!",
            "text": "Great product...!!! And great service from Flipkart...!!!! Phone was scheduled to be delivered on the 6th of Nov... got it delivered early morning on the 5th itself...!! As for the phone.... everything about the X is awesome...!!!!",
            "helpful": 2
        }
    ],
    [
        {
            "certBuyer": true,
            "rating": 5,
            "author": "Manish Mirpuri",
            "title": "Highly recommended",
            "text": "Top class product from Apple, the facial recognition is amazing and quite responsive, it unlocks immediately. \nI would like to commend Flipkart service and delivery, very prompt , quick and courteous delivery. Its like getting vip service, on launch date, the phone being immediately delivered to you. Very impressed with flipkart.",
            "helpful": 7
        }
    ],
    [
        {
            "certBuyer": true,
            "rating": 5,
            "author": "Mihir Sagar Singh",
            "title": "Amazing delivery by flipkart!",
            "text": "iPhone works like a charm as usual but I am not here to say that.It is the efficient and prompt delivery of flipkart that made me write this review! Even after missing the initial pre-order day rush on 27th oct,I was somehow able to order my iPhone X on 2nd November with flipkart surprisingly showing delivery date of 4th November,just a day after the worldwide launch.\n\nI must admit that I had my reservations at first that how come so late into the preorder rush flipkart is showing stock available,when it  had went out of stock just in few minutes during the initial listings but then I took a leap of faith and ordered this magnificent device and trust me neither did the seller nor did flipkart disappointed me.\nMy phone was delivered on 4th of November that too in the morning!\nKeep up the good work guys!!",
            "helpful": 4
        }
    ],
    [
        {
            "certBuyer": true,
            "rating": 5,
            "author": "Devesh Arora",
            "title": "Perfect product!",
            "text": "awesome service for the magical device",
            "helpful": 3
        }
    ],
    [
        {
            "certBuyer": true,
            "rating": 5,
            "author": "Karan Gupta",
            "title": "Excellent and reliable",
            "text": "Flipkart delivered right on time - excellent and reliable service.",
            "helpful": 4
        }
    ],
    [
        {
            "certBuyer": true,
            "rating": 5,
            "author": "Flipkart Customer",
            "title": "Great product",
            "text": "Didnt expect the delivery so early. really appreciate the quality of service",
            "helpful": 2
        }
    ]
]