[
    [
        {
            "certBuyer": true,
            "rating": 4,
            "author": "Bharath",
            "title": "Express delivery but packing could be better",
            "text": "Using phone for 2days.Iam a new iPhone user.\n\nGenuineness 5/5\nDelivery date 5/5 (delivered earlier)\nPacking 2.5/5 (could be better)\nCost 5/5 (can't expect a better deal)\nA good experience in Flipkart!!",
            "helpful": 179
        }
    ],
    [
        {
            "certBuyer": false,
            "rating": 5,
            "author": "Flipkart Customer",
            "title": "Must buy!",
            "text": "Good",
            "helpful": 43
        }
    ],
    [
        {
            "certBuyer": true,
            "rating": 5,
            "author": "ANTO  K D",
            "title": "Must buy!",
            "text": "Delivered two days before promised,100 % genuine product,this is the second phone i am buying from flipkart very happy both times,I have purchased items from many other online sites but flipkart is above them all whenever I buy anything online my first preference will always be flipkart.",
            "helpful": 152
        }
    ],
    [
        {
            "certBuyer": true,
            "rating": 5,
            "author": "Flipkart Customer",
            "title": "Thumbs up FLIPKART",
            "text": "I was very confuse when ordering the product. Ordered Iphone 6s plus during the sale of June 17. But, received the delivery on time. Brand new product. Very well packed. Running very smoothly. No review needed as far as my experience with apple products are concerned. Thumbs up flipkart. Keep it going.",
            "helpful": 14
        }
    ],
    [
        {
            "certBuyer": true,
            "rating": 5,
            "author": "Param Panchasara",
            "title": "Super cheap!!",
            "text": "i bought this product for 40,000 R.s and it is awesome!!Thanks Flipkart!!",
            "helpful": 3
        }
    ],
    [
        {
            "certBuyer": true,
            "rating": 5,
            "author": "Sushil Kumar",
            "title": "Awesome",
            "text": "battery life superb,camera quality excellent",
            "helpful": 3
        }
    ],
    [
        {
            "certBuyer": true,
            "rating": 5,
            "author": "Pancham Wagh",
            "title": "Just wow!",
            "text": "I was worried about whether i'll get a genuine new iphone 6s plus 32gb or fake or used one..\nBut finally this is genuine new product...\nThank u flipkart for amazing offer.....",
            "helpful": 4
        }
    ],
    [
        {
            "certBuyer": true,
            "rating": 5,
            "author": "Syed Altaff Dheen M",
            "title": "Apple rocks",
            "text": "Got it delivered on my 30th birthday and Love using it for last 4 months. Apple simply stand out from others.",
            "helpful": 10
        }
    ],
    [
        {
            "certBuyer": true,
            "rating": 5,
            "author": "Flipkart Customer",
            "title": "Apple is apple",
            "text": "APPLE IS APPLE. Display, battery backup, picture quality everything deserves full marks. Only the speaker sound is a bit low but sound clarity is alright far better than Galaxy S8.",
            "helpful": 2
        }
    ],
    [
        {
            "certBuyer": true,
            "rating": 5,
            "author": "Flipkart Customer",
            "title": "Santosh",
            "text": "Its my first iPhone.i used it since last three months.obviously its a best phone in the world.",
            "helpful": 2
        }
    ],
    [
        {
            "certBuyer": true,
            "rating": 5,
            "author": "Anirudh Bhaikhel ",
            "title": "Fully Satisfied with the service and the phone.Must Buy!!",
            "text": "Quick Service by E-kart. \nAmazing and a great phone to buy.\nYes, it's worth the price.",
            "helpful": 2
        }
    ],
    [
        {
            "certBuyer": true,
            "rating": 4,
            "author": "harish reddy",
            "title": "Wonderful",
            "text": "nice",
            "helpful": 2
        }
    ],
    [
        {
            "certBuyer": true,
            "rating": 5,
            "author": "Viraat Mathur",
            "title": "Terrific purchase",
            "text": "Awesome with beast performance!",
            "helpful": 2
        }
    ],
    [
        {
            "certBuyer": true,
            "rating": 5,
            "author": "sunil samanta",
            "title": "Super!",
            "text": "Awesome phone got at 39999",
            "helpful": 2
        }
    ],
    [
        {
            "certBuyer": true,
            "rating": 5,
            "author": "Kamal Kant Chopra",
            "title": "A must buy for the deal. 100% genuine",
            "text": "An excellent and top notch purchase. Thank you so much flipkart for providing such an offer. Best price buy for 40K. 32GB. Phone 100% original, checked with apple. Prompt delivery as promised.",
            "helpful": 2
        }
    ],
    [
        {
            "certBuyer": true,
            "rating": 4,
            "author": "Sandeep Joshi",
            "title": "Great Phone Genuine Seller ..",
            "text": "Wonderful experience . I bought this phone a month ago . I was worried of the negative reviews about the seller and hardware. But honestly those are all false. This is an amazing phone fast and reliable. 5.5 inch screen makes it beautiful. The display of the phone full HD but the display looks better the any Android phone full hd display. I am all time Android user and very happy switching to iPhone. This seller is genuine   don't worry at all. The only issue I see is the price. This phone appears overpriced. Hope to see price drops in future once Apple starts manufacturing the phone in India . Although FlipKart gave me the best offer with assurance.",
            "helpful": 25
        }
    ],
    [
        {
            "certBuyer": false,
            "rating": 1,
            "author": "Sreerag chikku Chikku",
            "title": "Horrible",
            "text": "Buy this.... Aftr thnk twice\nWaste of money",
            "helpful": 15
        }
    ],
    [
        {
            "certBuyer": true,
            "rating": 5,
            "author": "Praveen Mandadhi",
            "title": "My apple 6s plus",
            "text": "Nice mobile",
            "helpful": 2
        }
    ],
    [
        {
            "certBuyer": true,
            "rating": 5,
            "author": "Vivek Awasthi",
            "title": "Mind-blowing purchase",
            "text": "Value for money. Good service by flipkart.",
            "helpful": 1
        }
    ],
    [
        {
            "certBuyer": true,
            "rating": 5,
            "author": "Flipkart Customer",
            "title": "Brilliant",
            "text": "Very good no issue till date",
            "helpful": 1
        }
    ],
    [
        {
            "certBuyer": true,
            "rating": 5,
            "author": "Sakshi Manwani",
            "title": "Worth every penny",
            "text": "awesome as always",
            "helpful": 1
        }
    ],
    [
        {
            "certBuyer": true,
            "rating": 5,
            "author": "Sadashiv  Nayak",
            "title": "Five Stars",
            "text": "As always apple best brand\nNo heating issue \nOriginal packaging\nAs I had used 7plus\nNot good as 7plus but being an apple user good product at valuable price\nWaiting for 8",
            "helpful": 1
        }
    ],
    [
        {
            "certBuyer": true,
            "rating": 1,
            "author": "prem kumar selvaraj",
            "title": "Defective product",
            "text": "Defective product- plz dont buy from flipkart",
            "helpful": 1
        }
    ],
    [
        {
            "certBuyer": true,
            "rating": 5,
            "author": "Pawan Hegde",
            "title": "Highly recommended",
            "text": "Fantastic phone,",
            "helpful": 0
        }
    ],
    [
        {
            "certBuyer": true,
            "rating": 5,
            "author": "Ankur Joshi",
            "title": "Superbb...",
            "text": "Impressive phone... Loved it... Thanks SUPERCOMNET.. thanks flipkart...",
            "helpful": 0
        }
    ],
    [
        {
            "certBuyer": true,
            "rating": 5,
            "author": "Hari Haran",
            "title": "About I phone",
            "text": "Nice phone I'm amazed",
            "helpful": 1
        }
    ],
    [
        {
            "certBuyer": true,
            "rating": 5,
            "author": "Nitin Trivedi",
            "title": "Super deal",
            "text": "Excellent buy from Flipkart with great offer on new year!!! Amazing service, just loved it!!!!",
            "helpful": 0
        }
    ],
    [
        {
            "certBuyer": true,
            "rating": 5,
            "author": "Mohit Deshpande",
            "title": "Amazing",
            "text": "Amazing product. Love the speed and battery life. Great service by Flipkart",
            "helpful": 1
        }
    ],
    [
        {
            "certBuyer": true,
            "rating": 3,
            "author": "Bhabani Dash",
            "title": "good  not best",
            "text": "good  not best",
            "helpful": 1
        }
    ],
    [
        {
            "certBuyer": true,
            "rating": 5,
            "author": "Flipkart Customer",
            "title": "Simply awesome",
            "text": "Grt phone",
            "helpful": 1
        }
    ],
    [
        {
            "certBuyer": true,
            "rating": 1,
            "author": "Shubham Bansal",
            "title": "Worst experience ever!",
            "text": "Is not good phone,not satisfied with 6s plus ,hanging issue n slow also.",
            "helpful": 3
        }
    ],
    [
        {
            "certBuyer": true,
            "rating": 5,
            "author": "Utsav Lall",
            "title": "The best affordable phablet from Apple!",
            "text": "Being an apply Fanatic I have used iPhone since 2010. iPhone 6S Plus is a great phone for big screen lovers. I bought it because first, I has to upgrade my 5S and second, I did not want an extra bag to carry iPad. Completely solves the purpose of a phone and tablet.\n\nTip: Use a plastic film or thinnest impossible glass screen guard. If you like to doodle, get Adonit / Bamboo / E Lv stylus. Always use a thin bumper case.",
            "helpful": 2
        }
    ],
    [
        {
            "certBuyer": true,
            "rating": 5,
            "author": "Flipkart Customer",
            "title": "Unsatisfactory",
            "text": "Good product",
            "helpful": 1
        }
    ],
    [
        {
            "certBuyer": true,
            "rating": 5,
            "author": "shruti  abhang",
            "title": "Fast service 100percent legit.",
            "text": "Original one and have been using it for a week now ! So far no issues with the phone! Safe packing! No damage ! The product arrived before the delivery date ! Go for it!",
            "helpful": 1
        }
    ],
    [
        {
            "certBuyer": true,
            "rating": 5,
            "author": "Javeed  Pasha ",
            "title": "Simply awesome",
            "text": "Flipkart offer | I researched the iPhone 6s plus 32 GB variant all over market in Bangalore it was 52k, My dist it was 55k, but flipkart offered me the beauty for 42k, phone was delivered in as usual good packing and speed also good for my place, overall am happy with the device, loving the big screen Apple. Kudos FLIPKART",
            "helpful": 2
        }
    ],
    [
        {
            "certBuyer": true,
            "rating": 5,
            "author": "Flipkart Customer",
            "title": "Excellent",
            "text": "awesome deal.\nreally happy with veriety of options available on Flipkart. \nthe delivery is On-time. super convenient and sleek. no hassles with the exchange too.\n\nlovely service by  Flipkart",
            "helpful": 3
        }
    ],
    [
        {
            "certBuyer": true,
            "rating": 2,
            "author": "Flipkart Customer",
            "title": "Bad quality",
            "text": "Received this phone on 7th June and although the phone functioning doesn't need any introduction the battery is faulty rapid discharge of battery life even though an iPhone has good battery.Also this phone starts lagging whenever the battery is below 30% and shuts down automatically.This problem was prevailing in 6 and 6s models however it seems to have crept up in 6plus.Buy with extra precaution",
            "helpful": 1
        }
    ],
    [
        {
            "certBuyer": true,
            "rating": 5,
            "author": "Flipkart Customer",
            "title": "Worth every penny",
            "text": "Great service nd excellent phone.",
            "helpful": 0
        }
    ],
    [
        {
            "certBuyer": true,
            "rating": 5,
            "author": "PRIYATOSH ROUT",
            "title": "Great product",
            "text": "Delivered in just 2 days from order date..happy with the product..!!",
            "helpful": 0
        }
    ],
    [
        {
            "certBuyer": true,
            "rating": 5,
            "author": "sudev kumar",
            "title": "Good",
            "text": "Good one",
            "helpful": 0
        }
    ],
    [
        {
            "certBuyer": true,
            "rating": 5,
            "author": "Shuaib  Akhtar ",
            "title": "Tafhim Raza",
            "text": "One word for myphone means iphone and thanks to flpkart.....quickly delivery before time given.....",
            "helpful": 0
        }
    ],
    [
        {
            "certBuyer": true,
            "rating": 5,
            "author": "Ashish Jamdhade",
            "title": "Must buy!",
            "text": "Best Product. Nice packing. must buy.",
            "helpful": 0
        }
    ],
    [
        {
            "certBuyer": true,
            "rating": 5,
            "author": "Priya",
            "title": "Ntng",
            "text": "Mobile is awesome",
            "helpful": 0
        }
    ],
    [
        {
            "certBuyer": true,
            "rating": 3,
            "author": "amit patil",
            "title": "Ok Product Not Great !!",
            "text": "iPhone brand   Gud phone but there are some cons: I heard iPhone don't get heat, but this phone becomes heat when you play video from internet,  Camera quality ok k,  dot dot comes when we zoom the camera and in night normal mode.",
            "helpful": 0
        }
    ],
    [
        {
            "certBuyer": true,
            "rating": 5,
            "author": "Flipkart Customer",
            "title": "Best one to buy",
            "text": "Awesome loved the product.",
            "helpful": 0
        }
    ],
    [
        {
            "certBuyer": true,
            "rating": 4,
            "author": "Khalid Khan",
            "title": "Four star",
            "text": "Nice product",
            "helpful": 0
        }
    ],
    [
        {
            "certBuyer": true,
            "rating": 4,
            "author": "PANKAJBHAI PATEL",
            "title": "Best in the market!",
            "text": "This is an amazing product. The camera is awesome specially the autofocus. Delivery was on time\n\n\nVery good product",
            "helpful": 0
        }
    ],
    [
        {
            "certBuyer": true,
            "rating": 5,
            "author": "Anjireddy Gaddam",
            "title": "Great product",
            "text": "Awesome product.",
            "helpful": 0
        }
    ],
    [
        {
            "certBuyer": true,
            "rating": 5,
            "author": "Flipkart Customer",
            "title": "Excellent",
            "text": "Nice piece !",
            "helpful": 0
        }
    ],
    [
        {
            "certBuyer": true,
            "rating": 4,
            "author": "Venkata Ramana",
            "title": "Nice product",
            "text": "OK,  thanks for deliver in time.\nFor better service by flip kart",
            "helpful": 0
        }
    ],
    [
        {
            "certBuyer": true,
            "rating": 1,
            "author": "Aditya Jaiswal",
            "title": "Refurbished iPhone delivered for the new price.",
            "text": "The product delivered to me is a refurbished product which started showing system performance issues after one month of usage. Slowness, battery drain, hang , auto shut down, short cuts not working, etc \n\nExtremely disappointed from Flipkart who entertains this sellers who gives refurbished products.",
            "helpful": 0
        }
    ],
    [
        {
            "certBuyer": true,
            "rating": 4,
            "author": "Apoorv  Gour",
            "title": "Nic",
            "text": "Gud",
            "helpful": 0
        }
    ],
    [
        {
            "certBuyer": true,
            "rating": 1,
            "author": "Priyam Pratik",
            "title": "Classy product",
            "text": "Awsm phone",
            "helpful": 0
        }
    ],
    [
        {
            "certBuyer": true,
            "rating": 5,
            "author": "SANJEEV TYAGI",
            "title": "Highly recommended",
            "text": "wow",
            "helpful": 0
        }
    ],
    [
        {
            "certBuyer": true,
            "rating": 5,
            "author": "Rakesh MS",
            "title": "Awesome",
            "text": "Excellent.good battery backup.nice look.flipkart delivery excellent.",
            "helpful": 0
        }
    ],
    [
        {
            "certBuyer": true,
            "rating": 5,
            "author": "vaibhav  baglekar",
            "title": "Terrific purchase",
            "text": "Best phone...",
            "helpful": 0
        }
    ],
    [
        {
            "certBuyer": true,
            "rating": 5,
            "author": "Flipkart Customer",
            "title": "Just wow!",
            "text": "Very good",
            "helpful": 0
        }
    ],
    [
        {
            "certBuyer": true,
            "rating": 5,
            "author": "Sandipkumar Gunjal",
            "title": "Brilliant",
            "text": "Best phone",
            "helpful": 0
        }
    ],
    [
        {
            "certBuyer": true,
            "rating": 2,
            "author": "Sa Sathish",
            "title": "Moderate",
            "text": "Nice",
            "helpful": 0
        }
    ],
    [
        {
            "certBuyer": true,
            "rating": 5,
            "author": "Vinod Naik",
            "title": "Must buy!",
            "text": "My beloved .....",
            "helpful": 0
        }
    ],
    [
        {
            "certBuyer": true,
            "rating": 5,
            "author": "Flipkart Customer",
            "title": "Great product",
            "text": "AwsM",
            "helpful": 0
        }
    ],
    [
        {
            "certBuyer": true,
            "rating": 4,
            "author": "Rupesh Thakur",
            "title": "Good choice",
            "text": "Best",
            "helpful": 0
        }
    ],
    [
        {
            "certBuyer": true,
            "rating": 5,
            "author": "Kumar Shivam",
            "title": "Best in the market!",
            "text": "Awesome product",
            "helpful": 0
        }
    ],
    [
        {
            "certBuyer": true,
            "rating": 5,
            "author": "VISHAL PAUL",
            "title": "Fabulous!",
            "text": "Great product at great price",
            "helpful": 0
        }
    ],
    [
        {
            "certBuyer": true,
            "rating": 5,
            "author": "Ram G",
            "title": "Highly recommended",
            "text": "Working fine... It's been 3 month since I bought",
            "helpful": 0
        }
    ],
    [
        {
            "certBuyer": true,
            "rating": 4,
            "author": "Lvg Gowtham",
            "title": "Delightful",
            "text": "Superb product",
            "helpful": 0
        }
    ],
    [
        {
            "certBuyer": true,
            "rating": 5,
            "author": "SRUSTIDHAR SARANGI",
            "title": "Highly recommended",
            "text": "Item is genuine and brand new.full support volte network.",
            "helpful": 0
        }
    ],
    [
        {
            "certBuyer": true,
            "rating": 5,
            "author": "ASHOK KUMAR T",
            "title": "Worth every penny",
            "text": "Good product",
            "helpful": 0
        }
    ],
    [
        {
            "certBuyer": true,
            "rating": 5,
            "author": "Manodev  O V",
            "title": "Perfect product!",
            "text": "I'm writing this review from this iPhone *\n.it is superb to use and delivered with no defects.. here Flipkart helps me to get this with more offers..",
            "helpful": 0
        }
    ],
    [
        {
            "certBuyer": true,
            "rating": 5,
            "author": "Melwin  Tom",
            "title": "Selling original products",
            "text": "Original Apple product which I confirmed from Apple Store usa.. go for this ..",
            "helpful": 0
        }
    ],
    [
        {
            "certBuyer": true,
            "rating": 5,
            "author": "Flipkart Customer",
            "title": "Terrific purchase",
            "text": "Nice phone",
            "helpful": 0
        }
    ],
    [
        {
            "certBuyer": true,
            "rating": 5,
            "author": "Ashish Spall",
            "title": "Authentic phone With Fast Delivery!",
            "text": "Have ordered 2 led before and now iphone 6s plus... Never disappoint.. great Work Flipkart doing... Absolutely authentic products and i loved my very own First iphone 6s+",
            "helpful": 0
        }
    ],
    [
        {
            "certBuyer": true,
            "rating": 5,
            "author": "ANSH  MESHRAM",
            "title": "Good",
            "text": "NC one",
            "helpful": 0
        }
    ],
    [
        {
            "certBuyer": true,
            "rating": 5,
            "author": "Prashik Tirpude",
            "title": "Terrific",
            "text": "Such a fluid screen! 3D touch is amazing!",
            "helpful": 0
        }
    ],
    [
        {
            "certBuyer": true,
            "rating": 3,
            "author": "Abhilash Nabigaru",
            "title": "Does the job",
            "text": "Good",
            "helpful": 0
        }
    ],
    [
        {
            "certBuyer": true,
            "rating": 4,
            "author": "bharti  sanghvi ",
            "title": "Good choice",
            "text": "Nice phone while using 1 month",
            "helpful": 0
        }
    ],
    [
        {
            "certBuyer": true,
            "rating": 4,
            "author": "Bhanu Sachin",
            "title": "Wonderful",
            "text": "Nice one",
            "helpful": 0
        }
    ],
    [
        {
            "certBuyer": true,
            "rating": 4,
            "author": "Sabyasachi Hati",
            "title": "Good buy",
            "text": "Good product...",
            "helpful": 0
        }
    ],
    [
        {
            "certBuyer": true,
            "rating": 5,
            "author": "Ankit Jha",
            "title": "Brilliant",
            "text": "Excellent product with brilliant delivery",
            "helpful": 0
        }
    ],
    [
        {
            "certBuyer": true,
            "rating": 5,
            "author": "Bhaskar Agarwal",
            "title": "Awesome",
            "text": "Like always",
            "helpful": 0
        }
    ],
    [
        {
            "certBuyer": true,
            "rating": 5,
            "author": "Flipkart Customer",
            "title": "Awesome",
            "text": "Best smart phone",
            "helpful": 0
        }
    ],
    [
        {
            "certBuyer": true,
            "rating": 5,
            "author": "Devan Modi",
            "title": "100% genuine product",
            "text": "Do not have second thoughts because of the discount offer and low price, the product is cent percent original. Go for it..and for the rest there is no need of review.",
            "helpful": 0
        }
    ],
    [
        {
            "certBuyer": true,
            "rating": 5,
            "author": "Flipkart Customer",
            "title": "Product found as described, I am enjoying iphone 6s plus..",
            "text": "Product found as described, I am enjoying iphone 6s plus..",
            "helpful": 0
        }
    ],
    [
        {
            "certBuyer": true,
            "rating": 5,
            "author": "Flipkart Customer",
            "title": "Thanks flipkart for offering such a huge discount.",
            "text": "Excellent phone with best offers..!!!\n\nEverything from my end is positive and looks this time apple finally beat out the battery problem...\n\nThanks Apple and flipkart too..",
            "helpful": 0
        }
    ],
    [
        {
            "certBuyer": true,
            "rating": 5,
            "author": "PADHMAVATHY BALASUBRAMANI",
            "title": "Awesome",
            "text": "Nice one",
            "helpful": 0
        }
    ],
    [
        {
            "certBuyer": true,
            "rating": 5,
            "author": "Darsh Manghani",
            "title": "Fantabulous!!",
            "text": "Got delivered with the product some time back ; packaging was up to the mark. Was in two minds before ordering. Amazing product as well as amazing service from Flipkart.",
            "helpful": 0
        }
    ],
    [
        {
            "certBuyer": true,
            "rating": 5,
            "author": "Madhes On Cloudnine",
            "title": "Great phone and great customer service!",
            "text": "I've been using this phone for the last two days. Excellent is the only word to describe it. I was confused about the size initially. I made up my mind and took a great decision of choosing this phone. This is my second  iPhone. My 5s still works flawlessly. 6s plus has stunning display. Great battery life. No cons at all. Product delivered on time by flipkart. Great customer service. Promptly answered all my questions about delivery. Good job guys. You restored my faith in you.",
            "helpful": 0
        }
    ],
    [
        {
            "certBuyer": true,
            "rating": 5,
            "author": "Nandaniya G.R",
            "title": "Classy product",
            "text": "Good",
            "helpful": 0
        }
    ],
    [
        {
            "certBuyer": true,
            "rating": 5,
            "author": "Pranit Rasaily",
            "title": "Classy product",
            "text": "Good item & quality service.",
            "helpful": 0
        }
    ],
    [
        {
            "certBuyer": true,
            "rating": 5,
            "author": "poov arasan",
            "title": "Best in the market!",
            "text": "Wow nice look and performance is just awesome",
            "helpful": 0
        }
    ],
    [
        {
            "certBuyer": true,
            "rating": 5,
            "author": "Flipkart Customer",
            "title": "Awesome",
            "text": "Superb phone",
            "helpful": 0
        }
    ],
    [
        {
            "certBuyer": true,
            "rating": 5,
            "author": "Amit Kumar  Sah",
            "title": "Amit",
            "text": "I loved it...Delayed in delivering....but still superb product...Thanks Flipkart",
            "helpful": 0
        }
    ],
    [
        {
            "certBuyer": true,
            "rating": 5,
            "author": "Flipkart Customer",
            "title": "6S Plus",
            "text": "Superb.",
            "helpful": 0
        }
    ],
    [
        {
            "certBuyer": true,
            "rating": 4,
            "author": "RAJINDER SHARMA",
            "title": "Good choice",
            "text": "Recd phone with scratches on both sides",
            "helpful": 0
        }
    ],
    [
        {
            "certBuyer": true,
            "rating": 5,
            "author": "surya teja",
            "title": "Must buy",
            "text": "Value for money",
            "helpful": 0
        }
    ],
    [
        {
            "certBuyer": true,
            "rating": 5,
            "author": "Flipkart Customer",
            "title": "Best in the market!",
            "text": "Nice phone",
            "helpful": 0
        }
    ],
    [
        {
            "certBuyer": true,
            "rating": 5,
            "author": "Subham kumar Kumar",
            "title": "Mind-blowing purchase",
            "text": "Phone was good....as expected thanks flip kart",
            "helpful": 0
        }
    ],
    [
        {
            "certBuyer": true,
            "rating": 5,
            "author": "Jawaher lal Wadhwani",
            "title": "Worth every penny",
            "text": "Good",
            "helpful": 0
        }
    ],
    [
        {
            "certBuyer": true,
            "rating": 1,
            "author": "Flipkart Customer",
            "title": "Utterly Disappointed",
            "text": "ekart service very i was go then i collect my iteam they havent delovery on time",
            "helpful": 0
        }
    ],
    [
        {
            "certBuyer": false,
            "rating": 2,
            "author": "Yuvraj Tarange",
            "title": "Expected a better product",
            "text": "Good phone",
            "helpful": 0
        }
    ],
    [
        {
            "certBuyer": false,
            "rating": 4,
            "author": "Sachin Patel",
            "title": "Really Nice",
            "text": "avarage phone",
            "helpful": 0
        }
    ],
    [
        {
            "certBuyer": true,
            "rating": 4,
            "author": "Vara Prasad",
            "title": "Evergreen Flipkart",
            "text": "Superb I love iPhone . Evergreen Flipkart thnq Flipkart.",
            "helpful": 0
        }
    ],
    [
        {
            "certBuyer": true,
            "rating": 5,
            "author": "Vikas Sharma",
            "title": "5 star",
            "text": "Flipkart and Iphone both are best.",
            "helpful": 0
        }
    ],
    [
        {
            "certBuyer": true,
            "rating": 1,
            "author": "PARTHA SARATHI PANDA",
            "title": "One Star",
            "text": "Flipkart is a biggest cheater. I was told 0% EMI but when I paid, it was 500 extra from me. Flipkart should be transparent and should stop making fools to customers.",
            "helpful": 3
        }
    ],
    [
        {
            "certBuyer": false,
            "rating": 2,
            "author": "Ashwani Sharma  Sharma ",
            "title": "Slightly disappointed",
            "text": "Cash consuming..... I returned this. I am impressed with service of flipkart. But many mobiles are better than this and in budget to. JUST SHOWOFF NOTHING MORE THAN IT..",
            "helpful": 7
        }
    ],
    [
        {
            "certBuyer": true,
            "rating": 4,
            "author": "samina  Nadeem",
            "title": "Disappointed",
            "text": "What a nightmare.....40k and then defective piece of IPhone 6s Plus !!\n\nWhom to contact ?\nFlipkart plz help",
            "helpful": 1
        }
    ],
    [
        {
            "certBuyer": true,
            "rating": 2,
            "author": "Pradeep Kumar",
            "title": "Bad quality",
            "text": "Sold Me a opened box. With fake earphone , while  escalated this issue to CS team there is no support till, cheating the customer, spent 50k on this,",
            "helpful": 1
        }
    ],
    [
        {
            "certBuyer": true,
            "rating": 4,
            "author": "Sanish Padmanabhan ",
            "title": "Quality issue",
            "text": "Mobile charger doesn't looks like original quality",
            "helpful": 0
        }
    ],
    [
        {
            "certBuyer": true,
            "rating": 1,
            "author": "Flipkart Customer",
            "title": "no cash back on time and no customer support",
            "text": "tried reaching customer care but they did not call me back..\n\nno option to reach customer care  to push my matter \n\nrefund should have been credited on 10th Aug, but till date not received..",
            "helpful": 1
        }
    ],
    [
        {
            "certBuyer": true,
            "rating": 1,
            "author": "vigneshwaran",
            "title": "Delivery issue",
            "text": "It is not delivered in the promised date.,totally disappointed.",
            "helpful": 1
        }
    ],
    [
        {
            "certBuyer": true,
            "rating": 5,
            "author": "Flipkart Customer",
            "title": "Highly recommended",
            "text": "The phone was received as expected thanks Flipkart",
            "helpful": 0
        }
    ],
    [
        {
            "certBuyer": true,
            "rating": 5,
            "author": "Flipkart Customer",
            "title": "Just wow!",
            "text": "Ordered iphone 6s plus and its amezing!! Nice delivery  through cod! And we are very satisfied... because the estimate day was about  10 days. Got in 2 days  living in a west bengal village side then also!",
            "helpful": 0
        }
    ]
]