[
    [
        {
            "certBuyer": false,
            "rating": 4,
            "author": "Flipkart Customer",
            "title": "Wonderful",
            "text": "I am impressed with flipkart for giving so many options for payment with less installments.. \nHowever coming to iPhone which I have jus placed an order,  I hope I won't be receiving refurbished or used one if i do I would strongly recommend everyone on social media not buy phones online... As its quite easy to make out whether its a new piece or refurbished.",
            "helpful": 140
        }
    ],
    [
        {
            "certBuyer": false,
            "rating": 5,
            "author": "Domnic",
            "title": "Great product",
            "text": "Give me free iPhone 6s plus flip kart",
            "helpful": 108
        }
    ],
    [
        {
            "certBuyer": true,
            "rating": 1,
            "author": "Aditya Dwivedi",
            "title": "Don't waste your money",
            "text": "it was very bad",
            "helpful": 4
        }
    ],
    [
        {
            "certBuyer": false,
            "rating": 5,
            "author": "Sanjib Bora",
            "title": "Awesome",
            "text": "My favorite\n\n\n\nWooow",
            "helpful": 2
        }
    ],
    [
        {
            "certBuyer": true,
            "rating": 5,
            "author": "Ravikant Soni",
            "title": "Strong Contender for smartphone",
            "text": "Prons:\n1.Apple itself didnt need recognition.\n2.Battery backup is as expected.I always having my mob data ON,its easily manages 1.5 day backup.\n3,Display is great.3D touch is wow.\n4.Speakers are also sound.\n5.Fingerprint scanner is good only with dry hands .\n\nCons:\n1.Yet not found.",
            "helpful": 54
        }
    ],
    [
        {
            "certBuyer": true,
            "rating": 5,
            "author": "Mehfuz Sheriff",
            "title": "Genuine Product, Great Exchange Offer, Timely Delivery......",
            "text": "Purchased this product from the seller : SuperComNet. \nGot Exactly what i asked for, at a Great Price and fast Delivery. \nAnd also Got a great Exchange offer for my old mobile. \nAll in all, i'm 100% Satisfied with this product.",
            "helpful": 7
        }
    ],
    [
        {
            "certBuyer": false,
            "rating": 3,
            "author": "pramod kumar sinha",
            "title": "Met Expectations",
            "text": "nothing better than iphone but issue is that you will play music only with itunes which gets paid and also films, videos and much more you will get paid but it is 1000 tymes better than android phones in performance ,display ,camera, in android you will get all these freee in ios yot gets paid",
            "helpful": 12
        }
    ],
    [
        {
            "certBuyer": true,
            "rating": 5,
            "author": "salomi neelam",
            "title": "Great product",
            "text": "Great product..",
            "helpful": 1
        }
    ],
    [
        {
            "certBuyer": true,
            "rating": 5,
            "author": "Amit Sharma",
            "title": "Worth every penny",
            "text": "Got my iphone 6s plus today. Thanks to flipkart for timely delivery.",
            "helpful": 0
        }
    ],
    [
        {
            "certBuyer": true,
            "rating": 4,
            "author": "Ravi  Kondeti ",
            "title": "Good one",
            "text": "Good one",
            "helpful": 0
        }
    ],
    [
        {
            "certBuyer": true,
            "rating": 5,
            "author": "Alok Jaiswal",
            "title": "Simply awesome",
            "text": "Good",
            "helpful": 0
        }
    ],
    [
        {
            "certBuyer": true,
            "rating": 5,
            "author": "Rajeev Lilhare",
            "title": "Excellent",
            "text": "Good\ud83d\udc4d\ud83d\udc4d\ud83d\udc4d",
            "helpful": 1
        }
    ],
    [
        {
            "certBuyer": true,
            "rating": 5,
            "author": "dileep kumar",
            "title": "Fair",
            "text": "Who said iphone never hang, I am seeing hanging issue frequently atleast once in a day. After paying this hefty amount, we dont expect hang.",
            "helpful": 0
        }
    ],
    [
        {
            "certBuyer": true,
            "rating": 5,
            "author": "Tarun Arora",
            "title": "Wonderful",
            "text": "I phone needs no comments. Its Great.",
            "helpful": 0
        }
    ],
    [
        {
            "certBuyer": true,
            "rating": 3,
            "author": "Deepankar Parashar",
            "title": "Does the job",
            "text": "Best product and delivered to me on time happy with their service keep it up flipkart",
            "helpful": 1
        }
    ],
    [
        {
            "certBuyer": true,
            "rating": 5,
            "author": "P.K. Mallick",
            "title": "Wonderful",
            "text": "It is Apple. It is the best. Delivery by Filpkart just in time.Thanks Flipkart for this elegant product.",
            "helpful": 0
        }
    ],
    [
        {
            "certBuyer": true,
            "rating": 4,
            "author": "Soumyadip Chatterjee",
            "title": "Nice choice!",
            "text": "Nice phone but the main issue is with fingerprint sensors not fast as compared to other android phones-one plus,Samsung etc premium phones\n\nBut overall if you want to show off and want to show your status then go for it \nRegardless its a very smooth and nice phone no issues till now",
            "helpful": 0
        }
    ],
    [
        {
            "certBuyer": true,
            "rating": 5,
            "author": "teli ajay",
            "title": "Worth every penny",
            "text": "Verry nice",
            "helpful": 0
        }
    ],
    [
        {
            "certBuyer": true,
            "rating": 5,
            "author": "Vinod Nair",
            "title": "Terrific purchase",
            "text": "Delivered before time. Nice product. So good so far.\n\nThanks",
            "helpful": 0
        }
    ],
    [
        {
            "certBuyer": true,
            "rating": 5,
            "author": "arun prasadh",
            "title": "Best choice ever",
            "text": "After fed up with android phones,I stepped in the world of apple and I got what I was expecting ! Wonderful camera with great battery life and a butter smooth interface with no lags ...\nLoving my 6s plus now",
            "helpful": 0
        }
    ],
    [
        {
            "certBuyer": true,
            "rating": 5,
            "author": "Samik Chakraborty",
            "title": "Great Deal!!",
            "text": "Its same as described and got huge discount",
            "helpful": 0
        }
    ],
    [
        {
            "certBuyer": true,
            "rating": 5,
            "author": "Flipkart Customer",
            "title": "Excellent",
            "text": "good one....go for it...",
            "helpful": 0
        }
    ],
    [
        {
            "certBuyer": true,
            "rating": 5,
            "author": "Flipkart Customer",
            "title": "Wonderful",
            "text": "Very nice person ...with good behaviour.",
            "helpful": 0
        }
    ],
    [
        {
            "certBuyer": true,
            "rating": 5,
            "author": "Flipkart Customer",
            "title": "Brilliant",
            "text": "Bought it at a great price deal thnx flipcart \n\ud83d\udcaf original",
            "helpful": 0
        }
    ],
    [
        {
            "certBuyer": true,
            "rating": 4,
            "author": "Umesh Biswal",
            "title": "Heating during charging",
            "text": "The looks good but the features are not upto mark as well as the mobile getting heated when charging.",
            "helpful": 0
        }
    ],
    [
        {
            "certBuyer": true,
            "rating": 5,
            "author": "Rahul Rattan",
            "title": "Great phone",
            "text": "Nice phone delivered on time.\nLoving it",
            "helpful": 0
        }
    ],
    [
        {
            "certBuyer": false,
            "rating": 5,
            "author": "Amith Kumar Tosre",
            "title": "Amith",
            "text": "good phone :)",
            "helpful": 0
        }
    ],
    [
        {
            "certBuyer": true,
            "rating": 1,
            "author": "Nikita Quadri",
            "title": "Worthless",
            "text": "Facing too many issues with the product! It has major heating issues, screen black out when i recieve calls, issues connecting to the internet....its only been a month and all the issues!",
            "helpful": 3
        }
    ],
    [
        {
            "certBuyer": false,
            "rating": 1,
            "author": "Vidhanshu Jain",
            "title": "Did not meet expectations",
            "text": "What a bad phone",
            "helpful": 2
        }
    ],
    [
        {
            "certBuyer": true,
            "rating": 5,
            "author": "NIRANJAN KUMAR",
            "title": "Brilliant",
            "text": "Good....",
            "helpful": 1
        }
    ],
    [
        {
            "certBuyer": true,
            "rating": 5,
            "author": "Gaurav Mehta",
            "title": "Amazing",
            "text": "If you don't have an iPhone, well, you don't have an iPhone ! Absolutely stunning phone",
            "helpful": 1
        }
    ],
    [
        {
            "certBuyer": true,
            "rating": 5,
            "author": "NILADRI  PODDAR",
            "title": "Awesome",
            "text": "Phone got heated up the very 1st day...But that's it guys..Lemme make ot very clear that apple inc. didn't pay me up 4 this review ..neither did flipkart...Now..very smooth phone for 1st timers...user friendly...excellent phone  overall...don't mind the battery.\nLasts 2 days 4 me...CHEERS..",
            "helpful": 1
        }
    ],
    [
        {
            "certBuyer": true,
            "rating": 5,
            "author": "Ganesh harikanth Harikanth",
            "title": "Classy product",
            "text": "ok good",
            "helpful": 0
        }
    ],
    [
        {
            "certBuyer": true,
            "rating": 4,
            "author": "Ashok Kumar",
            "title": "Very Good",
            "text": "Good one....",
            "helpful": 0
        }
    ],
    [
        {
            "certBuyer": true,
            "rating": 5,
            "author": "Flipkart Customer ANIKET GANDHI, SOLAPUR- MH STATE.",
            "title": "Classy product",
            "text": "Purchased this product from the seller : SuperComNet. \nGot Exactly what i asked for, and  fast Delivery. \n \nAll in all, i'm 100% Satisfied with this product. &amp; FLIPKART",
            "helpful": 0
        }
    ],
    [
        {
            "certBuyer": true,
            "rating": 5,
            "author": "Debabrata Pujapanda",
            "title": "Terrific purchase",
            "text": "Superfast delivery by Flipkart..i phone is jst wow..100% geniune",
            "helpful": 0
        }
    ],
    [
        {
            "certBuyer": true,
            "rating": 5,
            "author": "Arvind Kumar",
            "title": "Awesome",
            "text": "Great phone the battery is awesome goes to almost 2 day with normal and the good think is that in most phone at night battery reduces automatically but not in this phone if its 60 when u sleep it remain the same at mrng. Buy it.......",
            "helpful": 0
        }
    ],
    [
        {
            "certBuyer": true,
            "rating": 5,
            "author": "Prashant Rana",
            "title": "100% original product",
            "text": "Good deal, product is 100% original and with 1 year warranty . 100% good Seller",
            "helpful": 0
        }
    ],
    [
        {
            "certBuyer": true,
            "rating": 5,
            "author": "Vijay Singh",
            "title": "Mind-blowing purchase",
            "text": "Easy and amazing phone. I like it, but not for selfie lovers... Except for Snapchat ... Overall great ph",
            "helpful": 0
        }
    ],
    [
        {
            "certBuyer": true,
            "rating": 5,
            "author": "Flipkart Customer",
            "title": "Five Stars",
            "text": "Very Gud phone",
            "helpful": 0
        }
    ],
    [
        {
            "certBuyer": true,
            "rating": 3,
            "author": "Flipkart Customer",
            "title": "Timely Delivery",
            "text": "Timely Delivery .. product in good condition",
            "helpful": 1
        }
    ],
    [
        {
            "certBuyer": true,
            "rating": 5,
            "author": "Flipkart Customer",
            "title": "Simply awesome",
            "text": "Very good and authentic service by flipkart",
            "helpful": 0
        }
    ],
    [
        {
            "certBuyer": true,
            "rating": 5,
            "author": "john son",
            "title": "Just wow!",
            "text": "Flipkart , very reliable shopping site.",
            "helpful": 0
        }
    ],
    [
        {
            "certBuyer": false,
            "rating": 1,
            "author": "Pashi Ferns",
            "title": "Waste of money!",
            "text": "Horrible delivery service...Flipkart makes many options available to pay money but very poor service when it comes to delivery...was supposed to receive product by now but have not....not happy at all with the service..Flipkart soon run out of business with such horrible delivery for such expensive products....",
            "helpful": 3
        }
    ],
    [
        {
            "certBuyer": true,
            "rating": 5,
            "author": "premnath k",
            "title": "Excellent",
            "text": "Prompt delivery original product",
            "helpful": 1
        }
    ],
    [
        {
            "certBuyer": true,
            "rating": 4,
            "author": "Manoj Gurung",
            "title": "iPhone 6s Plus",
            "text": "I am giving 4 star because there is a heating issue otherwise  phone is as his brand,thanks Flipkart for delivery in time given I am loving it",
            "helpful": 1
        }
    ]
]