[
    [
        {
            "certBuyer": true,
            "rating": 5,
            "author": "Mohan Mohandurairaj",
            "title": "Simply awesome",
            "text": "Superb phone",
            "helpful": 33
        }
    ],
    [
        {
            "certBuyer": true,
            "rating": 4,
            "author": "Chandrakant  Chaudhari",
            "title": "Value-for-money",
            "text": "excellent phone....!!!",
            "helpful": 19
        }
    ],
    [
        {
            "certBuyer": true,
            "rating": 5,
            "author": "Debarshi Deb",
            "title": "Good phone. Bad delivery",
            "text": "The five stars are just for the phone. The delivery got misrouted and i had to go to HSR hub just to pick up",
            "helpful": 6
        }
    ],
    [
        {
            "certBuyer": true,
            "rating": 4,
            "author": "Rabindra Kumar Santa",
            "title": "This phone is good in this price from apple",
            "text": "This phone is a good. Functionality is also good but battery backup is less during online and video playing.",
            "helpful": 5
        }
    ],
    [
        {
            "certBuyer": true,
            "rating": 5,
            "author": "Flipkart Customer",
            "title": "Satisfied.......",
            "text": "I have received this day before yesterday. It is just a darling. Worth of money and patience. Super fast speed, touch is awesome, voice and sound very clear, genuine product. Checked in Apple store. Suggested not to use so many unwanted apps. Then it will build your personality. Happy.......",
            "helpful": 58
        }
    ],
    [
        {
            "certBuyer": true,
            "rating": 5,
            "author": "Sourabh Pawar",
            "title": "Nice phone..genuine seller..",
            "text": "Genuine n good product..delivered on time n in gud condition..:)",
            "helpful": 2
        }
    ],
    [
        {
            "certBuyer": true,
            "rating": 5,
            "author": "Ajay  Roy V",
            "title": "Fyn",
            "text": "Original Product",
            "helpful": 2
        }
    ],
    [
        {
            "certBuyer": true,
            "rating": 5,
            "author": "Shubhnish sharma",
            "title": "5 star product condition features you already kno",
            "text": "Product got in sealed pack 128 gb iphone se condition seller bptlhyd. Thank you flipkart",
            "helpful": 0
        }
    ],
    [
        {
            "certBuyer": true,
            "rating": 5,
            "author": "Ashutosh Kaithwar",
            "title": "Terrific purchase",
            "text": "Terrific Deal",
            "helpful": 0
        }
    ],
    [
        {
            "certBuyer": true,
            "rating": 4,
            "author": "Nikhil Dhingra",
            "title": "Worth the money",
            "text": "I received the order on time. Thanks to Flipkart. But the box was a bit scuffed and seemed to be quite old. But on opening the box, I found a genuine and a new piece. Have been using it for 10 days now and its working fine. The only problem is that the phone makes a rattling sound on vibration. Maybe the volume buttons or the lock button are a bit loose. Otherwise, a good phone.",
            "helpful": 1
        }
    ],
    [
        {
            "certBuyer": true,
            "rating": 5,
            "author": "Flipkart Customer",
            "title": "iPhone se",
            "text": "Good phone I have ever used...",
            "helpful": 0
        }
    ],
    [
        {
            "certBuyer": true,
            "rating": 5,
            "author": "kaustubh chitnis",
            "title": "iPhone SE 128gb delivered on time.",
            "text": "Packaging was perfect. And the phone was genuine. This just goes to prove that Flipkart delivers what they promise. Tried this new seller for the first time and they didnt let me down ! Kudos Flipkart !",
            "helpful": 0
        }
    ],
    [
        {
            "certBuyer": true,
            "rating": 5,
            "author": "Akash Kumar Barma",
            "title": "Excellent",
            "text": "Till now observing good performance",
            "helpful": 1
        }
    ],
    [
        {
            "certBuyer": true,
            "rating": 5,
            "author": "Jayakrishnan M Nair",
            "title": "Small but Powerful!",
            "text": "This is the best compact phone ever designed especially for one hand use. It brings back Steve Jobs memory and how he wanted powerful 4 inch smartphones.If u r a fan of compact phones then go for it!",
            "helpful": 0
        }
    ],
    [
        {
            "certBuyer": true,
            "rating": 5,
            "author": "Bhavik Patel",
            "title": "Best",
            "text": "Best",
            "helpful": 0
        }
    ],
    [
        {
            "certBuyer": true,
            "rating": 5,
            "author": "Rahul R",
            "title": "Simply awesome",
            "text": "Awesome product loved it",
            "helpful": 0
        }
    ],
    [
        {
            "certBuyer": true,
            "rating": 5,
            "author": "Ravi Raushan ",
            "title": "Must buy!",
            "text": "I am very happy with iphone se 128 gb ,it is better than other phones and their function .",
            "helpful": 1
        }
    ],
    [
        {
            "certBuyer": true,
            "rating": 5,
            "author": "Vinu Chakkaravarthi S",
            "title": "Brilliant",
            "text": "Product is Excellent.",
            "helpful": 0
        }
    ],
    [
        {
            "certBuyer": true,
            "rating": 5,
            "author": "Flipkart Customer",
            "title": "Simply awesome",
            "text": "I am writing this review 3 hours after receiving my phone.... excellent packaging ....original iPhone is given ...very quick delivery within 2 days only!!! I never ordered from this seller before and I just gave it a try. ...happy with my phone....and the phone is awesome!!",
            "helpful": 2
        }
    ],
    [
        {
            "certBuyer": true,
            "rating": 5,
            "author": "Sakhamuri Srinath",
            "title": "Brilliant",
            "text": "Nice product I love it",
            "helpful": 1
        }
    ],
    [
        {
            "certBuyer": true,
            "rating": 4,
            "author": "punith kumar",
            "title": "Wonderful",
            "text": "Ok ok",
            "helpful": 1
        }
    ],
    [
        {
            "certBuyer": true,
            "rating": 1,
            "author": "Flipkart Customer",
            "title": "Absolute rubbish!",
            "text": "One speaker is not working and call sound is too and peace is deafected",
            "helpful": 0
        }
    ],
    [
        {
            "certBuyer": true,
            "rating": 5,
            "author": "Junaid Siddique",
            "title": "Nice phone, worth every penny.",
            "text": "Awesome product, I got this phone two days after its delivery, packaging was impressive. The phone is smooth, fast and its perfect for one handed use. But right now don't upgrade it to iOS 11 as it can cause battery problems I got this phone running iOS 10 and this is great. Overall awesome powerful small iPhone. I am happy with it.",
            "helpful": 0
        }
    ],
    [
        {
            "certBuyer": true,
            "rating": 5,
            "author": "Prashant Rai",
            "title": "Just wow!",
            "text": "Must buy",
            "helpful": 0
        }
    ],
    [
        {
            "certBuyer": true,
            "rating": 5,
            "author": "Flipkart Customer",
            "title": "Fabulous!",
            "text": "Awesome",
            "helpful": 0
        }
    ],
    [
        {
            "certBuyer": true,
            "rating": 5,
            "author": "Mohd Gaazi Sheikh",
            "title": "Awesome ! Works As Advertised",
            "text": "Great Phone ! Great Performance. \nGood for quick hands on for people turning to iOS !",
            "helpful": 0
        }
    ],
    [
        {
            "certBuyer": true,
            "rating": 5,
            "author": "Kishore",
            "title": "Go for it",
            "text": "Awesome device I luv it",
            "helpful": 0
        }
    ],
    [
        {
            "certBuyer": true,
            "rating": 5,
            "author": "Flipkart Customer",
            "title": "Apple never disappoints",
            "text": "Waao. Now this what I call a phone. Never gets hot. Its faster than all smartphones I have used earlier and moreover Its 2gb ram copetes with 4gb of most other smartphones",
            "helpful": 0
        }
    ],
    [
        {
            "certBuyer": true,
            "rating": 5,
            "author": "Ameen Sherif",
            "title": "Worth every penny",
            "text": "Big beast in a small device",
            "helpful": 0
        }
    ],
    [
        {
            "certBuyer": true,
            "rating": 5,
            "author": "Vivek Giri",
            "title": "Fabulous!",
            "text": "Awesome , feels like purchased from USA , grt job flipkart...",
            "helpful": 0
        }
    ],
    [
        {
            "certBuyer": true,
            "rating": 1,
            "author": "Flipkart Customer",
            "title": "Highly recommended",
            "text": "Totaly not good if I using more GB it gets stuck very bad",
            "helpful": 0
        }
    ],
    [
        {
            "certBuyer": true,
            "rating": 2,
            "author": "Dheeraj SIDDHA",
            "title": "Bad quality PROXIMITY SENSOR NOT WORKING",
            "text": "I live abroad and i booked the phone as a birthday gift for my brother, the product was delivered on time but the proximity sensor didn't work and he had to take the phone to the service center on the second day of the delivery.",
            "helpful": 9
        }
    ]
]