[
    [
        {
            "author": "Mithun Thomas",
            "helpful": 2,
            "certBuyer": true,
            "rating": 5,
            "title": "Excellent",
            "text": "Standard delivery and good quality"
        }
    ],
    [
        {
            "author": "Flipkart Customer",
            "helpful": 2,
            "certBuyer": true,
            "rating": 5,
            "title": "Fabulous!",
            "text": "Very nice"
        }
    ],
    [
        {
            "author": "Flipkart Customer",
            "helpful": 0,
            "certBuyer": true,
            "rating": 5,
            "title": "Terrific",
            "text": "It's very good product"
        }
    ],
    [
        {
            "author": "Ashish Raushan",
            "helpful": 0,
            "certBuyer": true,
            "rating": 5,
            "title": "Great product",
            "text": "Nice case.. material quality is good"
        }
    ],
    [
        {
            "author": "Flipkart Customer",
            "helpful": 0,
            "certBuyer": true,
            "rating": 4,
            "title": "Very Good",
            "text": "Super and excellent product"
        }
    ]
]