[
    [
        {
            "author": "Flipkart Customer",
            "helpful": 82,
            "certBuyer": false,
            "rating": 4,
            "title": "Good choice",
            "text": "This mobile. Very. Nice.  \nI really lv it....   by. \nDv&vj"
        }
    ],
    [
        {
            "author": "arnab pal",
            "helpful": 117,
            "certBuyer": false,
            "rating": 5,
            "title": "Very Nice",
            "text": "Battery, camera, sound, display, network coverage is very good,,, bt front flash is not so good,,"
        }
    ],
    [
        {
            "author": "kousalya mary",
            "helpful": 86,
            "certBuyer": false,
            "rating": 5,
            "title": "Super!",
            "text": "superb"
        }
    ],
    [
        {
            "author": "Flipkart Customer",
            "helpful": 6,
            "certBuyer": true,
            "rating": 1,
            "title": "Terrible product",
            "text": "Very bad experience with Coolpad.I had bought my first Coolpad phone \"Coolpad Mega 3 (Moondust Grey, 16 GB)\"  in the very first week phone screen started to hang.\n6-7 times a day only option left for me to try restarting it every time.And operations are very slow.\nEven there is no option available to switch off the phone it can only be restarted.Strange!\nFrom last 2 days the battery also shows defected sign.From 100% it turns to 10 % within an hour on standby without any apps or wifi/data services running.\n\nMy suggestion never buy Coolpad phones,technologically they are far behind.\nHow can they forget to include switch off option.Better go for other brands like Micromax/Samsung or Redmi in this range."
        }
    ],
    [
        {
            "author": "RAMA SHANKER CHAURASIA",
            "helpful": 5,
            "certBuyer": true,
            "rating": 1,
            "title": "Button issue",
            "text": "Not up to the mark. Speed is very slow and hanging on first day itself"
        }
    ],
    [
        {
            "author": "Sri Ajith",
            "helpful": 4,
            "certBuyer": true,
            "rating": 5,
            "title": "Simply awesome",
            "text": "Nice mobile"
        }
    ],
    [
        {
            "author": "Ahamedshamem uzhunnan",
            "helpful": 3,
            "certBuyer": true,
            "rating": 4,
            "title": "Pretty good",
            "text": "Good prodect"
        }
    ],
    [
        {
            "author": "Flipkart Customer",
            "helpful": 3,
            "certBuyer": false,
            "rating": 5,
            "title": "Fabulous!",
            "text": "Super phone ,so nice"
        }
    ],
    [
        {
            "author": "Hem E",
            "helpful": 5,
            "certBuyer": false,
            "rating": 5,
            "title": "Camera is not good like 3.2 mp",
            "text": "But battery is average"
        }
    ],
    [
        {
            "author": "Flipkart Customer",
            "helpful": 10,
            "certBuyer": false,
            "rating": 5,
            "title": "Great product",
            "text": "Superb phn with 2gb ram,3050 mAh battery and also it's camera is awesome.....u should buy this phn"
        }
    ],
    [
        {
            "author": "Rince  Jose",
            "helpful": 2,
            "certBuyer": true,
            "rating": 5,
            "title": "Best in the market!",
            "text": "Good product"
        }
    ],
    [
        {
            "author": "PRAVIN  POTDAR",
            "helpful": 2,
            "certBuyer": true,
            "rating": 5,
            "title": "Five Stars",
            "text": "Nice Phone \ud83d\udcf1"
        }
    ],
    [
        {
            "author": "Bilal  Shariff",
            "helpful": 2,
            "certBuyer": true,
            "rating": 4,
            "title": "Four Stars",
            "text": "Good"
        }
    ],
    [
        {
            "author": "Surjyendu Bag",
            "helpful": 2,
            "certBuyer": true,
            "rating": 5,
            "title": "Perfect product!",
            "text": "I have received timely. This mobile is value for money. 7399 price mobile feature is high. Ui feature almost miui feature. 3 sim is unique feature with dedicated memory slot too good."
        }
    ],
    [
        {
            "author": "arpit nayak",
            "helpful": 2,
            "certBuyer": true,
            "rating": 5,
            "title": "Excellent",
            "text": "It is awesome....Flipkart .......Full ur cart"
        }
    ],
    [
        {
            "author": "Hari Thapa",
            "helpful": 2,
            "certBuyer": true,
            "rating": 5,
            "title": "Excellent",
            "text": "Simply superb mobile"
        }
    ],
    [
        {
            "author": "Flipkart Customer",
            "helpful": 12,
            "certBuyer": false,
            "rating": 1,
            "title": "Don't waste your money",
            "text": "Dont buy coolpad mobile ....most of phone lost thire mother board ..befour 1 year"
        }
    ],
    [
        {
            "author": "Nazira Banu",
            "helpful": 3,
            "certBuyer": false,
            "rating": 1,
            "title": "Did not meet expectations",
            "text": "Wonder probably"
        }
    ],
    [
        {
            "author": "Nishant gaurav",
            "helpful": 22,
            "certBuyer": false,
            "rating": 5,
            "title": "Simply awesome",
            "text": "Recently I Have Purchased Coolpad Mega 3 Not From Flipkart.\nReview based on my experience \nThis phone has a unique feature i. E.  Its has 3 sim slot excluding sd card slot. \nYou can use 4g only in single slot at a time.\nBattery backup is OK it last for 24 hours including Net Work. \nFront camera and back camera both comes with 8mp auto flash.\nCamera quality is superb specially the front one but front flash is just ok..i have capture some of pix using front flash i found the pix goes something like red but tthats not a issue.\nIts not a full hd device but only hd.\nWatching videos on 5.5 inch hd display is just awesome i really enjoy it. \nU can use pendrives or othera external hardwere using otg. \nIts comes with cool Ui v.8 ,UI is something More and less Like Apple ui\nOverall best phone in 7k"
        }
    ],
    [
        {
            "author": "Patel  Imtiyaz",
            "helpful": 4,
            "certBuyer": false,
            "rating": 1,
            "title": "Waste of money!",
            "text": "Good phone"
        }
    ],
    [
        {
            "author": "mamta kumari",
            "helpful": 2,
            "certBuyer": true,
            "rating": 3,
            "title": "Does the job",
            "text": "camera is good but it hangs a bit and u have to suffer from heating problem"
        }
    ],
    [
        {
            "author": "Flipkart Customer",
            "helpful": 2,
            "certBuyer": true,
            "rating": 3,
            "title": "Nice",
            "text": "Phone getting over heated"
        }
    ],
    [
        {
            "author": "Flipkart Customer",
            "helpful": 2,
            "certBuyer": true,
            "rating": 4,
            "title": "Very Good",
            "text": "Everything is perfect except battery"
        }
    ],
    [
        {
            "author": "Bapon Das",
            "helpful": 1,
            "certBuyer": true,
            "rating": 4,
            "title": "Nice product",
            "text": "Nice delivered"
        }
    ],
    [
        {
            "author": "Flipkart Customer",
            "helpful": 1,
            "certBuyer": true,
            "rating": 5,
            "title": "Must buy!",
            "text": "I full satisfied with Flipkart"
        }
    ],
    [
        {
            "author": "Flipkart Customer",
            "helpful": 1,
            "certBuyer": true,
            "rating": 1,
            "title": "Absolute rubbish!",
            "text": "Very worst performance don't ever never buy it, continuously restarting after updating android. Many default application itself hanging like a big. Very bad I felt about this..."
        }
    ],
    [
        {
            "author": "Flipkart Customer",
            "helpful": 1,
            "certBuyer": true,
            "rating": 2,
            "title": "Slightly disappointed",
            "text": "Simple but weak network power"
        }
    ],
    [
        {
            "author": "Nurmahammad Ali",
            "helpful": 1,
            "certBuyer": true,
            "rating": 5,
            "title": "Good service",
            "text": "We happy on ur product"
        }
    ],
    [
        {
            "author": "Siva Karthick",
            "helpful": 1,
            "certBuyer": true,
            "rating": 1,
            "title": "Unsatisfactory",
            "text": "This Coolpad Mega 3 mobile was not Good. Some software problem facing in this mobile. Always hanging. Very Worst."
        }
    ],
    [
        {
            "author": "Flipkart Customer",
            "helpful": 1,
            "certBuyer": true,
            "rating": 3,
            "title": "Three Stars",
            "text": "Nice performance"
        }
    ],
    [
        {
            "author": "Ranjeet Kumar",
            "helpful": 1,
            "certBuyer": true,
            "rating": 3,
            "title": "Good",
            "text": "The model of coolpad is good but system taken 8GB out of total storage 16GB."
        }
    ],
    [
        {
            "author": "Nilutpal Jamatia",
            "helpful": 1,
            "certBuyer": true,
            "rating": 4,
            "title": "Nice product",
            "text": "Recently buy but nice looking"
        }
    ],
    [
        {
            "author": "Flipkart Customer",
            "helpful": 1,
            "certBuyer": true,
            "rating": 4,
            "title": "Wonderful",
            "text": "Nice one ph."
        }
    ],
    [
        {
            "author": "kandha samy",
            "helpful": 1,
            "certBuyer": true,
            "rating": 3,
            "title": "Decent product",
            "text": "Charging problem"
        }
    ],
    [
        {
            "author": "Flipkart Customer",
            "helpful": 1,
            "certBuyer": true,
            "rating": 4,
            "title": "Good quality product",
            "text": "Good"
        }
    ],
    [
        {
            "author": "Flipkart Customer",
            "helpful": 2,
            "certBuyer": false,
            "rating": 5,
            "title": "Terrific purchase",
            "text": "Good"
        }
    ],
    [
        {
            "author": "jagadeeshkumar veluchamy",
            "helpful": 6,
            "certBuyer": true,
            "rating": 1,
            "title": "Utterly Disappointed",
            "text": "Coolpad mega keepon hanging every 3 hours its automatically rebooted \n\nThen return policy is totally waste they are l cheating they never take back their order\n\nFirst they told seller not accepted then they ready replace that too they allocat one person to check the product is good or bad\n\nFor above this it may take another 2 week\nAfter that they will tell product good only u use it if u again face any problem we will take back\n\nAfter all drama we get frustrated OK leave that like that we will tel.\n\nupto that they will keep giving excuse they never takeback the order"
        }
    ],
    [
        {
            "author": "Abhishek Debnath",
            "helpful": 2,
            "certBuyer": true,
            "rating": 1,
            "title": "Absolute rubbish!",
            "text": "Really disappointed with the phone and especially Flipkart. Even after requesting a replacement within the valid time period, the flippant manner in which they responded discouraged me from taking any further action.  My phone is very important for me.  I work remotely for a foreign company and my husband lives abroad.  My phone is the major means of both professional and personal communication for me.  So,  when I buy one,  I atleast expect to receive Facebook and Slack messages on time.  But once I performed the troubleshoot suggested by Flipkart's stubborn customer service,  I stopped receiving texts and this has caused me immense distress.  I can always bring out my iPhone and start using it as a secondary option. But,  many people wouldn't have that option.  So,  If you mean to use this as your primary phone,  then DON'T BUY IT!  It's  a waste of money."
        }
    ],
    [
        {
            "author": "Flipkart Customer",
            "helpful": 3,
            "certBuyer": true,
            "rating": 1,
            "title": "Great product",
            "text": "very poor"
        }
    ],
    [
        {
            "author": "D SREENIVASARAJU",
            "helpful": 1,
            "certBuyer": true,
            "rating": 1,
            "title": "Unsatisfactory",
            "text": "Please don't waste your money"
        }
    ],
    [
        {
            "author": "Flipkart Customer",
            "helpful": 1,
            "certBuyer": true,
            "rating": 3,
            "title": "Just okay",
            "text": "Mobile is Hanging"
        }
    ],
    [
        {
            "author": "Flipkart Customer",
            "helpful": 0,
            "certBuyer": true,
            "rating": 2,
            "title": "Expected a better product",
            "text": "Very worst product totally wastage of money"
        }
    ],
    [
        {
            "author": "Santosh Peddiwar",
            "helpful": 0,
            "certBuyer": true,
            "rating": 5,
            "title": "Simply awesome",
            "text": "Great Phone"
        }
    ],
    [
        {
            "author": "ABI VENKAT",
            "helpful": 0,
            "certBuyer": true,
            "rating": 2,
            "title": "Slightly disappointed",
            "text": "Nice product...\n.\nBut ,  battery is not good as compared to redmi 4A..\n..\nMobile starts hanging from first day itself.....\n\nRear camera is ok and front camera is poor.....\n\nHD display is marvellous and front flash is good.. ...\n\nNo heating problems.....\n\nDisplay is so strong .....\n\nAt rs.8000 , instead of buying coolpad mega 3  , choose other products......"
        }
    ],
    [
        {
            "author": "Pradeep Nayak",
            "helpful": 0,
            "certBuyer": true,
            "rating": 4,
            "title": "Good quality product",
            "text": "Good for me."
        }
    ],
    [
        {
            "author": "Flipkart Customer",
            "helpful": 0,
            "certBuyer": true,
            "rating": 5,
            "title": "Awesome",
            "text": "Tq"
        }
    ],
    [
        {
            "author": "Amar Singh Rajput",
            "helpful": 0,
            "certBuyer": true,
            "rating": 5,
            "title": "Terrific purchase",
            "text": "Please Improve Your Camera And Flash Light Quality. Bcz Image Click With Flash Light After Images Quality Goes To Yellower Tone... So Please Improve Your Flash Light."
        }
    ],
    [
        {
            "author": "Flipkart Customer",
            "helpful": 0,
            "certBuyer": true,
            "rating": 4,
            "title": "Pretty good",
            "text": "good"
        }
    ],
    [
        {
            "author": "Flipkart Customer",
            "helpful": 0,
            "certBuyer": true,
            "rating": 4,
            "title": "Delightful",
            "text": "Nice"
        }
    ],
    [
        {
            "author": "Sachin",
            "helpful": 0,
            "certBuyer": true,
            "rating": 5,
            "title": "Fabulous!",
            "text": "Very nice mobile and flipkart service is excellent"
        }
    ],
    [
        {
            "author": "Flipkart Customer",
            "helpful": 0,
            "certBuyer": true,
            "rating": 5,
            "title": "Best in the market!",
            "text": "Every thing is OK but please release same model with higher ram"
        }
    ],
    [
        {
            "author": "Abdul  Majid",
            "helpful": 0,
            "certBuyer": true,
            "rating": 5,
            "title": "MAJID",
            "text": "Phone all of OK no issue on damage \n\n\nI love it's"
        }
    ],
    [
        {
            "author": "Ajaz Wani",
            "helpful": 0,
            "certBuyer": true,
            "rating": 4,
            "title": "Value-for-money",
            "text": "nice one (non removable battery island prblm"
        }
    ],
    [
        {
            "author": "Flipkart Customer",
            "helpful": 0,
            "certBuyer": true,
            "rating": 4,
            "title": "Nice product",
            "text": "Good phone"
        }
    ],
    [
        {
            "author": "Kalyan Dey",
            "helpful": 0,
            "certBuyer": true,
            "rating": 5,
            "title": "Classy product",
            "text": "Wow!!!very very good"
        }
    ],
    [
        {
            "author": "Sandeep Mittal",
            "helpful": 0,
            "certBuyer": true,
            "rating": 5,
            "title": "Awesome",
            "text": "This the 4th consecutive phone of Coolpad mega3 I bought. Best phone in this price segment"
        }
    ],
    [
        {
            "author": "Flipkart Customer",
            "helpful": 0,
            "certBuyer": true,
            "rating": 5,
            "title": "Highly recommended",
            "text": "Good phone nice model good camera good performance"
        }
    ],
    [
        {
            "author": "Manoj Kumar Fatesingh",
            "helpful": 0,
            "certBuyer": true,
            "rating": 4,
            "title": "Pretty good",
            "text": "It is the best product and best camera quality I like this phone"
        }
    ],
    [
        {
            "author": "Mari Muthu",
            "helpful": 0,
            "certBuyer": true,
            "rating": 1,
            "title": "Waste of money!",
            "text": "Very poor phone in history.. phone is over heating problem"
        }
    ],
    [
        {
            "author": "Chandaka.bhargavarao Bhargavarao",
            "helpful": 0,
            "certBuyer": true,
            "rating": 4,
            "title": "Good choice",
            "text": "Nice"
        }
    ],
    [
        {
            "author": "sugunavel.T sugu",
            "helpful": 0,
            "certBuyer": true,
            "rating": 4,
            "title": "super",
            "text": "Super"
        }
    ],
    [
        {
            "author": "Saravanan Shravan",
            "helpful": 0,
            "certBuyer": true,
            "rating": 5,
            "title": "Excellent",
            "text": "Mmm nice product"
        }
    ],
    [
        {
            "author": "Aatish  Ranjan ",
            "helpful": 0,
            "certBuyer": true,
            "rating": 5,
            "title": "Just wow!",
            "text": "Awesome phone love u flipkart"
        }
    ],
    [
        {
            "author": "Flipkart Customer",
            "helpful": 0,
            "certBuyer": true,
            "rating": 4,
            "title": "Worth the money",
            "text": "Perfect"
        }
    ],
    [
        {
            "author": "Sanju Singh",
            "helpful": 0,
            "certBuyer": true,
            "rating": 3,
            "title": "Decent product",
            "text": "Average fone battery week"
        }
    ],
    [
        {
            "author": "Flipkart Customer",
            "helpful": 0,
            "certBuyer": true,
            "rating": 3,
            "title": "Nice",
            "text": "Back cover not provide"
        }
    ],
    [
        {
            "author": "VINEET KUMAR",
            "helpful": 0,
            "certBuyer": true,
            "rating": 2,
            "title": "Slightly disappointed",
            "text": "Satisfactory product..."
        }
    ],
    [
        {
            "author": "mukesh  mavani",
            "helpful": 0,
            "certBuyer": true,
            "rating": 5,
            "title": "Highly recommended",
            "text": "Good"
        }
    ],
    [
        {
            "author": "Flipkart Customer",
            "helpful": 0,
            "certBuyer": true,
            "rating": 5,
            "title": "Fabulous!",
            "text": "Good"
        }
    ],
    [
        {
            "author": "Ashok Ganish",
            "helpful": 0,
            "certBuyer": true,
            "rating": 4,
            "title": "Wonderful",
            "text": "Low price but mobile is very good than 3sim 4g"
        }
    ],
    [
        {
            "author": "Ashok  kumar",
            "helpful": 0,
            "certBuyer": true,
            "rating": 3,
            "title": "Does the job",
            "text": "It's very worst product guys don't go for it."
        }
    ],
    [
        {
            "author": "Purusottam Jhankar",
            "helpful": 0,
            "certBuyer": true,
            "rating": 4,
            "title": "Good choice and excellent quality",
            "text": "As per price value its the Good phone with excellent feature"
        }
    ],
    [
        {
            "author": "Rakesh Das",
            "helpful": 0,
            "certBuyer": true,
            "rating": 3,
            "title": "Rakesh",
            "text": "Amazing phone low price me.thnku fikcart"
        }
    ],
    [
        {
            "author": "Ravi. L Ravi. L",
            "helpful": 0,
            "certBuyer": true,
            "rating": 5,
            "title": "Must buy!",
            "text": "Very  good"
        }
    ],
    [
        {
            "author": "Vasu Katta ",
            "helpful": 0,
            "certBuyer": true,
            "rating": 5,
            "title": "Mind-blowing purchase",
            "text": "Best phone"
        }
    ],
    [
        {
            "author": "Flipkart Customer",
            "helpful": 0,
            "certBuyer": true,
            "rating": 3,
            "title": "Average",
            "text": "Poor camera quality .. Working slowly and sometimes strucking ..  Not money worth.."
        }
    ],
    [
        {
            "author": "Flipkart Customer",
            "helpful": 0,
            "certBuyer": true,
            "rating": 5,
            "title": "Brilliant",
            "text": "Nothing"
        }
    ],
    [
        {
            "author": "Ravisrinivsan",
            "helpful": 0,
            "certBuyer": true,
            "rating": 5,
            "title": "Highly recommended",
            "text": "Good"
        }
    ],
    [
        {
            "author": "JAGADEESH C N",
            "helpful": 0,
            "certBuyer": true,
            "rating": 4,
            "title": "Pretty good",
            "text": "Nice"
        }
    ],
    [
        {
            "author": "shaina bhatti",
            "helpful": 0,
            "certBuyer": true,
            "rating": 4,
            "title": "Good quality product",
            "text": "Nice product\ud83d\udc4d"
        }
    ],
    [
        {
            "author": "Flipkart Customer",
            "helpful": 0,
            "certBuyer": true,
            "rating": 4,
            "title": "Nice product",
            "text": "Excellent piece in the price range."
        }
    ],
    [
        {
            "author": "Flipkart Customer",
            "helpful": 0,
            "certBuyer": true,
            "rating": 5,
            "title": "Just wow!",
            "text": "It's 8s good product"
        }
    ],
    [
        {
            "author": "Abhishek Ojha",
            "helpful": 0,
            "certBuyer": true,
            "rating": 5,
            "title": "Super!",
            "text": "Good phone in lowest cost"
        }
    ],
    [
        {
            "author": "Flipkart Customer",
            "helpful": 0,
            "certBuyer": true,
            "rating": 4,
            "title": "Good quality product",
            "text": "Nice product"
        }
    ],
    [
        {
            "author": "Flipkart Customer",
            "helpful": 0,
            "certBuyer": true,
            "rating": 4,
            "title": "Good choice",
            "text": "Nice product ."
        }
    ],
    [
        {
            "author": "Harshish Kumar",
            "helpful": 0,
            "certBuyer": true,
            "rating": 5,
            "title": "Just wow!",
            "text": "Spr product"
        }
    ],
    [
        {
            "author": "Aarthy",
            "helpful": 0,
            "certBuyer": true,
            "rating": 5,
            "title": "Brilliant",
            "text": "Nice"
        }
    ],
    [
        {
            "author": "ajay",
            "helpful": 0,
            "certBuyer": true,
            "rating": 4,
            "title": "Value-for-money",
            "text": "Nice"
        }
    ],
    [
        {
            "author": "Gaurav Agrawal",
            "helpful": 0,
            "certBuyer": true,
            "rating": 4,
            "title": "Really Nice",
            "text": "Good in price"
        }
    ],
    [
        {
            "author": "Siddhartha Mitra",
            "helpful": 0,
            "certBuyer": true,
            "rating": 4,
            "title": "Pretty good",
            "text": "Great product.."
        }
    ],
    [
        {
            "author": "ATHIQAHAMED KHAN ",
            "helpful": 0,
            "certBuyer": true,
            "rating": 2,
            "title": "Could be way better",
            "text": "Need to improve quality of coolpad"
        }
    ],
    [
        {
            "author": "Dinesh Sahani",
            "helpful": 0,
            "certBuyer": true,
            "rating": 5,
            "title": "Highly recommended",
            "text": "Coolpad is very good product..Looking nice phone...And battery backup is very good...."
        }
    ],
    [
        {
            "author": "TRI VIKRAM",
            "helpful": 0,
            "certBuyer": true,
            "rating": 3,
            "title": "Average product",
            "text": "Phone was ok according to budget category but hanging issue is there and touch is also not smoooth as expected. Overall performance is pretty well and battery life is also good"
        }
    ],
    [
        {
            "author": "Christopher Poulose",
            "helpful": 0,
            "certBuyer": true,
            "rating": 1,
            "title": "Terrible product",
            "text": "Bad"
        }
    ],
    [
        {
            "author": "Bibin  Babu ",
            "helpful": 0,
            "certBuyer": true,
            "rating": 5,
            "title": "Brilliant",
            "text": "Nice to use very fast simple and good look I like it"
        }
    ],
    [
        {
            "author": "Dinesh Kumar",
            "helpful": 0,
            "certBuyer": true,
            "rating": 5,
            "title": "Terrific purchase",
            "text": "Good products"
        }
    ],
    [
        {
            "author": "Sonu Sharma",
            "helpful": 0,
            "certBuyer": true,
            "rating": 3,
            "title": "Just okay",
            "text": "Always automatically enable blocking mode"
        }
    ],
    [
        {
            "author": "Naveen Kumar",
            "helpful": 0,
            "certBuyer": true,
            "rating": 1,
            "title": "Did not meet expectations",
            "text": "I don't see this type worst phone in these days"
        }
    ],
    [
        {
            "author": "Rahul Chauhan",
            "helpful": 0,
            "certBuyer": true,
            "rating": 5,
            "title": "Highly recommended",
            "text": "Good Product"
        }
    ],
    [
        {
            "author": "pawan  Nagdeo",
            "helpful": 0,
            "certBuyer": true,
            "rating": 3,
            "title": "Nice",
            "text": "Cool paid mega 3 moon dust gray is better fone but after 5 month, fone is heating n battery backup is not good."
        }
    ],
    [
        {
            "author": "dharmesh thakkar",
            "helpful": 0,
            "certBuyer": true,
            "rating": 5,
            "title": "Fabulous!",
            "text": "super phone"
        }
    ],
    [
        {
            "author": "Flipkart Customer",
            "helpful": 0,
            "certBuyer": true,
            "rating": 1,
            "title": "Unsatisfactory",
            "text": "Good"
        }
    ],
    [
        {
            "author": "soumen mal",
            "helpful": 0,
            "certBuyer": true,
            "rating": 5,
            "title": "Awesome",
            "text": "Nice"
        }
    ],
    [
        {
            "author": "Kameswararao  Barla",
            "helpful": 0,
            "certBuyer": true,
            "rating": 1,
            "title": "Useless product",
            "text": "Cheated compeny in india. Don't  believe it,"
        }
    ],
    [
        {
            "author": "Flipkart Customer",
            "helpful": 0,
            "certBuyer": true,
            "rating": 4,
            "title": "Very Good",
            "text": "Good product but some problems"
        }
    ],
    [
        {
            "author": "Flipkart Customer",
            "helpful": 0,
            "certBuyer": true,
            "rating": 3,
            "title": "Just okay",
            "text": "Nice"
        }
    ],
    [
        {
            "author": "Aman  Singh",
            "helpful": 0,
            "certBuyer": true,
            "rating": 3,
            "title": "Decent product",
            "text": "Nice ok , it's speed is not so good"
        }
    ],
    [
        {
            "author": "H.Ramanjaneyulu H.Ramanjaneyulu",
            "helpful": 0,
            "certBuyer": true,
            "rating": 4,
            "title": "Delightful",
            "text": "Good phone"
        }
    ],
    [
        {
            "author": "Sandip Hazra",
            "helpful": 0,
            "certBuyer": true,
            "rating": 5,
            "title": "Super!",
            "text": "Good one because of 3 sim slots"
        }
    ],
    [
        {
            "author": "Flipkart Customer",
            "helpful": 0,
            "certBuyer": true,
            "rating": 5,
            "title": "Five Stars",
            "text": "\ud83d\udc4c Nice"
        }
    ],
    [
        {
            "author": "Flipkart Customer",
            "helpful": 0,
            "certBuyer": true,
            "rating": 3,
            "title": "Good",
            "text": "Good depends on price"
        }
    ],
    [
        {
            "author": "Flipkart Customer",
            "helpful": 0,
            "certBuyer": true,
            "rating": 3,
            "title": "Four Stars",
            "text": "Nice phone this price."
        }
    ],
    [
        {
            "author": "Vadla saikumar",
            "helpful": 0,
            "certBuyer": true,
            "rating": 3,
            "title": "Good",
            "text": "Just k"
        }
    ],
    [
        {
            "author": "Flipkart Customer",
            "helpful": 0,
            "certBuyer": true,
            "rating": 1,
            "title": "Very poor",
            "text": "No good luck and not a speed work done"
        }
    ],
    [
        {
            "author": "Flipkart Customer",
            "helpful": 0,
            "certBuyer": true,
            "rating": 5,
            "title": "Super!",
            "text": "Super"
        }
    ],
    [
        {
            "author": "Flipkart Customer",
            "helpful": 0,
            "certBuyer": true,
            "rating": 5,
            "title": "Classy product",
            "text": "Nice"
        }
    ],
    [
        {
            "author": "NILESH  REWATKAR ",
            "helpful": 0,
            "certBuyer": true,
            "rating": 4,
            "title": "Good choice",
            "text": "Thanks for safe Coolpad Mobile very nice function and fiture ."
        }
    ],
    [
        {
            "author": "Flipkart Customer",
            "helpful": 0,
            "certBuyer": true,
            "rating": 4,
            "title": "Really Nice",
            "text": "I love it"
        }
    ],
    [
        {
            "author": "Neha Mandal",
            "helpful": 0,
            "certBuyer": true,
            "rating": 5,
            "title": "Best in the market!",
            "text": "Very good phone. Easy to handle."
        }
    ],
    [
        {
            "author": "Martin Joseph",
            "helpful": 0,
            "certBuyer": true,
            "rating": 5,
            "title": "Brilliant",
            "text": "Excellent product"
        }
    ],
    [
        {
            "author": "Sunil Saini",
            "helpful": 0,
            "certBuyer": true,
            "rating": 4,
            "title": "Wonderful",
            "text": "Good product"
        }
    ],
    [
        {
            "author": "Mohammed Imtiyaz Ali",
            "helpful": 0,
            "certBuyer": true,
            "rating": 5,
            "title": "Fabulous!",
            "text": "Excellent mobile with good features."
        }
    ],
    [
        {
            "author": "Flipkart Customer",
            "helpful": 0,
            "certBuyer": true,
            "rating": 4,
            "title": "Very Good",
            "text": "Nice mobile 3 sim better price Camara good"
        }
    ],
    [
        {
            "author": "Shoaib Mack",
            "helpful": 0,
            "certBuyer": true,
            "rating": 5,
            "title": "Mind-blowing purchase",
            "text": "AWESOME MOBILE WITH LESS RAM.  \ud83d\ude10\ud83d\ude12"
        }
    ],
    [
        {
            "author": "Kiruba Prasanna",
            "helpful": 0,
            "certBuyer": true,
            "rating": 1,
            "title": "Absolute rubbish!",
            "text": "its not working properly"
        }
    ],
    [
        {
            "author": "Vaishno  Dass",
            "helpful": 0,
            "certBuyer": true,
            "rating": 5,
            "title": "Highly recommended",
            "text": "Good"
        }
    ],
    [
        {
            "author": "RAVINDER  KUMAR",
            "helpful": 0,
            "certBuyer": true,
            "rating": 4,
            "title": "Wonderful",
            "text": "Good product"
        }
    ],
    [
        {
            "author": "Flipkart Customer",
            "helpful": 0,
            "certBuyer": true,
            "rating": 5,
            "title": "Awesome",
            "text": "Super thank you I get in mobile"
        }
    ],
    [
        {
            "author": "K. Venkateswarao ",
            "helpful": 0,
            "certBuyer": true,
            "rating": 5,
            "title": "Highly recommended",
            "text": "Good product but packing is not good"
        }
    ],
    [
        {
            "author": "gummadi panduranga",
            "helpful": 0,
            "certBuyer": true,
            "rating": 5,
            "title": "Brilliant",
            "text": "Cool pad 3"
        }
    ],
    [
        {
            "author": "Flipkart Customer",
            "helpful": 0,
            "certBuyer": true,
            "rating": 5,
            "title": "Fabulous!",
            "text": "Good phone best one for all"
        }
    ],
    [
        {
            "author": "Flipkart Flipkartaa",
            "helpful": 0,
            "certBuyer": false,
            "rating": 4,
            "title": "Very Good",
            "text": "Reallythe phone is very nice .distributed"
        }
    ],
    [
        {
            "author": "gopi gudur",
            "helpful": 0,
            "certBuyer": true,
            "rating": 1,
            "title": "Best in the market!",
            "text": "worest phone don't buy this product onlt sim1 is a working perfectly remaining two sims not working so don't buy."
        }
    ],
    [
        {
            "author": "Flipkart Customer",
            "helpful": 0,
            "certBuyer": true,
            "rating": 5,
            "title": "Highly recommended",
            "text": "Mobile is good and working nice. Camera clarity is also excellent"
        }
    ],
    [
        {
            "author": "Flipkart Customer",
            "helpful": 0,
            "certBuyer": true,
            "rating": 3,
            "title": "Fair",
            "text": "The phone light hanging problem and normal battery backup.otherwise good."
        }
    ],
    [
        {
            "author": "Zunaid Mirza",
            "helpful": 0,
            "certBuyer": true,
            "rating": 5,
            "title": "Worth every penny",
            "text": "Ultimate prod."
        }
    ],
    [
        {
            "author": "rahul sharma",
            "helpful": 0,
            "certBuyer": true,
            "rating": 3,
            "title": "Just okay",
            "text": "Average product"
        }
    ],
    [
        {
            "author": "Flipkart Customer",
            "helpful": 0,
            "certBuyer": true,
            "rating": 3,
            "title": "Fair",
            "text": "Nice"
        }
    ],
    [
        {
            "author": "Flipkart Customer",
            "helpful": 0,
            "certBuyer": true,
            "rating": 3,
            "title": "Good",
            "text": "Not bad"
        }
    ],
    [
        {
            "author": "POOVARASAN P",
            "helpful": 0,
            "certBuyer": true,
            "rating": 5,
            "title": "Highly recommended",
            "text": "Very nice....."
        }
    ],
    [
        {
            "author": "Flipkart Customer",
            "helpful": 0,
            "certBuyer": true,
            "rating": 4,
            "title": "Wonderful",
            "text": "Good in this price range. Front cam is cool..."
        }
    ],
    [
        {
            "author": "AKASH MURMU",
            "helpful": 0,
            "certBuyer": true,
            "rating": 3,
            "title": "Just okay",
            "text": "Well good enough"
        }
    ],
    [
        {
            "author": "sadiq  khan",
            "helpful": 0,
            "certBuyer": true,
            "rating": 4,
            "title": "Wonderful",
            "text": "Nice product"
        }
    ],
    [
        {
            "author": "Flipkart Customer",
            "helpful": 8,
            "certBuyer": false,
            "rating": 4,
            "title": "Good quality product",
            "text": "Release white colour mobile"
        }
    ],
    [
        {
            "author": "Rakhi Customer",
            "helpful": 2,
            "certBuyer": true,
            "rating": 5,
            "title": "Five Stars",
            "text": "Amazing phone its battery backup is so good I love this phone very much in picture of phone it's Front flash is yellow and in real the front flash is white and in other 4G  phones in write volte  and in this phone instead of volte write HD amazing phone I really like it"
        }
    ],
    [
        {
            "author": "Himanshu Kasdey",
            "helpful": 2,
            "certBuyer": true,
            "rating": 5,
            "title": "Classy product",
            "text": "Fast Delivery Service Cool........."
        }
    ],
    [
        {
            "author": "Flipkart Customer",
            "helpful": 1,
            "certBuyer": true,
            "rating": 5,
            "title": "Five Stars",
            "text": "Nice product"
        }
    ],
    [
        {
            "author": "Sonali baidya ",
            "helpful": 1,
            "certBuyer": true,
            "rating": 5,
            "title": "Five Stars",
            "text": "Good"
        }
    ],
    [
        {
            "author": "Manmohan Singh Maurya",
            "helpful": 1,
            "certBuyer": true,
            "rating": 1,
            "title": "Horrible",
            "text": "This phone is very very dirty phone"
        }
    ],
    [
        {
            "author": "Jishnu S",
            "helpful": 1,
            "certBuyer": true,
            "rating": 1,
            "title": "Horrible",
            "text": "Phone display not working only used 1 day"
        }
    ],
    [
        {
            "author": "Flipkart Customer",
            "helpful": 1,
            "certBuyer": true,
            "rating": 1,
            "title": "cOOLPAD mEGA  3",
            "text": "Its battery power was not equal than ordinary basic mobile, charge was drained speedily.. it was hanging too,,, I was Unhappy to bought this product on flipkart.."
        }
    ],
    [
        {
            "author": "Ramakrishna krishna",
            "helpful": 1,
            "certBuyer": true,
            "rating": 1,
            "title": "Worst experience ever!",
            "text": "Please return Mobil."
        }
    ],
    [
        {
            "author": "Sanjib  Prusti",
            "helpful": 2,
            "certBuyer": true,
            "rating": 1,
            "title": "Mr Tripple",
            "text": "Waste of money...music not playing...china language is there in music app..but..many time its getting hang....battery back up good..my suggest...to have a good cover for protect the mobile ...as it can easily slip from ur hand"
        }
    ],
    [
        {
            "author": "manish rajak",
            "helpful": 0,
            "certBuyer": true,
            "rating": 3,
            "title": "coolpad",
            "text": "Charger is not working"
        }
    ],
    [
        {
            "author": "digamber rautela",
            "helpful": 0,
            "certBuyer": true,
            "rating": 1,
            "title": "coOlpad mega 3",
            "text": "Phone kharb h"
        }
    ],
    [
        {
            "author": "Amir  Debnath",
            "helpful": 0,
            "certBuyer": true,
            "rating": 5,
            "title": "Best in the market!",
            "text": "This Mobile 3 sim card support"
        }
    ],
    [
        {
            "author": "Lipu Parida",
            "helpful": 0,
            "certBuyer": true,
            "rating": 5,
            "title": "Classy product",
            "text": "Thanks in filpkart"
        }
    ],
    [
        {
            "author": "Yogesh Merai",
            "helpful": 0,
            "certBuyer": true,
            "rating": 5,
            "title": "Five Stars",
            "text": "Nice mobile"
        }
    ],
    [
        {
            "author": "Flipkart Customer",
            "helpful": 0,
            "certBuyer": true,
            "rating": 5,
            "title": "Five Stars",
            "text": "Nicc and goog"
        }
    ],
    [
        {
            "author": "Sabith Ali B N",
            "helpful": 0,
            "certBuyer": true,
            "rating": 1,
            "title": "Two Stars",
            "text": "Calls disconnect randomly and touch screen doesn't respond during calls.. Calls not audible after a week. horrible experience"
        }
    ],
    [
        {
            "author": "Sanjay R",
            "helpful": 0,
            "certBuyer": true,
            "rating": 5,
            "title": "Awesome",
            "text": "Return cashback"
        }
    ],
    [
        {
            "author": "Flipkart Customer",
            "helpful": 0,
            "certBuyer": true,
            "rating": 3,
            "title": "coolpad mega 3",
            "text": "This mopile is very good signal strength but not past charging suport"
        }
    ]
]