[
    [
        {
            "author": "Flipkart Customer",
            "helpful": 231,
            "certBuyer": true,
            "rating": 5,
            "title": "awesome phone",
            "text": "wow cool 1 is a really a cool smartphone \n 1. design of this phone awesome\n2. camera quality is better than redmi note 4, honor 6x, lenovo k8 note\n3.  smoothy touch ever\n4. fantastic battery life\n5. i recommend you must buy cool 1"
        }
    ],
    [
        {
            "author": "HARASIT MUKHERJEE",
            "helpful": 126,
            "certBuyer": true,
            "rating": 5,
            "title": "Perfect product!",
            "text": "Nice"
        }
    ],
    [
        {
            "author": "Prinxe NH",
            "helpful": 120,
            "certBuyer": true,
            "rating": 5,
            "title": "Terrific",
            "text": "I Like This"
        }
    ],
    [
        {
            "author": "Flipkart Customer",
            "helpful": 8,
            "certBuyer": true,
            "rating": 5,
            "title": "Fabulous!",
            "text": "Xlent"
        }
    ],
    [
        {
            "author": "Flipkart Customer",
            "helpful": 14,
            "certBuyer": true,
            "rating": 5,
            "title": "Super!",
            "text": "Coolpad cool 1 is the bestest mobile provided by flipkart\nBest things in this mobile are :-\n1. Mobile material quality was good \n2. The main attracting thing is its cameras back  13+13 mp &amp;  front 8 mp was superb I love it \n3. The battery was very will working for almost 1 to 2 days \n4. And it processor was very good \n5. 64 GB internal was good \n\nPoints from which I was not happy are:-\n1. Mobile heating problem but not very problematic \n2. No quick charging"
        }
    ],
    [
        {
            "author": "Rajesh Bachate",
            "helpful": 3,
            "certBuyer": true,
            "rating": 5,
            "title": "Must buy!",
            "text": "Value for mony Mobile  , Nice Camera , Powerfull snapdragan 652 process , Good Battery life"
        }
    ],
    [
        {
            "author": "Prabir Biswas",
            "helpful": 3,
            "certBuyer": true,
            "rating": 5,
            "title": "Grt",
            "text": "Vry nyc"
        }
    ],
    [
        {
            "author": "Flipkart Customer",
            "helpful": 3,
            "certBuyer": true,
            "rating": 5,
            "title": "Super!",
            "text": "perfect phone under 12500"
        }
    ],
    [
        {
            "author": "Chiranjibi Pattanaik",
            "helpful": 3,
            "certBuyer": true,
            "rating": 4,
            "title": "Really Nice",
            "text": "That nice one"
        }
    ],
    [
        {
            "author": "Melvin  Albert",
            "helpful": 5,
            "certBuyer": true,
            "rating": 4,
            "title": "Really Nice",
            "text": "charge backup ok\nfast charging\ninternal 52gb\nperformance good\ncamera focus excellent\noverall worth for money.."
        }
    ],
    [
        {
            "author": "RAVI SINGH",
            "helpful": 6,
            "certBuyer": true,
            "rating": 4,
            "title": "budget phone",
            "text": "camera is good\nsensors good too\nbut there is no sd card slot as said in description\nbut there is lot of storage 64gb\nno heating on charging infact it goes cool while charging\nnice phone"
        }
    ],
    [
        {
            "author": "Sunil Rao",
            "helpful": 4,
            "certBuyer": true,
            "rating": 5,
            "title": "Perfect product!",
            "text": "Good"
        }
    ],
    [
        {
            "author": "Mueez ur  Rehman",
            "helpful": 2,
            "certBuyer": true,
            "rating": 5,
            "title": "Must buy!",
            "text": "Excellent"
        }
    ],
    [
        {
            "author": "Balaganesh Illa",
            "helpful": 2,
            "certBuyer": true,
            "rating": 5,
            "title": "Must buy!",
            "text": "Nice gud product Gud work"
        }
    ],
    [
        {
            "author": "Abhi  saha",
            "helpful": 2,
            "certBuyer": true,
            "rating": 3,
            "title": "Fair",
            "text": "Good phone.. But need a nkught version"
        }
    ],
    [
        {
            "author": "Dhaval beladiya",
            "helpful": 2,
            "certBuyer": true,
            "rating": 5,
            "title": "Fantastic",
            "text": "Look wise mobile superb....\nToday delivery.....but not use....i m using than after... review right."
        }
    ],
    [
        {
            "author": "SHINY MANI",
            "helpful": 2,
            "certBuyer": true,
            "rating": 5,
            "title": "Brilliant",
            "text": "good product"
        }
    ],
    [
        {
            "author": "Flipkart Customer",
            "helpful": 6,
            "certBuyer": true,
            "rating": 4,
            "title": "Delightful",
            "text": "It's very good smartphone in under 15000\n&amp; Good Features\nAwsome Camera quality\nNd Nice battery backup bt finger print is not work fast...!!!!"
        }
    ],
    [
        {
            "author": "Jayprakash  Kumar",
            "helpful": 5,
            "certBuyer": true,
            "rating": 3,
            "title": "Super!",
            "text": "Very bad"
        }
    ],
    [
        {
            "author": "Kishore Kishore",
            "helpful": 3,
            "certBuyer": true,
            "rating": 5,
            "title": "Worth every penny",
            "text": "Super"
        }
    ],
    [
        {
            "author": "Gunarathinam srirengam",
            "helpful": 3,
            "certBuyer": true,
            "rating": 3,
            "title": "Just okay",
            "text": "Everything is good but getting heat when charging"
        }
    ],
    [
        {
            "author": "Madheswaran  Lakshmanan ",
            "helpful": 2,
            "certBuyer": true,
            "rating": 4,
            "title": "Good quality product",
            "text": "nice produt worth buying"
        }
    ],
    [
        {
            "author": "ansar saqafi",
            "helpful": 2,
            "certBuyer": true,
            "rating": 1,
            "title": "Hated it!",
            "text": "I don't like this mobile"
        }
    ],
    [
        {
            "author": "chetan sharma",
            "helpful": 2,
            "certBuyer": true,
            "rating": 5,
            "title": "Worth every penny",
            "text": "It's amazing n wow product"
        }
    ],
    [
        {
            "author": "Flipkart Customer",
            "helpful": 1,
            "certBuyer": true,
            "rating": 5,
            "title": "superb",
            "text": "Its nice and stylish"
        }
    ],
    [
        {
            "author": "Rupchand Bag",
            "helpful": 1,
            "certBuyer": true,
            "rating": 5,
            "title": "Excellent",
            "text": "okkk"
        }
    ],
    [
        {
            "author": "Flipkart Customer",
            "helpful": 0,
            "certBuyer": true,
            "rating": 5,
            "title": "Brilliant",
            "text": "Nice phone, camera is good,it has slr mode, UI is also easy to use and phone is very good in speed the best phone for this price"
        }
    ],
    [
        {
            "author": "YOGENDRA KUMAR MEENA",
            "helpful": 1,
            "certBuyer": true,
            "rating": 5,
            "title": "Highly recommended",
            "text": "VERY GOOD SERVICE BY SELLER AND FLIPCART..."
        }
    ],
    [
        {
            "author": "Flipkart Customer",
            "helpful": 0,
            "certBuyer": true,
            "rating": 4,
            "title": "Pretty good",
            "text": "Product is nice"
        }
    ],
    [
        {
            "author": "Suvarna Bhoyar",
            "helpful": 0,
            "certBuyer": true,
            "rating": 5,
            "title": "Its cooooooll",
            "text": "Awesome"
        }
    ],
    [
        {
            "author": "Flipkart Customer",
            "helpful": 1,
            "certBuyer": true,
            "rating": 4,
            "title": "Good choice",
            "text": "Heating issue and weight are the problems"
        }
    ],
    [
        {
            "author": "Ashok  Choudhary",
            "helpful": 0,
            "certBuyer": true,
            "rating": 5,
            "title": "Brilliant",
            "text": "Best features"
        }
    ],
    [
        {
            "author": "Flipkart Customer",
            "helpful": 1,
            "certBuyer": true,
            "rating": 5,
            "title": "Good",
            "text": "Very useful  nice phone"
        }
    ],
    [
        {
            "author": "seemakurthipavankumar chandu",
            "helpful": 0,
            "certBuyer": true,
            "rating": 5,
            "title": "Terrific purchase",
            "text": "Supet"
        }
    ],
    [
        {
            "author": "Mohd Fareed",
            "helpful": 1,
            "certBuyer": true,
            "rating": 5,
            "title": "Simply awesome",
            "text": "Best app in India for Indians."
        }
    ],
    [
        {
            "author": "Shanker Msd",
            "helpful": 1,
            "certBuyer": true,
            "rating": 5,
            "title": "Great product",
            "text": "Good"
        }
    ],
    [
        {
            "author": "Flipkart Customer",
            "helpful": 1,
            "certBuyer": true,
            "rating": 5,
            "title": "Terrific purchase",
            "text": "Awesome phone"
        }
    ],
    [
        {
            "author": "Ajay  Soren ",
            "helpful": 0,
            "certBuyer": true,
            "rating": 4,
            "title": "Good choice",
            "text": "Nice product..."
        }
    ],
    [
        {
            "author": "Flipkart Customer",
            "helpful": 0,
            "certBuyer": true,
            "rating": 5,
            "title": "Super!",
            "text": "Super!!!! Thanks flipkart for best mobile n best service."
        }
    ],
    [
        {
            "author": "Flipkart Customer",
            "helpful": 0,
            "certBuyer": true,
            "rating": 5,
            "title": "Terrific",
            "text": "Very nice"
        }
    ],
    [
        {
            "author": "Ravi  Patel",
            "helpful": 1,
            "certBuyer": true,
            "rating": 5,
            "title": "Simply awesome",
            "text": "Excellent product by coolpad"
        }
    ],
    [
        {
            "author": "Flipkart Customer",
            "helpful": 0,
            "certBuyer": true,
            "rating": 5,
            "title": "Highly recommended",
            "text": "Very Good mobail"
        }
    ],
    [
        {
            "author": "ARJUN AR",
            "helpful": 0,
            "certBuyer": true,
            "rating": 5,
            "title": "Great product",
            "text": "Good product.no quick charging.good disply.good camera. Some heat but not a problem.nice mobile in this Price. I also like it."
        }
    ],
    [
        {
            "author": "Sufal Mondal",
            "helpful": 0,
            "certBuyer": true,
            "rating": 5,
            "title": "Brilliant",
            "text": "Nice"
        }
    ],
    [
        {
            "author": "Flipkart Customer",
            "helpful": 0,
            "certBuyer": true,
            "rating": 5,
            "title": "Excellent",
            "text": "its awesome mobile....yahooooo"
        }
    ],
    [
        {
            "author": "Flipkart Customer",
            "helpful": 1,
            "certBuyer": true,
            "rating": 5,
            "title": "Great product",
            "text": "Very nice product awesome"
        }
    ],
    [
        {
            "author": "shibek gupta",
            "helpful": 0,
            "certBuyer": true,
            "rating": 3,
            "title": "Fair",
            "text": "Good"
        }
    ],
    [
        {
            "author": "Yash Sehrawat",
            "helpful": 1,
            "certBuyer": true,
            "rating": 5,
            "title": "Brilliant",
            "text": "Vry good phone in 12.5k \nAnd the best thing it's made in india the box\nCamera good\nScreen good\nLittle hitting but not so much"
        }
    ],
    [
        {
            "author": "Flipkart Customer",
            "helpful": 0,
            "certBuyer": true,
            "rating": 5,
            "title": "Fabulous!",
            "text": "I am happy with this"
        }
    ],
    [
        {
            "author": "Abhay Kumar Singh",
            "helpful": 1,
            "certBuyer": true,
            "rating": 5,
            "title": "Brilliant",
            "text": "Nice Cool One"
        }
    ],
    [
        {
            "author": "Niranjan Nath",
            "helpful": 0,
            "certBuyer": true,
            "rating": 4,
            "title": "Just okay",
            "text": "It's a good phone. I Like it"
        }
    ],
    [
        {
            "author": "Pradyumna Dudami",
            "helpful": 1,
            "certBuyer": true,
            "rating": 5,
            "title": "Awesome",
            "text": "Very nc phone.. Sprrr"
        }
    ],
    [
        {
            "author": "N.Vinod kumar",
            "helpful": 8,
            "certBuyer": true,
            "rating": 1,
            "title": "Worst experience ever!",
            "text": "Don't purchase this Coolpad so poor performance"
        }
    ],
    [
        {
            "author": "Flipkart Customer",
            "helpful": 1,
            "certBuyer": true,
            "rating": 5,
            "title": "Perfect product!",
            "text": "Good but no headphone"
        }
    ],
    [
        {
            "author": "Flipkart Customer",
            "helpful": 1,
            "certBuyer": true,
            "rating": 5,
            "title": "Grate",
            "text": "Top mobile"
        }
    ],
    [
        {
            "author": "Vikrant  Vikram",
            "helpful": 1,
            "certBuyer": true,
            "rating": 1,
            "title": "Worthless",
            "text": "Dabba phone , very bad"
        }
    ],
    [
        {
            "author": "VIVEK kamboj",
            "helpful": 1,
            "certBuyer": true,
            "rating": 5,
            "title": "Terrific",
            "text": "Good but some time hit on games"
        }
    ],
    [
        {
            "author": "Vignesh Ks",
            "helpful": 1,
            "certBuyer": true,
            "rating": 5,
            "title": "Simply awesome",
            "text": "Goodddddd..    product....love it\n..."
        }
    ],
    [
        {
            "author": "Praveen ritham",
            "helpful": 1,
            "certBuyer": true,
            "rating": 1,
            "title": "Unsatisfactory",
            "text": "Hi guys, don't buy any product in flipkart because delivery to only used products"
        }
    ],
    [
        {
            "author": "Flipkart Customer",
            "helpful": 1,
            "certBuyer": true,
            "rating": 1,
            "title": "Not recommended at all",
            "text": "Bad product"
        }
    ],
    [
        {
            "author": "Gaurav Verma",
            "helpful": 0,
            "certBuyer": true,
            "rating": 1,
            "title": "Horrible",
            "text": "Camera is good but facing heating problem"
        }
    ],
    [
        {
            "author": "Cherry Vasu",
            "helpful": 0,
            "certBuyer": true,
            "rating": 1,
            "title": "Don't waste your money",
            "text": "Am not satisfying this product very bad"
        }
    ],
    [
        {
            "author": "Ulhas Patil",
            "helpful": 0,
            "certBuyer": true,
            "rating": 5,
            "title": "Terrific",
            "text": "Nice"
        }
    ],
    [
        {
            "author": "Flipkart Customer",
            "helpful": 0,
            "certBuyer": true,
            "rating": 5,
            "title": "Terrific purchase",
            "text": "Super"
        }
    ],
    [
        {
            "author": "eshram choudhari",
            "helpful": 0,
            "certBuyer": true,
            "rating": 5,
            "title": "Must buy!",
            "text": "Nice phone"
        }
    ],
    [
        {
            "author": "Saravanan Speed",
            "helpful": 0,
            "certBuyer": true,
            "rating": 5,
            "title": "Speed",
            "text": "Speed"
        }
    ],
    [
        {
            "author": "Flipkart Customer",
            "helpful": 0,
            "certBuyer": true,
            "rating": 1,
            "title": "Waste of money!",
            "text": "Worst phone......dual camera in name but has no value....."
        }
    ],
    [
        {
            "author": "mugiber  rahman",
            "helpful": 0,
            "certBuyer": true,
            "rating": 4,
            "title": "Value-for-money",
            "text": "Good product worst your money"
        }
    ],
    [
        {
            "author": "Dheeraj Kumar",
            "helpful": 0,
            "certBuyer": true,
            "rating": 1,
            "title": "Utterly Disappointed",
            "text": "My produced is open seel pack and I am given not eirphone"
        }
    ],
    [
        {
            "author": "Dhaloram Chhoti lal Ramani Ramani",
            "helpful": 0,
            "certBuyer": true,
            "rating": 1,
            "title": "Useless product",
            "text": "Not ok"
        }
    ],
    [
        {
            "author": "Mahadeo",
            "helpful": 0,
            "certBuyer": true,
            "rating": 4,
            "title": "Value-for-money",
            "text": "GOOD PHONE"
        }
    ],
    [
        {
            "author": "Saajan  Rai",
            "helpful": 0,
            "certBuyer": true,
            "rating": 5,
            "title": "Brilliant",
            "text": "Good"
        }
    ],
    [
        {
            "author": "Flipkart Customer",
            "helpful": 0,
            "certBuyer": true,
            "rating": 4,
            "title": "Good choice",
            "text": "Aweasom this mobile plus charging"
        }
    ],
    [
        {
            "author": "Sidhant  Sahu",
            "helpful": 0,
            "certBuyer": true,
            "rating": 4,
            "title": "Nice product",
            "text": "The product is nice but the box is not good  and the phone back side has small damp whice we cant see but the phone qas superb you should  buy amazing  phone"
        }
    ],
    [
        {
            "author": "Manojr",
            "helpful": 0,
            "certBuyer": true,
            "rating": 4,
            "title": "Nice product",
            "text": "Camera is very good battery is good over all mobile is nice"
        }
    ],
    [
        {
            "author": "Flipkart Customer",
            "helpful": 0,
            "certBuyer": true,
            "rating": 4,
            "title": "Worth the money",
            "text": "I happy to purchase"
        }
    ],
    [
        {
            "author": "Harsh Banshpal",
            "helpful": 0,
            "certBuyer": true,
            "rating": 5,
            "title": "Good delivery",
            "text": "Good product...."
        }
    ],
    [
        {
            "author": "Bala Muthu",
            "helpful": 0,
            "certBuyer": true,
            "rating": 1,
            "title": "Worthless",
            "text": "Phone heat only a big problem"
        }
    ],
    [
        {
            "author": "RAJESH ",
            "helpful": 0,
            "certBuyer": true,
            "rating": 1,
            "title": "Worst experience ever!",
            "text": "this is not a good phone"
        }
    ],
    [
        {
            "author": "Flipkart Customer",
            "helpful": 0,
            "certBuyer": true,
            "rating": 3,
            "title": "Good",
            "text": "OS is EUI .. it is not user friendly.."
        }
    ],
    [
        {
            "author": "Flipkart Customer",
            "helpful": 0,
            "certBuyer": true,
            "rating": 3,
            "title": "Good",
            "text": "Good phone"
        }
    ],
    [
        {
            "author": "Flipkart Customer",
            "helpful": 0,
            "certBuyer": true,
            "rating": 5,
            "title": "Terrific",
            "text": "nice.."
        }
    ],
    [
        {
            "author": "Dnyandeo Ghule",
            "helpful": 0,
            "certBuyer": true,
            "rating": 1,
            "title": "Really Nice",
            "text": "Good but not update nogout.battery backup not good heating problem."
        }
    ],
    [
        {
            "author": "Flipkart Customer",
            "helpful": 0,
            "certBuyer": true,
            "rating": 4,
            "title": "Really Nice",
            "text": "Good battery backup"
        }
    ],
    [
        {
            "author": "Flipkart Customer",
            "helpful": 0,
            "certBuyer": true,
            "rating": 5,
            "title": "Highly recommended",
            "text": "Thanks flipcaRt.... I luv this Phone \nReally It's cooL"
        }
    ],
    [
        {
            "author": "rajveer  chaudhary",
            "helpful": 0,
            "certBuyer": true,
            "rating": 5,
            "title": "good",
            "text": "Mobile"
        }
    ],
    [
        {
            "author": "Mahendra singh Parihar",
            "helpful": 0,
            "certBuyer": true,
            "rating": 1,
            "title": "Utterly Disappointed",
            "text": "Very bed Mobile"
        }
    ],
    [
        {
            "author": "Chandra Sekara",
            "helpful": 0,
            "certBuyer": true,
            "rating": 4,
            "title": "Worth the money",
            "text": "Good one but sensor is bit slow"
        }
    ],
    [
        {
            "author": "Rishikesh Kumar ",
            "helpful": 0,
            "certBuyer": true,
            "rating": 3,
            "title": "Good",
            "text": "Not bad"
        }
    ],
    [
        {
            "author": "Bhaskara rao Koranana",
            "helpful": 0,
            "certBuyer": true,
            "rating": 3,
            "title": "Worth the money",
            "text": "Not external memory &amp; front camera flash light"
        }
    ],
    [
        {
            "author": "Vignesh N",
            "helpful": 0,
            "certBuyer": true,
            "rating": 2,
            "title": "Nice",
            "text": "Worst Quality"
        }
    ],
    [
        {
            "author": "shabaz khan",
            "helpful": 0,
            "certBuyer": true,
            "rating": 3,
            "title": "Fair",
            "text": "Nice"
        }
    ],
    [
        {
            "author": "Flipkart Customer",
            "helpful": 0,
            "certBuyer": true,
            "rating": 5,
            "title": "Must buy!",
            "text": "Good speed dlvry"
        }
    ],
    [
        {
            "author": "Vikram Kumar",
            "helpful": 0,
            "certBuyer": true,
            "rating": 5,
            "title": "Worth the money",
            "text": "Owesome"
        }
    ],
    [
        {
            "author": "Saurabh Jain",
            "helpful": 11,
            "certBuyer": true,
            "rating": 1,
            "title": "Don't waste your money",
            "text": "No dedicated slot for external memory available as updated in specification...kindly refund my money back..."
        }
    ]
]