[
    [
        {
            "author": "Flipkart Customer",
            "helpful": 11,
            "certBuyer": true,
            "rating": 5,
            "title": "Highly recommended",
            "text": "Gud"
        }
    ],
    [
        {
            "author": "kartick mondal",
            "helpful": 13,
            "certBuyer": true,
            "rating": 2,
            "title": "Expected a better product",
            "text": "Nice pis"
        }
    ],
    [
        {
            "author": "Flipkart Customer",
            "helpful": 5,
            "certBuyer": true,
            "rating": 1,
            "title": "Terrible product",
            "text": "Working condition is very poor"
        }
    ],
    [
        {
            "author": "Rakesh Kumar Verma",
            "helpful": 0,
            "certBuyer": true,
            "rating": 1,
            "title": "Don't waste your money",
            "text": "I didn't get charger, earfone and ejecter pin along with mobile. I complained many times but they told wait for 24 hours. In this way I wait for 7 to 10 dayd. They told that senior will call me. but they didn't call me. I called them every day but they told to wait for 24 hours all the tym. So I m vry harassed. I am very disappointed with Flipkart service."
        }
    ],
    [
        {
            "author": "Flipkart Customer",
            "helpful": 0,
            "certBuyer": true,
            "rating": 5,
            "title": "Perfect product!",
            "text": "That's good"
        }
    ]
]