[
    [
        {
            "author": "Papu Mondal",
            "helpful": 5,
            "certBuyer": true,
            "rating": 1,
            "title": "Did not meet expectations",
            "text": "Very bad quality battery.or it's not model no clpd382 . It's clpd366 battery."
        }
    ],
    [
        {
            "author": "PRATHAP PRATHAP",
            "helpful": 2,
            "certBuyer": true,
            "rating": 1,
            "title": "Did not meet expectations",
            "text": "Very bad"
        }
    ],
    [
        {
            "author": "Flipkart Customer",
            "helpful": 1,
            "certBuyer": true,
            "rating": 5,
            "title": "Excellent",
            "text": "Super"
        }
    ],
    [
        {
            "author": "Flipkart Customer",
            "helpful": 0,
            "certBuyer": true,
            "rating": 5,
            "title": "Excellent",
            "text": "Hi, i want to exchange the  battery as that is bigger than the cool pad note 3 lite.Is it possible?"
        }
    ],
    [
        {
            "author": "Vikas Rajpoot",
            "helpful": 0,
            "certBuyer": true,
            "rating": 1,
            "title": "Worthless",
            "text": "Worst product, size is bigger than actual battety size"
        }
    ],
    [
        {
            "author": "Amitabha Das",
            "helpful": 16,
            "certBuyer": true,
            "rating": 1,
            "title": "Hated it!",
            "text": "Duplicate worst product. This battery is even worst than the one i replaced with as it was dying faster. But this one dies like a suprise..I couldn't return it as i passed 10days already as per the replacement policy.Total waste of money..Garbage Battery..Dont waste your money..Seller selling duplicate batteries with heigher price.."
        }
    ]
]