[
    [
        {
            "author": "KYATHAM RAMESH ",
            "helpful": 203,
            "certBuyer": false,
            "rating": 5,
            "title": "Super!",
            "text": "Nice"
        }
    ],
    [
        {
            "author": "Santosh Kumar Singh",
            "helpful": 477,
            "certBuyer": false,
            "rating": 5,
            "title": "Wonderful",
            "text": "Now Almost using it from 8 months, no issues till date\nCamera awesome SLR mode for blur the background crisp photo's, loving it photography.\nBattery for the day normal usage. 40 min for full charge unbelievable fast charging.\nLook is killer combination of iPhone & HTC 9, unibody style.\nDual app access for personal need.\nSecured phone features.\nSpeaker is too LOUD & CLEAR.\nEarphone is mind blowing, true music phone.\nQuit Handy but take care of it by single handed.\nJust go for it, Worth for very Penny.\n4GB & 64GB device with looks like 30K+ phone."
        }
    ],
    [
        {
            "author": "Flipkart Customer",
            "helpful": 187,
            "certBuyer": false,
            "rating": 4,
            "title": "Good choice",
            "text": "Very nice phone"
        }
    ],
    [
        {
            "author": "Rohith Kumar",
            "helpful": 16,
            "certBuyer": false,
            "rating": 3,
            "title": "Coolpad all the way...",
            "text": "Priced Competitively\nGood processor\nGreat Camera (low light improvement needed)\nLooks & Feels Rich\nBattery could have been better..\nAll the go ..a good purchase"
        }
    ],
    [
        {
            "author": "Muhammed Ajmal",
            "helpful": 23,
            "certBuyer": true,
            "rating": 5,
            "title": "Nyc Phone",
            "text": "good camera. nice perfomance battery is not  good"
        }
    ],
    [
        {
            "author": "Vikas Kumar",
            "helpful": 12,
            "certBuyer": true,
            "rating": 2,
            "title": "Did not meet expectations",
            "text": "This product is not good, baterry backup & charger is very low quality"
        }
    ],
    [
        {
            "author": "Flipkart Customer",
            "helpful": 48,
            "certBuyer": false,
            "rating": 1,
            "title": "Useless product",
            "text": "I dont like the camera"
        }
    ],
    [
        {
            "author": "Shivesh Sehgal",
            "helpful": 7,
            "certBuyer": false,
            "rating": 5,
            "title": "Worth every penny",
            "text": "Good phone in this range and even better than redmi. Note 4"
        }
    ],
    [
        {
            "author": "Chandra sekhar Madasu",
            "helpful": 3,
            "certBuyer": true,
            "rating": 5,
            "title": "Great product",
            "text": "We are waitting for the volte version for this model."
        }
    ],
    [
        {
            "author": "Flipkart Customer",
            "helpful": 3,
            "certBuyer": true,
            "rating": 5,
            "title": "Highly recommended",
            "text": "Wow Grate Phone"
        }
    ],
    [
        {
            "author": "deepak dhaka",
            "helpful": 13,
            "certBuyer": false,
            "rating": 2,
            "title": "very poor",
            "text": "i didn't like camera nd battery was also poor.."
        }
    ],
    [
        {
            "author": "Amit Kumar",
            "helpful": 51,
            "certBuyer": false,
            "rating": 5,
            "title": "Terrific",
            "text": "Its a great phone for the price of 14k. Lookwise the phone is awesome. Battery is just average but with the fast charger i can get 0% to 66% in just 30 minutes. Besides these I like some of the special features of coolpad phones like multiscreen, quick search, fp locker, etc. U can chek it out yourself on : youtu.be/nSBUkZhT0x8"
        }
    ],
    [
        {
            "author": "Flipkart Customer",
            "helpful": 6,
            "certBuyer": true,
            "rating": 3,
            "title": "battery",
            "text": "Battery is not good , battery backup is only 3 hours"
        }
    ],
    [
        {
            "author": "Flipkart Customer",
            "helpful": 2,
            "certBuyer": true,
            "rating": 5,
            "title": "Terrific",
            "text": "Good phone"
        }
    ],
    [
        {
            "author": "Anup  Sahoo",
            "helpful": 6,
            "certBuyer": false,
            "rating": 1,
            "title": "Unsatisfactory",
            "text": "This is very poor mobile  \nBokbas ..."
        }
    ],
    [
        {
            "author": "Flipkart Customer",
            "helpful": 23,
            "certBuyer": false,
            "rating": 5,
            "title": "Perfect product!",
            "text": "What More Can you expect at 14k stop wasting time seeing n reading this reviews if u like just go for it...  \nI liked it so I bought it and now I'm enjoying this very cool product by coolpad hats off.. People post fake post even if they are not using this phone just to make people not buy this product"
        }
    ],
    [
        {
            "author": "Flipkart Customer",
            "helpful": 6,
            "certBuyer": true,
            "rating": 1,
            "title": "bad",
            "text": "Bad"
        }
    ],
    [
        {
            "author": "Flipkart Customer",
            "helpful": 6,
            "certBuyer": false,
            "rating": 2,
            "title": "Expected a better product",
            "text": "The product battery is to low if it was for 3000 to 4000 mah it would be great ,,the cameras are not as it shows  there,, it's good but picture quality not so nice..."
        }
    ],
    [
        {
            "author": "Flipkart Customer",
            "helpful": 7,
            "certBuyer": false,
            "rating": 2,
            "title": "Could be way better",
            "text": "Good product"
        }
    ],
    [
        {
            "author": "Flipkart Customer",
            "helpful": 2,
            "certBuyer": true,
            "rating": 1,
            "title": "Horrible",
            "text": "Worst phone\nIts got permanently died without a reason on 7th day they didn't respond with query also even if I raised a querry worst quality as well as a service"
        }
    ],
    [
        {
            "author": "Flipkart Customer",
            "helpful": 2,
            "certBuyer": true,
            "rating": 1,
            "title": "Hated it!",
            "text": "This phone is touch very slow and battery backup very bad"
        }
    ],
    [
        {
            "author": "Flipkart Customer",
            "helpful": 1,
            "certBuyer": true,
            "rating": 5,
            "title": "Classy product",
            "text": "I like it."
        }
    ],
    [
        {
            "author": "Ramchandra  Choudhary ",
            "helpful": 1,
            "certBuyer": true,
            "rating": 5,
            "title": "Worth every penny",
            "text": "OK"
        }
    ],
    [
        {
            "author": "Flipkart Customer",
            "helpful": 1,
            "certBuyer": true,
            "rating": 1,
            "title": "Unsatisfactory",
            "text": "Poor battery back up and heating problem  during charging and camera is too good"
        }
    ],
    [
        {
            "author": "Flipkart Customer",
            "helpful": 1,
            "certBuyer": true,
            "rating": 5,
            "title": "Great product",
            "text": "supab phone"
        }
    ],
    [
        {
            "author": "Flipkart Customer",
            "helpful": 1,
            "certBuyer": true,
            "rating": 5,
            "title": "Perfect product!",
            "text": "Mobile is good but charging is very slow it's take so much of time to fill"
        }
    ],
    [
        {
            "author": "Rahul Patil",
            "helpful": 1,
            "certBuyer": true,
            "rating": 1,
            "title": "Not recommended at all",
            "text": "Since from starting I have problem with this mobile cldnt hear properly n opposite person cldnt hear my voice..."
        }
    ],
    [
        {
            "author": "varunkumar upadhyay",
            "helpful": 1,
            "certBuyer": true,
            "rating": 1,
            "title": "Hated it!",
            "text": "The phone heated to much"
        }
    ],
    [
        {
            "author": "Md. Azaharuddin",
            "helpful": 1,
            "certBuyer": true,
            "rating": 5,
            "title": "Simply awesome",
            "text": "Very good product"
        }
    ],
    [
        {
            "author": "RAFIK OSMANBHAI RAYMA",
            "helpful": 1,
            "certBuyer": true,
            "rating": 5,
            "title": "Great product",
            "text": "I loved this product...Nice product with good price...Thank you so much Seller and Flipkart...I love online shopping if this kind of product and quality I will get...Thank you so much"
        }
    ],
    [
        {
            "author": "venkatesh ragula",
            "helpful": 1,
            "certBuyer": true,
            "rating": 5,
            "title": "Mind-blowing purchase",
            "text": "Mobile packing is good and safe mobile is looking great"
        }
    ],
    [
        {
            "author": "king Mani",
            "helpful": 0,
            "certBuyer": false,
            "rating": 4,
            "title": "Value-for-money",
            "text": "Good Neci"
        }
    ],
    [
        {
            "author": "Flipkart Customer",
            "helpful": 2,
            "certBuyer": false,
            "rating": 5,
            "title": "Must buy!",
            "text": "Nice product but selfie camera 5 mega pixel"
        }
    ],
    [
        {
            "author": "Flipkart Customer",
            "helpful": 1,
            "certBuyer": true,
            "rating": 4,
            "title": "Value-for-money",
            "text": "My Hansen is battery problem"
        }
    ],
    [
        {
            "author": "Prasanjit Parbo",
            "helpful": 2,
            "certBuyer": false,
            "rating": 2,
            "title": "Not good",
            "text": "Battery backup should at least 4000mhr as compare to the price of other mobiles"
        }
    ],
    [
        {
            "author": "Flipkart Customer",
            "helpful": 0,
            "certBuyer": true,
            "rating": 1,
            "title": "Useless product",
            "text": "Worst product\nNot even the correct size"
        }
    ],
    [
        {
            "author": "SURESH MUDIRAJ EDHULAKANTI",
            "helpful": 0,
            "certBuyer": true,
            "rating": 5,
            "title": "Simply awesome",
            "text": "Nice mobile"
        }
    ],
    [
        {
            "author": "Rajeev KT",
            "helpful": 0,
            "certBuyer": true,
            "rating": 5,
            "title": "Just wow!",
            "text": "Good smartphone."
        }
    ],
    [
        {
            "author": "Prince Patel",
            "helpful": 0,
            "certBuyer": true,
            "rating": 5,
            "title": "Must buy!",
            "text": "Thanks"
        }
    ],
    [
        {
            "author": "Gulshad Khan",
            "helpful": 0,
            "certBuyer": true,
            "rating": 5,
            "title": "Super!",
            "text": "This mobile phone not supported conference calls.."
        }
    ],
    [
        {
            "author": "Flipkart Customer",
            "helpful": 0,
            "certBuyer": true,
            "rating": 4,
            "title": "Worth the money",
            "text": "excellent product"
        }
    ],
    [
        {
            "author": "Shiv  Choudhary",
            "helpful": 0,
            "certBuyer": true,
            "rating": 5,
            "title": "Fabulous!",
            "text": "Very..nice"
        }
    ],
    [
        {
            "author": "venkatadri venkatadri",
            "helpful": 0,
            "certBuyer": true,
            "rating": 5,
            "title": "Super!",
            "text": "Super"
        }
    ],
    [
        {
            "author": "Sagar Prajapati",
            "helpful": 0,
            "certBuyer": true,
            "rating": 1,
            "title": "Worthless",
            "text": "This is not giving to good performance"
        }
    ],
    [
        {
            "author": "Yamini Jaya",
            "helpful": 0,
            "certBuyer": true,
            "rating": 4,
            "title": "Phone gets hot very soon!",
            "text": "After  using the mobile  for more than 10 mins it gets heated up. Camera  quality  is awesome ,smooth to handle overall good performance  and that's the reason I gave 4 star."
        }
    ],
    [
        {
            "author": "Flipkart Customer",
            "helpful": 0,
            "certBuyer": true,
            "rating": 5,
            "title": "Terrific purchase",
            "text": "Superb phn coolpad A8 and gd service from flipkart...."
        }
    ],
    [
        {
            "author": "Flipkart Customer",
            "helpful": 0,
            "certBuyer": true,
            "rating": 5,
            "title": "Terrific purchase",
            "text": "Good phone for this buget"
        }
    ],
    [
        {
            "author": "Dinesh Bidare",
            "helpful": 0,
            "certBuyer": true,
            "rating": 5,
            "title": "Terrific purchase",
            "text": "Good"
        }
    ],
    [
        {
            "author": "Anil Singh Rathore  Rathore ",
            "helpful": 0,
            "certBuyer": true,
            "rating": 3,
            "title": "Good",
            "text": "Good"
        }
    ],
    [
        {
            "author": "Flipkart Customer",
            "helpful": 0,
            "certBuyer": true,
            "rating": 1,
            "title": "Did not meet expectations",
            "text": "Good"
        }
    ],
    [
        {
            "author": "Kanniyappa Srinivasan",
            "helpful": 0,
            "certBuyer": true,
            "rating": 1,
            "title": "Not recommended at all",
            "text": "Waste phone"
        }
    ],
    [
        {
            "author": "chanchal mandal",
            "helpful": 0,
            "certBuyer": true,
            "rating": 4,
            "title": "Wonderful",
            "text": "NICE MOBILE IN ALL DEPARTMENT EXCEPT BATTERY. COULD HAVE BEEN BETTER.\nTHANKS FLIPKART FOR THE OFFER.\nCHANCHAL"
        }
    ],
    [
        {
            "author": "Pankaj  Raj",
            "helpful": 0,
            "certBuyer": true,
            "rating": 5,
            "title": "Mind-blowing purchase",
            "text": "Nice phone"
        }
    ],
    [
        {
            "author": "Prasant",
            "helpful": 0,
            "certBuyer": true,
            "rating": 5,
            "title": "Worth every penny",
            "text": "Its good one"
        }
    ],
    [
        {
            "author": "Anish Chandra",
            "helpful": 0,
            "certBuyer": true,
            "rating": 1,
            "title": "Awesome",
            "text": "Very bad product"
        }
    ],
    [
        {
            "author": "TAUHEED AHMAD ",
            "helpful": 0,
            "certBuyer": true,
            "rating": 4,
            "title": "Good choice",
            "text": "Good..."
        }
    ],
    [
        {
            "author": "Flipkart Customer",
            "helpful": 0,
            "certBuyer": true,
            "rating": 5,
            "title": "Terrific purchase",
            "text": "Good phone"
        }
    ],
    [
        {
            "author": "Flipkart Customer",
            "helpful": 0,
            "certBuyer": true,
            "rating": 5,
            "title": "Simply awesome",
            "text": "Good"
        }
    ],
    [
        {
            "author": "Flipkart Customer",
            "helpful": 0,
            "certBuyer": true,
            "rating": 5,
            "title": "Excellent",
            "text": "Good"
        }
    ],
    [
        {
            "author": "Flipkart Customer",
            "helpful": 0,
            "certBuyer": true,
            "rating": 5,
            "title": "Best in the market!",
            "text": "Very Nice Phone"
        }
    ],
    [
        {
            "author": "Flipkart Customer",
            "helpful": 0,
            "certBuyer": true,
            "rating": 5,
            "title": "Must buy!",
            "text": "That is the awosme shopping moment"
        }
    ],
    [
        {
            "author": "Pawan Salvi",
            "helpful": 0,
            "certBuyer": true,
            "rating": 5,
            "title": "Really Nice",
            "text": "Good products"
        }
    ],
    [
        {
            "author": "Subrata Samanta",
            "helpful": 0,
            "certBuyer": true,
            "rating": 4,
            "title": "Really Nice",
            "text": "Great phone In this price"
        }
    ],
    [
        {
            "author": "MANISHA LAKRA.",
            "helpful": 0,
            "certBuyer": true,
            "rating": 1,
            "title": "Waste of money!",
            "text": "Bad product"
        }
    ],
    [
        {
            "author": "Ali Abbas ",
            "helpful": 0,
            "certBuyer": true,
            "rating": 5,
            "title": "Just wow!",
            "text": "Nice phone"
        }
    ],
    [
        {
            "author": "Flipkart Customer",
            "helpful": 0,
            "certBuyer": true,
            "rating": 5,
            "title": "Just wow!",
            "text": "Nice"
        }
    ],
    [
        {
            "author": "dipankar bordoloi",
            "helpful": 0,
            "certBuyer": true,
            "rating": 4,
            "title": "Very Good",
            "text": "Really    it's    looking   very cool\nAnd    the   display   wow    wow\nSound   quality     also   good   but  betery\nDrain    frist"
        }
    ],
    [
        {
            "author": "Flipkart Customer",
            "helpful": 0,
            "certBuyer": true,
            "rating": 5,
            "title": "Terrific",
            "text": "Nice product ; nice app; safe"
        }
    ],
    [
        {
            "author": "Shubham Singh Kushwaha",
            "helpful": 0,
            "certBuyer": true,
            "rating": 4,
            "title": "Value-for-money",
            "text": "Good phone ..with powerful battery.. and fast charging is as quick as blink.."
        }
    ],
    [
        {
            "author": "Mohd Hussain",
            "helpful": 0,
            "certBuyer": true,
            "rating": 3,
            "title": "Good",
            "text": "Nice phone"
        }
    ],
    [
        {
            "author": "Patrick Babu",
            "helpful": 0,
            "certBuyer": true,
            "rating": 4,
            "title": "Good quality product",
            "text": "Very good phone. Like it. Battery is the only drawback."
        }
    ],
    [
        {
            "author": "tutu",
            "helpful": 0,
            "certBuyer": true,
            "rating": 5,
            "title": "Wonderful",
            "text": "Good mobile"
        }
    ],
    [
        {
            "author": "Chikkanna Chikkanna",
            "helpful": 0,
            "certBuyer": true,
            "rating": 3,
            "title": "Good",
            "text": "Thaks"
        }
    ],
    [
        {
            "author": "ayup basha",
            "helpful": 0,
            "certBuyer": true,
            "rating": 5,
            "title": "Fabulous!",
            "text": "Very nice"
        }
    ],
    [
        {
            "author": "akshay  kalyankar",
            "helpful": 0,
            "certBuyer": true,
            "rating": 1,
            "title": "Hated it!",
            "text": "Not good"
        }
    ],
    [
        {
            "author": "Vinod Rajeshwar",
            "helpful": 0,
            "certBuyer": true,
            "rating": 5,
            "title": "Just wow!",
            "text": "Nice"
        }
    ],
    [
        {
            "author": "Flipkart Customer",
            "helpful": 0,
            "certBuyer": true,
            "rating": 5,
            "title": "Terrific",
            "text": "Nice prodect"
        }
    ],
    [
        {
            "author": "Ajay Gupta",
            "helpful": 0,
            "certBuyer": true,
            "rating": 5,
            "title": "Awesome",
            "text": "Super phone"
        }
    ],
    [
        {
            "author": "Azizul al  Aman ",
            "helpful": 0,
            "certBuyer": true,
            "rating": 5,
            "title": "Perfect product!",
            "text": "Wowsm one"
        }
    ],
    [
        {
            "author": "Flipkart Customer",
            "helpful": 0,
            "certBuyer": true,
            "rating": 5,
            "title": "Brilliant",
            "text": "Nice"
        }
    ],
    [
        {
            "author": "Krupa  Patel",
            "helpful": 0,
            "certBuyer": true,
            "rating": 5,
            "title": "Simply awesome",
            "text": "Best phone"
        }
    ],
    [
        {
            "author": "Flipkart Customer",
            "helpful": 0,
            "certBuyer": true,
            "rating": 5,
            "title": "Must buy!",
            "text": "It's really a good choice to buy it.... Lovely features...."
        }
    ],
    [
        {
            "author": "Flipkart Customer",
            "helpful": 0,
            "certBuyer": true,
            "rating": 4,
            "title": "Really Nice",
            "text": "Working good, but not much satisfaction."
        }
    ],
    [
        {
            "author": "Jaydip Vyas",
            "helpful": 0,
            "certBuyer": true,
            "rating": 1,
            "title": "Hated it!",
            "text": "I am not scarification on this product"
        }
    ],
    [
        {
            "author": "irfan khan Khan",
            "helpful": 0,
            "certBuyer": true,
            "rating": 5,
            "title": "Great product",
            "text": "Nice one mobile"
        }
    ],
    [
        {
            "author": "chitaranjan pradhan",
            "helpful": 0,
            "certBuyer": true,
            "rating": 5,
            "title": "Terrific",
            "text": "Very nice"
        }
    ],
    [
        {
            "author": "Bharat Rajbongshi ",
            "helpful": 0,
            "certBuyer": true,
            "rating": 1,
            "title": "Not recommended at all",
            "text": "Battery is not good"
        }
    ],
    [
        {
            "author": "Flipkart Customer",
            "helpful": 0,
            "certBuyer": true,
            "rating": 5,
            "title": "Worth every penny",
            "text": "Nice mobile only display power is less"
        }
    ],
    [
        {
            "author": "Flipkart Customer",
            "helpful": 0,
            "certBuyer": true,
            "rating": 5,
            "title": "Best in the market!",
            "text": "Good phone.......also well\nBut delivery is not satisfied......\nBad delivery"
        }
    ],
    [
        {
            "author": "shiva shekar",
            "helpful": 0,
            "certBuyer": true,
            "rating": 5,
            "title": "Slightly disappointed",
            "text": "Nice I love it"
        }
    ],
    [
        {
            "author": "Flipkart Customer",
            "helpful": 0,
            "certBuyer": true,
            "rating": 5,
            "title": "Simply awesome",
            "text": "Perfect on time"
        }
    ],
    [
        {
            "author": "Flipkart Customer",
            "helpful": 0,
            "certBuyer": true,
            "rating": 4,
            "title": "Very Good",
            "text": "It's good..."
        }
    ],
    [
        {
            "author": "Flipkart Customer",
            "helpful": 0,
            "certBuyer": true,
            "rating": 1,
            "title": "Useless product",
            "text": "Please don't buy waste of money  this device is good but it's touching screen is very bad"
        }
    ],
    [
        {
            "author": "Flipkart Customer",
            "helpful": 0,
            "certBuyer": true,
            "rating": 5,
            "title": "Brilliant",
            "text": "Good phone at a right budget"
        }
    ],
    [
        {
            "author": "9909286206 flip301074",
            "helpful": 0,
            "certBuyer": true,
            "rating": 3,
            "title": "Fair",
            "text": "Hanging problm creat in few days"
        }
    ],
    [
        {
            "author": "Bhandva Bhavik",
            "helpful": 0,
            "certBuyer": true,
            "rating": 5,
            "title": "Delightful",
            "text": "Nice phone"
        }
    ],
    [
        {
            "author": "Arjun Kumar Budakoti ArjunKumarBudakoti",
            "helpful": 0,
            "certBuyer": true,
            "rating": 4,
            "title": "Wonderful",
            "text": "Wonderful phone but camera is not soo gud"
        }
    ],
    [
        {
            "author": "Flipkart Customer",
            "helpful": 0,
            "certBuyer": true,
            "rating": 1,
            "title": "Unsatisfactory",
            "text": "Bad mobail"
        }
    ],
    [
        {
            "author": "Niranjan Naik",
            "helpful": 0,
            "certBuyer": true,
            "rating": 3,
            "title": "Fair",
            "text": "Not  a good prduct"
        }
    ],
    [
        {
            "author": "Subrahmanyaswamy  Gollavilli",
            "helpful": 0,
            "certBuyer": true,
            "rating": 5,
            "title": "Great product",
            "text": "Waste camera"
        }
    ],
    [
        {
            "author": "Flipkart Customer",
            "helpful": 0,
            "certBuyer": true,
            "rating": 4,
            "title": "Pretty good",
            "text": "Nice phone"
        }
    ],
    [
        {
            "author": "Flipkart Customer",
            "helpful": 0,
            "certBuyer": true,
            "rating": 3,
            "title": "Just okay",
            "text": "below average"
        }
    ],
    [
        {
            "author": "Flipkart Customer",
            "helpful": 0,
            "certBuyer": true,
            "rating": 5,
            "title": "Perfect product!",
            "text": "Very  good"
        }
    ],
    [
        {
            "author": "Amlan Stifler",
            "helpful": 0,
            "certBuyer": true,
            "rating": 2,
            "title": "Slightly disappointed",
            "text": "Android 5 it has not marshamallow"
        }
    ],
    [
        {
            "author": "Flipkart Customer",
            "helpful": 0,
            "certBuyer": true,
            "rating": 5,
            "title": "Battery",
            "text": "Battery"
        }
    ],
    [
        {
            "author": "Vikramjit  Singh",
            "helpful": 0,
            "certBuyer": true,
            "rating": 4,
            "title": "Good choice",
            "text": "touch working not best"
        }
    ],
    [
        {
            "author": "Parag Das",
            "helpful": 0,
            "certBuyer": true,
            "rating": 5,
            "title": "Highly recommended",
            "text": "Nice phone \nI am very happy....\nThank you"
        }
    ],
    [
        {
            "author": "Ankit Dyeonia",
            "helpful": 0,
            "certBuyer": true,
            "rating": 5,
            "title": "Cool looks and best performance",
            "text": "Pretty nice in looks and have a very good configuration and speed in it's range."
        }
    ],
    [
        {
            "author": "Flipkart Customer",
            "helpful": 0,
            "certBuyer": true,
            "rating": 1,
            "title": "One Star",
            "text": "Overheating . Language problem especialy punjabi language not sported"
        }
    ],
    [
        {
            "author": "Kalavathy Kala",
            "helpful": 0,
            "certBuyer": true,
            "rating": 4,
            "title": "Four Stars",
            "text": "Good"
        }
    ],
    [
        {
            "author": "Feroz Siddique",
            "helpful": 0,
            "certBuyer": true,
            "rating": 5,
            "title": "Five Stars",
            "text": "Battery \ud83d\udd0b is poor"
        }
    ],
    [
        {
            "author": "Flipkart Customer",
            "helpful": 0,
            "certBuyer": true,
            "rating": 5,
            "title": "Four Stars",
            "text": "Happy"
        }
    ],
    [
        {
            "author": "UDAY KUMAR K",
            "helpful": 0,
            "certBuyer": true,
            "rating": 5,
            "title": "Price now reduced.",
            "text": "Price gone down. Any way it's value for money."
        }
    ],
    [
        {
            "author": "kiran kumari",
            "helpful": 0,
            "certBuyer": true,
            "rating": 1,
            "title": "Utterly Disappointed",
            "text": "Very bad product , baitrry hitting problem, Flipkart cheat with costomer"
        }
    ],
    [
        {
            "author": "Er. RP SINGH",
            "helpful": 0,
            "certBuyer": true,
            "rating": 4,
            "title": "Worth the money",
            "text": "Best mobile"
        }
    ],
    [
        {
            "author": "Clinse Johnson",
            "helpful": 0,
            "certBuyer": true,
            "rating": 5,
            "title": "Just wow!",
            "text": "SUPER"
        }
    ],
    [
        {
            "author": "Flipkart Customer",
            "helpful": 0,
            "certBuyer": true,
            "rating": 4,
            "title": "Wonderful",
            "text": "Good product....."
        }
    ],
    [
        {
            "author": "Gopal Maitra",
            "helpful": 0,
            "certBuyer": true,
            "rating": 5,
            "title": "Highly recommended",
            "text": "This device is really good, no heating issue, no lag, no charging issue and the head phone are awesome. Charging indicator works good, charger is awesome because it come with a led light at the pins end so that you can put it on charge with out lighting the whole family at the middle of a night.\n\nAlthough it is a gorilla glass phone still i am looking for a protective glass in near market cannot find one may be it will be available at flipkart."
        }
    ],
    [
        {
            "author": "Salla  Sadanand Reddy ",
            "helpful": 0,
            "certBuyer": true,
            "rating": 5,
            "title": "Highly recommended",
            "text": "Feeling Happy"
        }
    ],
    [
        {
            "author": "muthu kumar",
            "helpful": 0,
            "certBuyer": true,
            "rating": 1,
            "title": "Brilliant",
            "text": "phone model is look like iPhone......\n1st tym charging phone will be a heat and herafter that is normal .......\ncamera clearity is good \ngood internal storage \nvery fast to using for the gaming and apps"
        }
    ],
    [
        {
            "author": "Flipkart Customer",
            "helpful": 0,
            "certBuyer": true,
            "rating": 4,
            "title": "Delightful",
            "text": "Very fast charge mobile"
        }
    ],
    [
        {
            "author": "Flipkart Customer",
            "helpful": 0,
            "certBuyer": true,
            "rating": 5,
            "title": "Looking and function",
            "text": "It looks awesome than its image and it never hang out of 4 GB 3.6 GB RAM available for using games I love it and thanks to CoolPad to make this phone Cary on CoolPad it better than CoolPad note 5"
        }
    ],
    [
        {
            "author": "Flipkart Customer",
            "helpful": 0,
            "certBuyer": true,
            "rating": 1,
            "title": "Brilliant",
            "text": "Not usable product. Pls don't buy it..."
        }
    ],
    [
        {
            "author": "Abhay Paul",
            "helpful": 0,
            "certBuyer": true,
            "rating": 5,
            "title": "Fabulous!",
            "text": "Thank you for sending me fast this product.i am happy with this. But in this product battery can be 4000mh only this other things is good according to the price of the product....."
        }
    ],
    [
        {
            "author": "Bhargav Baru",
            "helpful": 0,
            "certBuyer": true,
            "rating": 5,
            "title": "Just wow!",
            "text": "Super"
        }
    ],
    [
        {
            "author": "Bindu",
            "helpful": 0,
            "certBuyer": true,
            "rating": 5,
            "title": "Highly recommended",
            "text": "Nice phone and nice camera clarity. But battery only 2800 mah that only one issue that i was facing .....in other case phone is good and fablous"
        }
    ],
    [
        {
            "author": "Naveen  Monga ",
            "helpful": 0,
            "certBuyer": true,
            "rating": 5,
            "title": "Super!",
            "text": "Super phone mast camera fast charging"
        }
    ],
    [
        {
            "author": "Flipkart Customer",
            "helpful": 0,
            "certBuyer": true,
            "rating": 4,
            "title": "Delightful",
            "text": "Good"
        }
    ],
    [
        {
            "author": "Chiranjeevi",
            "helpful": 0,
            "certBuyer": true,
            "rating": 1,
            "title": "Best in the market!",
            "text": "Not good feeling unhappy"
        }
    ],
    [
        {
            "author": "Flipkart Customer",
            "helpful": 0,
            "certBuyer": true,
            "rating": 4,
            "title": "Delightful",
            "text": "Nice mobile"
        }
    ],
    [
        {
            "author": "RENCHU R PILLAI",
            "helpful": 0,
            "certBuyer": false,
            "rating": 4,
            "title": "Really Nice",
            "text": "Very good"
        }
    ],
    [
        {
            "author": "Flipkart Customer",
            "helpful": 0,
            "certBuyer": false,
            "rating": 5,
            "title": "Super!",
            "text": "Very very"
        }
    ],
    [
        {
            "author": "naveen kumar Reddy",
            "helpful": 0,
            "certBuyer": false,
            "rating": 5,
            "title": "Brilliant",
            "text": "Good"
        }
    ],
    [
        {
            "author": "Earful Islam",
            "helpful": 20,
            "certBuyer": true,
            "rating": 4,
            "title": "Don't waste your money",
            "text": "Don't purchase this mobile. Flipkart no response to Customers.  I m trying to replace my mobile last 22 days. But they are not response to me. Now I thought Flipkart also  cheat with Customers. I m upset."
        }
    ],
    [
        {
            "author": "Alankar Pingale",
            "helpful": 4,
            "certBuyer": true,
            "rating": 1,
            "title": "Horrible",
            "text": "Please don't buy this product its so bad I have buy and 1 phone was faulty and they given an exchange but it's also an fault and flipkart don't help customers money waste is there if u buy this product"
        }
    ],
    [
        {
            "author": "Flipkart Customer",
            "helpful": 1,
            "certBuyer": true,
            "rating": 1,
            "title": "Two Stars",
            "text": "Very heat and charger is not working, no response"
        }
    ],
    [
        {
            "author": "Flipkart Customer",
            "helpful": 1,
            "certBuyer": true,
            "rating": 5,
            "title": "Five Stars",
            "text": "Great nice phone"
        }
    ],
    [
        {
            "author": "Amar Biradar",
            "helpful": 1,
            "certBuyer": true,
            "rating": 1,
            "title": "Two Stars",
            "text": "Phone features are good but...  Battary is very very very poor...."
        }
    ],
    [
        {
            "author": "Flipkart Customer",
            "helpful": 1,
            "certBuyer": true,
            "rating": 5,
            "title": "Perfect product!",
            "text": "Coolpad"
        }
    ],
    [
        {
            "author": "Rahul Hode",
            "helpful": 0,
            "certBuyer": true,
            "rating": 5,
            "title": "Worth every penny",
            "text": "Coolpad"
        }
    ],
    [
        {
            "author": "Kali FlaGo",
            "helpful": 2,
            "certBuyer": true,
            "rating": 5,
            "title": "Five Stars",
            "text": "Thanks flipkart for safe delivery Im very happy to buy this Coolpad it is really cool phone i have ever buy.........But dear flipkart battery is very low in other compare atleast it should be upto 3000 mah .........But really nice cellphone i have ever buy.....can i get extra battery which should be back up of 3000 mah??"
        }
    ],
    [
        {
            "author": "Manoj Mistry",
            "helpful": 1,
            "certBuyer": true,
            "rating": 3,
            "title": "Manoj",
            "text": "Manoj"
        }
    ],
    [
        {
            "author": "Amit Kumar",
            "helpful": 0,
            "certBuyer": true,
            "rating": 5,
            "title": "COOLPAD A8 MAX",
            "text": "PHONE CHARGING PROBLEM"
        }
    ],
    [
        {
            "author": "Flipkart Customer",
            "helpful": 0,
            "certBuyer": true,
            "rating": 5,
            "title": "Worth the money",
            "text": "Proper delivery,,"
        }
    ],
    [
        {
            "author": "Shan Khasim",
            "helpful": 0,
            "certBuyer": true,
            "rating": 5,
            "title": "Terrific",
            "text": "I want rittern wranty"
        }
    ],
    [
        {
            "author": "Flipkart Customer",
            "helpful": 0,
            "certBuyer": true,
            "rating": 1,
            "title": "Horrible",
            "text": "Screen in not work"
        }
    ],
    [
        {
            "author": "Naresh",
            "helpful": 0,
            "certBuyer": true,
            "rating": 3,
            "title": "Decent product",
            "text": "I want to return my glass"
        }
    ],
    [
        {
            "author": "Flipkart Customer",
            "helpful": 0,
            "certBuyer": true,
            "rating": 1,
            "title": "Horrible",
            "text": "Very bad software problem"
        }
    ],
    [
        {
            "author": "pUllarao P",
            "helpful": 0,
            "certBuyer": true,
            "rating": 1,
            "title": "Not recommended at all",
            "text": "Flipcart provides damaged worst mobiles for highcost rates blady flipcart"
        }
    ],
    [
        {
            "author": "BulBul Prince",
            "helpful": 0,
            "certBuyer": true,
            "rating": 5,
            "title": "Five Stars",
            "text": "Awesome Rear Camera\nFast battery charging\nawesome heating issue\nFast response\n    finally..  budget phone, my experience #Bulbul, thank u.. \nall d best"
        }
    ],
    [
        {
            "author": "Vishal Jadav",
            "helpful": 0,
            "certBuyer": true,
            "rating": 5,
            "title": "Five Stars",
            "text": "Best fone"
        }
    ],
    [
        {
            "author": "Sangita  Basu",
            "helpful": 0,
            "certBuyer": true,
            "rating": 5,
            "title": "Five Stars",
            "text": "Am happy"
        }
    ],
    [
        {
            "author": "Ashwin  Nadgambe",
            "helpful": 0,
            "certBuyer": true,
            "rating": 1,
            "title": "One Star",
            "text": "I want to return the phone"
        }
    ],
    [
        {
            "author": "adarsh patil",
            "helpful": 0,
            "certBuyer": true,
            "rating": 3,
            "title": "coolpad max a8",
            "text": "mobile overall 60 % ok but battery backup so verry bad  max 8 hour"
        }
    ]
]