[
    [
        {
            "author": "Flipkart Customer",
            "helpful": 201,
            "certBuyer": true,
            "rating": 5,
            "title": "Wonderful",
            "text": "Good"
        }
    ],
    [
        {
            "author": "KRISHNA MOORTHY MURUGAN",
            "helpful": 131,
            "certBuyer": true,
            "rating": 5,
            "title": "Excellent",
            "text": "Good response"
        }
    ],
    [
        {
            "author": "Flipkart Customer",
            "helpful": 122,
            "certBuyer": true,
            "rating": 4,
            "title": "Delightful",
            "text": "Nice phone..  Worth for this price."
        }
    ],
    [
        {
            "author": "santosh chinchali",
            "helpful": 6,
            "certBuyer": true,
            "rating": 1,
            "title": "Absolute rubbish!",
            "text": "It's not a coolpad it's a heat pad mobile"
        }
    ],
    [
        {
            "author": "Mainak  Majumder",
            "helpful": 4,
            "certBuyer": true,
            "rating": 1,
            "title": "Horrible",
            "text": "Using this mobile for almost a year. Experience is very bad. Phone hangs frequently during incoming call.you won't be able to pick up. While on call it gets disconnected almost all the time."
        }
    ],
    [
        {
            "author": "miraj khan",
            "helpful": 3,
            "certBuyer": true,
            "rating": 5,
            "title": "Brilliant",
            "text": "Nice"
        }
    ],
    [
        {
            "author": "Flipkart Customer",
            "helpful": 15,
            "certBuyer": true,
            "rating": 5,
            "title": "Excellent",
            "text": "Bad mobile"
        }
    ],
    [
        {
            "author": "Flipkart Customer",
            "helpful": 11,
            "certBuyer": true,
            "rating": 1,
            "title": "Did not meet expectations",
            "text": "I don't get MMT 2500 rupees gift card as requested"
        }
    ],
    [
        {
            "author": "Sakthi  Vel",
            "helpful": 9,
            "certBuyer": true,
            "rating": 3,
            "title": "Good",
            "text": "Supper Mobile And battery pick up super Busy Mobile"
        }
    ],
    [
        {
            "author": "kori rakesh",
            "helpful": 3,
            "certBuyer": true,
            "rating": 5,
            "title": "Nice product",
            "text": "very nice look mobile copy to redmi very good phone coolped the best phone"
        }
    ],
    [
        {
            "author": "sandeep  singh",
            "helpful": 2,
            "certBuyer": true,
            "rating": 3,
            "title": "Decent product",
            "text": "all is ok but there was no earphone in the box"
        }
    ],
    [
        {
            "author": "Sanjay Santhosh",
            "helpful": 2,
            "certBuyer": true,
            "rating": 5,
            "title": "Simply awesome",
            "text": "good performance"
        }
    ],
    [
        {
            "author": "Machkuri  Maruthi yadav",
            "helpful": 1,
            "certBuyer": true,
            "rating": 2,
            "title": "Expected a better product",
            "text": "Good phone but battery is low"
        }
    ],
    [
        {
            "author": "manish kumar",
            "helpful": 0,
            "certBuyer": true,
            "rating": 5,
            "title": "Highly recommended",
            "text": "amzing nice"
        }
    ],
    [
        {
            "author": "ankit chaubey",
            "helpful": 0,
            "certBuyer": true,
            "rating": 4,
            "title": "Good",
            "text": "Good product"
        }
    ],
    [
        {
            "author": "Sourav pal",
            "helpful": 0,
            "certBuyer": true,
            "rating": 5,
            "title": "Super!",
            "text": "It is a very good phone.It has good facilities.Camera qualitiy is great and with good ram at a low price."
        }
    ],
    [
        {
            "author": "Flipkart Customer",
            "helpful": 0,
            "certBuyer": true,
            "rating": 5,
            "title": "Simply awesome",
            "text": "Good"
        }
    ],
    [
        {
            "author": "Thangem Pranai",
            "helpful": 0,
            "certBuyer": true,
            "rating": 4,
            "title": "Delightful",
            "text": "Good"
        }
    ],
    [
        {
            "author": "Md kamal Uddin",
            "helpful": 0,
            "certBuyer": true,
            "rating": 5,
            "title": "Worth every penny",
            "text": "Best products"
        }
    ],
    [
        {
            "author": "Pintu Mondal",
            "helpful": 1,
            "certBuyer": true,
            "rating": 5,
            "title": "Terrific purchase",
            "text": "Osam on time delivery thanks to your team"
        }
    ],
    [
        {
            "author": "gopi krishna",
            "helpful": 1,
            "certBuyer": true,
            "rating": 5,
            "title": "Worth every penny",
            "text": "Nice mobile"
        }
    ],
    [
        {
            "author": "Gorugantham ARUN KUMAR",
            "helpful": 0,
            "certBuyer": true,
            "rating": 2,
            "title": "This mobile is super excellent mobile",
            "text": "Fast delivery not attempt Ed but good company mobile"
        }
    ],
    [
        {
            "author": "Flipkart Customer",
            "helpful": 0,
            "certBuyer": true,
            "rating": 5,
            "title": "Best in the market!",
            "text": "Product is right"
        }
    ],
    [
        {
            "author": "Saad Malik",
            "helpful": 0,
            "certBuyer": true,
            "rating": 5,
            "title": "Must buy!",
            "text": "Good handset and very usefull"
        }
    ],
    [
        {
            "author": "Kalyan Krishna",
            "helpful": 0,
            "certBuyer": true,
            "rating": 5,
            "title": "Highly recommended",
            "text": "Ok"
        }
    ],
    [
        {
            "author": "Flipkart Customer",
            "helpful": 0,
            "certBuyer": true,
            "rating": 4,
            "title": "Very Good",
            "text": "Super"
        }
    ],
    [
        {
            "author": "Sagar Kamble",
            "helpful": 0,
            "certBuyer": true,
            "rating": 5,
            "title": "Best in the market!",
            "text": "Best....\ud83d\udc4d"
        }
    ],
    [
        {
            "author": "Flipkart Customer",
            "helpful": 0,
            "certBuyer": true,
            "rating": 2,
            "title": "Expected a better product",
            "text": "Feature are awasome"
        }
    ],
    [
        {
            "author": "umesh  wagh",
            "helpful": 0,
            "certBuyer": true,
            "rating": 5,
            "title": "Terrific",
            "text": "good product .offered by flipkart"
        }
    ],
    [
        {
            "author": "Allwin Dass",
            "helpful": 0,
            "certBuyer": true,
            "rating": 5,
            "title": "Wonderful",
            "text": "Wonderful  products"
        }
    ],
    [
        {
            "author": "Naveen Kumar  Nagamallu",
            "helpful": 0,
            "certBuyer": true,
            "rating": 4,
            "title": "Really Nice",
            "text": "Nyc handset"
        }
    ],
    [
        {
            "author": "Flipkart Customer",
            "helpful": 0,
            "certBuyer": true,
            "rating": 5,
            "title": "Worth every penny",
            "text": "Good"
        }
    ],
    [
        {
            "author": "Flipkart Customer",
            "helpful": 0,
            "certBuyer": true,
            "rating": 3,
            "title": "Decent product",
            "text": "Not bad"
        }
    ],
    [
        {
            "author": "Flipkart Customer",
            "helpful": 0,
            "certBuyer": true,
            "rating": 5,
            "title": "Fabulous!",
            "text": "It's good"
        }
    ],
    [
        {
            "author": "karthik lucky",
            "helpful": 0,
            "certBuyer": true,
            "rating": 3,
            "title": "nod bad",
            "text": "Good"
        }
    ],
    [
        {
            "author": "vinod bhatia",
            "helpful": 0,
            "certBuyer": true,
            "rating": 5,
            "title": "Must buy!",
            "text": "Awesome"
        }
    ],
    [
        {
            "author": "Flipkart Customer",
            "helpful": 0,
            "certBuyer": true,
            "rating": 3,
            "title": "Decent product",
            "text": "The phone strucks in between"
        }
    ],
    [
        {
            "author": "dasari manoj kumar",
            "helpful": 0,
            "certBuyer": true,
            "rating": 3,
            "title": "Does the job",
            "text": "Nice. But disappointed with processor series which is old one"
        }
    ],
    [
        {
            "author": "Flipkart Customer",
            "helpful": 1,
            "certBuyer": true,
            "rating": 3,
            "title": "Fair",
            "text": "Average product"
        }
    ],
    [
        {
            "author": "Santosh  Tambade ",
            "helpful": 1,
            "certBuyer": true,
            "rating": 5,
            "title": "Waste of money!",
            "text": "After all it is china"
        }
    ],
    [
        {
            "author": "Flipkart Customer",
            "helpful": 0,
            "certBuyer": true,
            "rating": 5,
            "title": "Mind-blowing purchase",
            "text": "Mighty"
        }
    ],
    [
        {
            "author": "Flipkart Customer",
            "helpful": 0,
            "certBuyer": true,
            "rating": 5,
            "title": "Super!",
            "text": "It is very good  Product"
        }
    ],
    [
        {
            "author": "akash",
            "helpful": 0,
            "certBuyer": true,
            "rating": 5,
            "title": "Must buy!",
            "text": "I like this phone very much it is a nice phone"
        }
    ],
    [
        {
            "author": "Nabam Tagi",
            "helpful": 0,
            "certBuyer": true,
            "rating": 1,
            "title": "Product Bad",
            "text": "Please don't do this to other person. I think this  is  most third class product in the world. And provide return option."
        }
    ],
    [
        {
            "author": "Venkatarao",
            "helpful": 0,
            "certBuyer": true,
            "rating": 2,
            "title": "Bad quality",
            "text": "Bad charching,worst"
        }
    ],
    [
        {
            "author": "Shubham kumar Mahato",
            "helpful": 0,
            "certBuyer": true,
            "rating": 5,
            "title": "Brilliant",
            "text": "Good option to choose !"
        }
    ],
    [
        {
            "author": "sai kumar gunda",
            "helpful": 0,
            "certBuyer": true,
            "rating": 5,
            "title": "Awesome",
            "text": "battry backup is very low"
        }
    ],
    [
        {
            "author": "Flipkart Customer",
            "helpful": 0,
            "certBuyer": true,
            "rating": 4,
            "title": "Wonderful",
            "text": "Nice one but no headphone"
        }
    ],
    [
        {
            "author": "Flipkart Customer",
            "helpful": 0,
            "certBuyer": true,
            "rating": 3,
            "title": "Good",
            "text": "It's good producet but I think there is no dul camera so that bad thing in phone....."
        }
    ],
    [
        {
            "author": "Rajesh Kumar",
            "helpful": 0,
            "certBuyer": true,
            "rating": 5,
            "title": "Simply awesome",
            "text": "Timly dilvery \nLow price gd quality"
        }
    ],
    [
        {
            "author": "vishnu pp",
            "helpful": 0,
            "certBuyer": true,
            "rating": 4,
            "title": "Good quality product",
            "text": "Superb quality product, nice mobile I like it but battery backup is so poor,"
        }
    ],
    [
        {
            "author": "Rohan",
            "helpful": 0,
            "certBuyer": true,
            "rating": 4,
            "title": "Worth the money",
            "text": "Nice product and delivery was fine"
        }
    ],
    [
        {
            "author": "Hari Freeks",
            "helpful": 0,
            "certBuyer": true,
            "rating": 2,
            "title": "Expected a better product",
            "text": "Good for continues phone buyers"
        }
    ],
    [
        {
            "author": "Anil Pareek",
            "helpful": 0,
            "certBuyer": true,
            "rating": 5,
            "title": "Terrific purchase",
            "text": "Greater product"
        }
    ],
    [
        {
            "author": "Flipkart Customer",
            "helpful": 0,
            "certBuyer": true,
            "rating": 5,
            "title": "Awesome",
            "text": "Super"
        }
    ],
    [
        {
            "author": "Ranadeep  Kundu",
            "helpful": 0,
            "certBuyer": true,
            "rating": 5,
            "title": "Perfect product!",
            "text": "Fatty set. Fully hang. Best of muney"
        }
    ],
    [
        {
            "author": "Saddam  Sheikh ",
            "helpful": 1,
            "certBuyer": true,
            "rating": 5,
            "title": "Just wow!",
            "text": "It's battery backup is low"
        }
    ],
    [
        {
            "author": "Sabari Priyan.c.p",
            "helpful": 0,
            "certBuyer": true,
            "rating": 5,
            "title": "Must buy!",
            "text": "It's too cool"
        }
    ],
    [
        {
            "author": "Vijay  Tawhare ",
            "helpful": 1,
            "certBuyer": true,
            "rating": 5,
            "title": "Excellent",
            "text": "This \ud83d\udcf1 is very beautiful"
        }
    ],
    [
        {
            "author": "Salil  Saurav",
            "helpful": 0,
            "certBuyer": true,
            "rating": 5,
            "title": "Highly recommended",
            "text": "Awesome phone with worthable price .good performance, reliable speed."
        }
    ],
    [
        {
            "author": "Sourav  Dawn Modak",
            "helpful": 0,
            "certBuyer": true,
            "rating": 5,
            "title": "Brilliant",
            "text": "Good"
        }
    ],
    [
        {
            "author": "Anil Mehta",
            "helpful": 0,
            "certBuyer": true,
            "rating": 4,
            "title": "Pretty good",
            "text": "nice smartphone"
        }
    ],
    [
        {
            "author": "seenu",
            "helpful": 1,
            "certBuyer": true,
            "rating": 5,
            "title": "Terrific purchase",
            "text": "Super"
        }
    ],
    [
        {
            "author": "kannan sudheer",
            "helpful": 0,
            "certBuyer": true,
            "rating": 5,
            "title": "Five Stars",
            "text": "Superrrrr......"
        }
    ],
    [
        {
            "author": "Christo Thomas",
            "helpful": 1,
            "certBuyer": true,
            "rating": 2,
            "title": "Slightly disappointed",
            "text": "good look but its performance is not good"
        }
    ],
    [
        {
            "author": "praveen raj  r",
            "helpful": 1,
            "certBuyer": true,
            "rating": 4,
            "title": "Four Stars",
            "text": "Thanks for this"
        }
    ],
    [
        {
            "author": "Bhaskar Saha",
            "helpful": 0,
            "certBuyer": true,
            "rating": 5,
            "title": "Best in the market!",
            "text": "It is best mobile for us\nThe price is too low\nAnd the mobile is Awsome"
        }
    ],
    [
        {
            "author": "Flipkart Customer",
            "helpful": 1,
            "certBuyer": true,
            "rating": 4,
            "title": "Good choice",
            "text": "Good"
        }
    ],
    [
        {
            "author": "Jai Prakash  Solly dancer",
            "helpful": 3,
            "certBuyer": true,
            "rating": 5,
            "title": "Highly recommended",
            "text": "This set is osm \nI used this set \nThe best to oppo or Vivo"
        }
    ],
    [
        {
            "author": "kiran kumar",
            "helpful": 3,
            "certBuyer": true,
            "rating": 5,
            "title": "Good choice",
            "text": "Good"
        }
    ],
    [
        {
            "author": "Kishore Kumar MNS",
            "helpful": 1,
            "certBuyer": true,
            "rating": 3,
            "title": "Nice",
            "text": "Speed is not up to the mark"
        }
    ],
    [
        {
            "author": "komal  minz",
            "helpful": 1,
            "certBuyer": true,
            "rating": 5,
            "title": "Very Good",
            "text": "The product is very good and the phone ram is awesome as all the high ram games run very smoothly."
        }
    ],
    [
        {
            "author": "Munira Jarwala",
            "helpful": 1,
            "certBuyer": true,
            "rating": 5,
            "title": "Simply awesome",
            "text": "Hello everyone buy dis mobile it's amazing fast speed I was using cool.pad note 3 so I gifted my bro note 5 superb phone"
        }
    ],
    [
        {
            "author": "Ramu jonnada Ramu",
            "helpful": 1,
            "certBuyer": true,
            "rating": 1,
            "title": "Just okay",
            "text": "Ok"
        }
    ],
    [
        {
            "author": "Shridhar Killiketar",
            "helpful": 0,
            "certBuyer": true,
            "rating": 5,
            "title": "Wonderful",
            "text": "Nice handset"
        }
    ],
    [
        {
            "author": "Murali Annaram",
            "helpful": 0,
            "certBuyer": true,
            "rating": 4,
            "title": "Delightful",
            "text": "Superbb shopping"
        }
    ],
    [
        {
            "author": "Manas mete",
            "helpful": 0,
            "certBuyer": true,
            "rating": 3,
            "title": "Does the job",
            "text": "Nice"
        }
    ],
    [
        {
            "author": "Shreyash Meshram",
            "helpful": 0,
            "certBuyer": true,
            "rating": 1,
            "title": "Does the job",
            "text": "Not good"
        }
    ],
    [
        {
            "author": "Abhishek Bisht",
            "helpful": 0,
            "certBuyer": true,
            "rating": 4,
            "title": "Good quality product",
            "text": "Nice"
        }
    ],
    [
        {
            "author": "Flipkart Customer",
            "helpful": 0,
            "certBuyer": true,
            "rating": 1,
            "title": "Worst experience ever!",
            "text": "Very Bad"
        }
    ],
    [
        {
            "author": "Mahesh Kabbur",
            "helpful": 0,
            "certBuyer": true,
            "rating": 5,
            "title": "Perfect product!",
            "text": "Good product good corriyar partners its good"
        }
    ],
    [
        {
            "author": "Flipkart Customer",
            "helpful": 0,
            "certBuyer": true,
            "rating": 3,
            "title": "Just okay",
            "text": "Not very good but good"
        }
    ],
    [
        {
            "author": "Flipkart Customer",
            "helpful": 0,
            "certBuyer": true,
            "rating": 5,
            "title": "Highly recommended",
            "text": "Nice to deal with u ppl"
        }
    ],
    [
        {
            "author": "Flipkart Customer",
            "helpful": 0,
            "certBuyer": true,
            "rating": 5,
            "title": "Classy product",
            "text": "Nice"
        }
    ],
    [
        {
            "author": "Sandeep Sandeep",
            "helpful": 0,
            "certBuyer": true,
            "rating": 3,
            "title": "Does the job",
            "text": "Nice mbl"
        }
    ],
    [
        {
            "author": "Remant sharma",
            "helpful": 0,
            "certBuyer": true,
            "rating": 5,
            "title": "Wonderful",
            "text": "Fantastic mobile hai"
        }
    ],
    [
        {
            "author": "Raghavendran Raghav",
            "helpful": 0,
            "certBuyer": true,
            "rating": 4,
            "title": "Pretty good",
            "text": "Nice"
        }
    ],
    [
        {
            "author": "Arjun Druva",
            "helpful": 0,
            "certBuyer": true,
            "rating": 4,
            "title": "Worth the money",
            "text": "Very good product"
        }
    ],
    [
        {
            "author": "Guneti Meena",
            "helpful": 0,
            "certBuyer": true,
            "rating": 5,
            "title": "Worth every penny",
            "text": "Nice"
        }
    ],
    [
        {
            "author": "Santoshkumar bathula",
            "helpful": 0,
            "certBuyer": true,
            "rating": 4,
            "title": "Delightful",
            "text": "nice"
        }
    ],
    [
        {
            "author": "Flipkart Customer",
            "helpful": 0,
            "certBuyer": true,
            "rating": 5,
            "title": "Mind-blowing purchase",
            "text": "Good product...i used this phone...camera quality and screen are good in this mobile for this \nprices..."
        }
    ],
    [
        {
            "author": "Maadu G N",
            "helpful": 0,
            "certBuyer": true,
            "rating": 5,
            "title": "Mind-blowing purchase",
            "text": "Nice"
        }
    ],
    [
        {
            "author": "Abdul Wasay",
            "helpful": 0,
            "certBuyer": true,
            "rating": 3,
            "title": "Good",
            "text": "good"
        }
    ],
    [
        {
            "author": "Vidya s",
            "helpful": 0,
            "certBuyer": true,
            "rating": 1,
            "title": "Defect product",
            "text": "Defective item send by provider."
        }
    ],
    [
        {
            "author": "Anandhu pj",
            "helpful": 0,
            "certBuyer": true,
            "rating": 3,
            "title": "Pretty good",
            "text": "Phone was smooth and easy to use... But the speaking mic is not record small sounds...\nNot bad"
        }
    ],
    [
        {
            "author": "Dilip Kumar",
            "helpful": 0,
            "certBuyer": true,
            "rating": 5,
            "title": "Terrific purchase",
            "text": "Very nice"
        }
    ],
    [
        {
            "author": "Anil kumar",
            "helpful": 0,
            "certBuyer": true,
            "rating": 5,
            "title": "coolpad note Lite",
            "text": "Nice  moblie"
        }
    ],
    [
        {
            "author": "Shubham Singh",
            "helpful": 0,
            "certBuyer": true,
            "rating": 5,
            "title": "Terrific purchase",
            "text": "Not bad"
        }
    ],
    [
        {
            "author": "Suman Devnath",
            "helpful": 0,
            "certBuyer": true,
            "rating": 5,
            "title": "Four Stars",
            "text": "On buget"
        }
    ],
    [
        {
            "author": "Flipkart Customer",
            "helpful": 0,
            "certBuyer": true,
            "rating": 4,
            "title": "Four Stars",
            "text": "Good product good running"
        }
    ],
    [
        {
            "author": "Flipkart Customer",
            "helpful": 0,
            "certBuyer": true,
            "rating": 4,
            "title": "Four Stars",
            "text": "Working was good"
        }
    ],
    [
        {
            "author": "Flipkart Customer",
            "helpful": 0,
            "certBuyer": true,
            "rating": 5,
            "title": "Fabulous!",
            "text": "Very Nice"
        }
    ],
    [
        {
            "author": "Flipkart Customer",
            "helpful": 0,
            "certBuyer": true,
            "rating": 4,
            "title": "Nice product",
            "text": "Good phone"
        }
    ],
    [
        {
            "author": "Sisir das",
            "helpful": 0,
            "certBuyer": true,
            "rating": 5,
            "title": "Highly recommended",
            "text": "nice"
        }
    ],
    [
        {
            "author": "Flipkart Customer",
            "helpful": 0,
            "certBuyer": true,
            "rating": 4,
            "title": "Worth the money",
            "text": "Good"
        }
    ],
    [
        {
            "author": "dinedinesh",
            "helpful": 0,
            "certBuyer": true,
            "rating": 5,
            "title": "Terrific",
            "text": "Good"
        }
    ],
    [
        {
            "author": "Sk.  Suraj ",
            "helpful": 0,
            "certBuyer": true,
            "rating": 3,
            "title": "Nice",
            "text": "Thank you"
        }
    ],
    [
        {
            "author": "Flipkart Customer",
            "helpful": 0,
            "certBuyer": true,
            "rating": 5,
            "title": "Must buy!",
            "text": "I have received my coolpad note 5 lite its so oll"
        }
    ],
    [
        {
            "author": "Flipkart Customer",
            "helpful": 0,
            "certBuyer": true,
            "rating": 5,
            "title": "Mind-blowing purchase",
            "text": "Tqq"
        }
    ],
    [
        {
            "author": "Flipkart Customer",
            "helpful": 0,
            "certBuyer": true,
            "rating": 5,
            "title": "Just wow!",
            "text": "Good mobile"
        }
    ],
    [
        {
            "author": "SACHIN  MALI ",
            "helpful": 0,
            "certBuyer": true,
            "rating": 5,
            "title": "Awesome",
            "text": "nice productl"
        }
    ],
    [
        {
            "author": "Flipkart Customer",
            "helpful": 10,
            "certBuyer": true,
            "rating": 1,
            "title": "Utterly Disappointed",
            "text": "I will not get headphone"
        }
    ],
    [
        {
            "author": "Waquar Ahmad",
            "helpful": 7,
            "certBuyer": true,
            "rating": 1,
            "title": "Camera quality",
            "text": "Camera quality is very bad. Flipkart policy is not good to return the material. Because of Flipkart policy, I will never purchase from Flipkart."
        }
    ],
    [
        {
            "author": "Flipkart Customer",
            "helpful": 4,
            "certBuyer": true,
            "rating": 5,
            "title": "Best in the market!",
            "text": "Best service by flipkart"
        }
    ],
    [
        {
            "author": "Flipkart Customer",
            "helpful": 5,
            "certBuyer": true,
            "rating": 2,
            "title": "Not good",
            "text": "sick product dont buy"
        }
    ],
    [
        {
            "author": "Flipkart Customer",
            "helpful": 1,
            "certBuyer": true,
            "rating": 4,
            "title": "Very Good",
            "text": "Deliveryman is not perfect"
        }
    ],
    [
        {
            "author": "Manas Sahu",
            "helpful": 0,
            "certBuyer": true,
            "rating": 5,
            "title": "Highly recommended",
            "text": "best service"
        }
    ],
    [
        {
            "author": "Flipkart Customer",
            "helpful": 0,
            "certBuyer": true,
            "rating": 5,
            "title": "Five Stars",
            "text": "Excellent..good battery back up ..good android system's..this is pure made in india product"
        }
    ],
    [
        {
            "author": "Anilkumar Madhavapanikar",
            "helpful": 0,
            "certBuyer": true,
            "rating": 5,
            "title": "Five Stars",
            "text": "Awesome"
        }
    ],
    [
        {
            "author": "Raj Kumar",
            "helpful": 0,
            "certBuyer": true,
            "rating": 5,
            "title": "Five Stars",
            "text": "Thanks to flipkart good mobile"
        }
    ],
    [
        {
            "author": "Sarjan mia",
            "helpful": 0,
            "certBuyer": true,
            "rating": 5,
            "title": "Five Stars",
            "text": "Thanks to flipkart"
        }
    ],
    [
        {
            "author": "Flipkart Customer",
            "helpful": 2,
            "certBuyer": true,
            "rating": 5,
            "title": "Fabulous!",
            "text": "The service  is good  but we need  speed"
        }
    ],
    [
        {
            "author": "murugesan mv",
            "helpful": 1,
            "certBuyer": true,
            "rating": 2,
            "title": "Two Stars",
            "text": "Super"
        }
    ],
    [
        {
            "author": "Flipkart Customer",
            "helpful": 0,
            "certBuyer": true,
            "rating": 5,
            "title": "Super!",
            "text": "Nice experience as well as flip cart and coolpad"
        }
    ]
]