[
    [
        {
            "author": "Flipkart Customer",
            "helpful": 56,
            "certBuyer": true,
            "rating": 5,
            "title": "Super!",
            "text": "Awesome phone very good I liked it very much."
        }
    ],
    [
        {
            "author": "MITHUN LAL",
            "helpful": 59,
            "certBuyer": true,
            "rating": 5,
            "title": "Just wow!",
            "text": "its terefic under 8k....thankssss flipkert"
        }
    ],
    [
        {
            "author": "Flipkart Customer",
            "helpful": 44,
            "certBuyer": true,
            "rating": 5,
            "title": "Fabulous!",
            "text": "Suprb phone for 8k"
        }
    ],
    [
        {
            "author": "Flipkart Customer",
            "helpful": 5,
            "certBuyer": true,
            "rating": 5,
            "title": "Brilliant",
            "text": "Nice mobile"
        }
    ],
    [
        {
            "author": "Snehal Nale",
            "helpful": 7,
            "certBuyer": true,
            "rating": 4,
            "title": "\"coolpad is cool enough\"",
            "text": "Product was shipped on time happy for that.. best smartphone within 8000 but had some glitches while operating, same network problem not connecting 4g fast.if connected hardly works 5-10 mins.needs to refresh network again and again....hope so industry will work on this issue"
        }
    ],
    [
        {
            "author": "Flipkart Customer",
            "helpful": 2,
            "certBuyer": true,
            "rating": 1,
            "title": "Did not meet expectations",
            "text": "I am received this item default one. Mic not working properly"
        }
    ],
    [
        {
            "author": "kumar",
            "helpful": 2,
            "certBuyer": true,
            "rating": 4,
            "title": "Wonderful",
            "text": "Great phone for price."
        }
    ],
    [
        {
            "author": "Flipkart Customer",
            "helpful": 1,
            "certBuyer": true,
            "rating": 3,
            "title": "Does the job",
            "text": "Good in this Price category"
        }
    ],
    [
        {
            "author": "Aloke  Behera",
            "helpful": 1,
            "certBuyer": true,
            "rating": 5,
            "title": "Excellent",
            "text": "Nice mobile having awesome function"
        }
    ],
    [
        {
            "author": "Flipkart Customer",
            "helpful": 1,
            "certBuyer": true,
            "rating": 5,
            "title": "Wonderful",
            "text": "Good"
        }
    ],
    [
        {
            "author": "Flipkart Customer",
            "helpful": 1,
            "certBuyer": true,
            "rating": 4,
            "title": "Delightful",
            "text": "Good operating and smoother"
        }
    ],
    [
        {
            "author": "Ram Kumar",
            "helpful": 1,
            "certBuyer": true,
            "rating": 5,
            "title": "Great product",
            "text": "Very good phone"
        }
    ],
    [
        {
            "author": "silambarasan simbu",
            "helpful": 1,
            "certBuyer": true,
            "rating": 4,
            "title": "Good quality product",
            "text": "Pls check the coolpad mobile flipkart"
        }
    ],
    [
        {
            "author": "Flipkart Customer",
            "helpful": 1,
            "certBuyer": true,
            "rating": 4,
            "title": "Good choice",
            "text": "For this price this is a beautiful product"
        }
    ],
    [
        {
            "author": "Akshay Krishna",
            "helpful": 1,
            "certBuyer": true,
            "rating": 5,
            "title": "Highly recommended",
            "text": "Fantastic phone for this range.but the only problem is that we can only put 1 sim at a time"
        }
    ],
    [
        {
            "author": "Subham  Roy",
            "helpful": 1,
            "certBuyer": true,
            "rating": 5,
            "title": "Worth every penny",
            "text": "It's a very good phn colour is super camera also good,,good phone"
        }
    ],
    [
        {
            "author": "Rohit passi",
            "helpful": 1,
            "certBuyer": true,
            "rating": 4,
            "title": "Pretty good",
            "text": "Its a good looking phone and very smooth a nice one"
        }
    ],
    [
        {
            "author": "Flipkart Customer",
            "helpful": 1,
            "certBuyer": true,
            "rating": 3,
            "title": "Good",
            "text": "Ok product...heating"
        }
    ],
    [
        {
            "author": "Flipkart Customer",
            "helpful": 1,
            "certBuyer": true,
            "rating": 4,
            "title": "Wonderful",
            "text": "phone is amazing but baatery backup"
        }
    ],
    [
        {
            "author": "Hemanta Pradhan",
            "helpful": 1,
            "certBuyer": true,
            "rating": 2,
            "title": "Slightly disappointed",
            "text": "Battery backup is bad.. camera also not so good..."
        }
    ],
    [
        {
            "author": "Prakash",
            "helpful": 0,
            "certBuyer": true,
            "rating": 5,
            "title": "Great product",
            "text": "Super"
        }
    ],
    [
        {
            "author": "Shree Itagi",
            "helpful": 0,
            "certBuyer": true,
            "rating": 5,
            "title": "Wonderful",
            "text": "Super"
        }
    ],
    [
        {
            "author": "Flipkart Customer",
            "helpful": 0,
            "certBuyer": true,
            "rating": 1,
            "title": "Unsatisfactory",
            "text": "Worst phone,"
        }
    ],
    [
        {
            "author": "Yousuff Shariff",
            "helpful": 0,
            "certBuyer": true,
            "rating": 5,
            "title": "Fabulous!",
            "text": "Very good product"
        }
    ],
    [
        {
            "author": "Manash Kumar Kanta",
            "helpful": 0,
            "certBuyer": true,
            "rating": 4,
            "title": "Good quality product",
            "text": "Awesome"
        }
    ],
    [
        {
            "author": "Ravi Kumar",
            "helpful": 0,
            "certBuyer": true,
            "rating": 3,
            "title": "Does the job",
            "text": "Wow"
        }
    ],
    [
        {
            "author": "SAYYED NOOR",
            "helpful": 0,
            "certBuyer": true,
            "rating": 4,
            "title": "Very Good",
            "text": "Average"
        }
    ],
    [
        {
            "author": "Lavanya Ramachandran",
            "helpful": 0,
            "certBuyer": true,
            "rating": 5,
            "title": "Just wow!",
            "text": "Really good...best product..."
        }
    ],
    [
        {
            "author": "Flipkart Customer",
            "helpful": 0,
            "certBuyer": true,
            "rating": 5,
            "title": "Wonderful",
            "text": "Not good coolpad mega 2.5 is very bad"
        }
    ],
    [
        {
            "author": "Radhemohan Ranjan",
            "helpful": 0,
            "certBuyer": true,
            "rating": 5,
            "title": "best im happy",
            "text": "good work"
        }
    ],
    [
        {
            "author": "Madhu prasad",
            "helpful": 0,
            "certBuyer": true,
            "rating": 5,
            "title": "Wonderful",
            "text": "Good"
        }
    ],
    [
        {
            "author": "Rishikesh Javje",
            "helpful": 0,
            "certBuyer": true,
            "rating": 5,
            "title": "Perfect product!",
            "text": "Coolpad is cooooool"
        }
    ],
    [
        {
            "author": "Flipkart Customer",
            "helpful": 0,
            "certBuyer": true,
            "rating": 5,
            "title": "Worth every penny",
            "text": "Super mobile"
        }
    ],
    [
        {
            "author": "Balai Das",
            "helpful": 0,
            "certBuyer": true,
            "rating": 5,
            "title": "Just wow!",
            "text": "Habby mobile"
        }
    ],
    [
        {
            "author": "Srinivas Nadiminti",
            "helpful": 0,
            "certBuyer": true,
            "rating": 4,
            "title": "Very Good",
            "text": "Nice Product"
        }
    ],
    [
        {
            "author": "Flipkart Customer",
            "helpful": 0,
            "certBuyer": true,
            "rating": 3,
            "title": "Good",
            "text": "Overall good"
        }
    ],
    [
        {
            "author": "venkaeswara rao meruva",
            "helpful": 0,
            "certBuyer": true,
            "rating": 3,
            "title": "Good",
            "text": "Good product, but its look is not good"
        }
    ],
    [
        {
            "author": "Dadigiri Naresh",
            "helpful": 0,
            "certBuyer": true,
            "rating": 5,
            "title": "Classy product",
            "text": "Cool pad very nice products. Iam very happy"
        }
    ],
    [
        {
            "author": "MS. MAHESH",
            "helpful": 0,
            "certBuyer": true,
            "rating": 5,
            "title": "Great product",
            "text": "Good"
        }
    ],
    [
        {
            "author": "Flipkart Customer",
            "helpful": 0,
            "certBuyer": true,
            "rating": 3,
            "title": "Expected a better product",
            "text": "Good product but cost is high and looking not good"
        }
    ],
    [
        {
            "author": "Flipkart Customer",
            "helpful": 0,
            "certBuyer": true,
            "rating": 4,
            "title": "Nice product",
            "text": "Good"
        }
    ],
    [
        {
            "author": "sunil  patil",
            "helpful": 0,
            "certBuyer": true,
            "rating": 3,
            "title": "Decent product",
            "text": "Good phone for budget"
        }
    ],
    [
        {
            "author": "Yoga Lakshmi",
            "helpful": 0,
            "certBuyer": true,
            "rating": 5,
            "title": "Awesome",
            "text": "Good"
        }
    ],
    [
        {
            "author": "husain Sadriwala",
            "helpful": 0,
            "certBuyer": true,
            "rating": 5,
            "title": "Wonderful",
            "text": "COOL PAD Name itself show how cool phone #no 1 in design ,compatible, lookwise,greattt feture phone."
        }
    ],
    [
        {
            "author": "KARTHIK NAVEENA BHARADHI",
            "helpful": 0,
            "certBuyer": true,
            "rating": 5,
            "title": "super",
            "text": "super"
        }
    ],
    [
        {
            "author": "R Anandakumar",
            "helpful": 0,
            "certBuyer": true,
            "rating": 4,
            "title": "Value-for-money",
            "text": "Good product and prompt delivery, thanks to Flipkart"
        }
    ],
    [
        {
            "author": "Flipkart Customer",
            "helpful": 0,
            "certBuyer": true,
            "rating": 4,
            "title": "Pretty good",
            "text": "Good item"
        }
    ],
    [
        {
            "author": "Shubham naresh badhe Badhe",
            "helpful": 9,
            "certBuyer": true,
            "rating": 5,
            "title": "Five Stars",
            "text": "nice prodkt suparrr"
        }
    ],
    [
        {
            "author": "Flipkart Customer",
            "helpful": 7,
            "certBuyer": true,
            "rating": 5,
            "title": "Five Stars",
            "text": "Nice product"
        }
    ],
    [
        {
            "author": "Venkatesh Dakoju",
            "helpful": 3,
            "certBuyer": true,
            "rating": 1,
            "title": "Did not meet expectations",
            "text": "Not working mobile  charging complaint"
        }
    ],
    [
        {
            "author": "venkataswamy  M",
            "helpful": 0,
            "certBuyer": true,
            "rating": 5,
            "title": "Classy product",
            "text": "Thanks flipkart"
        }
    ]
]