[
    [
        {
            "author": "himanshu singh",
            "helpful": 145,
            "certBuyer": false,
            "rating": 5,
            "title": "nice",
            "text": "Nice"
        }
    ],
    [
        {
            "author": "Vikash Kumar",
            "helpful": 48,
            "certBuyer": true,
            "rating": 2,
            "title": "Not recommended at all",
            "text": "Battery backup is very bad at this price point. Everyday a new problem found in this phone and lots of lag in this phone. Think twice before buy this phone."
        }
    ],
    [
        {
            "author": "Amrendra Saxena",
            "helpful": 108,
            "certBuyer": false,
            "rating": 5,
            "title": "Fabulous!",
            "text": "Good phone!"
        }
    ],
    [
        {
            "author": "Parvathi B S",
            "helpful": 138,
            "certBuyer": false,
            "rating": 1,
            "title": "Useless product",
            "text": "Dont  buy coolpad phones...\nIm still waiting for marshamallow update"
        }
    ],
    [
        {
            "author": "pushpkar pushp",
            "helpful": 13,
            "certBuyer": true,
            "rating": 1,
            "title": "Absolute rubbish!",
            "text": "very poor sound and camera quality"
        }
    ],
    [
        {
            "author": "Flipkart Customer",
            "helpful": 7,
            "certBuyer": false,
            "rating": 1,
            "title": "Unsatisfactory",
            "text": "Dont buy this mobile software is very irritation operating"
        }
    ],
    [
        {
            "author": "Ajay kumar",
            "helpful": 6,
            "certBuyer": true,
            "rating": 3,
            "title": "Met Expectations",
            "text": "Not good"
        }
    ],
    [
        {
            "author": "Sheela Hembram",
            "helpful": 9,
            "certBuyer": false,
            "rating": 1,
            "title": "Don't waste your money",
            "text": "Tooo bad"
        }
    ],
    [
        {
            "author": "Flipkart Customer",
            "helpful": 3,
            "certBuyer": false,
            "rating": 5,
            "title": "Excellent",
            "text": "It's very nice smartphone"
        }
    ],
    [
        {
            "author": "shadman muzammil",
            "helpful": 2,
            "certBuyer": true,
            "rating": 5,
            "title": "Classy product",
            "text": "It is amazing experience to shop with Flipkart.. It's deliverer time to time"
        }
    ],
    [
        {
            "author": "Lal Bahadur Kirodia",
            "helpful": 2,
            "certBuyer": true,
            "rating": 2,
            "title": "Brilliant",
            "text": "Poor quality. Battery problem."
        }
    ],
    [
        {
            "author": "Anjishnu Mukherjee",
            "helpful": 4,
            "certBuyer": false,
            "rating": 5,
            "title": "Super!",
            "text": "great"
        }
    ],
    [
        {
            "author": "Flipkart Customer",
            "helpful": 6,
            "certBuyer": false,
            "rating": 1,
            "title": "Worst experience ever!",
            "text": "Very bad product , don't buy nonsense focus of its camera bad camera quality and gaming experience is not so good while playing any 95 mb game its hand a bit but display quality is good"
        }
    ],
    [
        {
            "author": "Flipkart Customer",
            "helpful": 2,
            "certBuyer": false,
            "rating": 4,
            "title": "Good quality product",
            "text": "Good phone but the problem is with the battery"
        }
    ],
    [
        {
            "author": "Gaurav  Tiwari ",
            "helpful": 0,
            "certBuyer": true,
            "rating": 1,
            "title": "Money waistage ....very poor service",
            "text": "Camera,display and earphone and phone switch off automatically  just like local China mobile.... 4 days has been passed of my complaint no one respond. \nNever buy.........."
        }
    ],
    [
        {
            "author": "Kusuma Dasharath",
            "helpful": 0,
            "certBuyer": true,
            "rating": 1,
            "title": "Worst experience ever!",
            "text": "Very bad product plz do not buyyyy....."
        }
    ],
    [
        {
            "author": "Flipkart Customer",
            "helpful": 0,
            "certBuyer": true,
            "rating": 1,
            "title": "Useless product",
            "text": "My mobile phone now damage"
        }
    ],
    [
        {
            "author": "Flipkart Customer",
            "helpful": 1,
            "certBuyer": true,
            "rating": 4,
            "title": "Delightful",
            "text": "Phone is ok with every features but the only thing i felt does'nt work good is that the touch screen is not that smooth.but with so much features at this rate phone is worth."
        }
    ],
    [
        {
            "author": "Ramki Renu",
            "helpful": 1,
            "certBuyer": true,
            "rating": 4,
            "title": "Wonderful",
            "text": "Sim problem"
        }
    ],
    [
        {
            "author": "Srinivas Shetty",
            "helpful": 0,
            "certBuyer": true,
            "rating": 5,
            "title": "Best in the market!",
            "text": "Ok not upto that mark"
        }
    ],
    [
        {
            "author": "Riddhi Adkar",
            "helpful": 0,
            "certBuyer": true,
            "rating": 3,
            "title": "Just okay",
            "text": "Good"
        }
    ],
    [
        {
            "author": "Akraty Patkar",
            "helpful": 0,
            "certBuyer": false,
            "rating": 5,
            "title": "Great product",
            "text": "Yo product"
        }
    ],
    [
        {
            "author": "raj maurya",
            "helpful": 1,
            "certBuyer": false,
            "rating": 5,
            "title": "coolpad note 3s",
            "text": "Good phone and good features at this price \nNice phone"
        }
    ],
    [
        {
            "author": "Ravishankar  JangIr",
            "helpful": 0,
            "certBuyer": true,
            "rating": 3,
            "title": "Above-average product",
            "text": "Demge phone do not by guyzz .. \nAll redy hanging problem problem.."
        }
    ],
    [
        {
            "author": "Mohan  Vasupalli ",
            "helpful": 0,
            "certBuyer": false,
            "rating": 5,
            "title": "Highly recommended",
            "text": "Superb"
        }
    ],
    [
        {
            "author": "MADESH M",
            "helpful": 0,
            "certBuyer": true,
            "rating": 5,
            "title": "Fabulous!",
            "text": "Good"
        }
    ],
    [
        {
            "author": "Deekshith S Kapikad",
            "helpful": 1,
            "certBuyer": false,
            "rating": 4,
            "title": "Wonderful",
            "text": "Nice product"
        }
    ],
    [
        {
            "author": "Flipkart Customer",
            "helpful": 0,
            "certBuyer": false,
            "rating": 5,
            "title": "Simply awesome",
            "text": "Nice phone very very good performance"
        }
    ],
    [
        {
            "author": "Shashi kant kumar",
            "helpful": 0,
            "certBuyer": false,
            "rating": 5,
            "title": "Good mobile",
            "text": "Super..."
        }
    ],
    [
        {
            "author": "Flipkart Customer",
            "helpful": 1,
            "certBuyer": false,
            "rating": 5,
            "title": "Super!",
            "text": "Cool pad is awesome but i buyed cool pad mega 2.5d u buy is more awesome"
        }
    ],
    [
        {
            "author": "sivaraman jaganathan",
            "helpful": 0,
            "certBuyer": true,
            "rating": 4,
            "title": "Very Good",
            "text": "thank i"
        }
    ],
    [
        {
            "author": "Flipkart Customer",
            "helpful": 0,
            "certBuyer": false,
            "rating": 5,
            "title": "Classy product",
            "text": "Awesome"
        }
    ],
    [
        {
            "author": "Babu Sahoo",
            "helpful": 1,
            "certBuyer": false,
            "rating": 5,
            "title": "Perfect product!",
            "text": "Nice phone"
        }
    ],
    [
        {
            "author": "Sanjay Sharma",
            "helpful": 4,
            "certBuyer": true,
            "rating": 4,
            "title": "Good phone",
            "text": "Good phone from coolpad \n\nUsing this phone from last two months. Its a good phone for price . Battery can be more better otherwise everything good"
        }
    ],
    [
        {
            "author": "Milton Dewan",
            "helpful": 3,
            "certBuyer": true,
            "rating": 5,
            "title": "Just wow!",
            "text": "Well first of all than you flipkart for excellent delivery.. Got this product just after 6 days of order placed. Now lets talk about phone. \nThis phone is avg.Camera is good too but as 13 megapixel camera is quite less but its good. And the front camera also. One thing which made me disappointed is the battery with this range u can get better than this\nAll other function of this phone is good\nand i can give 8 out of 10f ratings."
        }
    ],
    [
        {
            "author": "Flipkart Customer",
            "helpful": 2,
            "certBuyer": false,
            "rating": 1,
            "title": "Did not meet expectations",
            "text": "Never buy coolpad .I made a big mistake by buying coolpad phone I recommend u to buy xiaomi or lenovo ,Asus Is also a good choice .Asus phone never heat up much."
        }
    ],
    [
        {
            "author": "Flipkart Customer",
            "helpful": 4,
            "certBuyer": true,
            "rating": 1,
            "title": "Very bad performance and very bad policy",
            "text": "I heard that the product is very good one that's why I bought it from Flipkart. There service is good delivered the material within the stipulated date. But the phone is very heating and battery get drained very soon. While requested for return back they close the complaint without enquiring anything. This is the first time I am receiving such a bad instance through flipkart. So sad to give this review"
        }
    ],
    [
        {
            "author": "Flipkart Customer",
            "helpful": 1,
            "certBuyer": true,
            "rating": 5,
            "title": "Just wow!",
            "text": "Nice for good style\nAnd good product"
        }
    ],
    [
        {
            "author": "Manikanta V",
            "helpful": 1,
            "certBuyer": true,
            "rating": 4,
            "title": "Value-for-money",
            "text": "Cool pad is cool product"
        }
    ],
    [
        {
            "author": "SUDIPTA MANNA",
            "helpful": 1,
            "certBuyer": true,
            "rating": 5,
            "title": "Terrific purchase",
            "text": "awesome camera"
        }
    ],
    [
        {
            "author": "Flipkart Customer",
            "helpful": 1,
            "certBuyer": false,
            "rating": 5,
            "title": "Perfect product!",
            "text": "Nice"
        }
    ],
    [
        {
            "author": "Flipkart Customer",
            "helpful": 1,
            "certBuyer": false,
            "rating": 5,
            "title": "Best in the market!",
            "text": "Odisha. keongher. PS-Anandapur .post -Bhankhidi. Village -sadangi"
        }
    ],
    [
        {
            "author": "Flipkart Customer",
            "helpful": 1,
            "certBuyer": false,
            "rating": 5,
            "title": "Brilliant",
            "text": "Nice mobile"
        }
    ],
    [
        {
            "author": "Mrudul Raj",
            "helpful": 1,
            "certBuyer": true,
            "rating": 5,
            "title": "Simply awesome",
            "text": "Nice"
        }
    ],
    [
        {
            "author": "Flipkart Customer",
            "helpful": 1,
            "certBuyer": false,
            "rating": 5,
            "title": "Highly recommended",
            "text": "Super mobile"
        }
    ],
    [
        {
            "author": "nisha  singh",
            "helpful": 4,
            "certBuyer": false,
            "rating": 5,
            "title": "Classy product",
            "text": "I have been using this mobile for more than a year....  I never faced any issues with it.  It operates very smooth...  Camera is very good along with sound quality. The back is made of plastic.  But rest its awesome... Worth buying!!..."
        }
    ],
    [
        {
            "author": "Flipkart Customer",
            "helpful": 1,
            "certBuyer": true,
            "rating": 5,
            "title": "Simply awesome",
            "text": "Nice phone good clarity and very nice performance"
        }
    ],
    [
        {
            "author": "chiranjeevi banana",
            "helpful": 0,
            "certBuyer": true,
            "rating": 1,
            "title": "Terrible product",
            "text": "Charging west"
        }
    ],
    [
        {
            "author": "Flipkart Customer",
            "helpful": 0,
            "certBuyer": true,
            "rating": 1,
            "title": "Did not meet expectations",
            "text": "No battery packup"
        }
    ],
    [
        {
            "author": "Mani  varma",
            "helpful": 0,
            "certBuyer": true,
            "rating": 4,
            "title": "Really Nice",
            "text": "Nice"
        }
    ],
    [
        {
            "author": "Pavi Abi",
            "helpful": 0,
            "certBuyer": true,
            "rating": 5,
            "title": "Excellent",
            "text": "Nizzz but tempered glass not in phone"
        }
    ],
    [
        {
            "author": "Flipkart Customer",
            "helpful": 0,
            "certBuyer": true,
            "rating": 1,
            "title": "Very poor",
            "text": "Battery worst. And also software not. Update dont buy coolpad models"
        }
    ],
    [
        {
            "author": "gajendra saini",
            "helpful": 0,
            "certBuyer": true,
            "rating": 5,
            "title": "Classy product",
            "text": "Nice.."
        }
    ],
    [
        {
            "author": "Saiesh Betkiker",
            "helpful": 0,
            "certBuyer": true,
            "rating": 5,
            "title": "Just wow!",
            "text": "Awesome"
        }
    ],
    [
        {
            "author": "sunil  ade",
            "helpful": 0,
            "certBuyer": true,
            "rating": 5,
            "title": "Simply awesome",
            "text": "Good"
        }
    ],
    [
        {
            "author": "Flipkart Customer",
            "helpful": 0,
            "certBuyer": true,
            "rating": 5,
            "title": "Just wow!",
            "text": "Nice"
        }
    ],
    [
        {
            "author": "Flipkart Customer",
            "helpful": 0,
            "certBuyer": true,
            "rating": 5,
            "title": "Worth every penny",
            "text": "Very good condition"
        }
    ],
    [
        {
            "author": "Athira  M S",
            "helpful": 0,
            "certBuyer": true,
            "rating": 1,
            "title": "Brilliant",
            "text": "Very bad batteryyy back up is very poor... Waste of moneyy"
        }
    ],
    [
        {
            "author": "robin Sharma",
            "helpful": 0,
            "certBuyer": true,
            "rating": 5,
            "title": "Awesome",
            "text": "Going good"
        }
    ],
    [
        {
            "author": "Flipkart Customer",
            "helpful": 0,
            "certBuyer": true,
            "rating": 5,
            "title": "Highly recommended",
            "text": "Superb"
        }
    ],
    [
        {
            "author": "Flipkart Customer",
            "helpful": 0,
            "certBuyer": true,
            "rating": 5,
            "title": "Terrific purchase",
            "text": "Good"
        }
    ],
    [
        {
            "author": "Flipkart Customer",
            "helpful": 0,
            "certBuyer": true,
            "rating": 1,
            "title": "Unsatisfactory",
            "text": "Not satisfied"
        }
    ],
    [
        {
            "author": "Pesala Sandeep",
            "helpful": 0,
            "certBuyer": true,
            "rating": 4,
            "title": "Delightful",
            "text": "Good"
        }
    ],
    [
        {
            "author": "Flipkart Customer",
            "helpful": 0,
            "certBuyer": true,
            "rating": 4,
            "title": "Nice product",
            "text": "Nice phone battery backup"
        }
    ],
    [
        {
            "author": "Rakesh suthar",
            "helpful": 0,
            "certBuyer": true,
            "rating": 4,
            "title": "Pretty good",
            "text": "This is fantastic deal\nThet mobile is asm\nTo good"
        }
    ],
    [
        {
            "author": "Errolla Ranjith",
            "helpful": 0,
            "certBuyer": true,
            "rating": 3,
            "title": "Good mobile I like this",
            "text": "Quality x-lent amazing product I love this mobile"
        }
    ],
    [
        {
            "author": "Flipkart Customer",
            "helpful": 0,
            "certBuyer": true,
            "rating": 2,
            "title": "Moderate",
            "text": "Not good"
        }
    ],
    [
        {
            "author": "satish varma ",
            "helpful": 0,
            "certBuyer": true,
            "rating": 5,
            "title": "Worth every penny",
            "text": "Nice"
        }
    ],
    [
        {
            "author": "Flipkart Customer",
            "helpful": 0,
            "certBuyer": true,
            "rating": 4,
            "title": "Good choice",
            "text": "Best phone is Coolpad note 3s"
        }
    ],
    [
        {
            "author": "Narender Kandari",
            "helpful": 0,
            "certBuyer": true,
            "rating": 5,
            "title": "Classy product",
            "text": "Very Good Phone"
        }
    ],
    [
        {
            "author": "Farhad  Islam ",
            "helpful": 0,
            "certBuyer": true,
            "rating": 5,
            "title": "Worth every penny",
            "text": "Good"
        }
    ],
    [
        {
            "author": "Flipkart Customer",
            "helpful": 0,
            "certBuyer": true,
            "rating": 5,
            "title": "Classy product",
            "text": "Very good mobile"
        }
    ],
    [
        {
            "author": "Flipkart Customer",
            "helpful": 0,
            "certBuyer": true,
            "rating": 5,
            "title": "Simply awesome",
            "text": "Jst awesome"
        }
    ],
    [
        {
            "author": "Flipkart Customer",
            "helpful": 0,
            "certBuyer": true,
            "rating": 4,
            "title": "Good choice",
            "text": "It's awesome n looks beautiful"
        }
    ],
    [
        {
            "author": "Punith S Gowdalli",
            "helpful": 0,
            "certBuyer": true,
            "rating": 5,
            "title": "Excellent",
            "text": "Very good mobile...  I loved it..."
        }
    ],
    [
        {
            "author": "?????? ??????",
            "helpful": 0,
            "certBuyer": true,
            "rating": 5,
            "title": "Best in the market!",
            "text": "Nice app"
        }
    ],
    [
        {
            "author": "Flipkart Customer",
            "helpful": 0,
            "certBuyer": false,
            "rating": 5,
            "title": "Must buy!",
            "text": "Good"
        }
    ],
    [
        {
            "author": "Arpit",
            "helpful": 0,
            "certBuyer": true,
            "rating": 5,
            "title": "Great product",
            "text": "Good and owsome phone and long lasting battery"
        }
    ],
    [
        {
            "author": "Mohamed  Hishan",
            "helpful": 0,
            "certBuyer": false,
            "rating": 2,
            "title": "Moderate",
            "text": "Don't buy coolpad mobiles the battery is very very low please don't buy...... I hate this kibble....."
        }
    ],
    [
        {
            "author": "suraj kumar",
            "helpful": 0,
            "certBuyer": false,
            "rating": 1,
            "title": "Unsatisfactory",
            "text": "Madharchod mobile"
        }
    ],
    [
        {
            "author": "Nagesh prasad Prasad",
            "helpful": 0,
            "certBuyer": true,
            "rating": 3,
            "title": "Decent product",
            "text": "This product was nice but it's costly"
        }
    ],
    [
        {
            "author": "Md safdar  Sami",
            "helpful": 0,
            "certBuyer": true,
            "rating": 5,
            "title": "Terrific purchase",
            "text": "This is a really good phone &superb beautiful"
        }
    ],
    [
        {
            "author": "Manu Krishnan",
            "helpful": 0,
            "certBuyer": true,
            "rating": 3,
            "title": "Good",
            "text": "Nice set  \nBattery is only 2500mah that's only problem \neven though it has enough capacity"
        }
    ],
    [
        {
            "author": "Siddhant Khandelwal",
            "helpful": 0,
            "certBuyer": false,
            "rating": 4,
            "title": "Nice product",
            "text": "Phone is good but can we put a memory card in it"
        }
    ],
    [
        {
            "author": "Appanna Butcha",
            "helpful": 0,
            "certBuyer": true,
            "rating": 5,
            "title": "Must buy!",
            "text": "Nyc"
        }
    ],
    [
        {
            "author": "Flipkart Customer",
            "helpful": 0,
            "certBuyer": true,
            "rating": 4,
            "title": "Really Nice",
            "text": "Good product"
        }
    ],
    [
        {
            "author": "Shivaraj Kollur",
            "helpful": 2,
            "certBuyer": true,
            "rating": 1,
            "title": "Need Refund",
            "text": "Hi Flipkart,\n\nI want to cancel this and I need my amount back, please process this asap."
        }
    ],
    [
        {
            "author": "Jay shankar Chourasiya",
            "helpful": 0,
            "certBuyer": true,
            "rating": 5,
            "title": "Terrific",
            "text": "Pls replace my mobile this product is damaged"
        }
    ],
    [
        {
            "author": "Srinivas K",
            "helpful": 1,
            "certBuyer": true,
            "rating": 5,
            "title": "Five Stars",
            "text": "Nice"
        }
    ],
    [
        {
            "author": "Kiran Dev",
            "helpful": 0,
            "certBuyer": true,
            "rating": 1,
            "title": "Horrible",
            "text": "Waste of mobile"
        }
    ],
    [
        {
            "author": "Suvojit Dhara",
            "helpful": 1,
            "certBuyer": true,
            "rating": 5,
            "title": "Awesome",
            "text": "Thanks Flipkart for tha quick delivery"
        }
    ],
    [
        {
            "author": "Murali Sree",
            "helpful": 1,
            "certBuyer": false,
            "rating": 1,
            "title": "Worst experience ever!",
            "text": "Mobile was not working please return"
        }
    ],
    [
        {
            "author": "Bijoy jana",
            "helpful": 0,
            "certBuyer": false,
            "rating": 4,
            "title": "Nice product",
            "text": "Cancel"
        }
    ]
]