[
    [
        {
            "author": "Flipkart Customer",
            "helpful": 537,
            "certBuyer": false,
            "rating": 4,
            "title": "Very Good",
            "text": "Good-display /\nAwsm-batteries /\nNice- headphones in sound\nExactly excllent camera both\nAnd litter hit\nBut can take quick crg 2hr\nNot for hvy raff gmer\nButtt trulyyyy 80-/- peple fr thats\nChallange"
        }
    ],
    [
        {
            "author": "musammil kpm",
            "helpful": 347,
            "certBuyer": true,
            "rating": 5,
            "title": "Worth every penny",
            "text": "Veri nice mobile"
        }
    ],
    [
        {
            "author": "Flipkart Customer",
            "helpful": 340,
            "certBuyer": false,
            "rating": 5,
            "title": "Takgod",
            "text": "Good"
        }
    ],
    [
        {
            "author": "M.Harsh vardhan",
            "helpful": 8,
            "certBuyer": true,
            "rating": 4,
            "title": "Nice product",
            "text": "The package was nice and phone Is working fantastically,the touch was so smooth.OVER ALL ITS A GOOD PHONE."
        }
    ],
    [
        {
            "author": "subhajit ghosh",
            "helpful": 12,
            "certBuyer": true,
            "rating": 5,
            "title": "Perfect product!",
            "text": "good"
        }
    ],
    [
        {
            "author": "KYATHAM RAMESH ",
            "helpful": 31,
            "certBuyer": false,
            "rating": 5,
            "title": "Fabulous!",
            "text": "Good mobile. Battery backup very good. No hanging problem running smoothly"
        }
    ],
    [
        {
            "author": "mankesh kumar",
            "helpful": 42,
            "certBuyer": true,
            "rating": 1,
            "title": "Utterly Disappointed",
            "text": "One of the worst phone I ever use problem I faced as follows:\n1) heating problem\n2) mobile Internet connectivity\n3) any voice message on watsapp and after hearing that voice message phone hanged always\n4)no convenient service centre \n5)after call screen off either near ear or not \n6)I want to say phone is not good"
        }
    ],
    [
        {
            "author": "Srikanth Kadari",
            "helpful": 15,
            "certBuyer": false,
            "rating": 5,
            "title": "Excellent",
            "text": "Best mobiles high ram best battery best brand"
        }
    ],
    [
        {
            "author": "Flipkart Customer",
            "helpful": 9,
            "certBuyer": true,
            "rating": 5,
            "title": "Wonderful",
            "text": "Nice one"
        }
    ],
    [
        {
            "author": "Sreejith Tr",
            "helpful": 34,
            "certBuyer": false,
            "rating": 5,
            "title": "Mind-blowing purchase",
            "text": "Nice phone better than redmi and moto"
        }
    ],
    [
        {
            "author": "Hitesh Kumar",
            "helpful": 18,
            "certBuyer": false,
            "rating": 5,
            "title": "Terrific",
            "text": "Verry good"
        }
    ],
    [
        {
            "author": "Flipkart Customer",
            "helpful": 5,
            "certBuyer": false,
            "rating": 5,
            "title": "Simply awesome",
            "text": "Good"
        }
    ],
    [
        {
            "author": "Flipkart Customer",
            "helpful": 5,
            "certBuyer": false,
            "rating": 5,
            "title": "Brilliant",
            "text": "Super   cool"
        }
    ],
    [
        {
            "author": "ilanchezhian  m",
            "helpful": 15,
            "certBuyer": false,
            "rating": 5,
            "title": "Fabulous!",
            "text": "Very nice to use  and very nice battery life and very good camera clarity and with flash tja was really amazing"
        }
    ],
    [
        {
            "author": "Sujith Ottullil",
            "helpful": 7,
            "certBuyer": true,
            "rating": 4,
            "title": "Super!",
            "text": "Good delivery.Superb phone.no hang..high clarity camera..sooper memory..good to use."
        }
    ],
    [
        {
            "author": "Flipkart Customer",
            "helpful": 4,
            "certBuyer": true,
            "rating": 1,
            "title": "Worthless",
            "text": "Not working,  no one from filpkart r helping to slove the prob"
        }
    ],
    [
        {
            "author": "Maheswari tech plz subscribe On youtube plz friends",
            "helpful": 4,
            "certBuyer": false,
            "rating": 5,
            "title": "Fabulous!",
            "text": "This phone is very good"
        }
    ],
    [
        {
            "author": "Hairul Anwar",
            "helpful": 30,
            "certBuyer": true,
            "rating": 1,
            "title": "Utterly Disappointed",
            "text": "Phone name dhan Coolpad semmma heat aagudhu... phone vangi  1 month kuda aagala hang aagudhu.. WhatsApp la voice ketta phone off aagudhu.."
        }
    ],
    [
        {
            "author": "HARSHAD KHAN",
            "helpful": 11,
            "certBuyer": false,
            "rating": 5,
            "title": "paisa wasool sell phone hai yaar",
            "text": "Awesome sound and everything is fabulous"
        }
    ],
    [
        {
            "author": "Flipkart Customer",
            "helpful": 10,
            "certBuyer": false,
            "rating": 5,
            "title": "Best in the market!",
            "text": "Good"
        }
    ],
    [
        {
            "author": "Flipkart Customer",
            "helpful": 5,
            "certBuyer": true,
            "rating": 1,
            "title": "Worthless",
            "text": "This product is best but flipkart company is frod"
        }
    ],
    [
        {
            "author": "Flipkart Customer",
            "helpful": 77,
            "certBuyer": false,
            "rating": 1,
            "title": "Worst Product in the market",
            "text": "I don't how the company sell these kind of product. \nOver heat, Worst battery backup, Audio is very low, no service even in Coimbatore City Etc.., \nI have never seen any product like that.\nOne who want put the money i dustbin. Please buy the C....P.. product.\n\nI hate to tell company name also.... See such a marvelous product..."
        }
    ],
    [
        {
            "author": "Somendra Paul",
            "helpful": 8,
            "certBuyer": false,
            "rating": 1,
            "title": "Utterly Disappointed",
            "text": "baler phone"
        }
    ],
    [
        {
            "author": "Aryan Sagar",
            "helpful": 4,
            "certBuyer": true,
            "rating": 5,
            "title": "Good",
            "text": "Yes"
        }
    ],
    [
        {
            "author": "Flipkart Customer",
            "helpful": 4,
            "certBuyer": false,
            "rating": 5,
            "title": "Terrific",
            "text": "Really the beast"
        }
    ],
    [
        {
            "author": "Pramod",
            "helpful": 5,
            "certBuyer": true,
            "rating": 3,
            "title": "Really Nice",
            "text": "this phone is very good in all aspects but slightly heating but good"
        }
    ],
    [
        {
            "author": "Flipkart Customer",
            "helpful": 7,
            "certBuyer": true,
            "rating": 5,
            "title": "Best in the market!",
            "text": "Very Very useful and good quality mobile .fast delivery I like it I like it \ud83c\udfe2 so"
        }
    ],
    [
        {
            "author": "prince Rajesh",
            "helpful": 2,
            "certBuyer": true,
            "rating": 5,
            "title": "Great product",
            "text": "Nice mobile"
        }
    ],
    [
        {
            "author": "Flipkart Customer",
            "helpful": 2,
            "certBuyer": true,
            "rating": 5,
            "title": "Brilliant",
            "text": "Everything is good. But battary is not equal to 4010 mhz..otherwise this phone is very good"
        }
    ],
    [
        {
            "author": "Ajai Vinod",
            "helpful": 2,
            "certBuyer": true,
            "rating": 5,
            "title": "Must buy!",
            "text": "Received the mobile in good condition.But i am not happy with the camera quality."
        }
    ],
    [
        {
            "author": "Sayantan Sarkar",
            "helpful": 45,
            "certBuyer": true,
            "rating": 5,
            "title": "Just wow!",
            "text": "Grab it...worth for money....awsm camera qlty...smooth touch and good display....\nBut front fash which is mentioned is not flash that is actually a light which stays stable doesn't act like normal flash...\nOverall good phone according to ots price"
        }
    ],
    [
        {
            "author": "Flipkart Customer",
            "helpful": 5,
            "certBuyer": false,
            "rating": 4,
            "title": "Delightful",
            "text": "Good"
        }
    ],
    [
        {
            "author": "Vanlalmalsawmdawnga Pachuau",
            "helpful": 3,
            "certBuyer": true,
            "rating": 2,
            "title": "Bad quality",
            "text": "Heat produce quickly"
        }
    ],
    [
        {
            "author": "shan mugam",
            "helpful": 3,
            "certBuyer": true,
            "rating": 2,
            "title": "Moderate",
            "text": "Good"
        }
    ],
    [
        {
            "author": "NITIN THIK",
            "helpful": 3,
            "certBuyer": true,
            "rating": 4,
            "title": "Value-for-money",
            "text": "good"
        }
    ],
    [
        {
            "author": "Flipkart Customer",
            "helpful": 23,
            "certBuyer": false,
            "rating": 1,
            "title": "Absolute rubbish!",
            "text": "It's not phone it's waste"
        }
    ],
    [
        {
            "author": "Flipkart Customer",
            "helpful": 5,
            "certBuyer": true,
            "rating": 1,
            "title": "Not recommended at all",
            "text": "Very slow to speed west of money battery is fast slow bad mobile very filling use in six damage my phone"
        }
    ],
    [
        {
            "author": "Wasim  Wasu",
            "helpful": 13,
            "certBuyer": false,
            "rating": 2,
            "title": "Could be way better",
            "text": "This mobile is worthless"
        }
    ],
    [
        {
            "author": "Satyanarayana Vadladi",
            "helpful": 5,
            "certBuyer": true,
            "rating": 1,
            "title": "Don't waste your money",
            "text": "Issues with video calling."
        }
    ],
    [
        {
            "author": "Gajendra Singh",
            "helpful": 1,
            "certBuyer": true,
            "rating": 3,
            "title": "Nice",
            "text": "Average product"
        }
    ],
    [
        {
            "author": "Chiranjit Jana",
            "helpful": 1,
            "certBuyer": true,
            "rating": 5,
            "title": "Great product",
            "text": "Nice"
        }
    ],
    [
        {
            "author": "Burra prashanth goud Prashanth",
            "helpful": 1,
            "certBuyer": true,
            "rating": 5,
            "title": "Super",
            "text": "Phone super"
        }
    ],
    [
        {
            "author": "Flipkart Customer",
            "helpful": 1,
            "certBuyer": true,
            "rating": 5,
            "title": "Fabulous!",
            "text": "Super Best Quality , Best camara, Best Battery."
        }
    ],
    [
        {
            "author": "Flipkart Customer",
            "helpful": 1,
            "certBuyer": true,
            "rating": 5,
            "title": "Mind-blowing purchase",
            "text": "Waste"
        }
    ],
    [
        {
            "author": "Flipkart Customer",
            "helpful": 1,
            "certBuyer": true,
            "rating": 5,
            "title": "Terrific purchase",
            "text": "Fantastic and fast delivery also the condition of the product was really good. Thank you guys. Keep it up cheers."
        }
    ],
    [
        {
            "author": "Flipkart Customer",
            "helpful": 1,
            "certBuyer": true,
            "rating": 1,
            "title": "Unsatisfactory",
            "text": "Very bad mobile I bought it but its screen badly effected and it's not repair in 30 days."
        }
    ],
    [
        {
            "author": "Flipkart Customer",
            "helpful": 1,
            "certBuyer": true,
            "rating": 5,
            "title": "Must buy!",
            "text": "Super mobile but hanging proplem"
        }
    ],
    [
        {
            "author": "Flipkart Customer",
            "helpful": 0,
            "certBuyer": true,
            "rating": 1,
            "title": "Utterly Disappointed",
            "text": "Worst mobile i ever used"
        }
    ],
    [
        {
            "author": "Raghvendra Dubey",
            "helpful": 0,
            "certBuyer": true,
            "rating": 1,
            "title": "Raghvendra",
            "text": "Not happy my phone"
        }
    ],
    [
        {
            "author": "Rammilan yadav",
            "helpful": 0,
            "certBuyer": true,
            "rating": 1,
            "title": "Very poor",
            "text": "Bab"
        }
    ],
    [
        {
            "author": "Vishal Patil",
            "helpful": 0,
            "certBuyer": true,
            "rating": 1,
            "title": "Worthless",
            "text": "Worst mob ever"
        }
    ],
    [
        {
            "author": "Flipkart Customer",
            "helpful": 0,
            "certBuyer": true,
            "rating": 1,
            "title": "Useless product",
            "text": "No happy"
        }
    ],
    [
        {
            "author": "Md isamail Md ismail",
            "helpful": 1,
            "certBuyer": true,
            "rating": 3,
            "title": "Good",
            "text": "Wosam"
        }
    ],
    [
        {
            "author": "Flipkart Customer",
            "helpful": 1,
            "certBuyer": true,
            "rating": 5,
            "title": "Excellent",
            "text": "I buy two Moblie s  coolpad note 5    two awesome"
        }
    ],
    [
        {
            "author": "PAWAN SINGH",
            "helpful": 1,
            "certBuyer": true,
            "rating": 5,
            "title": "Best in the market!",
            "text": "A good phone"
        }
    ],
    [
        {
            "author": "lokesh n",
            "helpful": 0,
            "certBuyer": true,
            "rating": 2,
            "title": "Nice",
            "text": "Heat  prm"
        }
    ],
    [
        {
            "author": "sagar biswas",
            "helpful": 1,
            "certBuyer": true,
            "rating": 5,
            "title": "Mind-blowing purchase",
            "text": "Beeter mobile"
        }
    ],
    [
        {
            "author": "Flipkart Customer",
            "helpful": 1,
            "certBuyer": true,
            "rating": 5,
            "title": "Wonderful",
            "text": "Fast delivery, good product, exceptional battery life...\ud83d\udc4d"
        }
    ],
    [
        {
            "author": "Prashant  Kolekar",
            "helpful": 1,
            "certBuyer": true,
            "rating": 5,
            "title": "good mobile",
            "text": "But mobile also hange after 6 month"
        }
    ],
    [
        {
            "author": "Sampath Kumar",
            "helpful": 1,
            "certBuyer": true,
            "rating": 3,
            "title": "Must buy!",
            "text": "I got the phone but it is getting very heat"
        }
    ],
    [
        {
            "author": "Flipkart Customer",
            "helpful": 1,
            "certBuyer": true,
            "rating": 5,
            "title": "Simply awesome",
            "text": "super batary."
        }
    ],
    [
        {
            "author": "Lalrintluanga  Ralte",
            "helpful": 1,
            "certBuyer": true,
            "rating": 3,
            "title": "Just okay",
            "text": "It's ok"
        }
    ],
    [
        {
            "author": "Misemupe Wezah",
            "helpful": 1,
            "certBuyer": true,
            "rating": 4,
            "title": "Wonderful",
            "text": "Good"
        }
    ],
    [
        {
            "author": "Suman Barman",
            "helpful": 1,
            "certBuyer": true,
            "rating": 5,
            "title": "Terrific purchase",
            "text": "Nice mobile ..great"
        }
    ],
    [
        {
            "author": "Flipkart Customer",
            "helpful": 1,
            "certBuyer": false,
            "rating": 5,
            "title": "Classy product",
            "text": "Nic mobile but rate is high.......11,999 is a good rate......above 12,000 is high.."
        }
    ],
    [
        {
            "author": "bala krishnan",
            "helpful": 1,
            "certBuyer": true,
            "rating": 3,
            "title": "Does the job",
            "text": "Everything in that mobile was good but network issues in that mobile was terrible..."
        }
    ],
    [
        {
            "author": "saurabh thakur",
            "helpful": 1,
            "certBuyer": true,
            "rating": 5,
            "title": "Just wow!",
            "text": "not good but very good product genuine product I think you should also buy this too good"
        }
    ],
    [
        {
            "author": "sudheer kola",
            "helpful": 1,
            "certBuyer": false,
            "rating": 5,
            "title": "note 5",
            "text": "Its very nice mobile"
        }
    ],
    [
        {
            "author": "Kuo Chi Liao",
            "helpful": 1,
            "certBuyer": true,
            "rating": 3,
            "title": "Above-average product",
            "text": "I bought a coolpad note 5, it is good, but it heats a lot while charging and plus while using the phone"
        }
    ],
    [
        {
            "author": "atm arun",
            "helpful": 1,
            "certBuyer": false,
            "rating": 5,
            "title": "Fabulous!",
            "text": "Excellent battery power"
        }
    ],
    [
        {
            "author": "Bijeesh Bijeesh.b",
            "helpful": 1,
            "certBuyer": false,
            "rating": 4,
            "title": "Good quality product",
            "text": "Very nice phone and very cool"
        }
    ],
    [
        {
            "author": "Flipkart Customer",
            "helpful": 1,
            "certBuyer": false,
            "rating": 5,
            "title": "Just wow!",
            "text": "nice 1"
        }
    ],
    [
        {
            "author": "Bhartendra  Dhote",
            "helpful": 1,
            "certBuyer": false,
            "rating": 5,
            "title": "Wonderful",
            "text": "Good"
        }
    ],
    [
        {
            "author": "Flipkart Customer",
            "helpful": 1,
            "certBuyer": false,
            "rating": 4,
            "title": "Pretty good",
            "text": "Ok thats  good very useful mobile"
        }
    ],
    [
        {
            "author": "Jitendra Pany",
            "helpful": 6,
            "certBuyer": true,
            "rating": 1,
            "title": "Unsatisfactory",
            "text": "Net working is very very bad"
        }
    ],
    [
        {
            "author": "Akshay  Pawar ",
            "helpful": 5,
            "certBuyer": true,
            "rating": 1,
            "title": "Did not meet expectations",
            "text": "Very  bad"
        }
    ],
    [
        {
            "author": "Aswin Ap",
            "helpful": 9,
            "certBuyer": false,
            "rating": 1,
            "title": "Not recommended at all",
            "text": "Exact copy of Redmi"
        }
    ],
    [
        {
            "author": "G S Dhinesh Babu",
            "helpful": 19,
            "certBuyer": true,
            "rating": 1,
            "title": "Worst don't buy",
            "text": "Hey guys don't buy a phone because the phone is not working good speaker is not working charger is not working am requesting for return but nobody can... Please don't weast the\u200b money.. please if you see the message in admin please contact me..."
        }
    ],
    [
        {
            "author": "Flipkart Customer",
            "helpful": 2,
            "certBuyer": true,
            "rating": 2,
            "title": "Not good",
            "text": "It's really strange  display of this phone is worst and fingerprint is not working"
        }
    ],
    [
        {
            "author": "Flipkart Customer",
            "helpful": 2,
            "certBuyer": true,
            "rating": 2,
            "title": "Could be way better",
            "text": "Phone is very nice.but charger is China product"
        }
    ],
    [
        {
            "author": "ajay mule",
            "helpful": 2,
            "certBuyer": true,
            "rating": 5,
            "title": "Perfect product!",
            "text": "\ud83d\udc4d\ud83d\udc4d\ud83d\udc4dnice budget phone"
        }
    ],
    [
        {
            "author": "Nazim shaikh",
            "helpful": 6,
            "certBuyer": true,
            "rating": 1,
            "title": "battey nhi chalti jayada kyu",
            "text": "Battery not good"
        }
    ],
    [
        {
            "author": "Gitanshu Walia",
            "helpful": 2,
            "certBuyer": true,
            "rating": 1,
            "title": "Utterly Disappointed",
            "text": "Awesome"
        }
    ],
    [
        {
            "author": "Sony",
            "helpful": 2,
            "certBuyer": false,
            "rating": 5,
            "title": "Simply awesome",
            "text": "Nice"
        }
    ],
    [
        {
            "author": "Aktar Patel",
            "helpful": 2,
            "certBuyer": false,
            "rating": 1,
            "title": "Useless product",
            "text": "Worst device worst manufacturer. Too much heating even in the idle position. Worst worst worst dont go coolpad."
        }
    ],
    [
        {
            "author": "Flipkart Customer",
            "helpful": 1,
            "certBuyer": true,
            "rating": 1,
            "title": "Useless product",
            "text": "Don't Buy this mobile its heating more then 56\u00b0 C"
        }
    ],
    [
        {
            "author": "Deepaj Palai",
            "helpful": 1,
            "certBuyer": true,
            "rating": 5,
            "title": "Terrific purchase",
            "text": "Nice product..."
        }
    ],
    [
        {
            "author": "Ramakant Nishad",
            "helpful": 1,
            "certBuyer": true,
            "rating": 5,
            "title": "Best in the market!",
            "text": "Very good service, flipcart"
        }
    ],
    [
        {
            "author": "Siddiq Firthose",
            "helpful": 1,
            "certBuyer": true,
            "rating": 1,
            "title": "Hated it!",
            "text": "Coolpad is not cool...this is very hot"
        }
    ],
    [
        {
            "author": "Flipkart Customer",
            "helpful": 1,
            "certBuyer": true,
            "rating": 5,
            "title": "Simply awesome",
            "text": "Good sound\nGood back camera\nFront camera have some setting problem\nGood for gaming"
        }
    ],
    [
        {
            "author": "Harish",
            "helpful": 1,
            "certBuyer": true,
            "rating": 4,
            "title": "Good choice",
            "text": "GOOD PHONE BUT HEATED UP QUICKLY"
        }
    ],
    [
        {
            "author": "Raghava Kurapati",
            "helpful": 1,
            "certBuyer": true,
            "rating": 5,
            "title": "Great product",
            "text": "Nice phone un budget cost"
        }
    ],
    [
        {
            "author": "Flipkart Customer",
            "helpful": 1,
            "certBuyer": true,
            "rating": 5,
            "title": "Must buy!",
            "text": "Good product but slow deliverying ,"
        }
    ],
    [
        {
            "author": "Sowmiya Dhandayuthapani",
            "helpful": 1,
            "certBuyer": true,
            "rating": 5,
            "title": "Simply awesome",
            "text": "very very good"
        }
    ],
    [
        {
            "author": "Flipkart Customer",
            "helpful": 1,
            "certBuyer": false,
            "rating": 5,
            "title": "Highly recommended",
            "text": "good"
        }
    ],
    [
        {
            "author": "s uday shankar",
            "helpful": 6,
            "certBuyer": false,
            "rating": 1,
            "title": "Worst experience ever!",
            "text": "coolpad was given by 4gvolte, but its not working properly, i ll given complaint to airtel jio &idea  for network problem they are said to me coolpad note 5 was not supported  to their frequency ,it was correct or not i dont know but am facing network issue  at hyd"
        }
    ],
    [
        {
            "author": "Flipkart Customer",
            "helpful": 1,
            "certBuyer": true,
            "rating": 1,
            "title": "One Star",
            "text": "Worst mobile in the  world"
        }
    ],
    [
        {
            "author": "Rokibul Mazumder ",
            "helpful": 1,
            "certBuyer": true,
            "rating": 1,
            "title": "Very Poor",
            "text": "Its a very poor quality phone, gets heated much. Camera quality is also worst. Totally unsatisfactory."
        }
    ],
    [
        {
            "author": "Vinith Rai",
            "helpful": 1,
            "certBuyer": true,
            "rating": 2,
            "title": "Not good",
            "text": "Nt bad"
        }
    ],
    [
        {
            "author": "Flipkart Customer",
            "helpful": 1,
            "certBuyer": true,
            "rating": 1,
            "title": "Don't waste your money",
            "text": "Very bad performance"
        }
    ],
    [
        {
            "author": "BALARAM  MAHANANDA",
            "helpful": 1,
            "certBuyer": false,
            "rating": 4,
            "title": "Delightful",
            "text": "This is a amazing products.... Its camera, battery, everything  r amazing..."
        }
    ],
    [
        {
            "author": "s md arif",
            "helpful": 1,
            "certBuyer": true,
            "rating": 1,
            "title": "Utterly Disappointed",
            "text": "I have order cool pad in gold colour and i receive space grey"
        }
    ],
    [
        {
            "author": "Flipkart Customer",
            "helpful": 0,
            "certBuyer": true,
            "rating": 4,
            "title": "Good quality product",
            "text": "Nice"
        }
    ],
    [
        {
            "author": "Elavarasan Muthuvel",
            "helpful": 0,
            "certBuyer": true,
            "rating": 4,
            "title": "Delightful",
            "text": "Nice"
        }
    ],
    [
        {
            "author": "Shreedhar Jotagannavar",
            "helpful": 0,
            "certBuyer": true,
            "rating": 5,
            "title": "Must buy!",
            "text": "It's nice"
        }
    ],
    [
        {
            "author": "Shashidhar Nevade",
            "helpful": 0,
            "certBuyer": true,
            "rating": 5,
            "title": "Fabulous!",
            "text": "Good battrey"
        }
    ],
    [
        {
            "author": "Siva Karthi",
            "helpful": 0,
            "certBuyer": true,
            "rating": 5,
            "title": "Highly recommended",
            "text": "Awsome Mobile Super Fast using\n and really good \nsound is good \nCamera Quality Amazing\nThank you"
        }
    ],
    [
        {
            "author": "KAMALLOCHAN RATH",
            "helpful": 0,
            "certBuyer": true,
            "rating": 4,
            "title": "Value-for-money",
            "text": "Nice"
        }
    ],
    [
        {
            "author": "Flipkart Customer",
            "helpful": 0,
            "certBuyer": true,
            "rating": 5,
            "title": "Classy product",
            "text": "Excellent battery life....... But network problem"
        }
    ],
    [
        {
            "author": "Nandu",
            "helpful": 0,
            "certBuyer": true,
            "rating": 4,
            "title": "Delightful",
            "text": "Super"
        }
    ],
    [
        {
            "author": "Harshal Patil",
            "helpful": 0,
            "certBuyer": true,
            "rating": 4,
            "title": "Pretty good",
            "text": "Good one"
        }
    ],
    [
        {
            "author": "Flipkart Customer",
            "helpful": 0,
            "certBuyer": true,
            "rating": 1,
            "title": "Hated it!",
            "text": "Camera Very very pore quality best....."
        }
    ],
    [
        {
            "author": "TINKU  SINGH",
            "helpful": 0,
            "certBuyer": true,
            "rating": 4,
            "title": "Good choice",
            "text": "Good job"
        }
    ],
    [
        {
            "author": "Anuj  Kumar",
            "helpful": 0,
            "certBuyer": true,
            "rating": 5,
            "title": "Perfect product!",
            "text": "Good quality"
        }
    ],
    [
        {
            "author": "Flipkart Customer",
            "helpful": 0,
            "certBuyer": true,
            "rating": 1,
            "title": "Don't waste your money",
            "text": "bad product"
        }
    ],
    [
        {
            "author": "Flipkart Customer",
            "helpful": 0,
            "certBuyer": true,
            "rating": 5,
            "title": "Brilliant",
            "text": "Super"
        }
    ],
    [
        {
            "author": "Samuel Sam",
            "helpful": 0,
            "certBuyer": true,
            "rating": 3,
            "title": "Worth the money",
            "text": "All is good but finger sensor is not working"
        }
    ],
    [
        {
            "author": "Jaikumar Helode",
            "helpful": 0,
            "certBuyer": true,
            "rating": 5,
            "title": "Super!",
            "text": "Good mobile..... \nNot awesome.... But nice in this price...."
        }
    ],
    [
        {
            "author": "Flipkart Customer",
            "helpful": 0,
            "certBuyer": true,
            "rating": 5,
            "title": "Terrific purchase",
            "text": "Nice phone"
        }
    ],
    [
        {
            "author": "eva dream xaxa",
            "helpful": 0,
            "certBuyer": true,
            "rating": 4,
            "title": "Nice product",
            "text": "Good"
        }
    ],
    [
        {
            "author": "Flipkart Customer",
            "helpful": 0,
            "certBuyer": true,
            "rating": 5,
            "title": "Terrific",
            "text": "Nice i must like that my order is received before time i aspect ."
        }
    ],
    [
        {
            "author": "Biman Mitra",
            "helpful": 0,
            "certBuyer": true,
            "rating": 5,
            "title": "Highly recommended",
            "text": "It is the bestbudget smartphone."
        }
    ],
    [
        {
            "author": "Vipul Meniya",
            "helpful": 0,
            "certBuyer": true,
            "rating": 5,
            "title": "Great product",
            "text": "Nice"
        }
    ],
    [
        {
            "author": "Diapak Sarkar",
            "helpful": 0,
            "certBuyer": true,
            "rating": 4,
            "title": "Pretty good",
            "text": "Nice"
        }
    ],
    [
        {
            "author": "Premjeet Kumar",
            "helpful": 0,
            "certBuyer": true,
            "rating": 5,
            "title": "Perfect product!",
            "text": "I like"
        }
    ],
    [
        {
            "author": "Roky Sk",
            "helpful": 0,
            "certBuyer": true,
            "rating": 2,
            "title": "Tnx",
            "text": "Tnx"
        }
    ],
    [
        {
            "author": "Arun S",
            "helpful": 0,
            "certBuyer": true,
            "rating": 4,
            "title": "Really Nice",
            "text": "Nice"
        }
    ],
    [
        {
            "author": "Sabyasachi Deb",
            "helpful": 0,
            "certBuyer": true,
            "rating": 5,
            "title": "Perfect product!",
            "text": "Awesome dud"
        }
    ],
    [
        {
            "author": "Dinesh Reddy",
            "helpful": 0,
            "certBuyer": true,
            "rating": 4,
            "title": "Worth the money",
            "text": "Nice mobile"
        }
    ],
    [
        {
            "author": "Dipti Ranjan Sial",
            "helpful": 0,
            "certBuyer": true,
            "rating": 5,
            "title": "Terrific purchase",
            "text": "It's a good phone"
        }
    ],
    [
        {
            "author": "Nitesh Kumar",
            "helpful": 0,
            "certBuyer": true,
            "rating": 5,
            "title": "Nice product",
            "text": "Very Good mobile"
        }
    ],
    [
        {
            "author": "Flipkart Customer",
            "helpful": 0,
            "certBuyer": true,
            "rating": 3,
            "title": "Just okay",
            "text": "woww supper"
        }
    ],
    [
        {
            "author": "LAXMIDHAR PRADHAN",
            "helpful": 0,
            "certBuyer": true,
            "rating": 5,
            "title": "Perfect product!",
            "text": "Value of Money .\nExcellent Performance with this Price Range"
        }
    ],
    [
        {
            "author": "Susovan Chakrabarty",
            "helpful": 0,
            "certBuyer": true,
            "rating": 2,
            "title": "Could be way better",
            "text": "Not bad but no extra memory card slot &amp; also have some issue about battery supply"
        }
    ],
    [
        {
            "author": "Flipkart Customer",
            "helpful": 0,
            "certBuyer": true,
            "rating": 4,
            "title": "Wonderful",
            "text": "Fingar problem"
        }
    ],
    [
        {
            "author": "Tabu Chakraborty",
            "helpful": 0,
            "certBuyer": true,
            "rating": 5,
            "title": "Terrific purchase",
            "text": "Super....."
        }
    ],
    [
        {
            "author": "Flipkart Customer",
            "helpful": 0,
            "certBuyer": true,
            "rating": 5,
            "title": "Perfect product!",
            "text": "nice phone"
        }
    ],
    [
        {
            "author": "Flipkart Customer",
            "helpful": 0,
            "certBuyer": true,
            "rating": 3,
            "title": "Does the job",
            "text": "Nice flipkart good dilwary"
        }
    ],
    [
        {
            "author": "Flipkart Customer",
            "helpful": 0,
            "certBuyer": true,
            "rating": 5,
            "title": "Brilliant",
            "text": "Good"
        }
    ],
    [
        {
            "author": "Manohar Lal",
            "helpful": 0,
            "certBuyer": true,
            "rating": 5,
            "title": "Brilliant",
            "text": "Brilliant phone"
        }
    ],
    [
        {
            "author": "arvind verma",
            "helpful": 0,
            "certBuyer": true,
            "rating": 4,
            "title": "Very Good",
            "text": "Nice products"
        }
    ],
    [
        {
            "author": "Gopi Manian",
            "helpful": 0,
            "certBuyer": true,
            "rating": 5,
            "title": "Great product",
            "text": "Good"
        }
    ],
    [
        {
            "author": "Parameshwaran Shanmugam",
            "helpful": 0,
            "certBuyer": true,
            "rating": 4,
            "title": "Nice product",
            "text": "Not bad"
        }
    ],
    [
        {
            "author": "Flipkart Customer",
            "helpful": 0,
            "certBuyer": true,
            "rating": 5,
            "title": "Perfect product!",
            "text": "Good"
        }
    ],
    [
        {
            "author": "karthikeyan",
            "helpful": 0,
            "certBuyer": true,
            "rating": 4,
            "title": "Good quality product",
            "text": "Good  mobile"
        }
    ],
    [
        {
            "author": "Flipkart Customer",
            "helpful": 0,
            "certBuyer": true,
            "rating": 4,
            "title": "Delightful",
            "text": "Display super camara super but box la travel charger illa"
        }
    ],
    [
        {
            "author": "hiren vadgama",
            "helpful": 0,
            "certBuyer": true,
            "rating": 4,
            "title": "Worth the money",
            "text": "Camera is nice"
        }
    ],
    [
        {
            "author": "Sankuri Dattu",
            "helpful": 0,
            "certBuyer": true,
            "rating": 5,
            "title": "Highly recommended",
            "text": "Nice product"
        }
    ],
    [
        {
            "author": "Hminga Chhakchhuak",
            "helpful": 0,
            "certBuyer": true,
            "rating": 5,
            "title": "Terrific",
            "text": "Good product..long lasting battery backup.."
        }
    ],
    [
        {
            "author": "Suresh Meripe",
            "helpful": 0,
            "certBuyer": true,
            "rating": 4,
            "title": "Really Nice",
            "text": "nice"
        }
    ],
    [
        {
            "author": "Nayan Karmakar",
            "helpful": 0,
            "certBuyer": true,
            "rating": 4,
            "title": "Good",
            "text": "Good budget phone in under 10K"
        }
    ],
    [
        {
            "author": "Amar Kawane",
            "helpful": 0,
            "certBuyer": true,
            "rating": 5,
            "title": "Awesome",
            "text": "Very nice mobile"
        }
    ],
    [
        {
            "author": "Rajesh Kumar",
            "helpful": 0,
            "certBuyer": true,
            "rating": 5,
            "title": "Super,  worthable",
            "text": "Received within a day at good condition"
        }
    ],
    [
        {
            "author": "S.VISWANATH vicchu",
            "helpful": 0,
            "certBuyer": true,
            "rating": 4,
            "title": "coolpad",
            "text": "good mobile"
        }
    ],
    [
        {
            "author": "Sujit",
            "helpful": 0,
            "certBuyer": true,
            "rating": 5,
            "title": "Awesome",
            "text": "So nice"
        }
    ],
    [
        {
            "author": "Phanindra Sharma",
            "helpful": 0,
            "certBuyer": true,
            "rating": 4,
            "title": "Value-for-money",
            "text": "Front cemera is not good."
        }
    ],
    [
        {
            "author": "Digimobileindia",
            "helpful": 0,
            "certBuyer": true,
            "rating": 4,
            "title": "Fingerprint Sensor",
            "text": "Fingerprint Sensor Working Very Fast\nI Like It"
        }
    ],
    [
        {
            "author": "Flipkart Customer",
            "helpful": 0,
            "certBuyer": true,
            "rating": 4,
            "title": "Value-for-money",
            "text": "Nice phone"
        }
    ],
    [
        {
            "author": "Flipkart Customer",
            "helpful": 0,
            "certBuyer": true,
            "rating": 5,
            "title": "Fabulous!",
            "text": "Nice"
        }
    ],
    [
        {
            "author": "Nitheesh Raj",
            "helpful": 0,
            "certBuyer": true,
            "rating": 5,
            "title": "Perfect product!",
            "text": "Very nice"
        }
    ],
    [
        {
            "author": "Mark Costa",
            "helpful": 0,
            "certBuyer": true,
            "rating": 5,
            "title": "Wonderful",
            "text": "Best mobile phone"
        }
    ],
    [
        {
            "author": "Surampally Sunilkumar",
            "helpful": 0,
            "certBuyer": true,
            "rating": 1,
            "title": "Waste of money!",
            "text": "Un satisfied with flipkart"
        }
    ],
    [
        {
            "author": "sushant Wanve",
            "helpful": 0,
            "certBuyer": true,
            "rating": 1,
            "title": "Useless product",
            "text": "Very bad mobile west of money      other not suppprt"
        }
    ],
    [
        {
            "author": "Lal Chand",
            "helpful": 0,
            "certBuyer": true,
            "rating": 3,
            "title": "Does the job",
            "text": "If you used dual sim card then you can not use SD card because it has no much space to adjust dual sim and SD card"
        }
    ],
    [
        {
            "author": "Manda Naveen",
            "helpful": 0,
            "certBuyer": true,
            "rating": 4,
            "title": "Delightful",
            "text": "Good working"
        }
    ],
    [
        {
            "author": "Deepak kumar",
            "helpful": 0,
            "certBuyer": true,
            "rating": 5,
            "title": "Classy product",
            "text": "Gd"
        }
    ],
    [
        {
            "author": "Flipkart Customerb",
            "helpful": 0,
            "certBuyer": true,
            "rating": 5,
            "title": "good performance",
            "text": "Good"
        }
    ],
    [
        {
            "author": "Raju Mondal",
            "helpful": 0,
            "certBuyer": true,
            "rating": 1,
            "title": "Don't waste your money",
            "text": "Very bad experience.\nI never purchas anything from Flipkart.."
        }
    ],
    [
        {
            "author": "Mohan mj Mohan mj",
            "helpful": 0,
            "certBuyer": true,
            "rating": 5,
            "title": "Terrific",
            "text": "Good"
        }
    ],
    [
        {
            "author": "krish",
            "helpful": 0,
            "certBuyer": true,
            "rating": 2,
            "title": "Not good",
            "text": "mobile is very weight.it should  be light"
        }
    ],
    [
        {
            "author": "Abhinav Kumar",
            "helpful": 0,
            "certBuyer": true,
            "rating": 5,
            "title": "Just wow!",
            "text": "Thank  for good mobile"
        }
    ],
    [
        {
            "author": "Flipkart Customer",
            "helpful": 0,
            "certBuyer": true,
            "rating": 5,
            "title": "Best in the market!",
            "text": "Good"
        }
    ],
    [
        {
            "author": "Raghavendra  Tiwari",
            "helpful": 0,
            "certBuyer": true,
            "rating": 5,
            "title": "Excellent",
            "text": "amazing experience"
        }
    ],
    [
        {
            "author": "INDRAJIT MODAK",
            "helpful": 0,
            "certBuyer": true,
            "rating": 5,
            "title": "Classy product",
            "text": "very good"
        }
    ],
    [
        {
            "author": "Flipkart Customer",
            "helpful": 0,
            "certBuyer": true,
            "rating": 4,
            "title": "Value-for-money",
            "text": "Not Bad\n \nProbhat bbt margram"
        }
    ],
    [
        {
            "author": "Flipkart Customer",
            "helpful": 0,
            "certBuyer": true,
            "rating": 5,
            "title": "Classy product",
            "text": "Thanks For Shopping"
        }
    ],
    [
        {
            "author": "Flipkart Customer",
            "helpful": 0,
            "certBuyer": true,
            "rating": 2,
            "title": "Slightly disappointed",
            "text": "Good phone nice battery and nice camera"
        }
    ],
    [
        {
            "author": "Dipesh Ghosh",
            "helpful": 0,
            "certBuyer": true,
            "rating": 4,
            "title": "Value-for-money",
            "text": "Good reyar Camera good fingerprint sensor and good display resolution but this product are getting problem otherwise this product are good for this price"
        }
    ],
    [
        {
            "author": "Sanjit  Gayen",
            "helpful": 0,
            "certBuyer": true,
            "rating": 4,
            "title": "Worth the money",
            "text": "Sound very good camara not good"
        }
    ],
    [
        {
            "author": "Flipkart Customer",
            "helpful": 0,
            "certBuyer": true,
            "rating": 1,
            "title": "Just okay",
            "text": "i love this mobile"
        }
    ],
    [
        {
            "author": "Manbir M.K",
            "helpful": 0,
            "certBuyer": true,
            "rating": 4,
            "title": "Pretty good",
            "text": "Battery back up bad"
        }
    ],
    [
        {
            "author": "Rohit Singh",
            "helpful": 0,
            "certBuyer": true,
            "rating": 5,
            "title": "Awesome",
            "text": "Good product...superb@ beautiful"
        }
    ],
    [
        {
            "author": "Flipkart Customer",
            "helpful": 0,
            "certBuyer": true,
            "rating": 5,
            "title": "Terrific",
            "text": "Superb"
        }
    ],
    [
        {
            "author": "surjeet chaudhary",
            "helpful": 0,
            "certBuyer": true,
            "rating": 3,
            "title": "Nice",
            "text": "Good but heating problems"
        }
    ],
    [
        {
            "author": "Ashutosh Tripathi",
            "helpful": 0,
            "certBuyer": true,
            "rating": 5,
            "title": "Must buy!",
            "text": "Very much phone &amp;camera or battery"
        }
    ],
    [
        {
            "author": "SANTY  RAO",
            "helpful": 0,
            "certBuyer": true,
            "rating": 5,
            "title": "Excellent",
            "text": "Its ok"
        }
    ],
    [
        {
            "author": "Flipkart Customer",
            "helpful": 0,
            "certBuyer": true,
            "rating": 3,
            "title": "Fair",
            "text": "It's ok"
        }
    ],
    [
        {
            "author": "Flipkart Customer",
            "helpful": 0,
            "certBuyer": true,
            "rating": 4,
            "title": "Pretty good",
            "text": "Its awesome..camera quality is great!"
        }
    ],
    [
        {
            "author": "Flipkart Customer",
            "helpful": 0,
            "certBuyer": true,
            "rating": 1,
            "title": "Absolute rubbish!",
            "text": "Don't buy this phone.came used phone 4m flipkart I'll struggle to return..imei no also miss matching.plz don't buy cool pad note 5...."
        }
    ],
    [
        {
            "author": "Flipkart Customer",
            "helpful": 0,
            "certBuyer": true,
            "rating": 5,
            "title": "Terrific",
            "text": "Nice phone"
        }
    ],
    [
        {
            "author": "tarun kumar",
            "helpful": 0,
            "certBuyer": true,
            "rating": 4,
            "title": "Value-for-money",
            "text": "Awesome phone"
        }
    ],
    [
        {
            "author": "Mohan Halder",
            "helpful": 0,
            "certBuyer": true,
            "rating": 5,
            "title": "Fabulous!",
            "text": "Very good mobile phone"
        }
    ],
    [
        {
            "author": "Flipkart Customer",
            "helpful": 0,
            "certBuyer": true,
            "rating": 5,
            "title": "Just wow!",
            "text": "good"
        }
    ],
    [
        {
            "author": "Prince P P",
            "helpful": 0,
            "certBuyer": true,
            "rating": 5,
            "title": "Mind-blowing purchase",
            "text": "Good"
        }
    ],
    [
        {
            "author": "Mrinmay Sen Majumder",
            "helpful": 0,
            "certBuyer": true,
            "rating": 5,
            "title": "Mrinmay",
            "text": "Wow it's awesome"
        }
    ],
    [
        {
            "author": "Rishu Sanchit",
            "helpful": 0,
            "certBuyer": true,
            "rating": 3,
            "title": "Fair",
            "text": "Battery is not up to the mark . Need improvement in battery and camera....."
        }
    ],
    [
        {
            "author": "Flipkart Customer",
            "helpful": 0,
            "certBuyer": true,
            "rating": 5,
            "title": "Highly recommended",
            "text": "Nice"
        }
    ],
    [
        {
            "author": "Flipkart Customer",
            "helpful": 0,
            "certBuyer": true,
            "rating": 4,
            "title": "Brilliant",
            "text": "Super"
        }
    ],
    [
        {
            "author": "Flipkart Customer",
            "helpful": 0,
            "certBuyer": true,
            "rating": 5,
            "title": "Super!",
            "text": "Super product I love Flipkart"
        }
    ],
    [
        {
            "author": "Raju Nayak",
            "helpful": 0,
            "certBuyer": true,
            "rating": 5,
            "title": "Terrific purchase",
            "text": "Very nice work"
        }
    ],
    [
        {
            "author": "Mohammad Rizwan",
            "helpful": 0,
            "certBuyer": true,
            "rating": 1,
            "title": "Classy product",
            "text": "I like it"
        }
    ],
    [
        {
            "author": "Flipkart Customer",
            "helpful": 0,
            "certBuyer": true,
            "rating": 5,
            "title": "Must buy!",
            "text": "Nice phone"
        }
    ],
    [
        {
            "author": "Jignesh Parmar",
            "helpful": 0,
            "certBuyer": true,
            "rating": 5,
            "title": "Awesome",
            "text": "All staff good work &amp; my problem is solved. Happy Diwali &amp; happy new year good whishish new year."
        }
    ],
    [
        {
            "author": "Ankush  D",
            "helpful": 0,
            "certBuyer": true,
            "rating": 1,
            "title": "Waste of money!",
            "text": "Defective product delivery twice\nI bought cool pad note 5 both the time microphone n touch is not working... Worst experience by Flipkart"
        }
    ],
    [
        {
            "author": "Arvind ari",
            "helpful": 0,
            "certBuyer": true,
            "rating": 5,
            "title": "Just wow!",
            "text": "Super"
        }
    ],
    [
        {
            "author": "Rohit  Raj",
            "helpful": 0,
            "certBuyer": true,
            "rating": 5,
            "title": "Wonderful",
            "text": "Super"
        }
    ],
    [
        {
            "author": "sukanta Maity",
            "helpful": 0,
            "certBuyer": true,
            "rating": 3,
            "title": "Decent product",
            "text": "Good product"
        }
    ],
    [
        {
            "author": "Jayabhim  Pangi",
            "helpful": 0,
            "certBuyer": true,
            "rating": 5,
            "title": "Simply awesome",
            "text": "Good"
        }
    ],
    [
        {
            "author": "Flipkart Customer",
            "helpful": 0,
            "certBuyer": true,
            "rating": 5,
            "title": "Mind-blowing purchase",
            "text": "Hang prablam"
        }
    ],
    [
        {
            "author": "Nandu Sudheesh",
            "helpful": 0,
            "certBuyer": true,
            "rating": 1,
            "title": "Don't waste your money",
            "text": "Not bad"
        }
    ],
    [
        {
            "author": "Pranjith kumar",
            "helpful": 0,
            "certBuyer": true,
            "rating": 5,
            "title": "Awesome",
            "text": "Good"
        }
    ],
    [
        {
            "author": "Tumulu  Srikant",
            "helpful": 0,
            "certBuyer": true,
            "rating": 5,
            "title": "Nic",
            "text": "Nic"
        }
    ],
    [
        {
            "author": "MendaLilac Kumar",
            "helpful": 0,
            "certBuyer": true,
            "rating": 1,
            "title": "Absolute rubbish!",
            "text": "Too bad modile not working proper"
        }
    ],
    [
        {
            "author": "Roshan Roy",
            "helpful": 0,
            "certBuyer": true,
            "rating": 5,
            "title": "Must buy!",
            "text": "Good"
        }
    ],
    [
        {
            "author": "Kailash Kunwar",
            "helpful": 0,
            "certBuyer": true,
            "rating": 5,
            "title": "Fabulous!",
            "text": "Very very Nice phone"
        }
    ],
    [
        {
            "author": "Flipkart Customer",
            "helpful": 0,
            "certBuyer": true,
            "rating": 5,
            "title": "Wonderful",
            "text": "Nice phone at this price"
        }
    ],
    [
        {
            "author": "Tejpalsingh Rana",
            "helpful": 0,
            "certBuyer": true,
            "rating": 2,
            "title": "Moderate",
            "text": "This phone battery backup problem"
        }
    ],
    [
        {
            "author": "Priyanka Margeret",
            "helpful": 0,
            "certBuyer": true,
            "rating": 5,
            "title": "Super!",
            "text": "I liked it"
        }
    ],
    [
        {
            "author": "Flipkart Customer",
            "helpful": 0,
            "certBuyer": true,
            "rating": 4,
            "title": "Very Good",
            "text": "Nice"
        }
    ],
    [
        {
            "author": "Nischay Baghel",
            "helpful": 0,
            "certBuyer": true,
            "rating": 5,
            "title": "Simply awesome",
            "text": "Good product"
        }
    ],
    [
        {
            "author": "sushin suresh",
            "helpful": 0,
            "certBuyer": true,
            "rating": 5,
            "title": "Wonderful",
            "text": "Fast delivery\nvery good in this price\nGood battery,backup\nGood camera\nVery nice for gameplay\nGood bass earphones \nBoth very good camera"
        }
    ],
    [
        {
            "author": "KOUSHIK BAG",
            "helpful": 0,
            "certBuyer": true,
            "rating": 5,
            "title": "Terrific purchase",
            "text": "Super seller.  Good packing.  Sae deliver.  Good phone"
        }
    ],
    [
        {
            "author": "Aditya T",
            "helpful": 0,
            "certBuyer": true,
            "rating": 5,
            "title": "cool pad note 5",
            "text": "Excellent"
        }
    ],
    [
        {
            "author": "Flipkart Customer",
            "helpful": 0,
            "certBuyer": true,
            "rating": 5,
            "title": "Mind-blowing purchase",
            "text": "Very fast processer &amp; superb battery power."
        }
    ],
    [
        {
            "author": "Mallelli Ashok",
            "helpful": 0,
            "certBuyer": true,
            "rating": 5,
            "title": "Great product",
            "text": "Nice mobile in low cost"
        }
    ],
    [
        {
            "author": "Katari Sudhakar",
            "helpful": 0,
            "certBuyer": true,
            "rating": 4,
            "title": "Wonderful",
            "text": "Supper"
        }
    ],
    [
        {
            "author": "CHUNNILAL BISEN",
            "helpful": 0,
            "certBuyer": true,
            "rating": 5,
            "title": "Simply awesome",
            "text": "Thanks"
        }
    ],
    [
        {
            "author": "Flipkart Customer",
            "helpful": 0,
            "certBuyer": true,
            "rating": 5,
            "title": "Great product",
            "text": "Super"
        }
    ],
    [
        {
            "author": "Flipkart Customer",
            "helpful": 0,
            "certBuyer": true,
            "rating": 5,
            "title": "Fabulous!",
            "text": "Cool mobile"
        }
    ],
    [
        {
            "author": "Aman Dubey",
            "helpful": 0,
            "certBuyer": true,
            "rating": 4,
            "title": "Good quality product",
            "text": "Coolpaid not 5 is very good phone"
        }
    ],
    [
        {
            "author": "Flipkart Customer",
            "helpful": 0,
            "certBuyer": true,
            "rating": 4,
            "title": "Worth the money",
            "text": "Better"
        }
    ],
    [
        {
            "author": "Muhammed Shibin",
            "helpful": 0,
            "certBuyer": true,
            "rating": 5,
            "title": "Great product",
            "text": "Awesome Packing...\nKeep it up...\nYou can buy Coolpad Note 5 under 9500 on Flipkart..."
        }
    ],
    [
        {
            "author": "diksha  khobragade",
            "helpful": 0,
            "certBuyer": true,
            "rating": 5,
            "title": "Best in the market!",
            "text": "It's osm to use"
        }
    ],
    [
        {
            "author": "Srihari Pragada",
            "helpful": 0,
            "certBuyer": true,
            "rating": 4,
            "title": "Nice product",
            "text": "Super"
        }
    ],
    [
        {
            "author": "rahul kumar singh",
            "helpful": 0,
            "certBuyer": true,
            "rating": 1,
            "title": "Don't waste your money",
            "text": "My mobile is very heating so i should my hand sett return you. Sorry........."
        }
    ],
    [
        {
            "author": "sourav roy",
            "helpful": 0,
            "certBuyer": true,
            "rating": 5,
            "title": "Terrific",
            "text": "Just amazing"
        }
    ],
    [
        {
            "author": "satya brata  debnath",
            "helpful": 0,
            "certBuyer": true,
            "rating": 5,
            "title": "Terrific",
            "text": "nic mobile..."
        }
    ],
    [
        {
            "author": "R N Sharma ",
            "helpful": 0,
            "certBuyer": true,
            "rating": 5,
            "title": "Brilliant",
            "text": "Nice"
        }
    ],
    [
        {
            "author": "Flipkart Customer",
            "helpful": 0,
            "certBuyer": true,
            "rating": 3,
            "title": "Just okay",
            "text": "Good"
        }
    ],
    [
        {
            "author": "Samit Biswas",
            "helpful": 0,
            "certBuyer": true,
            "rating": 5,
            "title": "Super!",
            "text": "very good in this price"
        }
    ],
    [
        {
            "author": "Abhishek Vishwakarma",
            "helpful": 0,
            "certBuyer": true,
            "rating": 2,
            "title": "Expected a better product",
            "text": "Fabulous mobile with a good specification and high quality display but camara was not good came with full of scraches on it"
        }
    ],
    [
        {
            "author": "kulraj",
            "helpful": 0,
            "certBuyer": true,
            "rating": 5,
            "title": "Excellent",
            "text": "best product"
        }
    ],
    [
        {
            "author": "VIJAY M",
            "helpful": 0,
            "certBuyer": true,
            "rating": 4,
            "title": "Really Nice",
            "text": "Good product,"
        }
    ],
    [
        {
            "author": "rinku thakur",
            "helpful": 0,
            "certBuyer": true,
            "rating": 5,
            "title": "looking batter",
            "text": "Good"
        }
    ],
    [
        {
            "author": "Flipkart Customer",
            "helpful": 0,
            "certBuyer": true,
            "rating": 4,
            "title": "Value-for-money",
            "text": "Awesome phone with good unseen features..  Luv it."
        }
    ],
    [
        {
            "author": "Aryan chauhan",
            "helpful": 0,
            "certBuyer": true,
            "rating": 5,
            "title": "Coolpad note 5",
            "text": "Best fabulous"
        }
    ],
    [
        {
            "author": "Santosh kumar Paila",
            "helpful": 0,
            "certBuyer": true,
            "rating": 5,
            "title": "Simply awesome",
            "text": "Its simple nic"
        }
    ],
    [
        {
            "author": "Anand Das",
            "helpful": 0,
            "certBuyer": true,
            "rating": 4,
            "title": "Worth the money",
            "text": "Good"
        }
    ],
    [
        {
            "author": "JANARDAN  PANIGRAHI ",
            "helpful": 0,
            "certBuyer": true,
            "rating": 5,
            "title": "Wonderful",
            "text": "Awesome mobile phone.... Thank you flipkart"
        }
    ],
    [
        {
            "author": "Kiran  Jha",
            "helpful": 0,
            "certBuyer": true,
            "rating": 4,
            "title": "Very Good",
            "text": "Everything is amazing.. I mean what could go wrong??\nIt's the best budget phone out there and now it is available for.. 9k !! What else would you buy.. when this is the competteter ??! So.. it's a must buy.. \nThe only problem I encountered.. is that it can't be rooted."
        }
    ],
    [
        {
            "author": "Md saif uddin  mollick",
            "helpful": 0,
            "certBuyer": true,
            "rating": 2,
            "title": "Moderate",
            "text": "not good"
        }
    ],
    [
        {
            "author": "Arutselvan Bhalaji",
            "helpful": 0,
            "certBuyer": true,
            "rating": 3,
            "title": "Nice",
            "text": "Average phone"
        }
    ],
    [
        {
            "author": "Priyank Maru",
            "helpful": 0,
            "certBuyer": true,
            "rating": 4,
            "title": "Nice product",
            "text": "A good phone, satisfying performance. Best feature in this price. Only facing some battery issues."
        }
    ],
    [
        {
            "author": "Flipkart Customer",
            "helpful": 0,
            "certBuyer": true,
            "rating": 4,
            "title": "Nice product",
            "text": "Under 10000 k best phone"
        }
    ],
    [
        {
            "author": "Jayakishore R",
            "helpful": 0,
            "certBuyer": true,
            "rating": 4,
            "title": "Wonderful",
            "text": "it's a good phone which has all the needful features"
        }
    ],
    [
        {
            "author": "Saddam  maniyar",
            "helpful": 0,
            "certBuyer": true,
            "rating": 5,
            "title": "Must buy!",
            "text": "Nice mobile in this price and super quality"
        }
    ],
    [
        {
            "author": "Flipkart Customer",
            "helpful": 0,
            "certBuyer": true,
            "rating": 4,
            "title": "Very Good",
            "text": "Okay with the product"
        }
    ],
    [
        {
            "author": "Vipul Kumar",
            "helpful": 0,
            "certBuyer": true,
            "rating": 4,
            "title": "Really Nice",
            "text": "Awesome price , Awesome phone !!"
        }
    ],
    [
        {
            "author": "Raju patel",
            "helpful": 0,
            "certBuyer": true,
            "rating": 5,
            "title": "Classy product",
            "text": "Nice product...."
        }
    ],
    [
        {
            "author": "ganesh Chauhan",
            "helpful": 0,
            "certBuyer": true,
            "rating": 5,
            "title": "Wonderful",
            "text": "Best products"
        }
    ],
    [
        {
            "author": "Myilraja Sengodan",
            "helpful": 0,
            "certBuyer": true,
            "rating": 4,
            "title": "Good quality product",
            "text": "Good"
        }
    ],
    [
        {
            "author": "Gourab Karmakar",
            "helpful": 0,
            "certBuyer": true,
            "rating": 5,
            "title": "Awesome",
            "text": "Nyc  phone . and thnks flipkart fr this fast service......"
        }
    ],
    [
        {
            "author": "munna  mahato",
            "helpful": 0,
            "certBuyer": true,
            "rating": 1,
            "title": "Does the job",
            "text": "Bad"
        }
    ],
    [
        {
            "author": "Flipkart Customer",
            "helpful": 0,
            "certBuyer": true,
            "rating": 5,
            "title": "Mind-blowing purchase",
            "text": "very good"
        }
    ],
    [
        {
            "author": "Flipkart Customer",
            "helpful": 0,
            "certBuyer": true,
            "rating": 1,
            "title": "Utterly Disappointed",
            "text": "Don't buy this phone every time the phone system hang and very slow operating"
        }
    ],
    [
        {
            "author": "Ajit kumar  Dang",
            "helpful": 0,
            "certBuyer": true,
            "rating": 4,
            "title": "Nice product",
            "text": "Fantastic pahele se or better Hai.. Updated.. Every thing is ok."
        }
    ],
    [
        {
            "author": "Rajeev",
            "helpful": 0,
            "certBuyer": true,
            "rating": 4,
            "title": "Wonderful",
            "text": "Nice smartphone"
        }
    ],
    [
        {
            "author": "Balu Reddy",
            "helpful": 0,
            "certBuyer": true,
            "rating": 1,
            "title": "Worst experience ever!",
            "text": "Wrost mobile,low camera performance, battery backup waste,heating very quickly,you can use only one sim with micro SD card or two Sims at only,you can't use two Sims and micro SD card at a time"
        }
    ],
    [
        {
            "author": "Flipkart Customer",
            "helpful": 0,
            "certBuyer": true,
            "rating": 1,
            "title": "Utterly Disappointed",
            "text": "Waste phone.. Waste product i recived"
        }
    ],
    [
        {
            "author": "Flipkart Customer",
            "helpful": 0,
            "certBuyer": true,
            "rating": 5,
            "title": "Super!",
            "text": "Good produced"
        }
    ],
    [
        {
            "author": "Babu. Dasari",
            "helpful": 0,
            "certBuyer": true,
            "rating": 4,
            "title": "Wonderful",
            "text": "Best android phone"
        }
    ],
    [
        {
            "author": "Flipkart Customer",
            "helpful": 0,
            "certBuyer": true,
            "rating": 5,
            "title": "Terrific purchase",
            "text": "It's nice"
        }
    ],
    [
        {
            "author": "Flipkart Customer",
            "helpful": 0,
            "certBuyer": true,
            "rating": 5,
            "title": "Super!",
            "text": "Amazing phone"
        }
    ],
    [
        {
            "author": "tomge Potom",
            "helpful": 0,
            "certBuyer": true,
            "rating": 5,
            "title": "Excellent",
            "text": "Very good phone."
        }
    ],
    [
        {
            "author": "barun  chakraborty",
            "helpful": 0,
            "certBuyer": true,
            "rating": 4,
            "title": "Good choice",
            "text": "Nice mobial"
        }
    ],
    [
        {
            "author": "Rahul Jarbala",
            "helpful": 0,
            "certBuyer": true,
            "rating": 3,
            "title": "Does the job",
            "text": "Very slow not bad"
        }
    ],
    [
        {
            "author": "Flipkart Customer",
            "helpful": 0,
            "certBuyer": true,
            "rating": 5,
            "title": "Highly recommended",
            "text": "Value for money"
        }
    ],
    [
        {
            "author": "Udaya Kumar",
            "helpful": 0,
            "certBuyer": true,
            "rating": 5,
            "title": "Really Nice",
            "text": "Good i like this mobile \nso soft"
        }
    ],
    [
        {
            "author": "santosh meena",
            "helpful": 0,
            "certBuyer": true,
            "rating": 4,
            "title": "Delightful",
            "text": "This is very fantastic phone in this reange but camera quality isn't good"
        }
    ],
    [
        {
            "author": "rajesh singh",
            "helpful": 0,
            "certBuyer": true,
            "rating": 3,
            "title": "Good",
            "text": "Hanging problem and battery drain so fast"
        }
    ],
    [
        {
            "author": "Akash Mondal",
            "helpful": 0,
            "certBuyer": true,
            "rating": 5,
            "title": "Perfect product!",
            "text": "The phone is good and it has a lot of feature...I am happy with this mobile...."
        }
    ],
    [
        {
            "author": "Deepak Baskey",
            "helpful": 0,
            "certBuyer": true,
            "rating": 4,
            "title": "Good choice",
            "text": "Super"
        }
    ],
    [
        {
            "author": "Susanta Kumar Ganguly",
            "helpful": 0,
            "certBuyer": true,
            "rating": 5,
            "title": "Worth every penny",
            "text": "beautiful look...overall performance very good"
        }
    ],
    [
        {
            "author": "suseela Maarasu",
            "helpful": 0,
            "certBuyer": true,
            "rating": 5,
            "title": "Simply awesome",
            "text": "Nice mobile"
        }
    ],
    [
        {
            "author": "Vishvajeet Kumar",
            "helpful": 0,
            "certBuyer": true,
            "rating": 5,
            "title": "Must buy!",
            "text": "Coolpad such a cool phone"
        }
    ],
    [
        {
            "author": "Vishanth Vis",
            "helpful": 0,
            "certBuyer": true,
            "rating": 3,
            "title": "Just okay",
            "text": "Gud with more features......But lightly heating while using data......."
        }
    ],
    [
        {
            "author": "dinesh kumawat",
            "helpful": 0,
            "certBuyer": true,
            "rating": 5,
            "title": "Terrific purchase",
            "text": "good pic"
        }
    ],
    [
        {
            "author": "Sivaraman S",
            "helpful": 0,
            "certBuyer": true,
            "rating": 4,
            "title": "Value-for-money",
            "text": "Ok"
        }
    ],
    [
        {
            "author": "nagma Ansari ",
            "helpful": 0,
            "certBuyer": true,
            "rating": 4,
            "title": "Wonderful",
            "text": "Good working"
        }
    ],
    [
        {
            "author": "Hanumantha  Raju S G ",
            "helpful": 0,
            "certBuyer": true,
            "rating": 1,
            "title": "Unsatisfactory",
            "text": "Very very bad"
        }
    ],
    [
        {
            "author": "Flipkart Customer",
            "helpful": 0,
            "certBuyer": true,
            "rating": 5,
            "title": "NICE PRODUCT",
            "text": "NICE"
        }
    ],
    [
        {
            "author": "Flipkart Customer",
            "helpful": 0,
            "certBuyer": true,
            "rating": 5,
            "title": "Mind-blowing purchase",
            "text": "Goood product.."
        }
    ],
    [
        {
            "author": "sajmerul sk",
            "helpful": 0,
            "certBuyer": true,
            "rating": 3,
            "title": "midiam",
            "text": "Nice phone ....."
        }
    ],
    [
        {
            "author": "Flipkart Customer",
            "helpful": 0,
            "certBuyer": true,
            "rating": 5,
            "title": "Worth every penny",
            "text": "Nce..."
        }
    ],
    [
        {
            "author": "Ragini",
            "helpful": 0,
            "certBuyer": true,
            "rating": 1,
            "title": "Waste of money!",
            "text": "Very bad product"
        }
    ],
    [
        {
            "author": "Flipkart Customer",
            "helpful": 0,
            "certBuyer": true,
            "rating": 5,
            "title": "chandan roy",
            "text": "good"
        }
    ],
    [
        {
            "author": "Manikanteswar",
            "helpful": 0,
            "certBuyer": true,
            "rating": 2,
            "title": "Moderate",
            "text": "camera clarity is too bad and mobile getting over heat"
        }
    ],
    [
        {
            "author": "Ravi",
            "helpful": 0,
            "certBuyer": true,
            "rating": 1,
            "title": "Terrible product",
            "text": "So bad"
        }
    ],
    [
        {
            "author": "Debabarata Karmakar",
            "helpful": 0,
            "certBuyer": true,
            "rating": 5,
            "title": "Excellent",
            "text": "Good"
        }
    ],
    [
        {
            "author": "srinu ganagalla",
            "helpful": 0,
            "certBuyer": true,
            "rating": 5,
            "title": "Terrific",
            "text": "Super"
        }
    ],
    [
        {
            "author": "Siva Simha",
            "helpful": 0,
            "certBuyer": true,
            "rating": 3,
            "title": "Good",
            "text": "Good"
        }
    ],
    [
        {
            "author": "Jayanta Sarkar",
            "helpful": 0,
            "certBuyer": true,
            "rating": 5,
            "title": "Brilliant",
            "text": "Good product"
        }
    ],
    [
        {
            "author": "SUBBU  nvs",
            "helpful": 0,
            "certBuyer": true,
            "rating": 4,
            "title": "Value-for-money",
            "text": "Good product...."
        }
    ],
    [
        {
            "author": "Flipkart Customer",
            "helpful": 0,
            "certBuyer": true,
            "rating": 5,
            "title": "Great product",
            "text": "NICs"
        }
    ],
    [
        {
            "author": "Flipkart Customer",
            "helpful": 0,
            "certBuyer": true,
            "rating": 5,
            "title": "Worth every penny",
            "text": "Nice product.thnx flipcart."
        }
    ],
    [
        {
            "author": "Flipkart Customer",
            "helpful": 0,
            "certBuyer": true,
            "rating": 4,
            "title": "Really Nice",
            "text": "Super mobile"
        }
    ],
    [
        {
            "author": "Flipkart Customer",
            "helpful": 0,
            "certBuyer": true,
            "rating": 5,
            "title": "Simply awesome",
            "text": "Superb performance... Love it"
        }
    ],
    [
        {
            "author": "Flipkart Customer",
            "helpful": 0,
            "certBuyer": true,
            "rating": 3,
            "title": "Nice",
            "text": "It is a nive product"
        }
    ],
    [
        {
            "author": "Pratik  Tembhare",
            "helpful": 0,
            "certBuyer": false,
            "rating": 5,
            "title": "Just wow!",
            "text": "Good  mobile phone"
        }
    ],
    [
        {
            "author": "Flipkart Customer",
            "helpful": 0,
            "certBuyer": true,
            "rating": 4,
            "title": "Good quality product",
            "text": "Good looking phone nice camera quality"
        }
    ],
    [
        {
            "author": "balle raju",
            "helpful": 0,
            "certBuyer": true,
            "rating": 4,
            "title": "Good quality product",
            "text": "good product"
        }
    ],
    [
        {
            "author": "Flipkart Customer",
            "helpful": 0,
            "certBuyer": true,
            "rating": 5,
            "title": "Worth every penny",
            "text": "Not satisfied , nt wrk is nt catching well"
        }
    ],
    [
        {
            "author": "Sooraj Rajan",
            "helpful": 0,
            "certBuyer": false,
            "rating": 5,
            "title": "Great product",
            "text": "Good"
        }
    ],
    [
        {
            "author": "Flipkart Customer",
            "helpful": 0,
            "certBuyer": true,
            "rating": 3,
            "title": "Does the job",
            "text": "Avg phone, bit lagging ,sound quality poor"
        }
    ],
    [
        {
            "author": "Bore Naresh",
            "helpful": 0,
            "certBuyer": true,
            "rating": 3,
            "title": "Decent product",
            "text": "Flipkart is good But courier Service is bad If you Improve that You will get 5 Stars...."
        }
    ],
    [
        {
            "author": "Flipkart Customer",
            "helpful": 0,
            "certBuyer": true,
            "rating": 1,
            "title": "Not recommended at all",
            "text": "Very badil coolpad, dont buy this mobile"
        }
    ],
    [
        {
            "author": "Bibek Das",
            "helpful": 0,
            "certBuyer": true,
            "rating": 5,
            "title": "Great product",
            "text": "Nice product"
        }
    ],
    [
        {
            "author": "Prabir  Ghosh",
            "helpful": 0,
            "certBuyer": true,
            "rating": 3,
            "title": "Nice",
            "text": "OK product"
        }
    ],
    [
        {
            "author": "Flipkart Customer",
            "helpful": 0,
            "certBuyer": true,
            "rating": 5,
            "title": "Awesome",
            "text": "It is very good modil in this prise camer is amseing"
        }
    ],
    [
        {
            "author": "Flipkart Customer",
            "helpful": 0,
            "certBuyer": false,
            "rating": 1,
            "title": "Terrible product",
            "text": "Waste of money . Touch isn't working. No response from service centes."
        }
    ],
    [
        {
            "author": "Rajesh khanna",
            "helpful": 0,
            "certBuyer": true,
            "rating": 2,
            "title": "Signal Problem",
            "text": "Ear speaker not working proporly, signal problem"
        }
    ],
    [
        {
            "author": "Flipkart Customer",
            "helpful": 0,
            "certBuyer": false,
            "rating": 5,
            "title": "Best in the market!",
            "text": "Good"
        }
    ],
    [
        {
            "author": "Fedrick Kullu",
            "helpful": 0,
            "certBuyer": true,
            "rating": 3,
            "title": "Good",
            "text": "Very Thanks"
        }
    ],
    [
        {
            "author": "Flipkart Customer",
            "helpful": 0,
            "certBuyer": false,
            "rating": 5,
            "title": "Worth every penny",
            "text": "Awesome  phone"
        }
    ],
    [
        {
            "author": "Souvik  Sau",
            "helpful": 0,
            "certBuyer": true,
            "rating": 3,
            "title": "Good",
            "text": "Bad"
        }
    ],
    [
        {
            "author": "Flipkart Customer",
            "helpful": 0,
            "certBuyer": true,
            "rating": 3,
            "title": "Does the job",
            "text": "Lot of call drop problem and it gets hang. It doesn't work according to my command."
        }
    ],
    [
        {
            "author": "Apir Dupak",
            "helpful": 0,
            "certBuyer": true,
            "rating": 5,
            "title": "Excellent",
            "text": "Nice product and shipping"
        }
    ],
    [
        {
            "author": "Flipkart Customer",
            "helpful": 0,
            "certBuyer": false,
            "rating": 5,
            "title": "Brilliant",
            "text": "Superb"
        }
    ],
    [
        {
            "author": "Flipkart Customer",
            "helpful": 0,
            "certBuyer": true,
            "rating": 1,
            "title": "Very poor",
            "text": "very poor quality u are issued"
        }
    ],
    [
        {
            "author": "Malireddy  Mallikharjun",
            "helpful": 0,
            "certBuyer": false,
            "rating": 5,
            "title": "Mind-blowing purchase",
            "text": "nice"
        }
    ],
    [
        {
            "author": "Rajveer Verma",
            "helpful": 0,
            "certBuyer": true,
            "rating": 4,
            "title": "Pretty good",
            "text": "Best phone with best price good battery"
        }
    ],
    [
        {
            "author": "Gowtham Vishwanath",
            "helpful": 0,
            "certBuyer": true,
            "rating": 5,
            "title": "Classy product",
            "text": "a really good phone at this cost ..!!"
        }
    ],
    [
        {
            "author": "Akshay Prakash",
            "helpful": 0,
            "certBuyer": true,
            "rating": 5,
            "title": "Excellent",
            "text": "Nice"
        }
    ],
    [
        {
            "author": "Murugesh  Murugesh ",
            "helpful": 0,
            "certBuyer": false,
            "rating": 5,
            "title": "Hated it!",
            "text": "These is awesome phone"
        }
    ],
    [
        {
            "author": "Vinutha B",
            "helpful": 0,
            "certBuyer": true,
            "rating": 4,
            "title": "Really Nice",
            "text": "Working smoothly....."
        }
    ],
    [
        {
            "author": "arnab acharjee",
            "helpful": 0,
            "certBuyer": true,
            "rating": 4,
            "title": "Value-for-money",
            "text": "excelint phone.... But it getting to hot during charging"
        }
    ],
    [
        {
            "author": "Sandeep Badiger",
            "helpful": 0,
            "certBuyer": false,
            "rating": 1,
            "title": "Absolute rubbish!",
            "text": "Nice"
        }
    ],
    [
        {
            "author": "Natu Dupak",
            "helpful": 0,
            "certBuyer": true,
            "rating": 3,
            "title": "Fair",
            "text": "Does not get any discount. But good phone"
        }
    ],
    [
        {
            "author": "Flipkart Customer",
            "helpful": 0,
            "certBuyer": true,
            "rating": 4,
            "title": "Really Nice",
            "text": "This phone is very good and superb software."
        }
    ],
    [
        {
            "author": "Flipkart Customer",
            "helpful": 0,
            "certBuyer": false,
            "rating": 5,
            "title": "Great product",
            "text": "Very good evn some heat like all mobole.... \nSpecially rear&front camera \ud83d\udcf7 very good.... \nAnd clarity also good batteries"
        }
    ],
    [
        {
            "author": "Jerin mathew jose",
            "helpful": 0,
            "certBuyer": true,
            "rating": 5,
            "title": "Excellent",
            "text": "Sprb"
        }
    ],
    [
        {
            "author": "shreeram",
            "helpful": 0,
            "certBuyer": false,
            "rating": 1,
            "title": "Useless product",
            "text": "Snapdragon 617 processor is almost outdated. Atleast 630 is required. Above 650 processors are available in market"
        }
    ],
    [
        {
            "author": "LOHITH B",
            "helpful": 0,
            "certBuyer": true,
            "rating": 5,
            "title": "Terrific",
            "text": "Excellent product"
        }
    ],
    [
        {
            "author": "Dawn  Antony",
            "helpful": 0,
            "certBuyer": true,
            "rating": 5,
            "title": "Classy product",
            "text": "Superb"
        }
    ],
    [
        {
            "author": "Vijay Kanna",
            "helpful": 0,
            "certBuyer": false,
            "rating": 5,
            "title": "Simply awesome",
            "text": "Nice"
        }
    ],
    [
        {
            "author": "Abani Baral",
            "helpful": 0,
            "certBuyer": true,
            "rating": 4,
            "title": "Worth the money",
            "text": "Awesome product... value for money.. I love it.."
        }
    ],
    [
        {
            "author": "santhosh kumar",
            "helpful": 0,
            "certBuyer": false,
            "rating": 5,
            "title": "super",
            "text": "Super"
        }
    ],
    [
        {
            "author": "Flipkart Customer",
            "helpful": 0,
            "certBuyer": false,
            "rating": 5,
            "title": "Classy product",
            "text": "What a nice mobile ever"
        }
    ],
    [
        {
            "author": "Jithin T jacob",
            "helpful": 0,
            "certBuyer": false,
            "rating": 4,
            "title": "Worth the money",
            "text": "Gud phone"
        }
    ],
    [
        {
            "author": "VikasIP Rajvansh",
            "helpful": 0,
            "certBuyer": false,
            "rating": 5,
            "title": "Super!",
            "text": "I know this phone"
        }
    ],
    [
        {
            "author": "Hrishikesh Nath",
            "helpful": 0,
            "certBuyer": false,
            "rating": 5,
            "title": "good not bad",
            "text": "Ya i love it"
        }
    ],
    [
        {
            "author": "Flipkart Customer",
            "helpful": 0,
            "certBuyer": false,
            "rating": 1,
            "title": "Waste of money!",
            "text": "Very poor performance"
        }
    ],
    [
        {
            "author": "Arbaz Shaikh",
            "helpful": 0,
            "certBuyer": false,
            "rating": 4,
            "title": "Nice product",
            "text": "very good"
        }
    ],
    [
        {
            "author": "Flipkart Customer",
            "helpful": 0,
            "certBuyer": false,
            "rating": 5,
            "title": "Terrific",
            "text": "Gud"
        }
    ],
    [
        {
            "author": "Flipkart Customer",
            "helpful": 0,
            "certBuyer": false,
            "rating": 5,
            "title": "Terrific purchase",
            "text": "Gd pne"
        }
    ],
    [
        {
            "author": "Stylish Saketh",
            "helpful": 0,
            "certBuyer": false,
            "rating": 5,
            "title": "Excellent",
            "text": "Super mobile it's work.fantastic"
        }
    ],
    [
        {
            "author": "Flipkart Customer",
            "helpful": 0,
            "certBuyer": false,
            "rating": 5,
            "title": "Perfect product!",
            "text": "Nice feautures"
        }
    ],
    [
        {
            "author": "SUNIL PRASAD",
            "helpful": 0,
            "certBuyer": false,
            "rating": 1,
            "title": "Don't waste your money",
            "text": "GOOD"
        }
    ],
    [
        {
            "author": "Ajith S",
            "helpful": 0,
            "certBuyer": false,
            "rating": 5,
            "title": "Highly recommended",
            "text": "Good"
        }
    ],
    [
        {
            "author": "Sourav Prusty",
            "helpful": 0,
            "certBuyer": false,
            "rating": 5,
            "title": "Worth every penny",
            "text": "A very very good smart phone"
        }
    ],
    [
        {
            "author": "Raju Gowda",
            "helpful": 0,
            "certBuyer": false,
            "rating": 5,
            "title": "Fabulous!",
            "text": "Good"
        }
    ],
    [
        {
            "author": "Flipkart Customer",
            "helpful": 0,
            "certBuyer": false,
            "rating": 5,
            "title": "Brilliant",
            "text": "Nice product"
        }
    ],
    [
        {
            "author": "Mallick Jamal uddin",
            "helpful": 3,
            "certBuyer": false,
            "rating": 4,
            "title": "Good quality product",
            "text": "This phone made from India or china because of I have  to ordered from flip cart I need know how it's soport volt or not"
        }
    ],
    [
        {
            "author": "Aniket Teke",
            "helpful": 1,
            "certBuyer": true,
            "rating": 2,
            "title": "Two Stars",
            "text": "Good product...."
        }
    ],
    [
        {
            "author": "Flipkart Customer",
            "helpful": 1,
            "certBuyer": true,
            "rating": 4,
            "title": "Delightful",
            "text": "Ok good service"
        }
    ],
    [
        {
            "author": "Kumar v",
            "helpful": 1,
            "certBuyer": true,
            "rating": 1,
            "title": "Horrible",
            "text": "Very worst mobile.charge & Heat problem"
        }
    ],
    [
        {
            "author": "Flipkart Customer",
            "helpful": 1,
            "certBuyer": true,
            "rating": 5,
            "title": "Terrific",
            "text": "Quite late delivery\nPlease work n quick delivery..\nAnyways i like the service\nThank you"
        }
    ],
    [
        {
            "author": "NARAYANA MANNE",
            "helpful": 1,
            "certBuyer": true,
            "rating": 5,
            "title": "Terrific purchase",
            "text": "Good service. Delivered my phone before 3 days.\nThank you..."
        }
    ],
    [
        {
            "author": "Flipkart Customer",
            "helpful": 0,
            "certBuyer": true,
            "rating": 1,
            "title": "Worst experience ever!",
            "text": "Item is not that colour ordered I order gold and send black"
        }
    ],
    [
        {
            "author": "Jeganathan I M",
            "helpful": 0,
            "certBuyer": true,
            "rating": 1,
            "title": "Horrible",
            "text": "mobile was automatically restarting"
        }
    ],
    [
        {
            "author": "illapu  rambabu",
            "helpful": 0,
            "certBuyer": true,
            "rating": 4,
            "title": "Very Good",
            "text": "nice delivery"
        }
    ],
    [
        {
            "author": "Ashok  Hegde",
            "helpful": 0,
            "certBuyer": true,
            "rating": 4,
            "title": "better handset but",
            "text": "Alarm  and other notification sound not ranged"
        }
    ],
    [
        {
            "author": "Flipkart Customer",
            "helpful": 0,
            "certBuyer": true,
            "rating": 1,
            "title": "Waste of money!",
            "text": "Plz call still I did not get call from you. Still awaiting your reply"
        }
    ],
    [
        {
            "author": "Flipkart Customer",
            "helpful": 0,
            "certBuyer": true,
            "rating": 5,
            "title": "Mind-blowing purchase",
            "text": "Excellent performance by flipkart"
        }
    ],
    [
        {
            "author": "Flipkart Customer",
            "helpful": 0,
            "certBuyer": true,
            "rating": 5,
            "title": "Mind-blowing purchase",
            "text": "This is a good servic"
        }
    ],
    [
        {
            "author": "flipkart  customer",
            "helpful": 0,
            "certBuyer": true,
            "rating": 5,
            "title": "Five Stars",
            "text": "Its good"
        }
    ],
    [
        {
            "author": "Manohara achrya",
            "helpful": 0,
            "certBuyer": true,
            "rating": 5,
            "title": "Five Stars",
            "text": "Nyc mobile.."
        }
    ],
    [
        {
            "author": "Priyak Nath",
            "helpful": 0,
            "certBuyer": true,
            "rating": 5,
            "title": "Five Stars",
            "text": "nyc"
        }
    ],
    [
        {
            "author": "Paltu Chowdhury",
            "helpful": 0,
            "certBuyer": true,
            "rating": 5,
            "title": "Five Stars",
            "text": "Good"
        }
    ],
    [
        {
            "author": "Sohel Shaikh",
            "helpful": 0,
            "certBuyer": true,
            "rating": 3,
            "title": "Fair",
            "text": "Good service"
        }
    ],
    [
        {
            "author": "Flipkart Customer",
            "helpful": 0,
            "certBuyer": true,
            "rating": 5,
            "title": "Super!",
            "text": "Excellent delivery"
        }
    ],
    [
        {
            "author": "Jeevan Kabali",
            "helpful": 0,
            "certBuyer": true,
            "rating": 5,
            "title": "Great product",
            "text": "Nice pick up for our location"
        }
    ]
]