[
    [
        {
            "author": "Flipkart Customer",
            "helpful": 0,
            "certBuyer": true,
            "rating": 5,
            "title": "Highly recommended",
            "text": "Shipping service is very good and helpful"
        }
    ],
    [
        {
            "author": "Sek Taslim",
            "helpful": 0,
            "certBuyer": true,
            "rating": 5,
            "title": "Perfect product!",
            "text": "Great"
        }
    ],
    [
        {
            "author": "Payel  Das",
            "helpful": 0,
            "certBuyer": true,
            "rating": 5,
            "title": "Just wow!",
            "text": "I received a GD product really happy  thanks Flipkart"
        }
    ],
    [
        {
            "author": "baskar",
            "helpful": 0,
            "certBuyer": true,
            "rating": 3,
            "title": "Does the job",
            "text": "worth to buy"
        }
    ],
    [
        {
            "author": "TOM SANTHOSH",
            "helpful": 0,
            "certBuyer": true,
            "rating": 5,
            "title": "Awesome",
            "text": "Nice product.."
        }
    ],
    [
        {
            "author": "arun a s",
            "helpful": 0,
            "certBuyer": true,
            "rating": 4,
            "title": "Worth the money",
            "text": "suitalbe product, very good"
        }
    ],
    [
        {
            "author": "Ajith C N",
            "helpful": 0,
            "certBuyer": true,
            "rating": 5,
            "title": "Must buy!",
            "text": "Good quality"
        }
    ],
    [
        {
            "author": "Flipkart Customer",
            "helpful": 0,
            "certBuyer": false,
            "rating": 5,
            "title": "Must buy!",
            "text": "Superb"
        }
    ]
]