[
    [
        {
            "author": "Flipkart Customer",
            "helpful": 3,
            "certBuyer": true,
            "rating": 5,
            "title": "Terrific",
            "text": "awosm experience with flipkart every time the deliver best products, safe delivery, best offers,  and really better then others..... \nabout temper glass this is best for same mobile (coolpad note5) fit in size comes with screen cleaning papers. \nagain thanks flipkart....."
        }
    ],
    [
        {
            "author": "Flipkart Customer",
            "helpful": 1,
            "certBuyer": true,
            "rating": 1,
            "title": "Terrific",
            "text": "Bad guality"
        }
    ],
    [
        {
            "author": "Flipkart Customer",
            "helpful": 1,
            "certBuyer": true,
            "rating": 1,
            "title": "Utterly Disappointed",
            "text": "Cheap quality"
        }
    ],
    [
        {
            "author": "Parimal Middya",
            "helpful": 1,
            "certBuyer": true,
            "rating": 2,
            "title": "Slightly disappointed",
            "text": "This is a good podect but is not made for coolpad note 5 becouse this glass block indictor light"
        }
    ],
    [
        {
            "author": "jay dev  rathore",
            "helpful": 1,
            "certBuyer": true,
            "rating": 1,
            "title": "very very bad product.. No west u r money..",
            "text": "No buy this product"
        }
    ],
    [
        {
            "author": "Rahim Richu",
            "helpful": 0,
            "certBuyer": true,
            "rating": 5,
            "title": "Awesome",
            "text": "Exxellent\nGave me confidence to buy few more items\nBut later"
        }
    ],
    [
        {
            "author": "Flipkart Customer",
            "helpful": 0,
            "certBuyer": true,
            "rating": 2,
            "title": "Not good",
            "text": "Very very thin..."
        }
    ],
    [
        {
            "author": "Flipkart Customer",
            "helpful": 0,
            "certBuyer": true,
            "rating": 1,
            "title": "Utterly Disappointed",
            "text": "Reaily not good .iam using 1 week only that is unsafe condition"
        }
    ],
    [
        {
            "author": "Karamvir Singh",
            "helpful": 0,
            "certBuyer": true,
            "rating": 5,
            "title": "Best in the market!",
            "text": "Thanks for replacement this time good tempered glass again thanks Flipkart."
        }
    ],
    [
        {
            "author": "durga prasad  durga prasad",
            "helpful": 0,
            "certBuyer": true,
            "rating": 1,
            "title": "Useless product",
            "text": "Very bad"
        }
    ],
    [
        {
            "author": "praveen dittakavi",
            "helpful": 0,
            "certBuyer": true,
            "rating": 1,
            "title": "Absolute rubbish!",
            "text": "The product i received is not good.  The glue used for the tampered glass is very low quality.  Yesterday i placed it on my mobile and today it started getting off.  I am not sure what to do.  All I did is kept pressure again on the tampered glass and trying to make it better.  Hope it stays on atleast for few more days.  What a waste of money."
        }
    ],
    [
        {
            "author": "Flipkart Customer",
            "helpful": 0,
            "certBuyer": true,
            "rating": 1,
            "title": "Horrible",
            "text": "Really bad product do not buy this .No return facility"
        }
    ],
    [
        {
            "author": "MOHAMED  IDRIS",
            "helpful": 0,
            "certBuyer": true,
            "rating": 4,
            "title": "Nice product",
            "text": "Super"
        }
    ],
    [
        {
            "author": "Subramanian Shastry",
            "helpful": 0,
            "certBuyer": true,
            "rating": 1,
            "title": "Not satisfied",
            "text": "The fit of the product on the phone is not good. I would like to return this"
        }
    ],
    [
        {
            "author": "chingamla hongchui hongs",
            "helpful": 0,
            "certBuyer": true,
            "rating": 5,
            "title": "Super!",
            "text": "Bad tempered glass easy to break don't buy it"
        }
    ],
    [
        {
            "author": "Asif Izhar Gaddi",
            "helpful": 0,
            "certBuyer": true,
            "rating": 1,
            "title": "Worst experience ever!",
            "text": "Very cheap feeling cheated by flipcart please don't buy"
        }
    ],
    [
        {
            "author": "Flipkart Customer",
            "helpful": 0,
            "certBuyer": true,
            "rating": 1,
            "title": "Did not meet expectations",
            "text": "Itm reveu"
        }
    ],
    [
        {
            "author": "Flipkart Customer",
            "helpful": 0,
            "certBuyer": true,
            "rating": 1,
            "title": "Horrible",
            "text": "I got a gold color plz don't buy u'll regret"
        }
    ],
    [
        {
            "author": "Flipkart Customer",
            "helpful": 0,
            "certBuyer": true,
            "rating": 5,
            "title": "Great product",
            "text": "Super product ai love Flipkart"
        }
    ],
    [
        {
            "author": "Poola Gurrappa",
            "helpful": 0,
            "certBuyer": true,
            "rating": 1,
            "title": "Waste of money!",
            "text": "West temparglass  ADI lechipothavundi  worest"
        }
    ],
    [
        {
            "author": "Soumitra Konar",
            "helpful": 0,
            "certBuyer": true,
            "rating": 5,
            "title": "Simply awesome",
            "text": "Good"
        }
    ],
    [
        {
            "author": "Kailash Kunwar",
            "helpful": 0,
            "certBuyer": true,
            "rating": 5,
            "title": "Excellent",
            "text": "VERY GOOD ALL THE BEST.."
        }
    ],
    [
        {
            "author": "Raju dash ",
            "helpful": 0,
            "certBuyer": true,
            "rating": 5,
            "title": "Must buy!",
            "text": "Nice job"
        }
    ],
    [
        {
            "author": "Amal amaluz",
            "helpful": 0,
            "certBuyer": true,
            "rating": 1,
            "title": "Not recommended at all",
            "text": "Very very bad product don't buy this its packing is so poor. And very cheep quality waste of money and its already cracked"
        }
    ]
]