[
    [
        {
            "rating": 4, 
            "helpful": 96, 
            "author": "Indranil Thakur", 
            "text": "As on Date it's best Mobile for me,  only thing is that, Battery  back up is required more", 
            "title": "Really Nice", 
            "certBuyer": true
        }
    ], 
    [
        {
            "rating": 5, 
            "helpful": 101, 
            "author": "Rajesh D", 
            "text": "Super", 
            "title": "gionee", 
            "certBuyer": false
        }
    ], 
    [
        {
            "rating": 5, 
            "helpful": 63, 
            "author": "Flipkart Customer", 
            "text": "extremly awesome", 
            "title": "Great product", 
            "certBuyer": false
        }
    ], 
    [
        {
            "rating": 5, 
            "helpful": 29, 
            "author": "Prabhat Pandey", 
            "text": "Looking is good", 
            "title": "Terrific", 
            "certBuyer": false
        }
    ], 
    [
        {
            "rating": 5, 
            "helpful": 4, 
            "author": "Shreedhar m Kumbhar", 
            "text": "AWESOME MOBILE,gionee is best company,mobile never heats at all,parts are used standard,i love my mobile", 
            "title": "Brilliant", 
            "certBuyer": false
        }
    ], 
    [
        {
            "rating": 1, 
            "helpful": 22, 
            "author": "Yash Kumar", 
            "text": "If you want to waste your money then i suggest you to buy this phone as It took almost 24 hours to Full charge!!!! And even sometimes doesn't charge upto 100% and it's backup is so bad .... Plzz somebody took my phone", 
            "title": "Utterly Disappointed", 
            "certBuyer": false
        }
    ], 
    [
        {
            "rating": 5, 
            "helpful": 3, 
            "author": "Balvant  choudhary", 
            "text": "Amazing product look wise gionee awesome", 
            "title": "Just wow!", 
            "certBuyer": true
        }
    ], 
    [
        {
            "rating": 5, 
            "helpful": 3, 
            "author": "Jayam Krishna", 
            "text": "The best mobile for me good looking and soft use", 
            "title": "Terrific purchase", 
            "certBuyer": false
        }
    ], 
    [
        {
            "rating": 4, 
            "helpful": 13, 
            "author": "Umesh Kumar", 
            "text": "It is good in loking", 
            "title": "Very Good", 
            "certBuyer": false
        }
    ], 
    [
        {
            "rating": 1, 
            "helpful": 11, 
            "author": "Jijith  Mangattuparambil", 
            "text": "Total waste phone  battery backup utter worst batttery gets upto 50 % with 3 hours not even making a call gionee worst company", 
            "title": "Did not meet expectations", 
            "certBuyer": false
        }
    ], 
    [
        {
            "rating": 4, 
            "helpful": 5, 
            "author": "pankaj sharma", 
            "text": "overall good phone but felt like little bit heating problem. otherwise good in all aspects.", 
            "title": "Value-for-money", 
            "certBuyer": false
        }
    ], 
    [
        {
            "rating": 2, 
            "helpful": 6, 
            "author": "Flipkart Customer", 
            "text": "Waste product this phone is heating only when keeping charging", 
            "title": "Not good", 
            "certBuyer": false
        }
    ], 
    [
        {
            "rating": 4, 
            "helpful": 2, 
            "author": "Flipkart Customer", 
            "text": "Phone is good.\n\nThings that are good.\nVolte.\nCamera.\nLess heating.\nBig games work swiftly.\nTime lapse in camera.\nText recognition.\nAnd other camera things...\n\nThings that are not good.\nProcessor (Helio instead of Snapdragon).\nBattery depletes fast.\nCharges slow.\nBattery 3150 mAh.( Needed much more (4000)).\nFront camera is a little hazy if not still.\n\nRounding of I will give 4.0 as only problem is battery and everything else is fine. It's a good phone but not worth \u20b919000. Moto g5 plus is much better at \u20b917000.", 
            "title": "Good choice", 
            "certBuyer": false
        }
    ], 
    [
        {
            "rating": 2, 
            "helpful": 2, 
            "author": "Satish  Mahajan", 
            "text": "It is west of money no battery backup slow mobile charging mobile so hit while using", 
            "title": "Moderate", 
            "certBuyer": false
        }
    ], 
    [
        {
            "rating": 5, 
            "helpful": 1, 
            "author": "Shams Khan", 
            "text": "Great", 
            "title": "Super!", 
            "certBuyer": true
        }
    ], 
    [
        {
            "rating": 4, 
            "helpful": 1, 
            "author": "Flipkart Customer", 
            "text": "Just one complain...  It takes too much time  in charging", 
            "title": "Very Good", 
            "certBuyer": true
        }
    ], 
    [
        {
            "rating": 3, 
            "helpful": 1, 
            "author": "GOVINDASAMY C", 
            "text": "Good", 
            "title": "Just okay", 
            "certBuyer": true
        }
    ], 
    [
        {
            "rating": 2, 
            "helpful": 0, 
            "author": "Flipkart Customer", 
            "text": "Not worth at this price..No fast charge support .It take more then 3 hrs to charge", 
            "title": "Expected a better product", 
            "certBuyer": false
        }
    ], 
    [
        {
            "rating": 4, 
            "helpful": 0, 
            "author": "Pankaj  Bajaj", 
            "text": "Awesome Mobile", 
            "title": "Very Good", 
            "certBuyer": false
        }
    ], 
    [
        {
            "rating": 5, 
            "helpful": 0, 
            "author": "Salman Memon", 
            "text": "Best phone ever", 
            "title": "Worth every penny", 
            "certBuyer": false
        }
    ], 
    [
        {
            "rating": 5, 
            "helpful": 0, 
            "author": "sachin poojari", 
            "text": "Nice super rr wonderful mobile working is awesome", 
            "title": "Great product", 
            "certBuyer": false
        }
    ], 
    [
        {
            "rating": 5, 
            "helpful": 1, 
            "author": "Flipkart Customer", 
            "text": "Good phon", 
            "title": "Mind-blowing purchase", 
            "certBuyer": false
        }
    ], 
    [
        {
            "rating": 5, 
            "helpful": 0, 
            "author": "Flipkart Customer", 
            "text": "Good. One", 
            "title": "Awesome", 
            "certBuyer": false
        }
    ], 
    [
        {
            "rating": 4, 
            "helpful": 0, 
            "author": "Rajesh Mohni", 
            "text": "Good mobile", 
            "title": "Good quality product", 
            "certBuyer": false
        }
    ], 
    [
        {
            "rating": 4, 
            "helpful": 1, 
            "author": "Flipkart Customer", 
            "text": "Gionee is one of the best company", 
            "title": "Good choice", 
            "certBuyer": false
        }
    ], 
    [
        {
            "rating": 5, 
            "helpful": 1, 
            "author": "Flipkart Customer", 
            "text": "This is  super duper", 
            "title": "Mind-blowing purchase", 
            "certBuyer": false
        }
    ], 
    [
        {
            "rating": 5, 
            "helpful": 3, 
            "author": "Ellapparaj", 
            "text": "Gionee s6pro is very very super phone.camera clarity to awesome.i like selfie camera with 5plens.and super battery backup .l love gionee s6pro64gb.very nice very smart very slim phone.the world slim mobile for Gionee................", 
            "title": "Simply awesome", 
            "certBuyer": false
        }
    ], 
    [
        {
            "rating": 1, 
            "helpful": 2, 
            "author": "Pratik Sonawane", 
            "text": "Camera is nice sounds good but the battery backup is not enough not even a day can run and takes to much time for charging... I don't only me had this problem with my phone or what... I return this phone recently.", 
            "title": "Worst experience ever!", 
            "certBuyer": true
        }
    ], 
    [
        {
            "rating": 4, 
            "helpful": 2, 
            "author": "brijesh Gangwar", 
            "text": "Just camera clearity  fine fine n processer  so nice dis  phone design for play game n multi app in same time,  dis  phone he some heating problem  but it may be issue of mattel  body but nice battery backup......good  good phone", 
            "title": "Really Nice", 
            "certBuyer": false
        }
    ], 
    [
        {
            "rating": 1, 
            "helpful": 1, 
            "author": "Dipak Roowala", 
            "text": "THIRD CLASS PRODUCT", 
            "title": "Waste of money!", 
            "certBuyer": true
        }
    ], 
    [
        {
            "rating": 2, 
            "helpful": 1, 
            "author": "Flipkart Customer", 
            "text": "Battery dumps away v fast", 
            "title": "Moderate", 
            "certBuyer": false
        }
    ], 
    [
        {
            "rating": 5, 
            "helpful": 1, 
            "author": "Soumya Ranjan", 
            "text": "Very nice phone awesome", 
            "title": "Must buy!", 
            "certBuyer": false
        }
    ], 
    [
        {
            "rating": 5, 
            "helpful": 1, 
            "author": "Rudrakshya Bhusan Mohanty", 
            "text": "Terrific performance..  Though I feel S6S camera is a little better but this one is too good also..  Metallic design you will fall in love with", 
            "title": "Mind-blowing purchase", 
            "certBuyer": false
        }
    ], 
    [
        {
            "rating": 3, 
            "helpful": 1, 
            "author": "Alisha Khanna", 
            "text": "HONEST REVIEW OF THIS AMAZING PHONE AFTER 7 DAYS.\nTHE BUILD QUALITY OF MOBILE IS AMAZING.\nTHE SCREEN IS CRYSTAL CLEAR AND HAS NATURAL COLORS.\nPROCESSOR RUNS BLAZING FAST WITHOUT ANY LAG.\nINTERNAL MEMORY HAS AMPLE FOR DATA STORAGE.\nI CAN HIGH-END GAMES EASILY ON THIS PHONE. GO FOR IT.\n2 STARS JUST BECAUSE MY FRIEND GOT THIS IN LESS PRICE.\nUSE A COUPON CODE TO GET DISCOUNT ON FLIPKART. GO TO:\nbit.do/flipkart-discount", 
            "title": "FRIENDLY ADVICE", 
            "certBuyer": false
        }
    ], 
    [
        {
            "rating": 5, 
            "helpful": 0, 
            "author": "Flipkart Customer", 
            "text": "Very nice....!!!", 
            "title": "Simply awesome", 
            "certBuyer": true
        }
    ], 
    [
        {
            "rating": 5, 
            "helpful": 0, 
            "author": "Flipkart Customer", 
            "text": "very nice handset i love gionee s6 pro", 
            "title": "Perfect product!", 
            "certBuyer": true
        }
    ], 
    [
        {
            "rating": 5, 
            "helpful": 0, 
            "author": "tago sorum", 
            "text": "Awesome phone I suggest to buy it.... \ud83d\udc4c\ud83d\udc4c\ud83d\udc4c", 
            "title": "Best in the market!", 
            "certBuyer": true
        }
    ], 
    [
        {
            "rating": 4, 
            "helpful": 0, 
            "author": "tarak maity", 
            "text": "Super mobile but battary is not sutabul", 
            "title": "Pretty good", 
            "certBuyer": true
        }
    ], 
    [
        {
            "rating": 5, 
            "helpful": 0, 
            "author": "vighnesh devadig", 
            "text": "Nice   double flash no", 
            "title": "Simply awesome", 
            "certBuyer": false
        }
    ], 
    [
        {
            "rating": 5, 
            "helpful": 0, 
            "author": "Dr Yogesh Tapre", 
            "text": "Nice product", 
            "title": "Excellent", 
            "certBuyer": false
        }
    ], 
    [
        {
            "rating": 3, 
            "helpful": 0, 
            "author": "Flipkart Customer", 
            "text": "Heat now and after updating softwares then zooming capacity 50% decrease", 
            "title": "Good but nothing fancy", 
            "certBuyer": false
        }
    ], 
    [
        {
            "rating": 5, 
            "helpful": 0, 
            "author": "Pawan Singh", 
            "text": "Good", 
            "title": "Perfect product!", 
            "certBuyer": false
        }
    ], 
    [
        {
            "rating": 5, 
            "helpful": 0, 
            "author": "syam kumar", 
            "text": "Very good phone", 
            "title": "Wonderful", 
            "certBuyer": false
        }
    ], 
    [
        {
            "rating": 2, 
            "helpful": 0, 
            "author": "Aman  kumar", 
            "text": "Redmi note 4 is much better and low cost", 
            "title": "Cost and specifications", 
            "certBuyer": false
        }
    ], 
    [
        {
            "rating": 4, 
            "helpful": 0, 
            "author": "Flipkart Customer", 
            "text": "nice mobile.", 
            "title": "Value-for-money", 
            "certBuyer": false
        }
    ], 
    [
        {
            "rating": 4, 
            "helpful": 1, 
            "author": "Flipkart Customer", 
            "text": "What is front camara?", 
            "title": "Nice product", 
            "certBuyer": false
        }
    ], 
    [
        {
            "rating": 1, 
            "helpful": 1, 
            "author": "Flipkart Customer", 
            "text": "Front camera how many pixels", 
            "title": "Worthless", 
            "certBuyer": false
        }
    ], 
    [
        {
            "rating": 2, 
            "helpful": 1, 
            "author": "Sayandev Roy", 
            "text": "1) This product has lots of software issues, need to improve quality.\n2)Battery backup issue.\n3)Heating while charge.", 
            "title": "Need to improvement in following area", 
            "certBuyer": false
        }
    ], 
    [
        {
            "rating": 3, 
            "helpful": 1, 
            "author": "Chinmaya Kumar Gratia", 
            "text": "Front camera???", 
            "title": "Good but nothing fancy", 
            "certBuyer": false
        }
    ]
]