[
    [
        {
            "rating": 5, 
            "helpful": 109, 
            "author": "Peerzada Zubair", 
            "text": "Great... Camera... Battery backup Good....", 
            "title": "Best in the market!", 
            "certBuyer": true
        }
    ], 
    [
        {
            "rating": 5, 
            "helpful": 122, 
            "author": "Rajeev Dutta", 
            "text": "excellent!!", 
            "title": "Classy product", 
            "certBuyer": true
        }
    ], 
    [
        {
            "rating": 5, 
            "helpful": 66, 
            "author": "Mohan Kumar", 
            "text": "Good one", 
            "title": "Mind-blowing purchase", 
            "certBuyer": true
        }
    ], 
    [
        {
            "rating": 5, 
            "helpful": 4, 
            "author": "pradeep frickzz", 
            "text": "Great camera and graet battery backups", 
            "title": "Wonderful", 
            "certBuyer": true
        }
    ], 
    [
        {
            "rating": 5, 
            "helpful": 3, 
            "author": "Abhishek  Singh", 
            "text": "AWESOME PHONE GIONEE A1 LITE ,NO ISSUE ON PHONE EXELENT BATTERY BACKUP .AWESONE CAMER.", 
            "title": "Super!", 
            "certBuyer": true
        }
    ], 
    [
        {
            "rating": 4, 
            "helpful": 3, 
            "author": "G Mahendra Mahe", 
            "text": "Good", 
            "title": "Good choice", 
            "certBuyer": true
        }
    ], 
    [
        {
            "rating": 5, 
            "helpful": 6, 
            "author": "ankush Sharma", 
            "text": "Awesome phone no heating problem Nd battery back up is also perfect Nd camera is awesome", 
            "title": "Best in the market!", 
            "certBuyer": true
        }
    ], 
    [
        {
            "rating": 3, 
            "helpful": 4, 
            "author": "Arup Mandal", 
            "text": "Excellent phone,camera quality is poor,battery quality is good", 
            "title": "Fair", 
            "certBuyer": true
        }
    ], 
    [
        {
            "rating": 5, 
            "helpful": 2, 
            "author": "Flipkart Customer", 
            "text": "1st this phone was very good phone...\nAnd thanks full to you flipkat, because this ph delivery its good time", 
            "title": "Terrific", 
            "certBuyer": true
        }
    ], 
    [
        {
            "rating": 5, 
            "helpful": 2, 
            "author": "Flipkart Customer", 
            "text": "Good mobile", 
            "title": "Terrific purchase", 
            "certBuyer": true
        }
    ], 
    [
        {
            "rating": 5, 
            "helpful": 4, 
            "author": "POTTA SRINIVAS", 
            "text": "Company offers 1+1 warranty. Screen guard and back cover are additional free goodies.", 
            "title": "Good deal", 
            "certBuyer": true
        }
    ], 
    [
        {
            "rating": 5, 
            "helpful": 3, 
            "author": "SAMIRAN  DAS", 
            "text": "Nice mobile", 
            "title": "Fabulous!", 
            "certBuyer": true
        }
    ], 
    [
        {
            "rating": 4, 
            "helpful": 3, 
            "author": "Anees Ahmad", 
            "text": "Product is fine.. onr thing about delivery.. the delivery boy should carry a swipe machine with him", 
            "title": "Delightful", 
            "certBuyer": true
        }
    ], 
    [
        {
            "rating": 5, 
            "helpful": 3, 
            "author": "Flipkart Customer", 
            "text": "Nice", 
            "title": "Highly recommended", 
            "certBuyer": true
        }
    ], 
    [
        {
            "rating": 5, 
            "helpful": 10, 
            "author": "Wilson M l", 
            "text": "Battery backup  good camera excellent  but cannot  support otg pen drive", 
            "title": "Awesome", 
            "certBuyer": true
        }
    ], 
    [
        {
            "rating": 4, 
            "helpful": 2, 
            "author": "siddharth  h p", 
            "text": "Fabulous. But i search lot for tempered glass", 
            "title": "Really Nice", 
            "certBuyer": true
        }
    ], 
    [
        {
            "rating": 5, 
            "helpful": 1, 
            "author": "Flipkart Customer", 
            "text": "Product deliverd at a time. Good condition", 
            "title": "Best in the market!", 
            "certBuyer": true
        }
    ], 
    [
        {
            "rating": 5, 
            "helpful": 0, 
            "author": "tapas", 
            "text": "Osm mobile...", 
            "title": "Worth every penny", 
            "certBuyer": true
        }
    ], 
    [
        {
            "rating": 4, 
            "helpful": 1, 
            "author": "Flipkart Customer", 
            "text": "Good praduct", 
            "title": "Worth the money", 
            "certBuyer": true
        }
    ], 
    [
        {
            "rating": 5, 
            "helpful": 1, 
            "author": "Flipkart Customer", 
            "text": "Good battery backup.good camera quality, working good", 
            "title": "Perfect product!", 
            "certBuyer": true
        }
    ], 
    [
        {
            "rating": 1, 
            "helpful": 7, 
            "author": "Javed Akhter", 
            "text": "Worst camera it's look like 2 mp instead of 20 mp,", 
            "title": "Don't waste your money", 
            "certBuyer": true
        }
    ], 
    [
        {
            "rating": 5, 
            "helpful": 1, 
            "author": "Flipkart Customer", 
            "text": "Gionee a1 very good mobile", 
            "title": "Awesome", 
            "certBuyer": true
        }
    ], 
    [
        {
            "rating": 5, 
            "helpful": 0, 
            "author": "Flipkart Customer", 
            "text": "Vry gd phone.... But iyr phone not gd. Backi all very nice...", 
            "title": "Just wow!", 
            "certBuyer": true
        }
    ], 
    [
        {
            "rating": 3, 
            "helpful": 0, 
            "author": "Flipkart Customer", 
            "text": "Good product. Good service by Flipkart....", 
            "title": "Decent product", 
            "certBuyer": true
        }
    ], 
    [
        {
            "rating": 4, 
            "helpful": 0, 
            "author": "Flipkart Customer", 
            "text": "Good product", 
            "title": "Value-for-money", 
            "certBuyer": true
        }
    ]
]