[
    [
        {
            "rating": 5, 
            "helpful": 36, 
            "author": "Mona   Balpande ", 
            "text": "Superrrrrrr...", 
            "title": "Worth every penny", 
            "certBuyer": true
        }
    ], 
    [
        {
            "rating": 5, 
            "helpful": 20, 
            "author": "Flipkart Customer", 
            "text": "Awesome", 
            "title": "Must buy!", 
            "certBuyer": true
        }
    ], 
    [
        {
            "rating": 5, 
            "helpful": 4, 
            "author": "Flipkart Customer", 
            "text": "Good", 
            "title": "Simply awesome", 
            "certBuyer": true
        }
    ], 
    [
        {
            "rating": 5, 
            "helpful": 3, 
            "author": "Umashankar", 
            "text": "Good made of. Display nice I thought slow really fast media tek comparing to snapdragon 625.. Experience of mobile very  good big screen. Little bit bulky.  camera performance very good in low light conditions... Compare to Samsung.\nGionee A1plus camera is best..I bought it for 20k on Mrp box 30k....Really good...", 
            "title": "A 1plus mobile", 
            "certBuyer": true
        }
    ]
]