[
    [
        {
            "rating": 5, 
            "helpful": 152, 
            "author": "Nalin  Jain", 
            "text": "Very good mobile. Camera quality is good as well battery.", 
            "title": "Awesome", 
            "certBuyer": false
        }
    ], 
    [
        {
            "rating": 3, 
            "helpful": 56, 
            "author": "Vivian v", 
            "text": "Camera & Display are good\nbattery bad", 
            "title": "Good At All", 
            "certBuyer": false
        }
    ], 
    [
        {
            "rating": 5, 
            "helpful": 169, 
            "author": "Umang Kumar", 
            "text": "Better then oppo or vivo", 
            "title": "Terrific", 
            "certBuyer": false
        }
    ], 
    [
        {
            "rating": 3, 
            "helpful": 6, 
            "author": "Flipkart Customer", 
            "text": "It is goo but it become very hot quickly. But to is nice.", 
            "title": "Faced minor issues", 
            "certBuyer": false
        }
    ], 
    [
        {
            "rating": 5, 
            "helpful": 6, 
            "author": "Rajesh  Kumar", 
            "text": "Very good product", 
            "title": "Best in the market!", 
            "certBuyer": false
        }
    ], 
    [
        {
            "rating": 5, 
            "helpful": 9, 
            "author": "KARTICK SONAR", 
            "text": "Nice", 
            "title": "Worth every penny", 
            "certBuyer": false
        }
    ], 
    [
        {
            "rating": 5, 
            "helpful": 182, 
            "author": "Subhankar Roy", 
            "text": "Its camera, performence is ausome. No hanging problem. 4G volte supported and also CDMA supported. After 30 days using this mobile , I am fully satisfied. It is one of the best mobile within 10K.", 
            "title": "Ausome phone.", 
            "certBuyer": false
        }
    ], 
    [
        {
            "rating": 5, 
            "helpful": 5, 
            "author": "ANSHU kumarI", 
            "text": "Goober p7 good", 
            "title": "Classy product", 
            "certBuyer": true
        }
    ], 
    [
        {
            "rating": 5, 
            "helpful": 4, 
            "author": "RAVI KUMAR", 
            "text": "Headphone not working.", 
            "title": "Excellent", 
            "certBuyer": false
        }
    ], 
    [
        {
            "rating": 2, 
            "helpful": 6, 
            "author": "Ashraf  Baba", 
            "text": "Battery drained so quickly .. hanging problems", 
            "title": "Moderate", 
            "certBuyer": true
        }
    ], 
    [
        {
            "rating": 5, 
            "helpful": 3, 
            "author": "Flipkart Customer", 
            "text": "its very good product i am using....thats so cool \ncamera performance is so awsome...\nlike it that product", 
            "title": "GIONEE P7", 
            "certBuyer": false
        }
    ], 
    [
        {
            "rating": 1, 
            "helpful": 19, 
            "author": "sandeep Adhana", 
            "text": "Zero star phone heat problm ND touch not proper work some time my experience this phone very bad", 
            "title": "Did not meet expectations", 
            "certBuyer": true
        }
    ], 
    [
        {
            "rating": 1, 
            "helpful": 14, 
            "author": "Neha singh", 
            "text": "camera quality and battery backup is not good  as described", 
            "title": "Worst mobile phone", 
            "certBuyer": false
        }
    ], 
    [
        {
            "rating": 1, 
            "helpful": 4, 
            "author": "debajit kakati", 
            "text": "Poor battery quality..2400 mAh..haha..i bought this phone to play games..but games installs only in phone memory..cant move to memory.disgusting", 
            "title": "Did not meet expectations", 
            "certBuyer": false
        }
    ], 
    [
        {
            "rating": 5, 
            "helpful": 2, 
            "author": "Flipkart Customer", 
            "text": "5star", 
            "title": "Classy product", 
            "certBuyer": true
        }
    ], 
    [
        {
            "rating": 5, 
            "helpful": 3, 
            "author": "Jyoti  Jaiswal", 
            "text": "Osm phone after using 1mnth m fully satisfied wid dis ph", 
            "title": "Simply awesome", 
            "certBuyer": false
        }
    ], 
    [
        {
            "rating": 4, 
            "helpful": 3, 
            "author": "Chumi Kalita", 
            "text": "Good", 
            "title": "Worth the money", 
            "certBuyer": false
        }
    ], 
    [
        {
            "rating": 1, 
            "helpful": 4, 
            "author": "rajvinder", 
            "text": "Very bad phone", 
            "title": "Hated it!", 
            "certBuyer": false
        }
    ], 
    [
        {
            "rating": 1, 
            "helpful": 5, 
            "author": "Imran Khan", 
            "text": "Oppo is always better then gionee", 
            "title": "Did not meet expectations", 
            "certBuyer": false
        }
    ], 
    [
        {
            "rating": 1, 
            "helpful": 3, 
            "author": "Flipkart Customer", 
            "text": "As I expected and using Gionee f103 pro this mobile collapsed me totally as battery backup 0, switched off twice a day, till now I can't access through internet which could not support any network, Gionee and flipcart considers I am ready to pay more for A1 instead of P7, kindly revert immediately with favour action or otherwise I will escalate accordingly,", 
            "title": "Super!", 
            "certBuyer": true
        }
    ], 
    [
        {
            "rating": 3, 
            "helpful": 2, 
            "author": "RAKESH KUMAR SHAW", 
            "text": "battery backup is not good and screen main button always hanging", 
            "title": "Does the job", 
            "certBuyer": true
        }
    ], 
    [
        {
            "rating": 4, 
            "helpful": 2, 
            "author": "Rajesh Vasu bangera", 
            "text": "Not good slow touch problem in back touch", 
            "title": "Delightful", 
            "certBuyer": true
        }
    ], 
    [
        {
            "rating": 5, 
            "helpful": 1, 
            "author": "Yogesh Sonika", 
            "text": "Best product", 
            "title": "mi", 
            "certBuyer": true
        }
    ], 
    [
        {
            "rating": 3, 
            "helpful": 1, 
            "author": "Flipkart Customer", 
            "text": "Not good mobile battery gets dry soon  camera is not up to d level", 
            "title": "not good", 
            "certBuyer": true
        }
    ], 
    [
        {
            "rating": 5, 
            "helpful": 0, 
            "author": "Flipkart Customer", 
            "text": "Very good. Prompt service and most reliable.", 
            "title": "Must buy!", 
            "certBuyer": true
        }
    ], 
    [
        {
            "rating": 5, 
            "helpful": 0, 
            "author": "koushik.R koushik ", 
            "text": "Awesome mobile good product sharath pujar delivered very good", 
            "title": "Best in the market!", 
            "certBuyer": true
        }
    ], 
    [
        {
            "rating": 5, 
            "helpful": 0, 
            "author": "sweety ghosh", 
            "text": "Good phone over all", 
            "title": "Super!", 
            "certBuyer": true
        }
    ], 
    [
        {
            "rating": 4, 
            "helpful": 1, 
            "author": "aysha  sultana", 
            "text": "Awesome thanks to filpkart", 
            "title": "Pretty good", 
            "certBuyer": true
        }
    ], 
    [
        {
            "rating": 4, 
            "helpful": 0, 
            "author": "Flipkart Customer", 
            "text": "It is nyz fon to use.", 
            "title": "Pretty good", 
            "certBuyer": true
        }
    ], 
    [
        {
            "rating": 4, 
            "helpful": 0, 
            "author": "Arjun krishna", 
            "text": "Itz jst ok in price range  but not upto our expectations", 
            "title": "Pretty good", 
            "certBuyer": true
        }
    ], 
    [
        {
            "rating": 5, 
            "helpful": 0, 
            "author": "Flipkart Customer", 
            "text": "Good product", 
            "title": "Terrific purchase", 
            "certBuyer": true
        }
    ], 
    [
        {
            "rating": 5, 
            "helpful": 0, 
            "author": "Flipkart Customer", 
            "text": "Nice phone fast speed Jionet fast chalta hai but battery backup only 8 hours phone very fast", 
            "title": "nice phone", 
            "certBuyer": false
        }
    ], 
    [
        {
            "rating": 4, 
            "helpful": 1, 
            "author": "Flipkart Customer", 
            "text": "Gooo mobile", 
            "title": "Really Nice", 
            "certBuyer": true
        }
    ], 
    [
        {
            "rating": 5, 
            "helpful": 0, 
            "author": "Flipkart Customer", 
            "text": "best product\nit have some coolest fratures like camalian mode, etc. three fingers slide feature is also gud \nand lot more", 
            "title": "Terrific purchase", 
            "certBuyer": false
        }
    ], 
    [
        {
            "rating": 4, 
            "helpful": 1, 
            "author": "Flipkart Customer", 
            "text": "I would give it 5 stars but due ro battrey a star less. Very bad battrey backup. And there is heating problem also.", 
            "title": "Delightful", 
            "certBuyer": false
        }
    ], 
    [
        {
            "rating": 4, 
            "helpful": 1, 
            "author": "Muhammed Swalih", 
            "text": "Price is more", 
            "title": "Good quality product", 
            "certBuyer": true
        }
    ], 
    [
        {
            "rating": 1, 
            "helpful": 3, 
            "author": "abhishek banna khariya", 
            "text": "third class phone", 
            "title": "when i return my mobile no one  come to pick upp m", 
            "certBuyer": true
        }
    ], 
    [
        {
            "rating": 1, 
            "helpful": 2, 
            "author": "sainjali Nunisa", 
            "text": "Nice product", 
            "title": "Absolute rubbish!", 
            "certBuyer": true
        }
    ], 
    [
        {
            "rating": 1, 
            "helpful": 3, 
            "author": "Flipkart Customer", 
            "text": "Very bad camera I was exited at the time of purchase but ufff", 
            "title": "Very poor", 
            "certBuyer": true
        }
    ], 
    [
        {
            "rating": 1, 
            "helpful": 0, 
            "author": "Gulshan Kumar", 
            "text": "It's just been 8 months and it's battery swelled.", 
            "title": "Utterly Disappointed", 
            "certBuyer": true
        }
    ], 
    [
        {
            "rating": 4, 
            "helpful": 1, 
            "author": "Venkateswar Reddy Katam", 
            "text": "Gionee p7 fast it is same like model mi now that is more faster gionee", 
            "title": "Nice product", 
            "certBuyer": false
        }
    ], 
    [
        {
            "rating": 5, 
            "helpful": 1, 
            "author": "Ashok Reddy", 
            "text": "Very good", 
            "title": "Great product", 
            "certBuyer": false
        }
    ], 
    [
        {
            "rating": 4, 
            "helpful": 1, 
            "author": "Flipkart Customer", 
            "text": "please give the rxchange offer on this phone so that I can buy it", 
            "title": "Delightful", 
            "certBuyer": false
        }
    ], 
    [
        {
            "rating": 2, 
            "helpful": 1, 
            "author": "Flipkart Customer", 
            "text": "The phone was good first but it came that unfortunately syestem ui has stopped and is is not working now", 
            "title": "Overpriced", 
            "certBuyer": false
        }
    ], 
    [
        {
            "rating": 3, 
            "helpful": 4, 
            "author": "Flipkart Customer", 
            "text": "Honest review..... \nThe smartphone is good it has a very good quality camera ,both rear and front. But there is  a major problem with it that is the heating issues , it heats up a lot when it's in high use of the phone like gaming and also while using the phone while charging. This is the major problem which I have face with it... There is a very good thing about is it's smart lock which has the face detector and voice detector...\n.", 
            "title": "Nice", 
            "certBuyer": false
        }
    ], 
    [
        {
            "rating": 5, 
            "helpful": 4, 
            "author": "Ashish Sharma", 
            "text": "The phone is good and about the camera it's average for normal photoshoot (no zoom)... Device come with Mediatek CPU processor, 3GB of RAM is good and 16GB ROM is divided into two parts first for apps and other's for data musics videos docs etc.. You can also adopt a external memory card as default for musics videos docs movies etc...\nAnd the best of this is... Stereo system is awesome because the unit comes with DTS audio chipset and you can set to music according to your earphones or headphone... I love this feature...", 
            "title": "Worth every penny", 
            "certBuyer": false
        }
    ], 
    [
        {
            "rating": 2, 
            "helpful": 0, 
            "author": "Hari Sahni", 
            "text": "Not good sam thing about", 
            "title": "Not good", 
            "certBuyer": true
        }
    ], 
    [
        {
            "rating": 5, 
            "helpful": 0, 
            "author": "rajneesh kumar bola", 
            "text": "It's just beyond the word", 
            "title": "Excellent", 
            "certBuyer": true
        }
    ], 
    [
        {
            "rating": 5, 
            "helpful": 0, 
            "author": "Arbinda Das", 
            "text": "Unable to resale this phone so anybody  be reach of out to purchase this phone", 
            "title": "Mind-blowing purchase", 
            "certBuyer": true
        }
    ], 
    [
        {
            "rating": 5, 
            "helpful": 0, 
            "author": "Flipkart Customer", 
            "text": "Good one but phone become warm if i talk long", 
            "title": "Brilliant", 
            "certBuyer": true
        }
    ], 
    [
        {
            "rating": 4, 
            "helpful": 0, 
            "author": "Sanjay Panchal", 
            "text": "Nice product", 
            "title": "Pretty good", 
            "certBuyer": true
        }
    ], 
    [
        {
            "rating": 5, 
            "helpful": 0, 
            "author": "Satyajit Reang", 
            "text": "Its a nyc featured phone", 
            "title": "Simply awesome", 
            "certBuyer": true
        }
    ], 
    [
        {
            "rating": 4, 
            "helpful": 0, 
            "author": "Amit Kumar", 
            "text": "This smartphone is really good and radiation level is also good comparison other smartphone.", 
            "title": "Nice product", 
            "certBuyer": true
        }
    ], 
    [
        {
            "rating": 5, 
            "helpful": 0, 
            "author": "Suman Mondal", 
            "text": "Good products", 
            "title": "Best in the market!", 
            "certBuyer": true
        }
    ], 
    [
        {
            "rating": 5, 
            "helpful": 0, 
            "author": "Shashank ", 
            "text": "Nyc 1", 
            "title": "Brilliant", 
            "certBuyer": true
        }
    ], 
    [
        {
            "rating": 4, 
            "helpful": 0, 
            "author": "Sunny  Singh ", 
            "text": "Very good mobile phone", 
            "title": "Pretty good", 
            "certBuyer": true
        }
    ], 
    [
        {
            "rating": 5, 
            "helpful": 0, 
            "author": "Flipkart Customer", 
            "text": "Good", 
            "title": "Simply awesome", 
            "certBuyer": true
        }
    ], 
    [
        {
            "rating": 5, 
            "helpful": 0, 
            "author": "Flipkart Customer", 
            "text": "Very best product", 
            "title": "Terrific", 
            "certBuyer": true
        }
    ], 
    [
        {
            "rating": 5, 
            "helpful": 0, 
            "author": "Nitin Ghule", 
            "text": "Best product best price & best service", 
            "title": "Excellent", 
            "certBuyer": true
        }
    ], 
    [
        {
            "rating": 5, 
            "helpful": 0, 
            "author": "Suseendran s Suseendran.s", 
            "text": "Very help ful", 
            "title": "Wonderful", 
            "certBuyer": true
        }
    ], 
    [
        {
            "rating": 5, 
            "helpful": 0, 
            "author": "Subhajit Ghosh", 
            "text": "Awesome", 
            "title": "Fabulous!", 
            "certBuyer": true
        }
    ], 
    [
        {
            "rating": 3, 
            "helpful": 0, 
            "author": "Sharanya Biswas", 
            "text": "Not for heavy usage. Poor battery ! \nCamera is good. The design looks good.", 
            "title": "Decent product", 
            "certBuyer": true
        }
    ], 
    [
        {
            "rating": 3, 
            "helpful": 0, 
            "author": "Priya Khanna", 
            "text": "Good not bad", 
            "title": "Just okay", 
            "certBuyer": true
        }
    ], 
    [
        {
            "rating": 1, 
            "helpful": 0, 
            "author": "Niraj Deulkar", 
            "text": "Poor condition phone", 
            "title": "One Star", 
            "certBuyer": true
        }
    ], 
    [
        {
            "rating": 4, 
            "helpful": 0, 
            "author": "Flipkart Customer", 
            "text": "Nice product", 
            "title": "Nice", 
            "certBuyer": true
        }
    ], 
    [
        {
            "rating": 5, 
            "helpful": 0, 
            "author": "Anik  Pore", 
            "text": "Good", 
            "title": "Fabulous!", 
            "certBuyer": true
        }
    ], 
    [
        {
            "rating": 2, 
            "helpful": 0, 
            "author": "Karishma Wakurle", 
            "text": "Battery backup not good", 
            "title": "Moderate", 
            "certBuyer": true
        }
    ], 
    [
        {
            "rating": 4, 
            "helpful": 0, 
            "author": "Flipkart Customer", 
            "text": "Osm mobile", 
            "title": "Good choice", 
            "certBuyer": true
        }
    ], 
    [
        {
            "rating": 1, 
            "helpful": 0, 
            "author": "Tengkam Marak", 
            "text": "Be3 is not good no lasting", 
            "title": "Absolute rubbish!", 
            "certBuyer": true
        }
    ], 
    [
        {
            "rating": 3, 
            "helpful": 0, 
            "author": "Shamse Alam ", 
            "text": "Not bad", 
            "title": "Just okay", 
            "certBuyer": true
        }
    ], 
    [
        {
            "rating": 4, 
            "helpful": 0, 
            "author": "Jimreeves  PEREIRA ", 
            "text": "Value for money", 
            "title": "Worth the money", 
            "certBuyer": true
        }
    ], 
    [
        {
            "rating": 5, 
            "helpful": 0, 
            "author": "Shubham Kushwaha", 
            "text": "Better than redmi ....\nIts glorious....", 
            "title": "Worth every penny", 
            "certBuyer": false
        }
    ], 
    [
        {
            "rating": 4, 
            "helpful": 0, 
            "author": "Flipkart Customer", 
            "text": "very nice phone!! :)", 
            "title": "Nice product", 
            "certBuyer": false
        }
    ], 
    [
        {
            "rating": 3, 
            "helpful": 0, 
            "author": "Flipkart Customer", 
            "text": "The Battery backup is not good.. and it's like hanging sometime... even when i m not running any heavy apps....", 
            "title": "Fair", 
            "certBuyer": false
        }
    ], 
    [
        {
            "rating": 3, 
            "helpful": 0, 
            "author": "Flipkart Customer", 
            "text": "Product is good,but only one problem with this phone is over heating, please fix this problem or give some advice,.", 
            "title": "Nice", 
            "certBuyer": false
        }
    ], 
    [
        {
            "rating": 5, 
            "helpful": 0, 
            "author": "Flipkart Customer", 
            "text": "It's very good ... Best in this range of price...", 
            "title": "Awesomely Awesome", 
            "certBuyer": false
        }
    ], 
    [
        {
            "rating": 4, 
            "helpful": 0, 
            "author": "Flipkart Customer", 
            "text": "Gionee is the best brand", 
            "title": "Value-for-money", 
            "certBuyer": false
        }
    ], 
    [
        {
            "rating": 5, 
            "helpful": 0, 
            "author": "Hadid Alam", 
            "text": "Very nice product... I use it comfortable", 
            "title": "Fabulous!", 
            "certBuyer": true
        }
    ], 
    [
        {
            "rating": 5, 
            "helpful": 0, 
            "author": "Flipkart Customer", 
            "text": "Good", 
            "title": "Great product", 
            "certBuyer": false
        }
    ], 
    [
        {
            "rating": 4, 
            "helpful": 0, 
            "author": "Ashok Yerrabelly", 
            "text": "Nice camera super", 
            "title": "Worth the money", 
            "certBuyer": false
        }
    ], 
    [
        {
            "rating": 4, 
            "helpful": 0, 
            "author": "Ashok Yerrabelly", 
            "text": "Super phone", 
            "title": "Delightful", 
            "certBuyer": false
        }
    ], 
    [
        {
            "rating": 5, 
            "helpful": 0, 
            "author": "Mithun Ghosh", 
            "text": "Awasome", 
            "title": "Simply awesome", 
            "certBuyer": true
        }
    ], 
    [
        {
            "rating": 5, 
            "helpful": 0, 
            "author": "Flipkart Customer", 
            "text": "Good phone", 
            "title": "Good", 
            "certBuyer": false
        }
    ], 
    [
        {
            "rating": 1, 
            "helpful": 3, 
            "author": "Thippu Thippu", 
            "text": "Very late my order", 
            "title": "Did not meet expectations", 
            "certBuyer": true
        }
    ], 
    [
        {
            "rating": 4, 
            "helpful": 2, 
            "author": "Flipkart Customer", 
            "text": "Is it support for MTS sim(Its CDMA sim)", 
            "title": "Worth the money", 
            "certBuyer": false
        }
    ], 
    [
        {
            "rating": 1, 
            "helpful": 0, 
            "author": "Dipayan Dutta", 
            "text": "Plz help", 
            "title": "Dead,want refund.", 
            "certBuyer": true
        }
    ], 
    [
        {
            "rating": 5, 
            "helpful": 0, 
            "author": "Santosh kumar Jena", 
            "text": "This is very Good commercial range Smartphone.. very Good Delivery attempt By Flipkart", 
            "title": "Terrific purchase", 
            "certBuyer": true
        }
    ], 
    [
        {
            "rating": 5, 
            "helpful": 1, 
            "author": "Flipkart Customer", 
            "text": "Thanku", 
            "title": "Worth every penny", 
            "certBuyer": false
        }
    ], 
    [
        {
            "rating": 1, 
            "helpful": 2, 
            "author": "Ram Kumar", 
            "text": "Whether MTS is working in it ?", 
            "title": "Wanna knew.  !!", 
            "certBuyer": false
        }
    ], 
    [
        {
            "rating": 5, 
            "helpful": 0, 
            "author": "Flipkart Customer", 
            "text": "Nice", 
            "title": "Five Stars", 
            "certBuyer": true
        }
    ]
]