[
    [
        {
            "rating": 5, 
            "helpful": 24, 
            "author": "Samir Chakraborty", 
            "text": "Thanks", 
            "title": "Gionee X1s", 
            "certBuyer": true
        }
    ], 
    [
        {
            "rating": 5, 
            "helpful": 11, 
            "author": "Flipkart Customer", 
            "text": "Good", 
            "title": "Brilliant", 
            "certBuyer": true
        }
    ], 
    [
        {
            "rating": 1, 
            "helpful": 16, 
            "author": "Flipkart Customer", 
            "text": "Battery life is very bad. Front facing camera is wonderful.. But the phone is not good to use", 
            "title": "Not recommended at all", 
            "certBuyer": true
        }
    ]
]