[
    [
        {
            "rating": 4, 
            "helpful": 27, 
            "author": "Flipkart Customer", 
            "text": "The handset is very good but sometimes it heats while charging.", 
            "title": "Good quality product", 
            "certBuyer": true
        }
    ], 
    [
        {
            "rating": 5, 
            "helpful": 271, 
            "author": "Flipkart Customer", 
            "text": "It is a nice phone to handle", 
            "title": "Just wow!", 
            "certBuyer": false
        }
    ], 
    [
        {
            "rating": 5, 
            "helpful": 589, 
            "author": "Flipkart Customer", 
            "text": "Very nice phone\n1.Battery backup is mind boggling\n2.Very fast clock speed, never get hanged\n3.Best audio, very clear and fantastic\n4.Recommend for epic gamer, high quality game also run smoothly without hang.\n\nLove it and fully wort buying wooh", 
            "title": "Great product", 
            "certBuyer": false
        }
    ], 
    [
        {
            "rating": 4, 
            "helpful": 20, 
            "author": "ASHIVANI KUMAR", 
            "text": "battery back is bad", 
            "title": "Delightful", 
            "certBuyer": false
        }
    ], 
    [
        {
            "rating": 3, 
            "helpful": 25, 
            "author": "Arunava Saha", 
            "text": "Very high price as compared to specifications. Battery not so good...its draining quite fast.\nExcellent camera and display", 
            "title": "Does the job", 
            "certBuyer": false
        }
    ], 
    [
        {
            "rating": 4, 
            "helpful": 186, 
            "author": "Sameer Shaikh", 
            "text": "Best phone but high price", 
            "title": "Met Expectations", 
            "certBuyer": false
        }
    ], 
    [
        {
            "rating": 5, 
            "helpful": 16, 
            "author": "jayesh vankar", 
            "text": "2.2 GHz nice \nLong \nBattery life", 
            "title": "jg", 
            "certBuyer": false
        }
    ], 
    [
        {
            "rating": 1, 
            "helpful": 12, 
            "author": "Vinod P H", 
            "text": "Worst mobile don't bye it..", 
            "title": "Absolute rubbish!", 
            "certBuyer": true
        }
    ], 
    [
        {
            "rating": 5, 
            "helpful": 26, 
            "author": "Satpal Bishnoi (jassi)", 
            "text": "I liKe gionee P7 Max..... very fast processor....\nVery good battery backup....\nNice security sistem...\nAnd nice looking", 
            "title": "Classy product", 
            "certBuyer": false
        }
    ], 
    [
        {
            "rating": 4, 
            "helpful": 17, 
            "author": "srikanth sri", 
            "text": "Nice.but sometimes unfortunately reloded.mean reboot automatically", 
            "title": "Really Nice", 
            "certBuyer": false
        }
    ], 
    [
        {
            "rating": 1, 
            "helpful": 48, 
            "author": "Shahrukh  Khan ", 
            "text": "Mobile phone heating  problem", 
            "title": "Don't waste your money", 
            "certBuyer": false
        }
    ], 
    [
        {
            "rating": 3, 
            "helpful": 5, 
            "author": "Rahul Kumar Sinha", 
            "text": "Low battery backup", 
            "title": "Decent product", 
            "certBuyer": true
        }
    ], 
    [
        {
            "rating": 5, 
            "helpful": 40, 
            "author": "Flipkart Customer", 
            "text": "Its very good in budget i love this moBile", 
            "title": "Mind-blowing purchase", 
            "certBuyer": false
        }
    ], 
    [
        {
            "rating": 1, 
            "helpful": 10, 
            "author": "Niraj Kumar  Singh", 
            "text": "Not good.. overheating. keypad not properly working", 
            "title": "Worthless", 
            "certBuyer": true
        }
    ], 
    [
        {
            "rating": 5, 
            "helpful": 13, 
            "author": "RANJAN SINGH", 
            "text": "Very nice", 
            "title": "Perfect product!", 
            "certBuyer": true
        }
    ], 
    [
        {
            "rating": 2, 
            "helpful": 4, 
            "author": "Firoz Firu", 
            "text": "Phone heating.problem", 
            "title": "Not good", 
            "certBuyer": true
        }
    ], 
    [
        {
            "rating": 1, 
            "helpful": 6, 
            "author": "RITUPARNA SHAW", 
            "text": "Hanging problem in just using 15days...the camera quality not good...very poor service...3gb ram but still it's hanging that's the most shokking thing..", 
            "title": "One Star", 
            "certBuyer": true
        }
    ], 
    [
        {
            "rating": 1, 
            "helpful": 6, 
            "author": "Kshitij Tare", 
            "text": "Battery back up is awful. Do not buy this phone if you want a lasting battery backup. Otherwise the phone is good.", 
            "title": "Bad quality", 
            "certBuyer": false
        }
    ], 
    [
        {
            "rating": 2, 
            "helpful": 10, 
            "author": "Aditi Pati", 
            "text": "Heating problem.  Screen behaves a bit weird at times.  Robust though.", 
            "title": "Expected a better product", 
            "certBuyer": false
        }
    ], 
    [
        {
            "rating": 3, 
            "helpful": 23, 
            "author": "Ramarao komera", 
            "text": "Average mobile. Only processor is very good. The price of this phone is very high comparison of it's features. Except processor every thing is as usual.... I have been using this phone from last 5 months... Not so satisfaction. So friends let's decide....", 
            "title": "Nice", 
            "certBuyer": false
        }
    ], 
    [
        {
            "rating": 2, 
            "helpful": 19, 
            "author": "Abhishek katiyar ", 
            "text": "Bad mobile,  heating problem reboot problem and mobile options is not clear, camera quality is not good, totally waste of money", 
            "title": "Not good", 
            "certBuyer": false
        }
    ], 
    [
        {
            "rating": 5, 
            "helpful": 5, 
            "author": "DEB PRASAD  DUTTA ", 
            "text": "nice mobile", 
            "title": "Excellent", 
            "certBuyer": true
        }
    ], 
    [
        {
            "rating": 3, 
            "helpful": 5, 
            "author": "Flipkart Customer", 
            "text": "Phone does not worth the price.Look for other great phones at this price.", 
            "title": "Faced minor issues", 
            "certBuyer": false
        }
    ], 
    [
        {
            "rating": 5, 
            "helpful": 9, 
            "author": "Flipkart Customer", 
            "text": "Very good battery backup.fine camera .", 
            "title": "Great product", 
            "certBuyer": true
        }
    ], 
    [
        {
            "rating": 1, 
            "helpful": 9, 
            "author": "Flipkart Customer", 
            "text": "Very bad phone I'm  member of Gionee phone from this model mobile phone I never remember to buy Gionee mobile phone in my life totally waste of money  in processor and it's heat too much .", 
            "title": "Useless product", 
            "certBuyer": false
        }
    ], 
    [
        {
            "rating": 5, 
            "helpful": 10, 
            "author": "Sandy", 
            "text": "Very nice product I like that", 
            "title": "Terrific", 
            "certBuyer": true
        }
    ], 
    [
        {
            "rating": 4, 
            "helpful": 4, 
            "author": "Flipkart Customer", 
            "text": "no issue so far, camera is better than expected.", 
            "title": "good product", 
            "certBuyer": true
        }
    ], 
    [
        {
            "rating": 5, 
            "helpful": 4, 
            "author": "kiran kumar mohanty", 
            "text": "Good but so cust", 
            "title": "Super!", 
            "certBuyer": false
        }
    ], 
    [
        {
            "rating": 1, 
            "helpful": 6, 
            "author": "Sreeniwaas Reddy", 
            "text": "Louder speaker problem. I am change with in two months two times change loud speaker.", 
            "title": "Worthless", 
            "certBuyer": false
        }
    ], 
    [
        {
            "rating": 5, 
            "helpful": 2, 
            "author": "Mukesh Kumar  Singh", 
            "text": "Excellent", 
            "title": "Wonderful", 
            "certBuyer": true
        }
    ], 
    [
        {
            "rating": 5, 
            "helpful": 2, 
            "author": "NIJO JAMES", 
            "text": "Good product", 
            "title": "Classy product", 
            "certBuyer": true
        }
    ], 
    [
        {
            "rating": 1, 
            "helpful": 2, 
            "author": "kuldeep singh thakur", 
            "text": "Its good but heating problem", 
            "title": "Absolute rubbish!", 
            "certBuyer": true
        }
    ], 
    [
        {
            "rating": 5, 
            "helpful": 2, 
            "author": "Chandan Mandal", 
            "text": "Thanks", 
            "title": "Highly recommended", 
            "certBuyer": true
        }
    ], 
    [
        {
            "rating": 4, 
            "helpful": 2, 
            "author": "Flipkart Customer", 
            "text": "Nice", 
            "title": "Good quality product", 
            "certBuyer": true
        }
    ], 
    [
        {
            "rating": 3, 
            "helpful": 7, 
            "author": "Flipkart Customer", 
            "text": "Just Okay that's it\n          BuT\nNot Worth For price", 
            "title": "Just okay", 
            "certBuyer": false
        }
    ], 
    [
        {
            "rating": 1, 
            "helpful": 6, 
            "author": "Flipkart Customer", 
            "text": "Fantastic feature", 
            "title": "Worthless", 
            "certBuyer": false
        }
    ], 
    [
        {
            "rating": 4, 
            "helpful": 3, 
            "author": "Dileep Gaja", 
            "text": "Best buy", 
            "title": "Nice product", 
            "certBuyer": true
        }
    ], 
    [
        {
            "rating": 4, 
            "helpful": 9, 
            "author": "Flipkart Customer", 
            "text": "All things are right of this phone but there is the only one issue of heating... If u use this phone for heavy gaming, it shows u some heating issue... I think the price is quite high according to the specifications... This phone must comes 10-11K as the other phones of the same specifications comes....", 
            "title": "Good quality product", 
            "certBuyer": false
        }
    ], 
    [
        {
            "rating": 4, 
            "helpful": 3, 
            "author": "Flipkart Customer", 
            "text": "Excellent and super mobile in such a good price", 
            "title": "Good quality product", 
            "certBuyer": false
        }
    ], 
    [
        {
            "rating": 5, 
            "helpful": 2, 
            "author": "Flipkart Customer", 
            "text": "Very good choice gionee p7 max amazing", 
            "title": "Mind-blowing purchase", 
            "certBuyer": true
        }
    ], 
    [
        {
            "rating": 1, 
            "helpful": 0, 
            "author": "Andy Das", 
            "text": "Most worst mobile I never seen", 
            "title": "Terrible product", 
            "certBuyer": true
        }
    ], 
    [
        {
            "rating": 4, 
            "helpful": 0, 
            "author": "Flipkart Customer", 
            "text": "Nice phone but some times the touch may be problem", 
            "title": "Worth the money", 
            "certBuyer": true
        }
    ], 
    [
        {
            "rating": 5, 
            "helpful": 0, 
            "author": "Flipkart Customer", 
            "text": "Very good product and look nice and delivery is very fast", 
            "title": "Terrific", 
            "certBuyer": true
        }
    ], 
    [
        {
            "rating": 5, 
            "helpful": 0, 
            "author": "Flipkart Customer", 
            "text": "Very good product", 
            "title": "Terrific purchase", 
            "certBuyer": true
        }
    ], 
    [
        {
            "rating": 3, 
            "helpful": 0, 
            "author": "Ariyaan Boruah", 
            "text": "Nyc product.....", 
            "title": "Fair", 
            "certBuyer": true
        }
    ], 
    [
        {
            "rating": 5, 
            "helpful": 0, 
            "author": "Arpan Ghosh", 
            "text": "Good packing", 
            "title": "Brilliant", 
            "certBuyer": true
        }
    ], 
    [
        {
            "rating": 1, 
            "helpful": 0, 
            "author": "Anirban Kundu", 
            "text": "Poor battery life", 
            "title": "Absolute rubbish!", 
            "certBuyer": true
        }
    ], 
    [
        {
            "rating": 4, 
            "helpful": 0, 
            "author": "Flipkart Customer", 
            "text": "Good for money.", 
            "title": "Value-for-money", 
            "certBuyer": true
        }
    ], 
    [
        {
            "rating": 3, 
            "helpful": 1, 
            "author": "Flipkart Customer", 
            "text": "Good", 
            "title": "Nice", 
            "certBuyer": true
        }
    ], 
    [
        {
            "rating": 4, 
            "helpful": 0, 
            "author": "Flipkart Customer", 
            "text": "Value for money", 
            "title": "Good choice", 
            "certBuyer": true
        }
    ], 
    [
        {
            "rating": 1, 
            "helpful": 0, 
            "author": "Flipkart Customer", 
            "text": "No good mobile", 
            "title": "Terrible product", 
            "certBuyer": true
        }
    ], 
    [
        {
            "rating": 5, 
            "helpful": 0, 
            "author": "Suresh deva", 
            "text": "Very nice phone.", 
            "title": "Must buy!", 
            "certBuyer": true
        }
    ], 
    [
        {
            "rating": 1, 
            "helpful": 1, 
            "author": "Flipkart Customer", 
            "text": "Hopeless mobile", 
            "title": "Don't waste your money", 
            "certBuyer": true
        }
    ], 
    [
        {
            "rating": 4, 
            "helpful": 1, 
            "author": "Sohan Lal", 
            "text": "Nice product.", 
            "title": "Good choice", 
            "certBuyer": true
        }
    ], 
    [
        {
            "rating": 5, 
            "helpful": 0, 
            "author": "Akshay Gowdru", 
            "text": "Good", 
            "title": "Awesome", 
            "certBuyer": true
        }
    ], 
    [
        {
            "rating": 5, 
            "helpful": 0, 
            "author": "Ambakanti Praneeth", 
            "text": "Don't take", 
            "title": "Super phone", 
            "certBuyer": true
        }
    ], 
    [
        {
            "rating": 3, 
            "helpful": 0, 
            "author": "Vemula Ramesh", 
            "text": "OK", 
            "title": "Good", 
            "certBuyer": true
        }
    ], 
    [
        {
            "rating": 5, 
            "helpful": 0, 
            "author": "Flipkart Customer", 
            "text": "Very Good", 
            "title": "Fabulous!", 
            "certBuyer": true
        }
    ], 
    [
        {
            "rating": 5, 
            "helpful": 0, 
            "author": "Flipkart Customer", 
            "text": "Awsmmm phone n d delivery is vry prompt.. Under dis rate d mobile phone is gr8 \ud83d\ude0d luved it", 
            "title": "Worth every penny", 
            "certBuyer": true
        }
    ], 
    [
        {
            "rating": 4, 
            "helpful": 0, 
            "author": "Nevika Sharma", 
            "text": "Till now no complain. Running smoothly", 
            "title": "Really Nice", 
            "certBuyer": true
        }
    ], 
    [
        {
            "rating": 1, 
            "helpful": 0, 
            "author": "Flipkart Customer", 
            "text": "Very cheep mobile", 
            "title": "Don't waste your money", 
            "certBuyer": true
        }
    ], 
    [
        {
            "rating": 5, 
            "helpful": 0, 
            "author": "TUSHAR RAJENDRAKUMAR BHATT", 
            "text": "Really very nice phone", 
            "title": "Perfect product!", 
            "certBuyer": true
        }
    ], 
    [
        {
            "rating": 5, 
            "helpful": 0, 
            "author": "Devanand Yadav", 
            "text": "This is best product in below 10k range...", 
            "title": "Fabulous!", 
            "certBuyer": true
        }
    ], 
    [
        {
            "rating": 5, 
            "helpful": 0, 
            "author": "Jayanta Kar", 
            "text": "Nice phone", 
            "title": "Simply awesome", 
            "certBuyer": true
        }
    ], 
    [
        {
            "rating": 5, 
            "helpful": 0, 
            "author": "Flipkart Customer", 
            "text": "Gd", 
            "title": "Brilliant", 
            "certBuyer": true
        }
    ], 
    [
        {
            "rating": 5, 
            "helpful": 0, 
            "author": "Nikit Dwivedi", 
            "text": "V good product", 
            "title": "Excellent", 
            "certBuyer": true
        }
    ], 
    [
        {
            "rating": 5, 
            "helpful": 0, 
            "author": "Rahul Rk", 
            "text": "I love this phone", 
            "title": "Best phone", 
            "certBuyer": true
        }
    ], 
    [
        {
            "rating": 5, 
            "helpful": 0, 
            "author": "Suraj  Chouhan ", 
            "text": "Very good product", 
            "title": "Terrific purchase", 
            "certBuyer": true
        }
    ], 
    [
        {
            "rating": 5, 
            "helpful": 0, 
            "author": "Ravi Datt", 
            "text": "Excellent handset this price", 
            "title": "Just wow!", 
            "certBuyer": true
        }
    ], 
    [
        {
            "rating": 4, 
            "helpful": 0, 
            "author": "Masthan basha Shaik", 
            "text": "Good Mobile, Nice looking backside, good battery", 
            "title": "Delightful", 
            "certBuyer": true
        }
    ], 
    [
        {
            "rating": 5, 
            "helpful": 0, 
            "author": "Anoop Patel", 
            "text": "good", 
            "title": "Awesome", 
            "certBuyer": true
        }
    ], 
    [
        {
            "rating": 5, 
            "helpful": 0, 
            "author": "Jitender Kumar", 
            "text": "Great phone good features.", 
            "title": "Wonderful", 
            "certBuyer": true
        }
    ], 
    [
        {
            "rating": 4, 
            "helpful": 0, 
            "author": "Flipkart Customer", 
            "text": "Very good praducts", 
            "title": "Wonderful", 
            "certBuyer": true
        }
    ], 
    [
        {
            "rating": 5, 
            "helpful": 0, 
            "author": "Neha nanda", 
            "text": "Gionee p7 max jio through not support video calling", 
            "title": "Terrible product", 
            "certBuyer": true
        }
    ], 
    [
        {
            "rating": 5, 
            "helpful": 0, 
            "author": "Flipkart Customer", 
            "text": "Nothin to worry niggs", 
            "title": "Brilliant", 
            "certBuyer": true
        }
    ], 
    [
        {
            "rating": 3, 
            "helpful": 0, 
            "author": "Dhananjay  Deshmukh ", 
            "text": "Ok", 
            "title": "Good", 
            "certBuyer": true
        }
    ], 
    [
        {
            "rating": 5, 
            "helpful": 0, 
            "author": "Flipkart Customer", 
            "text": "Nice phone use for good feel", 
            "title": "Super!", 
            "certBuyer": true
        }
    ], 
    [
        {
            "rating": 5, 
            "helpful": 0, 
            "author": "chandan  sharma ", 
            "text": "supper quality", 
            "title": "Brilliant", 
            "certBuyer": true
        }
    ], 
    [
        {
            "rating": 5, 
            "helpful": 0, 
            "author": "Nagireddy srinu", 
            "text": "Good product giomedical p7max", 
            "title": "Awesome", 
            "certBuyer": true
        }
    ], 
    [
        {
            "rating": 4, 
            "helpful": 0, 
            "author": "Flipkart Customer", 
            "text": "Nice phone", 
            "title": "Good quality product", 
            "certBuyer": true
        }
    ], 
    [
        {
            "rating": 4, 
            "helpful": 0, 
            "author": "Flipkart Customer", 
            "text": "Nice", 
            "title": "Delightful", 
            "certBuyer": true
        }
    ], 
    [
        {
            "rating": 4, 
            "helpful": 0, 
            "author": "Surendranath Reddy", 
            "text": "Nice", 
            "title": "Nice product", 
            "certBuyer": true
        }
    ], 
    [
        {
            "rating": 3, 
            "helpful": 0, 
            "author": "Agnidhra Chakraborty", 
            "text": "Not bad", 
            "title": "Super!", 
            "certBuyer": true
        }
    ], 
    [
        {
            "rating": 5, 
            "helpful": 0, 
            "author": "SURENDRAN SURENDRAN", 
            "text": "Very good", 
            "title": "Awesome", 
            "certBuyer": true
        }
    ], 
    [
        {
            "rating": 4, 
            "helpful": 0, 
            "author": "Flipkart Customer", 
            "text": "heating problem", 
            "title": "Good quality product", 
            "certBuyer": true
        }
    ], 
    [
        {
            "rating": 4, 
            "helpful": 1, 
            "author": "Jai Kumar", 
            "text": "Timely delivery good product", 
            "title": "Fabulous!", 
            "certBuyer": true
        }
    ], 
    [
        {
            "rating": 4, 
            "helpful": 0, 
            "author": "Suneeta Gupta", 
            "text": "As described... Just wow.....  \nBut sometimes it gets hang", 
            "title": "Nice product", 
            "certBuyer": true
        }
    ], 
    [
        {
            "rating": 5, 
            "helpful": 0, 
            "author": "Mitra PalChowdhury", 
            "text": "Nice  mobile in low price...Every one can buy..", 
            "title": "Fabulous!", 
            "certBuyer": true
        }
    ], 
    [
        {
            "rating": 5, 
            "helpful": 0, 
            "author": "Flipkart Customer", 
            "text": "This have amazing features it is a good phone and good camera and ram thanks flipcart", 
            "title": "Super!", 
            "certBuyer": true
        }
    ], 
    [
        {
            "rating": 5, 
            "helpful": 0, 
            "author": "Dillip  Kumar Das", 
            "text": "Good product", 
            "title": "Brilliant", 
            "certBuyer": true
        }
    ], 
    [
        {
            "rating": 4, 
            "helpful": 0, 
            "author": "Flipkart Customer", 
            "text": "Great product. Fast delivery.Battery is amazing and camera quality is mind blowing...", 
            "title": "Pretty good", 
            "certBuyer": true
        }
    ], 
    [
        {
            "rating": 5, 
            "helpful": 0, 
            "author": "Pramit Dey", 
            "text": "Very good", 
            "title": "Classy product", 
            "certBuyer": true
        }
    ], 
    [
        {
            "rating": 3, 
            "helpful": 0, 
            "author": "R.sathi Sh", 
            "text": "Supper", 
            "title": "Good", 
            "certBuyer": true
        }
    ], 
    [
        {
            "rating": 5, 
            "helpful": 0, 
            "author": "Saidul islam", 
            "text": "Gionee P7 Max is very very good mobile and features awesome phone (I love you Gionee)", 
            "title": "Mind-blowing purchase", 
            "certBuyer": true
        }
    ], 
    [
        {
            "rating": 5, 
            "helpful": 0, 
            "author": "Deepak Singh", 
            "text": "Amazing smartphone \nVery nice metal body", 
            "title": "Brilliant", 
            "certBuyer": true
        }
    ], 
    [
        {
            "rating": 4, 
            "helpful": 0, 
            "author": "Flipkart Customer", 
            "text": "Good", 
            "title": "Nice product", 
            "certBuyer": true
        }
    ], 
    [
        {
            "rating": 5, 
            "helpful": 0, 
            "author": "Abinash gogoi gogoi", 
            "text": "Nice mobile.....i liked it", 
            "title": "Fabulous!", 
            "certBuyer": true
        }
    ], 
    [
        {
            "rating": 5, 
            "helpful": 0, 
            "author": "Flipkart Customer", 
            "text": "Awesome product and awesome delivery by flipkart person", 
            "title": "Highly recommended", 
            "certBuyer": true
        }
    ], 
    [
        {
            "rating": 4, 
            "helpful": 0, 
            "author": "Ashok Yuvansai", 
            "text": "It ls a good product", 
            "title": "Four Stars", 
            "certBuyer": true
        }
    ], 
    [
        {
            "rating": 3, 
            "helpful": 1, 
            "author": "Mayur Niranjane", 
            "text": "Camera quality bogas..", 
            "title": "Three Stars", 
            "certBuyer": true
        }
    ], 
    [
        {
            "rating": 4, 
            "helpful": 0, 
            "author": "Flipkart Customer", 
            "text": "Really awesome phone n superb clarity", 
            "title": "Pretty good", 
            "certBuyer": true
        }
    ], 
    [
        {
            "rating": 3, 
            "helpful": 1, 
            "author": "A NU P SONI", 
            "text": "Not very nice", 
            "title": "Does the job", 
            "certBuyer": true
        }
    ], 
    [
        {
            "rating": 5, 
            "helpful": 0, 
            "author": "Jayanta Das", 
            "text": "The best mobile in this price range than any other.", 
            "title": "Fabulous!", 
            "certBuyer": true
        }
    ], 
    [
        {
            "rating": 5, 
            "helpful": 0, 
            "author": "Flipkart Customer", 
            "text": "Love it", 
            "title": "Best in the market!", 
            "certBuyer": true
        }
    ], 
    [
        {
            "rating": 5, 
            "helpful": 0, 
            "author": "Jaydeepsinh  Sindhava", 
            "text": "Nice.....\u2605\u2605\u2605\u2605\u2605", 
            "title": "Brilliant", 
            "certBuyer": true
        }
    ], 
    [
        {
            "rating": 5, 
            "helpful": 0, 
            "author": "manoj kumar", 
            "text": "Very good phone", 
            "title": "Excellent", 
            "certBuyer": true
        }
    ], 
    [
        {
            "rating": 5, 
            "helpful": 0, 
            "author": "Jodhani Lalji", 
            "text": "This is amazing product..its really nice..thanks flipcart family.", 
            "title": "Classy product", 
            "certBuyer": true
        }
    ], 
    [
        {
            "rating": 5, 
            "helpful": 0, 
            "author": "Sandeep Hore", 
            "text": "Nice but camera quality is awesome", 
            "title": "Simply awesome", 
            "certBuyer": true
        }
    ], 
    [
        {
            "rating": 2, 
            "helpful": 1, 
            "author": "Flipkart Customer", 
            "text": "Very poor battery. Heating issue. Otherwise better.", 
            "title": "Just okay", 
            "certBuyer": false
        }
    ], 
    [
        {
            "rating": 4, 
            "helpful": 0, 
            "author": "Pintu Ghorui", 
            "text": "This mobile is everything good.", 
            "title": "Value-for-money", 
            "certBuyer": true
        }
    ], 
    [
        {
            "rating": 3, 
            "helpful": 1, 
            "author": "Anupam Sardar", 
            "text": "Please dont buying this ph..Because tomuch heating problem and battery is so poor ......very bad,,otherwise ph is very good..", 
            "title": "Decent product", 
            "certBuyer": false
        }
    ], 
    [
        {
            "rating": 5, 
            "helpful": 1, 
            "author": "Flipkart Customer", 
            "text": "Superb phone", 
            "title": "Mind-blowing purchase", 
            "certBuyer": false
        }
    ], 
    [
        {
            "rating": 5, 
            "helpful": 1, 
            "author": "Sateesh Kumar", 
            "text": "Good", 
            "title": "Fabulous!", 
            "certBuyer": false
        }
    ], 
    [
        {
            "rating": 5, 
            "helpful": 0, 
            "author": "Paresh Balar", 
            "text": "Veriy god", 
            "title": "Terrific", 
            "certBuyer": true
        }
    ], 
    [
        {
            "rating": 5, 
            "helpful": 1, 
            "author": "Soumik Mahalanabish", 
            "text": "Good", 
            "title": "Simply awesome", 
            "certBuyer": true
        }
    ], 
    [
        {
            "rating": 5, 
            "helpful": 0, 
            "author": "Flipkart Customer", 
            "text": "Very good phone", 
            "title": "Fabulous!", 
            "certBuyer": false
        }
    ], 
    [
        {
            "rating": 4, 
            "helpful": 1, 
            "author": "Flipkart Customer", 
            "text": "Good phone for the first time users...  Though there is a certain heating problem after 3-4 hours but all n all a good phone at such prices", 
            "title": "Worth the money", 
            "certBuyer": false
        }
    ], 
    [
        {
            "rating": 5, 
            "helpful": 1, 
            "author": "Aamir hussain", 
            "text": "Best mobile", 
            "title": "Awesome", 
            "certBuyer": false
        }
    ], 
    [
        {
            "rating": 4, 
            "helpful": 1, 
            "author": "Gurwinder Singh", 
            "text": "Gionee  p7max is good mobile\nEvverthing is exellent but price is high", 
            "title": "Nice mobile", 
            "certBuyer": false
        }
    ], 
    [
        {
            "rating": 1, 
            "helpful": 3, 
            "author": "Flipkart Customer", 
            "text": "No battery life", 
            "title": "Hated it!", 
            "certBuyer": true
        }
    ], 
    [
        {
            "rating": 5, 
            "helpful": 8, 
            "author": "Abhay Singh", 
            "text": "I am using gionee p7 max bought @ 14000. I like its UI and other features. MT6595 Octa core 2.2 GHz processor makes gaming & video-watching far more seamless & speedier than most other phones in this range. Its friendly UI, Amigo 3.2 beautifully complements the Android 6.0 experience. From funky themes & mood wallpapers to app managers & interesting lock screens.\nOverall this smartphone is superfast and display quality is also very good.", 
            "title": "Good smartphone within this price range", 
            "certBuyer": false
        }
    ], 
    [
        {
            "rating": 1, 
            "helpful": 20, 
            "author": "Flipkart Customer", 
            "text": "This phone have a good processor, 4gb ram, 3100 mah battery etc but all are useless....\nThis is my first gionee phone... After using about 4 months I came to the point that I have wasted my father's 14000 rupees.\n\nFollowings is my points...\n\n1. You cant make video call\n2. You cant use call divert or call forwarding function, though it works on any others brand mobile\n3. Dailer software is too buggy... Even you cant make conference call...\n4. System is tio buggy... Gionee does not provide system update generally, if provides, no improvements...\n5. You cant find any custom rom (as stock rom is too buggy), rooting guide (available but not working), custom recovery etc... For this device...\n6. Reboot takes long time\n7. It has heating problem\n8. Camera is worse, front is ok but rear camera is a garbage\n9. Memory card, otg mount problem... It ask to format... None can be use without format...\n10. Sometimes volte is not connecting...\nAnd many more....", 
            "title": "Hated it!", 
            "certBuyer": false
        }
    ], 
    [
        {
            "rating": 4, 
            "helpful": 2, 
            "author": "Flipkart Customer", 
            "text": "Happy with this phone", 
            "title": "Pretty good", 
            "certBuyer": false
        }
    ], 
    [
        {
            "rating": 1, 
            "helpful": 3, 
            "author": "RAJNISH  SINGH", 
            "text": "Please frnds don't buy this phone it's so warest phone don't west your money so many problem in this phone display, battery backup, app, over heating. Over all it's very bad phone in my life...don't buy it......", 
            "title": "Worthless", 
            "certBuyer": false
        }
    ], 
    [
        {
            "rating": 1, 
            "helpful": 1, 
            "author": "Flipkart Customer", 
            "text": "Gionee p7 max is wrost phone ever ..... Heating problem and 32 bits weak processor .weaste of money dont buy it.... GPU is very low..", 
            "title": "Terrible product", 
            "certBuyer": false
        }
    ], 
    [
        {
            "rating": 3, 
            "helpful": 2, 
            "author": "Flipkart Customer", 
            "text": "I BOUGHT GIONEE P7 MAX  ON NOV 2016\nAT THAT TIME YOUR  DEVICE HAS EQUIPED WITH BATTERY OF BELOW 3000 MAH .TILL THIS TIME YOUR DEVICE NOT SUPPORT TO ENABLE TO ACTIVE PROPER CHARGING OR PROPER BACK UP .I CONTACT TWO  THREE TIMES YOUR NEAREST CUSTOMER CARE OUTLET NEAR NEDUMANGAD TRIVANDRUM AND CHANGE THE DEVICE BATTERY  \n.BUT NOT USEFUL\nDAY TODAY  NOW YOUR COMPANY HAS LAUNCHED THE NEW VERSION OF P7MAX DEVICE EQUIPED WITH 3000&ABOVE RANGE BATTERY &BACKUP\nAS A CUSTOMER MY REQUEST IS PLS PROVIDE  OR REPLACE MY DEVICE AS SOON AS POSSIBLE  FOR LONG CUSTOMER RELATIONSHIP WITH YOUR GIONEE FAMILY\nI HOPE THERE WILL BE A GOOD FEED BACK&FAVORABLE REPLY TO ME \n\n\n                THANKING YOU\n                KRISHNAKUMAR", 
            "title": "Faced minor issues", 
            "certBuyer": false
        }
    ], 
    [
        {
            "rating": 4, 
            "helpful": 1, 
            "author": "Flipkart Customer", 
            "text": "Good phone good features good everything.\nBut 2 problems. \n1.heating problem\n2.battery backup not good on 4g volte.", 
            "title": "Delightful", 
            "certBuyer": false
        }
    ], 
    [
        {
            "rating": 1, 
            "helpful": 1, 
            "author": "Flipkart Customer", 
            "text": "So bad quality yu deliverd how much i call to yu for return my phone bt there is no answer why????", 
            "title": "Wonderful", 
            "certBuyer": true
        }
    ], 
    [
        {
            "rating": 1, 
            "helpful": 1, 
            "author": "vikram sonkar", 
            "text": "Camera quality is very bad I hate this mobile", 
            "title": "Waste of money!", 
            "certBuyer": true
        }
    ], 
    [
        {
            "rating": 1, 
            "helpful": 1, 
            "author": "Flipkart Customer", 
            "text": "Very poor quality gets heated battery not proper sim card problem.", 
            "title": "Not worth amount", 
            "certBuyer": true
        }
    ], 
    [
        {
            "rating": 5, 
            "helpful": 1, 
            "author": "Flipkart Customer", 
            "text": "Best moblie... U should buy this mobile... I have brought this mobile one week ago.. After broughting it i reliaze that this mobile work very smoothly ' no hang nice picture quality . good looking,,  nice mobile,,", 
            "title": "Super!", 
            "certBuyer": false
        }
    ], 
    [
        {
            "rating": 1, 
            "helpful": 0, 
            "author": "sudhir kumar", 
            "text": "very poor quality", 
            "title": "Not recommended at all", 
            "certBuyer": true
        }
    ], 
    [
        {
            "rating": 1, 
            "helpful": 0, 
            "author": "Rahul  Raj", 
            "text": "Camera is not good", 
            "title": "Horrible", 
            "certBuyer": true
        }
    ], 
    [
        {
            "rating": 5, 
            "helpful": 0, 
            "author": "Nandakumar V c", 
            "text": "Spr", 
            "title": "Just wow!", 
            "certBuyer": true
        }
    ], 
    [
        {
            "rating": 5, 
            "helpful": 0, 
            "author": "Rahul Patidar", 
            "text": "Superb", 
            "title": "Brilliant", 
            "certBuyer": true
        }
    ], 
    [
        {
            "rating": 5, 
            "helpful": 0, 
            "author": "Sujit  Gupta ", 
            "text": "Nice phone", 
            "title": "Perfect product!", 
            "certBuyer": true
        }
    ], 
    [
        {
            "rating": 5, 
            "helpful": 0, 
            "author": "Rahul Meena", 
            "text": "nice phone", 
            "title": "Mind-blowing purchase", 
            "certBuyer": true
        }
    ], 
    [
        {
            "rating": 5, 
            "helpful": 0, 
            "author": "Suman Roy", 
            "text": "Good", 
            "title": "Highly recommended", 
            "certBuyer": true
        }
    ], 
    [
        {
            "rating": 4, 
            "helpful": 0, 
            "author": "Flipkart Customer", 
            "text": "Perfect", 
            "title": "Good choice", 
            "certBuyer": true
        }
    ], 
    [
        {
            "rating": 5, 
            "helpful": 0, 
            "author": "Madupathi Sangameshwar", 
            "text": "Very nice prouduct", 
            "title": "Worth every penny", 
            "certBuyer": true
        }
    ], 
    [
        {
            "rating": 5, 
            "helpful": 0, 
            "author": "Biswajit Mishra", 
            "text": "Good product.but at this price you can buy other brands phone....so guys cheak out that products", 
            "title": "Best in the market!", 
            "certBuyer": true
        }
    ], 
    [
        {
            "rating": 5, 
            "helpful": 0, 
            "author": "Flipkart Customer", 
            "text": "Supper", 
            "title": "ganesh", 
            "certBuyer": true
        }
    ], 
    [
        {
            "rating": 5, 
            "helpful": 0, 
            "author": "Manoj Kumar Morya", 
            "text": "Good", 
            "title": "Awesome", 
            "certBuyer": true
        }
    ], 
    [
        {
            "rating": 5, 
            "helpful": 0, 
            "author": "Flipkart Customer", 
            "text": "Nice phone", 
            "title": "Highly recommended", 
            "certBuyer": true
        }
    ], 
    [
        {
            "rating": 5, 
            "helpful": 0, 
            "author": "Sanket Shukla", 
            "text": "Thanku for flipkart", 
            "title": "Terrific", 
            "certBuyer": true
        }
    ], 
    [
        {
            "rating": 4, 
            "helpful": 0, 
            "author": "Flipkart Customer", 
            "text": "Phone overall good", 
            "title": "Very Good", 
            "certBuyer": true
        }
    ], 
    [
        {
            "rating": 5, 
            "helpful": 0, 
            "author": "Ram Kishan makkar", 
            "text": "Really very very nice everything ok", 
            "title": "Great product", 
            "certBuyer": true
        }
    ], 
    [
        {
            "rating": 2, 
            "helpful": 0, 
            "author": "Flipkart Customer", 
            "text": "Camera quality is very bad", 
            "title": "Not good", 
            "certBuyer": true
        }
    ], 
    [
        {
            "rating": 2, 
            "helpful": 0, 
            "author": "Shrikant  Rathod", 
            "text": "good quality working", 
            "title": "Perfect product!", 
            "certBuyer": true
        }
    ], 
    [
        {
            "rating": 1, 
            "helpful": 0, 
            "author": "SuRaj Singh", 
            "text": "Not good phone", 
            "title": "Not recommended at all", 
            "certBuyer": true
        }
    ], 
    [
        {
            "rating": 5, 
            "helpful": 0, 
            "author": "Flipkart Customer", 
            "text": "Good Features", 
            "title": "Brilliant", 
            "certBuyer": true
        }
    ], 
    [
        {
            "rating": 4, 
            "helpful": 0, 
            "author": "Flipkart Customer", 
            "text": "Nice set", 
            "title": "Good choice", 
            "certBuyer": false
        }
    ], 
    [
        {
            "rating": 5, 
            "helpful": 0, 
            "author": "Mausam singh", 
            "text": "Very nice phone", 
            "title": "Excellent", 
            "certBuyer": false
        }
    ], 
    [
        {
            "rating": 5, 
            "helpful": 0, 
            "author": "Deep Dey", 
            "text": "Great product by Ginoee\nYou can take stunning pictures by using this phone. It is also a very good looking phone.", 
            "title": "Fabulous!", 
            "certBuyer": false
        }
    ], 
    [
        {
            "rating": 1, 
            "helpful": 0, 
            "author": "Flipkart Customer", 
            "text": "\u13c1\u13b2\u13e3\u13cb \u13b5\u13c2\u13eb\u13c1\u13cb \u13f0\u13cc\u13bf \u13c1\u13eb\u13bf \u13b0\u13b2\u13c1\u13b6\u13cb\u1587 \u13b5\u1587\u13b2\u13c1\u13bf \u13eb\u13c1 m\u13eb\u13f0\u13b2l\u13cb \u13b5\u13c2\u13eb\u13c1\u13cb", 
            "title": "Terrible product", 
            "certBuyer": false
        }
    ], 
    [
        {
            "rating": 5, 
            "helpful": 0, 
            "author": "Jogyeswar  Mondal ", 
            "text": "It is very nice and easy to use. I like this phone very much. \ud83d\udc4c\ud83d\udc4c\ud83d\udc4c\ud83d\udc4d\ud83d\udc4d\ud83d\udc4d", 
            "title": "Brilliant", 
            "certBuyer": true
        }
    ], 
    [
        {
            "rating": 4, 
            "helpful": 0, 
            "author": "Alakesh Kalita", 
            "text": "Mobile  phone is heating problem", 
            "title": "Worth the money", 
            "certBuyer": true
        }
    ], 
    [
        {
            "rating": 5, 
            "helpful": 0, 
            "author": "mahendra.v mahi", 
            "text": "It's nice phone . I got a new phone in Gionee p 7 Max", 
            "title": "Brilliant", 
            "certBuyer": false
        }
    ], 
    [
        {
            "rating": 4, 
            "helpful": 0, 
            "author": "Sujit  Rathod ", 
            "text": "Battery  not well", 
            "title": "Very Good", 
            "certBuyer": false
        }
    ], 
    [
        {
            "rating": 1, 
            "helpful": 0, 
            "author": "Flipkart Customer", 
            "text": "Very very bed", 
            "title": "Gionee p7 max", 
            "certBuyer": true
        }
    ], 
    [
        {
            "rating": 1, 
            "helpful": 0, 
            "author": "Ashwini Sharma", 
            "text": "SD Card slot is not working ..", 
            "title": "Terrible product", 
            "certBuyer": true
        }
    ], 
    [
        {
            "rating": 5, 
            "helpful": 0, 
            "author": "Flipkart Customer", 
            "text": "No problem trust in gionee never hangs .", 
            "title": "Terrific purchase", 
            "certBuyer": false
        }
    ], 
    [
        {
            "rating": 4, 
            "helpful": 0, 
            "author": "Giridharan Giri", 
            "text": "This mobile phone is very super and Barty bad  and mobile is OK .....", 
            "title": "Value-for-money", 
            "certBuyer": false
        }
    ], 
    [
        {
            "rating": 5, 
            "helpful": 0, 
            "author": "Flipkart Customer", 
            "text": "It is most better than all phone I like it very much", 
            "title": "Perfect product!", 
            "certBuyer": false
        }
    ], 
    [
        {
            "rating": 4, 
            "helpful": 0, 
            "author": "Mohd Kaif", 
            "text": "Excellent", 
            "title": "Worth the money", 
            "certBuyer": false
        }
    ], 
    [
        {
            "rating": 5, 
            "helpful": 0, 
            "author": "Khalique Ahmed", 
            "text": "Awesome phone", 
            "title": "Terrific purchase", 
            "certBuyer": false
        }
    ], 
    [
        {
            "rating": 5, 
            "helpful": 0, 
            "author": "Flipkart Customer", 
            "text": "V good mobile", 
            "title": "Must buy!", 
            "certBuyer": false
        }
    ], 
    [
        {
            "rating": 4, 
            "helpful": 0, 
            "author": "Flipkart Customer", 
            "text": "Nice phone", 
            "title": "Wonderful", 
            "certBuyer": false
        }
    ], 
    [
        {
            "rating": 5, 
            "helpful": 0, 
            "author": "Flipkart Customer", 
            "text": "Nice mobile", 
            "title": "Terrific", 
            "certBuyer": false
        }
    ], 
    [
        {
            "rating": 2, 
            "helpful": 7, 
            "author": "Abhishta prasad Ramesh", 
            "text": "Can anyone plz tell that in this mobile can we move apps to sd card???", 
            "title": "Moderate", 
            "certBuyer": false
        }
    ], 
    [
        {
            "rating": 5, 
            "helpful": 2, 
            "author": "aakshay suryavanshi", 
            "text": "very good service", 
            "title": "Mind-blowing purchase", 
            "certBuyer": true
        }
    ], 
    [
        {
            "rating": 1, 
            "helpful": 1, 
            "author": "Atin Dhar", 
            "text": "replacement policy is very bad.", 
            "title": "Utterly Disappointed", 
            "certBuyer": true
        }
    ], 
    [
        {
            "rating": 5, 
            "helpful": 1, 
            "author": "Yogeshkumar  Modi", 
            "text": "It's a great product", 
            "title": "Five Stars", 
            "certBuyer": true
        }
    ], 
    [
        {
            "rating": 5, 
            "helpful": 1, 
            "author": "Payal Raval", 
            "text": "Nice phone..slim n light weight..color is ossum..features r also good", 
            "title": "Five Stars", 
            "certBuyer": true
        }
    ], 
    [
        {
            "rating": 5, 
            "helpful": 1, 
            "author": "Rahul Raju", 
            "text": "loved", 
            "title": "Five Stars", 
            "certBuyer": true
        }
    ], 
    [
        {
            "rating": 5, 
            "helpful": 1, 
            "author": "Trilok  kumawat", 
            "text": "Product is very good.but some problem like hanging & hitting etc.", 
            "title": "Classy product", 
            "certBuyer": true
        }
    ], 
    [
        {
            "rating": 5, 
            "helpful": 1, 
            "author": "Flipkart Customer", 
            "text": "In this company service are better than other.", 
            "title": "Highly recommended", 
            "certBuyer": true
        }
    ], 
    [
        {
            "rating": 5, 
            "helpful": 0, 
            "author": "Giridhar", 
            "text": "Faster delivery", 
            "title": "Super!", 
            "certBuyer": true
        }
    ], 
    [
        {
            "rating": 5, 
            "helpful": 0, 
            "author": "Flipkart Customer", 
            "text": "Is dere volt in dis phone rply", 
            "title": "Worth every penny", 
            "certBuyer": false
        }
    ], 
    [
        {
            "rating": 4, 
            "helpful": 1, 
            "author": "sujeet kumar", 
            "text": "Flip kart take so much time to deliver the item and the invoice bill not sender in my mail pls send it.", 
            "title": "Delightful", 
            "certBuyer": true
        }
    ], 
    [
        {
            "rating": 5, 
            "helpful": 1, 
            "author": "Suman Purkait", 
            "text": "Is it Volte support ? with Jio.", 
            "title": "Not recommended at all", 
            "certBuyer": false
        }
    ], 
    [
        {
            "rating": 1, 
            "helpful": 0, 
            "author": "Edwina", 
            "text": "I dont like it..i want to return it...very bad..m not satisfied", 
            "title": "Hated it!", 
            "certBuyer": true
        }
    ], 
    [
        {
            "rating": 3, 
            "helpful": 0, 
            "author": "Flipkart Harpreet Singh", 
            "text": "Does in this phone we can use 2 sim and SD card at same time", 
            "title": "Decent product", 
            "certBuyer": false
        }
    ], 
    [
        {
            "rating": 3, 
            "helpful": 0, 
            "author": "Flipkart Customer", 
            "text": "having fingerprint sensor???", 
            "title": "Above-average product", 
            "certBuyer": false
        }
    ]
]