[
    [
        {
            "rating": 4, 
            "helpful": 100, 
            "author": "Vikas Jogdand", 
            "text": "Cimpal  mobile", 
            "title": "Good quality product", 
            "certBuyer": true
        }
    ], 
    [
        {
            "rating": 4, 
            "helpful": 24, 
            "author": "Flipkart Customer", 
            "text": "Overall it's Gud phone but camera still not up-to the mark...stil better then mi , opo,  or vivo phones...", 
            "title": "Really Nice", 
            "certBuyer": true
        }
    ], 
    [
        {
            "rating": 3, 
            "helpful": 24, 
            "author": "Flipkart Customer", 
            "text": "Not as good as I thought of during purchase", 
            "title": "Good", 
            "certBuyer": true
        }
    ]
]