[
    [
        {
            "rating": 4, 
            "helpful": 41, 
            "author": "Flipkart Customer", 
            "text": "The mobile is very good but there should be some changes", 
            "title": "Nice product", 
            "certBuyer": true
        }
    ], 
    [
        {
            "rating": 5, 
            "helpful": 153, 
            "author": "Shuvrajyoti   Nath Mohajohn", 
            "text": "Speechless i have bought this phone in the month of april.. Its a awesome experience . \nAlthough i not bought it from flipkart..", 
            "title": "Awesome phone", 
            "certBuyer": false
        }
    ], 
    [
        {
            "rating": 5, 
            "helpful": 146, 
            "author": "Flipkart Customer", 
            "text": "This phone is super cool because I have bought the phone........    This phone is 1gb ram but  i can play 2.3 GB game with out Hang", 
            "title": "Brilliant", 
            "certBuyer": false
        }
    ], 
    [
        {
            "rating": 5, 
            "helpful": 29, 
            "author": "Flipkart Customer", 
            "text": "Nice phone...", 
            "title": "Excellent", 
            "certBuyer": true
        }
    ], 
    [
        {
            "rating": 5, 
            "helpful": 205, 
            "author": "Sai Kumar", 
            "text": "This phone is awesome. it supports 1gb ram but it can play 1.5gb games easily without any lags. coool. the camera, it have 5mp back. in my old mobile 13mp is very bad than this. this phones awesome..... 16gb internal memory. damn. RATING 5", 
            "title": "Awesooooome!", 
            "certBuyer": false
        }
    ], 
    [
        {
            "rating": 5, 
            "helpful": 28, 
            "author": "Flipkart Customer", 
            "text": "It's good", 
            "title": "Highly recommended", 
            "certBuyer": false
        }
    ], 
    [
        {
            "rating": 4, 
            "helpful": 11, 
            "author": "Arun Sharma", 
            "text": "Gud product in this price", 
            "title": "Good quality product", 
            "certBuyer": true
        }
    ], 
    [
        {
            "rating": 5, 
            "helpful": 8, 
            "author": "Yash  Racha", 
            "text": "I bought this phone and I was impressed with its look and colour. Damn!!! It had 1gb ram but i can play 1.5gb game easily without any lag and it is a fast running phone with good qualities.LOVED IT", 
            "title": "Best Phone ever!!!!", 
            "certBuyer": false
        }
    ], 
    [
        {
            "rating": 1, 
            "helpful": 9, 
            "author": "Flipkart Customer", 
            "text": "Not even Six months, there's already the problem of Hanging. Irritating most of the time.", 
            "title": "Unsatisfactory", 
            "certBuyer": false
        }
    ], 
    [
        {
            "rating": 1, 
            "helpful": 4, 
            "author": "Flipkart Customer", 
            "text": "Touch very bad", 
            "title": "Absolute rubbish!", 
            "certBuyer": true
        }
    ], 
    [
        {
            "rating": 4, 
            "helpful": 10, 
            "author": "Yukti Agrawal", 
            "text": "I got it 1 month ago it is working very good camera is so good battery backup is also very nice. I'm loving it.", 
            "title": "Delightful", 
            "certBuyer": false
        }
    ], 
    [
        {
            "rating": 4, 
            "helpful": 9, 
            "author": "RAMMOHAN SHROFF", 
            "text": "The camera is very Good and though it is just one and half month since I purchased it, it is a good experience.", 
            "title": "GIONEE P5W", 
            "certBuyer": true
        }
    ], 
    [
        {
            "rating": 1, 
            "helpful": 10, 
            "author": "Debasish paul", 
            "text": "Bad", 
            "title": "Unsatisfactory", 
            "certBuyer": true
        }
    ], 
    [
        {
            "rating": 5, 
            "helpful": 4, 
            "author": "PARTH GONDALIYA", 
            "text": "This phone cammara is so good\nAnd battry is more then 1 days", 
            "title": "This is amaging phone", 
            "certBuyer": false
        }
    ], 
    [
        {
            "rating": 5, 
            "helpful": 5, 
            "author": "Harish Gowda", 
            "text": "Awesome phone speechless about it iam using this mobile from one year superb battery and camera is very good", 
            "title": "Highly recommended", 
            "certBuyer": false
        }
    ], 
    [
        {
            "rating": 4, 
            "helpful": 6, 
            "author": "Flipkart Customer", 
            "text": "Nice\nIt's rear camera which is of 5 MP is most better than any other 13mp camera.\nIt's super. If it should be of 4g compatible then\nIt will b more fantasy.", 
            "title": "Good choice", 
            "certBuyer": false
        }
    ], 
    [
        {
            "rating": 2, 
            "helpful": 12, 
            "author": "Flipkart Customer", 
            "text": "I am not able to understand that this phone is 3g or 4g and it's is having a negative feature that it is having only 1gb", 
            "title": "Slightly disappointed", 
            "certBuyer": false
        }
    ], 
    [
        {
            "rating": 1, 
            "helpful": 2, 
            "author": "Flipkart Customer", 
            "text": "I  am not Happy this product", 
            "title": "Don't waste your money", 
            "certBuyer": true
        }
    ], 
    [
        {
            "rating": 2, 
            "helpful": 2, 
            "author": "MANISH TANTI", 
            "text": "Ver bad item..too much hang problem", 
            "title": "Could be way better", 
            "certBuyer": true
        }
    ], 
    [
        {
            "rating": 3, 
            "helpful": 2, 
            "author": "Nishapraba  Selvaraju", 
            "text": "Good", 
            "title": "Good quality product", 
            "certBuyer": true
        }
    ], 
    [
        {
            "rating": 1, 
            "helpful": 2, 
            "author": "Flipkart Customer", 
            "text": "the product supplied does not match with the product shown", 
            "title": "the product supplied does not match with the product shown", 
            "certBuyer": true
        }
    ], 
    [
        {
            "rating": 5, 
            "helpful": 2, 
            "author": "Flipkart Customer", 
            "text": "Really nice mob., I've purchased through flip card. I've got product before delivery period. And it is nice. My family member and also I'm happy.\nI would like to purchase more product through flipcard.", 
            "title": "Super!", 
            "certBuyer": true
        }
    ], 
    [
        {
            "rating": 2, 
            "helpful": 2, 
            "author": "Flipkart Customer", 
            "text": "Awesome phone, simply excellent picture quality. However an Uber Driver stole my phone with 4 months of purchase!", 
            "title": "Good choice", 
            "certBuyer": true
        }
    ], 
    [
        {
            "rating": 5, 
            "helpful": 2, 
            "author": "Rahul Rox", 
            "text": "Great.......nice.....looking good ...thanks flipkart", 
            "title": "Five Stars", 
            "certBuyer": true
        }
    ], 
    [
        {
            "rating": 2, 
            "helpful": 4, 
            "author": "Flipkart Customer", 
            "text": "I have purchased this Gionee P5 with high expectations but it proves frustrating. Only in 1 month its voice quality deteriorated so have to give for repair they find its Mic faulty so product not good at all...", 
            "title": "Could be way better", 
            "certBuyer": true
        }
    ], 
    [
        {
            "rating": 4, 
            "helpful": 3, 
            "author": "Kamlesh Vishwakarma", 
            "text": "i buy this mobile .it is very good qualities mobile better camera better look better company product gionee.", 
            "title": "gionee p5w", 
            "certBuyer": false
        }
    ], 
    [
        {
            "rating": 3, 
            "helpful": 2, 
            "author": "md Tanveer Alam", 
            "text": "Nice handset feature are very good and camera is good", 
            "title": "Nice", 
            "certBuyer": true
        }
    ], 
    [
        {
            "rating": 1, 
            "helpful": 2, 
            "author": "Flipkart Customer", 
            "text": "Worst phone ever. It hangs very much and it is very slow.", 
            "title": "Did not meet expectations", 
            "certBuyer": false
        }
    ], 
    [
        {
            "rating": 5, 
            "helpful": 2, 
            "author": "Don", 
            "text": "good mobile with this pricee loved its colors its size is big and the mobile look good", 
            "title": "good mobile", 
            "certBuyer": false
        }
    ], 
    [
        {
            "rating": 5, 
            "helpful": 1, 
            "author": "Chandan Kumar", 
            "text": "Nice phone", 
            "title": "Chandan", 
            "certBuyer": true
        }
    ], 
    [
        {
            "rating": 5, 
            "helpful": 0, 
            "author": "dileep gowda", 
            "text": "Everything is ok but please apply cash on delivery", 
            "title": "Highly recommended", 
            "certBuyer": true
        }
    ], 
    [
        {
            "rating": 5, 
            "helpful": 0, 
            "author": "Flipkart Customer", 
            "text": "Amazing product quality and is100% comfortable", 
            "title": "Mind-blowing purchase", 
            "certBuyer": true
        }
    ], 
    [
        {
            "rating": 5, 
            "helpful": 0, 
            "author": "shivam chakraborty", 
            "text": "Awesome phone", 
            "title": "Terrific purchase", 
            "certBuyer": true
        }
    ], 
    [
        {
            "rating": 3, 
            "helpful": 1, 
            "author": "Surajit Malik", 
            "text": "Good product", 
            "title": "Nice", 
            "certBuyer": true
        }
    ], 
    [
        {
            "rating": 3, 
            "helpful": 0, 
            "author": "vikash patel", 
            "text": "Good battery back up", 
            "title": "Just okay", 
            "certBuyer": true
        }
    ], 
    [
        {
            "rating": 4, 
            "helpful": 0, 
            "author": "Zeeshan Kauser", 
            "text": "It's a nice mobile.", 
            "title": "Worth the money", 
            "certBuyer": true
        }
    ], 
    [
        {
            "rating": 4, 
            "helpful": 0, 
            "author": "Kannan  U pillai", 
            "text": "Good for the price.....\ud83d\udc4c\ud83d\udc4c", 
            "title": "quality products", 
            "certBuyer": true
        }
    ], 
    [
        {
            "rating": 5, 
            "helpful": 0, 
            "author": "Mrinal  Mukherjee ", 
            "text": "Good", 
            "title": "Must buy!", 
            "certBuyer": true
        }
    ], 
    [
        {
            "rating": 5, 
            "helpful": 1, 
            "author": "Flipkart Customer", 
            "text": "Very nice phone..as it gets (dts) digital sound.Superb sound quality and battery lasts for all day in even slight heavy useage. Ita very good for people using 3g sims..charging is also very fast more quick than 1A charger", 
            "title": "Simply awesome", 
            "certBuyer": true
        }
    ], 
    [
        {
            "rating": 5, 
            "helpful": 1, 
            "author": "Anju Singh", 
            "text": "Nice phone", 
            "title": "Must buy!", 
            "certBuyer": true
        }
    ], 
    [
        {
            "rating": 5, 
            "helpful": 1, 
            "author": "Usha Meisheri", 
            "text": "Delivered in time \nGood product for the price", 
            "title": "Wonderful", 
            "certBuyer": true
        }
    ], 
    [
        {
            "rating": 5, 
            "helpful": 1, 
            "author": "gunamani  deka", 
            "text": "Very good product. Phone is good camera and performance is nice", 
            "title": "Wonderful", 
            "certBuyer": true
        }
    ], 
    [
        {
            "rating": 5, 
            "helpful": 1, 
            "author": "Flipkart Customer", 
            "text": "Satisfied with the product as well as fast delivery", 
            "title": "Brilliant", 
            "certBuyer": true
        }
    ], 
    [
        {
            "rating": 3, 
            "helpful": 1, 
            "author": "Jatan  Chakraborty", 
            "text": "It's very gd product...& package tooo good ...however ultimately product is good", 
            "title": "Just okay", 
            "certBuyer": true
        }
    ], 
    [
        {
            "rating": 2, 
            "helpful": 1, 
            "author": "Flipkart Customer", 
            "text": "Awsm product good camera & battery", 
            "title": "nice product", 
            "certBuyer": true
        }
    ], 
    [
        {
            "rating": 1, 
            "helpful": 1, 
            "author": "Flipkart Customer", 
            "text": "very poor product dont buy it", 
            "title": "Worthless", 
            "certBuyer": false
        }
    ], 
    [
        {
            "rating": 5, 
            "helpful": 0, 
            "author": "Flipkart Customer", 
            "text": "Nice product in this price range..no words to say...awesome... Good delivery by flipkart..thanks gionee", 
            "title": "Terrific", 
            "certBuyer": true
        }
    ], 
    [
        {
            "rating": 5, 
            "helpful": 0, 
            "author": "Ashwin Roy", 
            "text": "Cam\u270c phone  can be used only by kids.. Heat problem", 
            "title": "Good choice", 
            "certBuyer": false
        }
    ], 
    [
        {
            "rating": 5, 
            "helpful": 0, 
            "author": "Flipkart Customer", 
            "text": "This phone looks so pretty and  battery backup and sound quality is    superrrr", 
            "title": "Excellent", 
            "certBuyer": false
        }
    ], 
    [
        {
            "rating": 5, 
            "helpful": 1, 
            "author": "Ronit Roy", 
            "text": "Good", 
            "title": "Worth every penny", 
            "certBuyer": false
        }
    ], 
    [
        {
            "rating": 4, 
            "helpful": 1, 
            "author": "Amrit patel", 
            "text": "Nice phone", 
            "title": "Good choice", 
            "certBuyer": false
        }
    ], 
    [
        {
            "rating": 5, 
            "helpful": 0, 
            "author": "Meera K  Ashokan", 
            "text": "Very good. Must buy.", 
            "title": "Perfect product!", 
            "certBuyer": false
        }
    ], 
    [
        {
            "rating": 4, 
            "helpful": 0, 
            "author": "Flipkart Customer", 
            "text": "Nice product..", 
            "title": "Moderate", 
            "certBuyer": true
        }
    ], 
    [
        {
            "rating": 5, 
            "helpful": 0, 
            "author": "Flipkart Customer", 
            "text": "Awesome phone plzzz buy now only on flipkart", 
            "title": "Classy product", 
            "certBuyer": false
        }
    ], 
    [
        {
            "rating": 5, 
            "helpful": 1, 
            "author": "krishna kanta Tripura", 
            "text": "Awsom,,phone no hang,,", 
            "title": "Classy product", 
            "certBuyer": false
        }
    ], 
    [
        {
            "rating": 5, 
            "helpful": 1, 
            "author": "ARJUN AV", 
            "text": "Only heating problem...... It was awesome i never ever use this type of phone in my life.... Good amigo software", 
            "title": "Super!", 
            "certBuyer": false
        }
    ], 
    [
        {
            "rating": 5, 
            "helpful": 1, 
            "author": "Rudraksh Sharma", 
            "text": "Loved it!!!", 
            "title": "Terrific purchase", 
            "certBuyer": false
        }
    ], 
    [
        {
            "rating": 4, 
            "helpful": 1, 
            "author": "Flipkart Customer", 
            "text": "It is good phone in this price but it should be 4G i have purchased this phone 2 month later I don't this is not 4G phone I ask gionee company  for  upgrade  into 4g phone to p5w", 
            "title": "Fair", 
            "certBuyer": false
        }
    ], 
    [
        {
            "rating": 5, 
            "helpful": 0, 
            "author": "Flipkart Customer", 
            "text": "This phone is a very nice.", 
            "title": "Just wow!", 
            "certBuyer": false
        }
    ], 
    [
        {
            "rating": 5, 
            "helpful": 0, 
            "author": "Rajesh Das", 
            "text": "Wonderful mobile", 
            "title": "Wonderful", 
            "certBuyer": true
        }
    ], 
    [
        {
            "rating": 5, 
            "helpful": 0, 
            "author": "Satyajit Hatibaruah", 
            "text": "Good phone with great camera quality", 
            "title": "Excellent", 
            "certBuyer": true
        }
    ], 
    [
        {
            "rating": 4, 
            "helpful": 0, 
            "author": "Ram Chandra  Ghosh ", 
            "text": "Good but it is 3g", 
            "title": "Good quality product", 
            "certBuyer": false
        }
    ], 
    [
        {
            "rating": 4, 
            "helpful": 0, 
            "author": "Flipkart Customer", 
            "text": "Awsome.....good quality ..and main thing is picture quality is too good...i bought it in june....it works smoothly...overall good", 
            "title": "Good quality product", 
            "certBuyer": false
        }
    ], 
    [
        {
            "rating": 4, 
            "helpful": 0, 
            "author": "Flipkart Customer", 
            "text": "Good camera quality", 
            "title": "Nice product", 
            "certBuyer": false
        }
    ], 
    [
        {
            "rating": 5, 
            "helpful": 1, 
            "author": "Flipkart Customer", 
            "text": "Good", 
            "title": "Awesome", 
            "certBuyer": true
        }
    ], 
    [
        {
            "rating": 3, 
            "helpful": 3, 
            "author": "SANJAY SRIVASTAVA", 
            "text": "Useless mobile...", 
            "title": "Met Expectations", 
            "certBuyer": true
        }
    ], 
    [
        {
            "rating": 5, 
            "helpful": 3, 
            "author": "Anonymous", 
            "text": "Gionee is a great upcoming brand and I see innovation and quality in their phones. I bought a P5W for my sister and she absolutely loved it. Thanks Gionee for a great customer experience.", 
            "title": "Colorful, good specs and well priced", 
            "certBuyer": false
        }
    ], 
    [
        {
            "rating": 2, 
            "helpful": 5, 
            "author": "Flipkart Customer", 
            "text": "This phone heat so much that you can make maggi on it. If you forget to remove the data pack it heat so much as if it is going to blast any time . Go for any other company because I had purchased it few months back and very bad response from this side .", 
            "title": "Heating problem", 
            "certBuyer": false
        }
    ], 
    [
        {
            "rating": 2, 
            "helpful": 3, 
            "author": "Flipkart Customer", 
            "text": "This mobile is useless. I bought it in July and after September this mobile hangs up most of the time.  Some apps do not work and this phone heats sooooooo much . Very disappointed!!!", 
            "title": "Delightful", 
            "certBuyer": false
        }
    ], 
    [
        {
            "rating": 1, 
            "helpful": 2, 
            "author": "Rahul  Hazarika", 
            "text": "Good", 
            "title": "Not recommended at all", 
            "certBuyer": true
        }
    ], 
    [
        {
            "rating": 1, 
            "helpful": 2, 
            "author": "Uttaran Modak", 
            "text": "Dont expect battery longevity from this phone.But other requirements are fulfilled", 
            "title": "Worthless", 
            "certBuyer": false
        }
    ], 
    [
        {
            "rating": 4, 
            "helpful": 4, 
            "author": "Nabandu Ghosh", 
            "text": "I bye the GIONEE p5w phone.phone is good.speaker's are really good,good audio output. Camera is too good - But in day light.battery backup is ok type. But battery low fast in open of camera. Thank u...", 
            "title": "Phone is good....", 
            "certBuyer": false
        }
    ], 
    [
        {
            "rating": 4, 
            "helpful": 2, 
            "author": "kartik goyal", 
            "text": "i like it but its starts heating fast.i recommended this phone . camera is good , whatsapp is good , flashlight is good , phone logs are easy to use , good display , so fast , battery lasts longer , covers are easily available nearby", 
            "title": "Gionee P5_W", 
            "certBuyer": true
        }
    ], 
    [
        {
            "rating": 4, 
            "helpful": 1, 
            "author": "dibyadarshan moharana", 
            "text": "At this price range,,quite good,,BT no 4g..camera quality is avg,,but looks classy.", 
            "title": "not bad", 
            "certBuyer": true
        }
    ], 
    [
        {
            "rating": 1, 
            "helpful": 1, 
            "author": "Ashok Kumar", 
            "text": "Delivered a defective item. About 20 days passed for processing a return request. And at last informed that return has been rejected. Very bad experience shopping with flipcart.", 
            "title": "Absolute rubbish!", 
            "certBuyer": true
        }
    ], 
    [
        {
            "rating": 5, 
            "helpful": 1, 
            "author": "Flipkart Customer", 
            "text": "Good quality. Delivery service is so good.", 
            "title": "Classy product", 
            "certBuyer": true
        }
    ], 
    [
        {
            "rating": 5, 
            "helpful": 1, 
            "author": "Sunny Prasad", 
            "text": "Very nice", 
            "title": "Simply awesome", 
            "certBuyer": false
        }
    ], 
    [
        {
            "rating": 2, 
            "helpful": 1, 
            "author": "Vignesh Vicky", 
            "text": "This phone is very ganged @heated so waste your money although I'm bought a phone is not flipkart", 
            "title": "Just okay", 
            "certBuyer": false
        }
    ], 
    [
        {
            "rating": 1, 
            "helpful": 0, 
            "author": "Flipkart Customer", 
            "text": "I bought this phone for my dad and after 3 months of use it started rebooting automatically and its been 3 days its rebooting.now we have to take to a customer service centre.dont buy this product please!!!", 
            "title": "Dont buy..worst product", 
            "certBuyer": true
        }
    ], 
    [
        {
            "rating": 2, 
            "helpful": 0, 
            "author": "Jeevithapriya K manu", 
            "text": "Not good in performance", 
            "title": "Expected a better product", 
            "certBuyer": true
        }
    ], 
    [
        {
            "rating": 5, 
            "helpful": 0, 
            "author": "LOKESHA B M", 
            "text": "super product", 
            "title": "Mind-blowing purchase", 
            "certBuyer": true
        }
    ], 
    [
        {
            "rating": 5, 
            "helpful": 0, 
            "author": "Flipkart Customer", 
            "text": "Its not a good product", 
            "title": "Best in the market!", 
            "certBuyer": true
        }
    ], 
    [
        {
            "rating": 1, 
            "helpful": 0, 
            "author": "Flipkart Customer", 
            "text": "Sometimes it is hanging", 
            "title": "Terrible product", 
            "certBuyer": true
        }
    ], 
    [
        {
            "rating": 2, 
            "helpful": 0, 
            "author": "vinay kg", 
            "text": "Nice", 
            "title": "Not good", 
            "certBuyer": true
        }
    ], 
    [
        {
            "rating": 4, 
            "helpful": 0, 
            "author": "Flipkart Customer", 
            "text": "Product is good but it has some minor problems... i.e hanging and heating", 
            "title": "Good quality product", 
            "certBuyer": true
        }
    ], 
    [
        {
            "rating": 4, 
            "helpful": 0, 
            "author": "Flipkart Customer", 
            "text": "Good phone in low cost ....super", 
            "title": "Good quality product", 
            "certBuyer": true
        }
    ], 
    [
        {
            "rating": 5, 
            "helpful": 0, 
            "author": "Flipkart Customer", 
            "text": "Super", 
            "title": "Best in the market!", 
            "certBuyer": true
        }
    ], 
    [
        {
            "rating": 4, 
            "helpful": 0, 
            "author": "Flipkart Customer", 
            "text": "i like this phone beacause everything is very nice. using android version 6.0 marshallmallow with many great features.\ncamery quality is very nice. there is problem of heating of charger and phone but that is managable.", 
            "title": "very good phone with great features in this price", 
            "certBuyer": true
        }
    ], 
    [
        {
            "rating": 1, 
            "helpful": 0, 
            "author": "Flipkart Customer", 
            "text": "Battery is not good", 
            "title": "Not good", 
            "certBuyer": true
        }
    ], 
    [
        {
            "rating": 3, 
            "helpful": 0, 
            "author": "Flipkart Customer", 
            "text": "So far mobile is good but camera and battery shoud be batter.", 
            "title": "Does the job", 
            "certBuyer": true
        }
    ], 
    [
        {
            "rating": 3, 
            "helpful": 0, 
            "author": "Pujan Pramanik", 
            "text": "Product is okay", 
            "title": "Decent product", 
            "certBuyer": true
        }
    ], 
    [
        {
            "rating": 5, 
            "helpful": 0, 
            "author": "Flipkart Customer", 
            "text": "Gionee p5w gold", 
            "title": "Best in the market!", 
            "certBuyer": true
        }
    ], 
    [
        {
            "rating": 3, 
            "helpful": 0, 
            "author": "Flipkart Customer", 
            "text": "Phone is bad", 
            "title": "Fair", 
            "certBuyer": true
        }
    ], 
    [
        {
            "rating": 4, 
            "helpful": 0, 
            "author": "santhu mv", 
            "text": "It's amazing product. I liked lot very nice experience as well budget oriental device", 
            "title": "Value-for-money", 
            "certBuyer": true
        }
    ], 
    [
        {
            "rating": 5, 
            "helpful": 0, 
            "author": "Ashind", 
            "text": "Not bad.good budget phone", 
            "title": "Excellent", 
            "certBuyer": true
        }
    ], 
    [
        {
            "rating": 5, 
            "helpful": 0, 
            "author": "pragada  Kishore Kumar", 
            "text": "Nice one", 
            "title": "Best in the market!", 
            "certBuyer": true
        }
    ], 
    [
        {
            "rating": 4, 
            "helpful": 0, 
            "author": "Dimpi  sharma", 
            "text": "Nice\ud83d\udc4c", 
            "title": "Good quality product", 
            "certBuyer": true
        }
    ], 
    [
        {
            "rating": 5, 
            "helpful": 0, 
            "author": "Norbert Mozzari", 
            "text": "It is average phone at this price range", 
            "title": "Awesome", 
            "certBuyer": true
        }
    ], 
    [
        {
            "rating": 4, 
            "helpful": 0, 
            "author": "Flipkart Customer", 
            "text": "Nice phone with lower budget", 
            "title": "Good quality product", 
            "certBuyer": true
        }
    ], 
    [
        {
            "rating": 5, 
            "helpful": 0, 
            "author": "Surender yadav", 
            "text": "Flipkart has done a great job and gionee also", 
            "title": "Simply awesome", 
            "certBuyer": true
        }
    ], 
    [
        {
            "rating": 5, 
            "helpful": 0, 
            "author": "Flipkart Customer", 
            "text": "Fine", 
            "title": "Worth every penny", 
            "certBuyer": true
        }
    ], 
    [
        {
            "rating": 5, 
            "helpful": 0, 
            "author": "Prasanna ", 
            "text": "Good product", 
            "title": "Perfect product!", 
            "certBuyer": true
        }
    ], 
    [
        {
            "rating": 5, 
            "helpful": 0, 
            "author": "Deng Makri", 
            "text": "Nice product thanks you flipkart", 
            "title": "Terrific purchase", 
            "certBuyer": true
        }
    ], 
    [
        {
            "rating": 4, 
            "helpful": 0, 
            "author": "Flipkart Customer", 
            "text": "Nice phone... But its not a 4g phone..", 
            "title": "Nice product", 
            "certBuyer": true
        }
    ], 
    [
        {
            "rating": 5, 
            "helpful": 0, 
            "author": "Gauranga Medok", 
            "text": "Nic", 
            "title": "Terrific", 
            "certBuyer": true
        }
    ], 
    [
        {
            "rating": 4, 
            "helpful": 0, 
            "author": "Purnendu  Mondal", 
            "text": "Varry god product", 
            "title": "Value-for-money", 
            "certBuyer": true
        }
    ], 
    [
        {
            "rating": 5, 
            "helpful": 0, 
            "author": "Rishav Raj", 
            "text": "Best in the world", 
            "title": "Mind-blowing purchase", 
            "certBuyer": true
        }
    ], 
    [
        {
            "rating": 5, 
            "helpful": 0, 
            "author": "Flipkart Customer", 
            "text": "This product of gionee is too good and slim .i like it very much", 
            "title": "Excellent", 
            "certBuyer": true
        }
    ], 
    [
        {
            "rating": 5, 
            "helpful": 0, 
            "author": "Flipkart Customer", 
            "text": "Nice mobile", 
            "title": "Terrific purchase", 
            "certBuyer": true
        }
    ], 
    [
        {
            "rating": 4, 
            "helpful": 0, 
            "author": "samrat sinha", 
            "text": "the product is very good both in looking n performance...", 
            "title": "Nice product", 
            "certBuyer": true
        }
    ], 
    [
        {
            "rating": 4, 
            "helpful": 0, 
            "author": "Flipkart Customer", 
            "text": "Phone is good but camera quality is not good.", 
            "title": "Wonderful", 
            "certBuyer": true
        }
    ], 
    [
        {
            "rating": 5, 
            "helpful": 0, 
            "author": "Flipkart Customer", 
            "text": "Very nice product", 
            "title": "Classy product", 
            "certBuyer": true
        }
    ], 
    [
        {
            "rating": 5, 
            "helpful": 0, 
            "author": "Flipkart Customer", 
            "text": "Good one", 
            "title": "Simply awesome", 
            "certBuyer": true
        }
    ], 
    [
        {
            "rating": 4, 
            "helpful": 0, 
            "author": "Flipkart Customer", 
            "text": "This product is looking like good,but it have a 3G model only, but not support by 4g", 
            "title": "Wonderful", 
            "certBuyer": true
        }
    ], 
    [
        {
            "rating": 5, 
            "helpful": 0, 
            "author": "Marshal", 
            "text": "Nice product....have an great full performance on this price....and  nice looking ....", 
            "title": "Terrific", 
            "certBuyer": true
        }
    ], 
    [
        {
            "rating": 4, 
            "helpful": 0, 
            "author": "Flipkart Customer", 
            "text": "My product is nice but phone gets hang sometime", 
            "title": "Good quality product", 
            "certBuyer": true
        }
    ], 
    [
        {
            "rating": 4, 
            "helpful": 0, 
            "author": "Vijay Suganth.S", 
            "text": "Its features are vry nice..!", 
            "title": "Worth the money", 
            "certBuyer": true
        }
    ], 
    [
        {
            "rating": 3, 
            "helpful": 0, 
            "author": "Flipkart Customer", 
            "text": "Gud.. Bt low backup nd over heating.. Stl almost worthy fr the rate", 
            "title": "Just okay", 
            "certBuyer": true
        }
    ], 
    [
        {
            "rating": 5, 
            "helpful": 0, 
            "author": "Chirag Nakrani", 
            "text": "Good product", 
            "title": "Best in the market!", 
            "certBuyer": true
        }
    ], 
    [
        {
            "rating": 5, 
            "helpful": 0, 
            "author": "Flipkart Customer", 
            "text": "V gud", 
            "title": "Excellent", 
            "certBuyer": true
        }
    ], 
    [
        {
            "rating": 4, 
            "helpful": 0, 
            "author": "Sunil", 
            "text": "good product", 
            "title": "Wonderful", 
            "certBuyer": true
        }
    ], 
    [
        {
            "rating": 5, 
            "helpful": 0, 
            "author": "Flipkart Custommer", 
            "text": "This is a very good product.. And the delivery is very good", 
            "title": "amazing", 
            "certBuyer": true
        }
    ], 
    [
        {
            "rating": 5, 
            "helpful": 0, 
            "author": "gayathri", 
            "text": "Gud product", 
            "title": "Terrific", 
            "certBuyer": true
        }
    ], 
    [
        {
            "rating": 4, 
            "helpful": 0, 
            "author": "Jaseem Kc", 
            "text": "Avarege", 
            "title": "Really Nice", 
            "certBuyer": true
        }
    ], 
    [
        {
            "rating": 5, 
            "helpful": 0, 
            "author": "   Mithusilla  Sangma", 
            "text": "Good product", 
            "title": "Worth every penny", 
            "certBuyer": true
        }
    ], 
    [
        {
            "rating": 4, 
            "helpful": 0, 
            "author": "Gaurav Heda", 
            "text": "Value for money", 
            "title": "Wonderful", 
            "certBuyer": true
        }
    ], 
    [
        {
            "rating": 5, 
            "helpful": 0, 
            "author": "Rohit Chowdhury", 
            "text": "Cool", 
            "title": "Terrific purchase", 
            "certBuyer": true
        }
    ], 
    [
        {
            "rating": 4, 
            "helpful": 0, 
            "author": "Flipkart Customer", 
            "text": "Nice phone", 
            "title": "Worth the money", 
            "certBuyer": true
        }
    ], 
    [
        {
            "rating": 5, 
            "helpful": 0, 
            "author": "Gunda Ramu", 
            "text": "Good product in budget", 
            "title": "Simply awesome", 
            "certBuyer": true
        }
    ], 
    [
        {
            "rating": 5, 
            "helpful": 0, 
            "author": "Hitesh karanjavkar", 
            "text": "Nice but too slow", 
            "title": "Simply awesome", 
            "certBuyer": true
        }
    ], 
    [
        {
            "rating": 5, 
            "helpful": 0, 
            "author": "ritu  roy", 
            "text": "best phone ever great speed and good flash auto focus is also great i love this product thanks flipkart", 
            "title": "Highly recommended", 
            "certBuyer": true
        }
    ], 
    [
        {
            "rating": 5, 
            "helpful": 0, 
            "author": "Flipkart Customer", 
            "text": "Super phone buy it so good", 
            "title": "Brilliant", 
            "certBuyer": true
        }
    ], 
    [
        {
            "rating": 5, 
            "helpful": 0, 
            "author": "Flipkart Customer", 
            "text": "Good", 
            "title": "Terrific purchase", 
            "certBuyer": true
        }
    ], 
    [
        {
            "rating": 5, 
            "helpful": 0, 
            "author": "shiva kumar", 
            "text": "Nice phone it,s impress by black style", 
            "title": "Good choice", 
            "certBuyer": true
        }
    ], 
    [
        {
            "rating": 4, 
            "helpful": 0, 
            "author": "Flipkart Customer", 
            "text": "Nice mobaile nice product & fast dilivry", 
            "title": "Nice product", 
            "certBuyer": true
        }
    ], 
    [
        {
            "rating": 5, 
            "helpful": 0, 
            "author": "Hitesh karanjavkar", 
            "text": "Nice phone but battery is too low", 
            "title": "Mind-blowing purchase", 
            "certBuyer": true
        }
    ], 
    [
        {
            "rating": 3, 
            "helpful": 0, 
            "author": "Medoseno Nagi", 
            "text": "Everything's good except touch problem", 
            "title": "Does the job", 
            "certBuyer": true
        }
    ], 
    [
        {
            "rating": 3, 
            "helpful": 0, 
            "author": "Flipkart Customer", 
            "text": "Poor facilities for Customer. Add extra vat  charges on  orders .. m disappointing!!", 
            "title": "Good", 
            "certBuyer": true
        }
    ], 
    [
        {
            "rating": 3, 
            "helpful": 0, 
            "author": "SATHISH KUMAR", 
            "text": "Good", 
            "title": "Good", 
            "certBuyer": true
        }
    ], 
    [
        {
            "rating": 5, 
            "helpful": 0, 
            "author": "Flipkart Customer", 
            "text": "Good", 
            "title": "Fabulous!", 
            "certBuyer": true
        }
    ], 
    [
        {
            "rating": 5, 
            "helpful": 0, 
            "author": "Flipkart Customer", 
            "text": "Nice looking and good quality", 
            "title": "Mind-blowing purchase", 
            "certBuyer": true
        }
    ], 
    [
        {
            "rating": 5, 
            "helpful": 0, 
            "author": "ishtiyaq ansari", 
            "text": "Awessome fone Awessome camera result also supported big size games", 
            "title": "Fabulous!", 
            "certBuyer": true
        }
    ], 
    [
        {
            "rating": 4, 
            "helpful": 0, 
            "author": "Flipkart Customer", 
            "text": "Gd prdt", 
            "title": "Pretty good", 
            "certBuyer": true
        }
    ], 
    [
        {
            "rating": 5, 
            "helpful": 0, 
            "author": "Manoj  Mondal", 
            "text": "delirvery is too good", 
            "title": "Highly recommended", 
            "certBuyer": true
        }
    ], 
    [
        {
            "rating": 5, 
            "helpful": 0, 
            "author": "Flipkart Customer", 
            "text": "Good mobile", 
            "title": "Great product", 
            "certBuyer": true
        }
    ], 
    [
        {
            "rating": 5, 
            "helpful": 0, 
            "author": "harshit  daxini", 
            "text": "Good", 
            "title": "Excellent", 
            "certBuyer": true
        }
    ], 
    [
        {
            "rating": 4, 
            "helpful": 0, 
            "author": "Shilpa Mishra ", 
            "text": "Awesome product at an amazing price", 
            "title": "Very Good", 
            "certBuyer": true
        }
    ], 
    [
        {
            "rating": 5, 
            "helpful": 0, 
            "author": "Flipkart Customer", 
            "text": "Awesome Phn in budget", 
            "title": "Fabulous!", 
            "certBuyer": true
        }
    ], 
    [
        {
            "rating": 5, 
            "helpful": 0, 
            "author": "Rishikesh kashyp", 
            "text": "Nice phone", 
            "title": "Just wow!", 
            "certBuyer": true
        }
    ], 
    [
        {
            "rating": 4, 
            "helpful": 0, 
            "author": "Hitesh Nakum", 
            "text": "Good product", 
            "title": "Nice product", 
            "certBuyer": true
        }
    ], 
    [
        {
            "rating": 5, 
            "helpful": 0, 
            "author": "Tapan Chandra Dey", 
            "text": "Nice mobile phone", 
            "title": "Classy product", 
            "certBuyer": true
        }
    ], 
    [
        {
            "rating": 5, 
            "helpful": 0, 
            "author": "Flipkart Customer", 
            "text": "Nice phone\n .* no hanging", 
            "title": "Simply awesome", 
            "certBuyer": true
        }
    ], 
    [
        {
            "rating": 5, 
            "helpful": 0, 
            "author": "Flipkart Customer", 
            "text": "Best phone ever had", 
            "title": "Fabulous!", 
            "certBuyer": true
        }
    ], 
    [
        {
            "rating": 2, 
            "helpful": 0, 
            "author": "Flipkart Customer", 
            "text": "Nice", 
            "title": "Could be way better", 
            "certBuyer": true
        }
    ], 
    [
        {
            "rating": 5, 
            "helpful": 0, 
            "author": "Flipkart Customer", 
            "text": "Nice mobile on budget", 
            "title": "Terrific", 
            "certBuyer": true
        }
    ], 
    [
        {
            "rating": 5, 
            "helpful": 0, 
            "author": "Jishnu Jayapalan", 
            "text": "super", 
            "title": "Awesome", 
            "certBuyer": true
        }
    ], 
    [
        {
            "rating": 5, 
            "helpful": 0, 
            "author": "Arjun Sarkar", 
            "text": "The product is very much perfct....nd delivery is super fast. Thnq flipkart....keep it up....great going....", 
            "title": "perfect product", 
            "certBuyer": true
        }
    ], 
    [
        {
            "rating": 4, 
            "helpful": 0, 
            "author": "oishik chatterjee", 
            "text": "The phone is very good", 
            "title": "Best in the market!", 
            "certBuyer": true
        }
    ], 
    [
        {
            "rating": 5, 
            "helpful": 0, 
            "author": "mohan bistha", 
            "text": "Very good phone in such a low cost , chipper than the market price in Flipcart , delivery is also really fast . They delivered the phone in one day", 
            "title": "Happy with phone & Flipkart", 
            "certBuyer": true
        }
    ], 
    [
        {
            "rating": 3, 
            "helpful": 0, 
            "author": "Flipkart Customer", 
            "text": "Nice product and awesome delivery", 
            "title": "Decent product", 
            "certBuyer": true
        }
    ], 
    [
        {
            "rating": 5, 
            "helpful": 0, 
            "author": "Flipkart Girish G", 
            "text": "Phone is very good", 
            "title": "Best in the market!", 
            "certBuyer": false
        }
    ], 
    [
        {
            "rating": 5, 
            "helpful": 0, 
            "author": "S.Ashok kumar", 
            "text": "i had buy this mobile in a week ago its awesome mobile in this range of price........!", 
            "title": "Awesome", 
            "certBuyer": false
        }
    ], 
    [
        {
            "rating": 2, 
            "helpful": 0, 
            "author": "Flipkart Customer", 
            "text": "The micro phone is bad and go to service center and take 8 - 12  days to come back\nIt is little hanging but not to much", 
            "title": "Expected a better product", 
            "certBuyer": false
        }
    ], 
    [
        {
            "rating": 5, 
            "helpful": 0, 
            "author": "Mohan  Kumar", 
            "text": "good mobile awesome features low cost  good phone", 
            "title": "Mind-blowing purchase", 
            "certBuyer": true
        }
    ], 
    [
        {
            "rating": 4, 
            "helpful": 0, 
            "author": "Flipkart Customer", 
            "text": "Camera ok with small budget best android mobile from gionee", 
            "title": "Nice product", 
            "certBuyer": true
        }
    ], 
    [
        {
            "rating": 5, 
            "helpful": 0, 
            "author": "vivek  kendre", 
            "text": "No defect....", 
            "title": "it is best ....", 
            "certBuyer": false
        }
    ], 
    [
        {
            "rating": 5, 
            "helpful": 0, 
            "author": "Ramesh Bairam", 
            "text": "Super phne cemera ui and bettery lifesuper", 
            "title": "good", 
            "certBuyer": true
        }
    ], 
    [
        {
            "rating": 5, 
            "helpful": 0, 
            "author": "Flipkart Customer", 
            "text": "good quality phone. Its touch experience is very good.", 
            "title": "Brilliant", 
            "certBuyer": true
        }
    ], 
    [
        {
            "rating": 4, 
            "helpful": 0, 
            "author": "Jayanta Saha", 
            "text": "I like it ... :)", 
            "title": "Wonderful", 
            "certBuyer": true
        }
    ], 
    [
        {
            "rating": 1, 
            "helpful": 0, 
            "author": "Ankit deshani", 
            "text": "Phone is heating during using internet so i m returning this phon", 
            "title": "Useless product", 
            "certBuyer": true
        }
    ], 
    [
        {
            "rating": 4, 
            "helpful": 0, 
            "author": "kamonashish  deb", 
            "text": "nice item", 
            "title": "Very Good", 
            "certBuyer": false
        }
    ], 
    [
        {
            "rating": 5, 
            "helpful": 0, 
            "author": "Rahul  Kumar ", 
            "text": "Very good mobile in this cost. \nTO Other mobile", 
            "title": "Amazing", 
            "certBuyer": false
        }
    ], 
    [
        {
            "rating": 2, 
            "helpful": 0, 
            "author": "vimal patel", 
            "text": "average", 
            "title": "Could be way better", 
            "certBuyer": true
        }
    ], 
    [
        {
            "rating": 1, 
            "helpful": 0, 
            "author": "JOYDEB PAUL", 
            "text": "Its very slow...", 
            "title": "Terrible product", 
            "certBuyer": true
        }
    ], 
    [
        {
            "rating": 3, 
            "helpful": 0, 
            "author": "sachin sharma", 
            "text": "Awesome mobile", 
            "title": "Fair", 
            "certBuyer": true
        }
    ], 
    [
        {
            "rating": 5, 
            "helpful": 0, 
            "author": "Antara Basu", 
            "text": "Awsome phone..but no 4g...only 1 disadvantage", 
            "title": "Worth every penny", 
            "certBuyer": true
        }
    ], 
    [
        {
            "rating": 5, 
            "helpful": 0, 
            "author": "Sayantan Roy", 
            "text": "This phone has everything other than 4g. Why do you even need 4g use vodafone 3g and you'll get 2-3mbps of speed and that's enough. The camera is really good(I mean both). The speaker is awesome and so is the OS. It runs very smooth and you can customize your phone in many ways. You can play games of size upto 2gb smoothly. A nice processor it has. And the best thing is there is no heating issue. Talk about looks? It looks really classy! This phone is an awesome hand set and you should go for it. Don't believe in the stupid reviews which say \u2018stupid' things about this phone. The internal storage is said to be 16gb but as you all know there are some very important phone files which take some space.And the video playing quality is also very good. This phone has a secret photo capturing option too and you can use it from the control centre in setting. No one will understand!SoSo just go for it or wait for xiaomi 4a to launch.", 
            "title": "Simply awesome", 
            "certBuyer": true
        }
    ], 
    [
        {
            "rating": 5, 
            "helpful": 0, 
            "author": "Flipkart Customer", 
            "text": "My order delivery is delayed but otherwise good", 
            "title": "Fabulous!", 
            "certBuyer": true
        }
    ], 
    [
        {
            "rating": 5, 
            "helpful": 0, 
            "author": "Viraj Gaonkar", 
            "text": "Super..", 
            "title": "Classy product", 
            "certBuyer": true
        }
    ], 
    [
        {
            "rating": 5, 
            "helpful": 0, 
            "author": "Flipkart Customer", 
            "text": "Ratings are not fact.... Useful mobile under 6k..very good and evil \n  Not hanging problem but it is 3g but OK 16 gb memory and also 1 gb ram but not hanging... Must buy this phone \n      I love gionee", 
            "title": "Awesome", 
            "certBuyer": false
        }
    ], 
    [
        {
            "rating": 1, 
            "helpful": 0, 
            "author": "HONEY", 
            "text": "Now it has os6.0", 
            "title": "Worthless", 
            "certBuyer": false
        }
    ], 
    [
        {
            "rating": 5, 
            "helpful": 0, 
            "author": "Flipkart Customer", 
            "text": "This is awesome phone", 
            "title": "Cool smartphone", 
            "certBuyer": false
        }
    ], 
    [
        {
            "rating": 2, 
            "helpful": 0, 
            "author": "Naveen Chaubey", 
            "text": "Bad charging adapter.", 
            "title": "Moderate", 
            "certBuyer": true
        }
    ], 
    [
        {
            "rating": 1, 
            "helpful": 0, 
            "author": "Flipkart Customer", 
            "text": "This product was not good", 
            "title": "Horrible", 
            "certBuyer": false
        }
    ], 
    [
        {
            "rating": 5, 
            "helpful": 0, 
            "author": "Flipkart Customer", 
            "text": "Very good product", 
            "title": "Simply awesome", 
            "certBuyer": false
        }
    ], 
    [
        {
            "rating": 5, 
            "helpful": 0, 
            "author": "Flipkart Customer", 
            "text": "Very good phone", 
            "title": "Wonderful", 
            "certBuyer": false
        }
    ], 
    [
        {
            "rating": 1, 
            "helpful": 0, 
            "author": "Anand Roushan", 
            "text": "Phone is to bad", 
            "title": "Poor", 
            "certBuyer": false
        }
    ], 
    [
        {
            "rating": 3, 
            "helpful": 2, 
            "author": "feroz khan", 
            "text": "phne is good but smetme itz hang and batrry backup is horrible if u wnt 2 buy a phne in this budget u can easily buy redmi prime 2...", 
            "title": "not bad phne", 
            "certBuyer": false
        }
    ], 
    [
        {
            "rating": 5, 
            "helpful": 5, 
            "author": "biswarup", 
            "text": "Gionee p5w I bought 1month ago this mobile looking good and better battery backup camera very good back and front selfie capture so nice screen is very big and no hag wth 25 apps installed after I order this phone my gf", 
            "title": "Gionee p5w", 
            "certBuyer": false
        }
    ], 
    [
        {
            "rating": 1, 
            "helpful": 1, 
            "author": "Amitosh Verma", 
            "text": "Poor camera quality and 3 G phone heat up problem low battery capacity", 
            "title": "Horrible", 
            "certBuyer": true
        }
    ], 
    [
        {
            "rating": 4, 
            "helpful": 1, 
            "author": "Toyir Riba", 
            "text": "I recently ordered this for my sister and she loves it.It works smoothly.  The delivery was super quick compared to other online sites. Thanks flipkart.", 
            "title": "Great product at such a low price.", 
            "certBuyer": true
        }
    ], 
    [
        {
            "rating": 5, 
            "helpful": 1, 
            "author": "Flipkart Customer", 
            "text": "Good phone bajat me fit air life me hit hai it makes awesome", 
            "title": "Gionee camera is best", 
            "certBuyer": false
        }
    ], 
    [
        {
            "rating": 1, 
            "helpful": 2, 
            "author": "Flipkart Customer", 
            "text": "Dis is 3G phone but I need 4G this product is fake", 
            "title": "Not recommended at all", 
            "certBuyer": true
        }
    ], 
    [
        {
            "rating": 4, 
            "helpful": 1, 
            "author": "Flipkart Customer", 
            "text": "My item was not dileverd at my selected location, so I want to go for pickup material at my taluka ,so if not available to delivered at my location then why given option for home delivery , just give a message not avilble to delivery to your location so we can select other location , and I was got mail your material was delivered successfully ,but I ware not got material and also not inform to me .\n\nBy the way facility was good,fast delivery \nThanks", 
            "title": "Bad quality", 
            "certBuyer": true
        }
    ], 
    [
        {
            "rating": 5, 
            "helpful": 0, 
            "author": "Flipkart Customer", 
            "text": "Yes", 
            "title": "Great product", 
            "certBuyer": true
        }
    ], 
    [
        {
            "rating": 5, 
            "helpful": 0, 
            "author": "Flipkart Customer", 
            "text": "Nice looking", 
            "title": "Five Stars", 
            "certBuyer": true
        }
    ], 
    [
        {
            "rating": 1, 
            "helpful": 0, 
            "author": "rakesh  gupta", 
            "text": "Not return facilities", 
            "title": "Not recommended at all", 
            "certBuyer": true
        }
    ], 
    [
        {
            "rating": 1, 
            "helpful": 0, 
            "author": "Flipkart Customer", 
            "text": "Company poor customer", 
            "title": "Not recommended at all", 
            "certBuyer": true
        }
    ], 
    [
        {
            "rating": 2, 
            "helpful": 0, 
            "author": "Flipkart Customer", 
            "text": "Too bad service", 
            "title": "Not good", 
            "certBuyer": true
        }
    ], 
    [
        {
            "rating": 5, 
            "helpful": 0, 
            "author": "Purna  Sharma", 
            "text": "Good service. Service boy is a good", 
            "title": "Great product", 
            "certBuyer": true
        }
    ], 
    [
        {
            "rating": 5, 
            "helpful": 0, 
            "author": "Sanju Samanta", 
            "text": "Good service & great product", 
            "title": "Awesome", 
            "certBuyer": true
        }
    ], 
    [
        {
            "rating": 5, 
            "helpful": 0, 
            "author": "Brijello Colaso", 
            "text": "Delivered on time.packaging was too good. Thanks flipkart and ekart.", 
            "title": "Wonderful", 
            "certBuyer": true
        }
    ], 
    [
        {
            "rating": 4, 
            "helpful": 0, 
            "author": "sandeep mishra ", 
            "text": "Good service", 
            "title": "Worth the money", 
            "certBuyer": true
        }
    ], 
    [
        {
            "rating": 5, 
            "helpful": 0, 
            "author": "Flipkart Customer", 
            "text": "Mast hai....", 
            "title": "Classy product", 
            "certBuyer": true
        }
    ], 
    [
        {
            "rating": 5, 
            "helpful": 3, 
            "author": "Rinki Das", 
            "text": "plz rply may i make video calling in gionee p5w????..................................................................................................................................................................", 
            "title": "gionee p5w", 
            "certBuyer": false
        }
    ], 
    [
        {
            "rating": 1, 
            "helpful": 2, 
            "author": "Flipkart Customer", 
            "text": "Worst phone......battery is drained out within 15 after 100% charging. Never buy it", 
            "title": "Poor", 
            "certBuyer": false
        }
    ], 
    [
        {
            "rating": 1, 
            "helpful": 2, 
            "author": "manish sankhla", 
            "text": "I want to exchange my mobile geonee p5 w .. How i can chage this ??", 
            "title": "Don't waste your money", 
            "certBuyer": false
        }
    ]
]