[
    [
        {
            "title": "Delightful",
            "helpful": 33,
            "rating": 4,
            "certBuyer": true,
            "text": "Nice phone",
            "author": "geetha anju"
        }
    ],
    [
        {
            "title": "Fair",
            "helpful": 23,
            "rating": 3,
            "certBuyer": true,
            "text": "Good",
            "author": "Channesha Channesha"
        }
    ],
    [
        {
            "title": "Great product",
            "helpful": 23,
            "rating": 5,
            "certBuyer": true,
            "text": "Its good",
            "author": "Flipkart Customer"
        }
    ],
    [
        {
            "title": "Terrific purchase",
            "helpful": 4,
            "rating": 5,
            "certBuyer": true,
            "text": "Brilliant",
            "author": "saroj chaudhri"
        }
    ],
    [
        {
            "title": "Delightful",
            "helpful": 2,
            "rating": 5,
            "certBuyer": true,
            "text": "Good product thank you flipkart team",
            "author": "Flipkart Customer"
        }
    ],
    [
        {
            "title": "Fair",
            "helpful": 0,
            "rating": 3,
            "certBuyer": true,
            "text": "Average",
            "author": "Amitanshu  Doyshi"
        }
    ],
    [
        {
            "title": "Highly recommended",
            "helpful": 0,
            "rating": 5,
            "certBuyer": true,
            "text": "Honor is a good product.Flipcart is very very good for online shopping",
            "author": "Flipkart Customer"
        }
    ],
    [
        {
            "title": "Worthless",
            "helpful": 0,
            "rating": 1,
            "certBuyer": true,
            "text": "Bad",
            "author": "Flipkart Customer"
        }
    ],
    [
        {
            "title": "Best in the market!",
            "helpful": 1,
            "rating": 5,
            "certBuyer": true,
            "text": "Super PRODUCT",
            "author": "SHYAM  Kumar "
        }
    ],
    [
        {
            "title": "Very Good",
            "helpful": 0,
            "rating": 4,
            "certBuyer": true,
            "text": "Good",
            "author": "Flipkart Customer"
        }
    ],
    [
        {
            "title": "Wonderful",
            "helpful": 0,
            "rating": 4,
            "certBuyer": true,
            "text": "Nice Phone",
            "author": "Flipkart Customer"
        }
    ],
    [
        {
            "title": "Product defect",
            "helpful": 0,
            "rating": 1,
            "certBuyer": true,
            "text": "The charger cable(usb cable) of the phone have manufacturing defect.The side which is used to put in the phone is not perfect.It inside hole is small.So it is not going inside of it.I want a replacement of the charger cable.",
            "author": "Muhammed Anas V"
        }
    ],
    [
        {
            "title": "Horrible",
            "helpful": 0,
            "rating": 1,
            "certBuyer": true,
            "text": "Not good",
            "author": "Flipkart Customer"
        }
    ],
    [
        {
            "title": "Very good",
            "helpful": 0,
            "rating": 5,
            "certBuyer": true,
            "text": "Awesome response from flipkart team. I appreciate to team members . Doing their work very sincerely.  Hats up and keep going well",
            "author": " Suresh Kumar  Gude "
        }
    ],
    [
        {
            "title": "Slightly disappointed",
            "helpful": 0,
            "rating": 2,
            "certBuyer": true,
            "text": "It is good but I don't got headset",
            "author": "ROSHIN  GEORGE SHAJI"
        }
    ],
    [
        {
            "title": "Just okay",
            "helpful": 0,
            "rating": 5,
            "certBuyer": true,
            "text": "Pocket friendly",
            "author": "ANISUR Zamadar"
        }
    ],
    [
        {
            "title": "Terrific",
            "helpful": 0,
            "rating": 5,
            "certBuyer": true,
            "text": "I LiKe this phone .light weight and slim body.",
            "author": "Balu Baiju"
        }
    ],
    [
        {
            "title": "Worth every penny",
            "helpful": 1,
            "rating": 5,
            "certBuyer": true,
            "text": "Fantastic mobile",
            "author": "Gufran Shaikh"
        }
    ],
    [
        {
            "title": "Awesome",
            "helpful": 1,
            "rating": 5,
            "certBuyer": true,
            "text": "Very Good Prouevut I have ever used .",
            "author": "Muthukrishnaraj"
        }
    ],
    [
        {
            "title": "Bad quality",
            "helpful": 1,
            "rating": 2,
            "certBuyer": true,
            "text": "Phone is not volte saport",
            "author": "Navin  Dhan"
        }
    ],
    [
        {
            "title": "Horrible",
            "helpful": 1,
            "rating": 1,
            "certBuyer": true,
            "text": "Its second hand phone",
            "author": "Flipkart Customer"
        }
    ],
    [
        {
            "title": "Really Nice",
            "helpful": 0,
            "rating": 4,
            "certBuyer": true,
            "text": "Awsome phone.....",
            "author": "Flipkart Customer"
        }
    ],
    [
        {
            "title": "Unsatisfactory",
            "helpful": 0,
            "rating": 1,
            "certBuyer": true,
            "text": "Not good",
            "author": "Flipkart Customer"
        }
    ],
    [
        {
            "title": "Super!",
            "helpful": 0,
            "rating": 5,
            "certBuyer": true,
            "text": "Nice phone",
            "author": "Flipkart Customer"
        }
    ],
    [
        {
            "title": "Good",
            "helpful": 7,
            "rating": 3,
            "certBuyer": true,
            "text": "phone is good. but comparison to other huwaei honor devices the camera quality is not so satisfactory in this time.",
            "author": "partha protim borah"
        }
    ],
    [
        {
            "title": "Hated it!",
            "helpful": 0,
            "rating": 1,
            "certBuyer": true,
            "text": "I got again wrong Model......",
            "author": "Flipkart Customer"
        }
    ]
]