[
    [
        {
            "rating": 4, 
            "helpful": 25, 
            "author": "Flipkart Customer", 
            "text": "Osm camera", 
            "title": "Osm phone", 
            "certBuyer": false
        }
    ], 
    [
        {
            "rating": 4, 
            "helpful": 22, 
            "author": "Tapan Nandi", 
            "text": "Good CDMA mobile. NO handing during for photo or clips downloading. Battery life is excellent.Looking nice. Light Weight. Colour is black not purple.", 
            "title": "Good CDMA mobile", 
            "certBuyer": true
        }
    ], 
    [
        {
            "rating": 4, 
            "helpful": 24, 
            "author": "Flipkart Customer", 
            "text": "A very good phone in terms of sleekness, screen resolution and feel.\nAndroid works fine and sound quality is also good\nBuild quality is also decent.", 
            "title": "GOOD PHONE", 
            "certBuyer": false
        }
    ], 
    [
        {
            "rating": 1, 
            "helpful": 12, 
            "author": "Flipkart Customer", 
            "text": "Beware do not buy this product because the CDMA as well as the GSM sims\ngive very slow speeds also the resolution is poor and sound quality low.", 
            "title": "This Phone gives very low 2G speeds on both slots", 
            "certBuyer": true
        }
    ], 
    [
        {
            "rating": 5, 
            "helpful": 3, 
            "author": "Subhrakanti Sarkar", 
            "text": "If you are looking for CDMA+GSM smartphone.. This one among the few from Htc..", 
            "title": "CDMA +GSM", 
            "certBuyer": true
        }
    ], 
    [
        {
            "rating": 5, 
            "helpful": 5, 
            "author": "Bivash Bhowmick", 
            "text": "Using this mobile from last week.Build quality is very good.Value for money.Highly recommended to buy this product.", 
            "title": "Quality product from HTC", 
            "certBuyer": false
        }
    ], 
    [
        {
            "rating": 1, 
            "helpful": 0, 
            "author": "Flipkart Customer", 
            "text": "Worst not support 4g", 
            "title": "Absolute rubbish!", 
            "certBuyer": true
        }
    ], 
    [
        {
            "rating": 1, 
            "helpful": 0, 
            "author": "Flipkart Customer", 
            "text": "Love it\n\ud83d\udc4c\ud83d\udc4c\ud83d\udc4c", 
            "title": "Worth every penny", 
            "certBuyer": true
        }
    ], 
    [
        {
            "rating": 5, 
            "helpful": 0, 
            "author": "Lokesh Mahor", 
            "text": "Nice model, good performance", 
            "title": "Nice phone", 
            "certBuyer": true
        }
    ], 
    [
        {
            "rating": 1, 
            "helpful": 0, 
            "author": "Tefeeq Mohammed", 
            "text": "This phone has got the worst camera quality....and even the sim and micro sd card slot panel is very weak....It is highly recommended to not to waste money on this handset.\nThankyou....", 
            "title": "Did not meet expectations", 
            "certBuyer": false
        }
    ], 
    [
        {
            "rating": 1, 
            "helpful": 0, 
            "author": "Manasi  Shelke", 
            "text": "Worst camera and it saves the selfies in another folder and u cant move the selfies as a default action.", 
            "title": "Very poor", 
            "certBuyer": false
        }
    ], 
    [
        {
            "rating": 3, 
            "helpful": 1, 
            "author": "Flipkart Customer", 
            "text": "I am telling my opinian after using one year. The performance of htc is really not up to the mark\n*merits\nDoesnt hang\nSound clarity is awesome with dolby\nBack camara clarity is ok\nNo heating problem\nOver all mobile quality is ok\n*demerits\nBattery drains quite fastly after 3to4 months\nSelfi clarity is quite poor\nNo volte support\nThere are more useless inbuilt apps\nSo over all performance is 3.5", 
            "title": "Just okay", 
            "certBuyer": false
        }
    ], 
    [
        {
            "rating": 1, 
            "helpful": 3, 
            "author": "Ayyanar Ayan", 
            "text": "Its world worse phones in htc", 
            "title": "Did not meet expectations", 
            "certBuyer": false
        }
    ], 
    [
        {
            "rating": 1, 
            "helpful": 2, 
            "author": "Firoz  amin", 
            "text": "I used many branded phns like samsung,micromax,asus,htc among those this htc desire 728 is the worst phn i have used.Its back camera is good.But the front camera is worst.so my recomened for this phn is not to by this phn.No one please dont buy htc brand mobiles.", 
            "title": "Not recommended at all", 
            "certBuyer": false
        }
    ], 
    [
        {
            "rating": 1, 
            "helpful": 2, 
            "author": "Jagjeet Kala", 
            "text": "Htc 728g is worst phone I had ever used.back camera is somewhat good but front camera is too bad .i suggest no one should buy this phone...", 
            "title": "Htc phone", 
            "certBuyer": false
        }
    ], 
    [
        {
            "rating": 1, 
            "helpful": 1, 
            "author": "Flipkart Customer", 
            "text": "vary bad phone,  used to hang d phone every time,  cannot able to add more apps bcz the handset getting too slow,  pls never buy this phone, no 4g support, only sim 1 having 3g support even,  waste of money", 
            "title": "Utterly Disappointed", 
            "certBuyer": false
        }
    ], 
    [
        {
            "rating": 5, 
            "helpful": 1, 
            "author": "pravi", 
            "text": "hai i purchesed this one last 4 days back phone is good and soun and speed off intrnet and process good but   i can tae this phone without any problem", 
            "title": "GOOD PHONE ITS RELAY BEST IN HTC ..", 
            "certBuyer": true
        }
    ], 
    [
        {
            "rating": 4, 
            "helpful": 0, 
            "author": "Kavish prajapat", 
            "text": "Superb phone", 
            "title": "Good quality product", 
            "certBuyer": true
        }
    ], 
    [
        {
            "rating": 3, 
            "helpful": 0, 
            "author": "JOSEPH ROFIN P. F", 
            "text": "Gud phone but the battery is not good only 2800 mah....", 
            "title": "Good but nothing fancy", 
            "certBuyer": false
        }
    ], 
    [
        {
            "rating": 5, 
            "helpful": 0, 
            "author": "Shradha Mahajan", 
            "text": "After researching for months for a CDMA device I finally got this model for my mother. The feel, the size the specs have been serving her well for the past 1.5 year (I got this in May 2015). For new users , do note that this is not 4g compliant and that can play a big role today. If you are not fussed about network upgradations, you can blindly buy this phone, it works perfect for our tata indicom sim", 
            "title": "Excellent CDMA mobile!", 
            "certBuyer": true
        }
    ], 
    [
        {
            "rating": 4, 
            "helpful": 0, 
            "author": "Flipkart Customer", 
            "text": "Nic phone", 
            "title": "Value-for-money", 
            "certBuyer": false
        }
    ], 
    [
        {
            "rating": 1, 
            "helpful": 0, 
            "author": "A.Penchala Prasad  Reddy", 
            "text": "This is waste mobile for htc  any one application is open automatically reboot mobile don't buy this mobile and my suggestion is don't buy   mobile htc model.", 
            "title": "Every time rebbot mobile", 
            "certBuyer": false
        }
    ], 
    [
        {
            "rating": 1, 
            "helpful": 0, 
            "author": "kishan Baskaran", 
            "text": "I bought this mobile after one week it slowly hanging and heating problem is came on this mobile.Camera quality is poor and selfie camera is too poor.So don't buy this mobile.\nI request you to don't buy this mobile.", 
            "title": "Biggest mistake of my life!", 
            "certBuyer": false
        }
    ], 
    [
        {
            "rating": 5, 
            "helpful": 0, 
            "author": "Jitto Varghese", 
            "text": "good", 
            "title": "Must buy!", 
            "certBuyer": false
        }
    ], 
    [
        {
            "rating": 5, 
            "helpful": 0, 
            "author": "Rohan Anand", 
            "text": "Nice Phone", 
            "title": "Terrific", 
            "certBuyer": false
        }
    ], 
    [
        {
            "rating": 4, 
            "helpful": 0, 
            "author": "Sachin Shah", 
            "text": "Great features", 
            "title": "Nice phone", 
            "certBuyer": true
        }
    ], 
    [
        {
            "rating": 4, 
            "helpful": 0, 
            "author": "Nagendra kumar pandey", 
            "text": "I found that..the dolby audio of this phone is not really effecting much...but overall a good phone to buy...and l must say the phone having a non removable battery is not that much so that i can use my phone whole day after full charge", 
            "title": "Good choice", 
            "certBuyer": false
        }
    ], 
    [
        {
            "rating": 4, 
            "helpful": 0, 
            "author": "Flipkart Customer", 
            "text": "its a nice phon and very good battry back up also good looking. its not best phon but in a limited budget it very good with good fiture.", 
            "title": "Four Stars", 
            "certBuyer": false
        }
    ], 
    [
        {
            "rating": 4, 
            "helpful": 0, 
            "author": "Sanil", 
            "text": "Good phone at this price... both cameras having good clarity... weightless,slim and good looking....referred to all my friends...", 
            "title": "Just Awesome", 
            "certBuyer": false
        }
    ], 
    [
        {
            "rating": 5, 
            "helpful": 0, 
            "author": "Prasanta Halder", 
            "text": "I went HTC Desire 728G Dual Sim (GSM + UMTS ) . I open the pack and see This item is HTC Desire 728 Duel Sim . so this is rong item . Please take is item and give me HTC Desire 728G Dual Sim (GSM + UMTS )..", 
            "title": "HTC Desire 728 Dual Sim", 
            "certBuyer": true
        }
    ], 
    [
        {
            "rating": 5, 
            "helpful": 0, 
            "author": "best", 
            "text": "so nice and very fast deliver\nproduct also soo good with good packing also.\nperformance  best................................................", 
            "title": "excellent product .fast delivery", 
            "certBuyer": true
        }
    ], 
    [
        {
            "rating": 4, 
            "helpful": 0, 
            "author": "Koushik", 
            "text": "Good phone camera quality is superb I bought from for 16k with temperd glass and case if ur thinking to buy smartphone under 20k this phone is preferred", 
            "title": "Good smartphone with camera quality", 
            "certBuyer": false
        }
    ], 
    [
        {
            "rating": 5, 
            "helpful": 0, 
            "author": "Vivek Singh", 
            "text": "Every thing is good.\nAt that. budget plz go for it..\nAll in one .\nCamera is superb both primary and secondary.\nSound is superb.\nTouch and interface is smooth.\nRam and internal space is enough.\nExpendable memory also available for u a lot of option.\nHandy phone\nLook wise so good\nOverall\nIt impressive..", 
            "title": "All in one go for it.", 
            "certBuyer": false
        }
    ], 
    [
        {
            "rating": 4, 
            "helpful": 0, 
            "author": "ujjwal rastogi", 
            "text": "phone is good , have everything that you want, everything is nice,  not hangging at all... \nthanks to flipkart.. for the early delivery", 
            "title": "good phone", 
            "certBuyer": true
        }
    ], 
    [
        {
            "rating": 5, 
            "helpful": 0, 
            "author": "Ayush", 
            "text": "Amazing soung quality,brilliant display and good battery backup but camera is not good in low light although produce amazing result in outdoor situation with incredible colour reproduction.", 
            "title": "Price worth for it", 
            "certBuyer": false
        }
    ], 
    [
        {
            "rating": 5, 
            "helpful": 0, 
            "author": "Ali Iqbal", 
            "text": "A good phone that everybody can love ..great Dolby audio is the main factor", 
            "title": "Elegant desighn", 
            "certBuyer": true
        }
    ], 
    [
        {
            "rating": 1, 
            "helpful": 0, 
            "author": "Flipkart Customer", 
            "text": "Worst phone... Plz don't ever buy this phone..... Flipkart gave me a fake ear phones of another company...... The phone is very slow... Don't buy phones online and don't get Cheated like me....", 
            "title": "Waste of money!", 
            "certBuyer": true
        }
    ], 
    [
        {
            "rating": 2, 
            "helpful": 0, 
            "author": "Ganesh Mahanty", 
            "text": "Not a 4g phone in 17k", 
            "title": "Not good", 
            "certBuyer": true
        }
    ], 
    [
        {
            "rating": 1, 
            "helpful": 2, 
            "author": "Hemant Chugh", 
            "text": "As HTC claiming very good camera quality front camera was very very poor.. company should stick to what they advertise.", 
            "title": "Very poor camera quality", 
            "certBuyer": true
        }
    ], 
    [
        {
            "rating": 1, 
            "helpful": 2, 
            "author": "Rajeshwar Prasad Gautam", 
            "text": "I ordered this phone for my father, who doesn't want to give up on his Reliance CDMA connection. The phone does not have very good features for its price, and the only reason one would buy this is because of the CDMA compatibility.\nFlipkart has delivered a wrong phone TWICE! HTC Desire 728 GSM+GSM instead of this HTC Desire 728G GSM+CDMA. And finally, they initiated the return suo motu - saying they do not have the product. ISN'T IT CHEATING THAT THE PRODUCT IS STILL LISTED HERE.\nIt's already been more than a month (I ordered the product on 23rd Feb) and still they haven't been able to collect the product, let alone providing refund OR delivering the right product. I've called them many a times but to no effect - the customer care executives are like parrots, saying the same thing 'I have forwarded your request to concerned team' every time. What a sham!\nIf you want to buy products from third party sellers, I recommend that Flipkart is not the place to be. Highly disappointed!", 
            "title": "Flipkart doesn't have this product!", 
            "certBuyer": true
        }
    ], 
    [
        {
            "rating": 5, 
            "helpful": 0, 
            "author": "Hitesh Suva", 
            "text": "Battery was only bad in a short time, it was changed", 
            "title": "Five Stars", 
            "certBuyer": true
        }
    ], 
    [
        {
            "rating": 3, 
            "helpful": 0, 
            "author": "Flipkart Customer", 
            "text": "When I take photos with flash light the photos comes with red colors and without flash they are perfect.can u resolve my problem.", 
            "title": "Just okay", 
            "certBuyer": false
        }
    ], 
    [
        {
            "rating": 5, 
            "helpful": 0, 
            "author": "Aashish SIngh", 
            "text": "Guys honest review:\n\nWas very confused between samsung J7 and HTC 728, proud of my decision that i went with HTC. This has been the best phone that i've used so far. Right from the build, feel, cam quality, performance , everything has been upto the mark.\n\nHave been using this phone from last 1 month and haven't encountered any problem. It takes time to charge the battery but it runs for 1 long day if you are a heavy user who continuously browse , use camera and music player. Totally worth it. This has been the best phone manufactured by HTC.Strongly recommend to buy this model.", 
            "title": "Strongly Recommend", 
            "certBuyer": false
        }
    ], 
    [
        {
            "rating": 2, 
            "helpful": 0, 
            "author": "Bhanu", 
            "text": "Bad service wen I got mobile ter was no issues but within a week the volume button was not working I placed a return request I got a call from flipkart to ask Wat was the issue I explained the same tey gave htc customer care number wen I called dem tey told since it is purchased from flipkart u will only get the free service in basavangudi HTC service center which is 3 hrs journey from whitefield wer I stay if I go to any other center the cost to fix it wil be around 2000rs so its not worth buying mobile online .....", 
            "title": "Bad experiance", 
            "certBuyer": true
        }
    ], 
    [
        {
            "rating": 1, 
            "helpful": 0, 
            "author": "Tej", 
            "text": "Flash of camera comes much early while it takes actual picture . \n\nI am fond of HTC camera only , and using HTC from 2010 . But this time I am not sure , whether its a making mistake or i am missing some settings of phone , Hope it will work fine . \n\nGod bless me .", 
            "title": "not happy", 
            "certBuyer": true
        }
    ], 
    [
        {
            "rating": 1, 
            "helpful": 0, 
            "author": "Flipkart Customer", 
            "text": "I ordered htc 728G mobile, but i received htc 728 which is different product, please replace the product by correct one", 
            "title": "Wrong product sent", 
            "certBuyer": true
        }
    ], 
    [
        {
            "rating": 1, 
            "helpful": 1, 
            "author": "Abdul hamid Khan", 
            "text": "Product delivered but second sim not getting detected. Also other person cannot hear anything when I call and try to converse. Waste of money.", 
            "title": "Dont Buy this product", 
            "certBuyer": true
        }
    ], 
    [
        {
            "rating": 1, 
            "helpful": 1, 
            "author": "md rahmatullah", 
            "text": "htc desire 728g flipcart is selling duplicate product. htc logo is totally different and touch quality is bad and camera poor quality.", 
            "title": "htc desire 728g duplicate product", 
            "certBuyer": true
        }
    ], 
    [
        {
            "rating": 1, 
            "helpful": 0, 
            "author": "Tarlok Saini", 
            "text": "Camera very good but phone give software problem, i have visit costumer care center for the same but not solved. It hanged on sleep mode and also give problem in one speaker also. after restart it is working, so and so", 
            "title": "0 star", 
            "certBuyer": false
        }
    ]
]