[
    [
        {
            "rating": 4, 
            "helpful": 63, 
            "author": "Raj kumar singh", 
            "text": "htc mobile is working good but it's battery back up is very less as  well as people working at htc service center dont cooperate and it's service is bad", 
            "title": "avg", 
            "certBuyer": true
        }
    ], 
    [
        {
            "rating": 5, 
            "helpful": 62, 
            "author": "Suvro Banerjee", 
            "text": "It's a good phone that htc ever made. I am using this phone from last mnth. Build quality is good.sound quality average.no lag.good battery quality.\nBut need to give attention\n1. Sim card slot is a tray based and micro SIM\n2. Heating , while charging.\n3. Most important thing is dat system always using more than 850 mb ram. Totally 1.2GB RAM is using always for a fresh phone. After installing some apps it's not balancing any usage. Eventually I think 2 GB RAM getting low for this phone. Need to improve htc.\nI compared with another new phone like moto g3 and lenovo vibe p1 , both are using 440 & 390 mb RAM for system.\n\nI m giving 5 star becoz  I m satisfied with this mobile.", 
            "title": "Good phone but need to improve...", 
            "certBuyer": true
        }
    ], 
    [
        {
            "rating": 5, 
            "helpful": 144, 
            "author": "meenal kulkarni", 
            "text": "I was confused between Samsung J7 and HTC 728. Finally i chose 728, and m so happy with it. Smooth touch, nice sound quality, display is nice and most important looks and camera, both are amazing. Using this phone since 1 day and still have 50% battery left. its cool. It has nice features. Its a great phone within 15K.", 
            "title": "soooo good", 
            "certBuyer": false
        }
    ], 
    [
        {
            "rating": 4, 
            "helpful": 4, 
            "author": "edison prabhu", 
            "text": "Nice mobile . Value for money. Fast delivery by flipkart", 
            "title": "Awesome mobile", 
            "certBuyer": true
        }
    ], 
    [
        {
            "rating": 5, 
            "helpful": 4, 
            "author": "Rahul", 
            "text": "Its awesome ,processor is really very good I would suggest to choose HTC over samsung if anyone wants a good picture quality, design and a great battery backup.", 
            "title": "HTC 728 LTE Must Buy", 
            "certBuyer": true
        }
    ], 
    [
        {
            "rating": 5, 
            "helpful": 6, 
            "author": "Flipkart Customer", 
            "text": "Cool brand HTC ,thkss to my parents for giving me this phn.,", 
            "title": "awesome camera., screen display and everything lov", 
            "certBuyer": false
        }
    ], 
    [
        {
            "rating": 3, 
            "helpful": 3, 
            "author": "lokakalyan", 
            "text": "Camera quality is not good", 
            "title": "Good", 
            "certBuyer": true
        }
    ], 
    [
        {
            "rating": 4, 
            "helpful": 3, 
            "author": "Debashish Biswas", 
            "text": "Everything is good bt i m hving doubt abt battery back up...", 
            "title": "Htc 728", 
            "certBuyer": true
        }
    ], 
    [
        {
            "rating": 5, 
            "helpful": 26, 
            "author": "Vishnu  prasanth", 
            "text": "The mobile don't have the finger print sensor the specification flip kart mention it's have the finger print sensor but don't have but mobile is good and supreme performance no lagging no much \n heating", 
            "title": "Good mobile", 
            "certBuyer": false
        }
    ], 
    [
        {
            "rating": 5, 
            "helpful": 4, 
            "author": "malay  chakraborty", 
            "text": "this is briliANT  PHN IN THIS RATE SELFI IS THE BEST IN PHN LOOKING GREET NICE SOUND QUALITY &  HIS BATERY ALSO GOOD EXCELENT PRODUCT", 
            "title": "1st time i used htc", 
            "certBuyer": false
        }
    ], 
    [
        {
            "rating": 5, 
            "helpful": 4, 
            "author": "Flipkart Customer", 
            "text": "Nice decent phone", 
            "title": "nice", 
            "certBuyer": true
        }
    ], 
    [
        {
            "rating": 5, 
            "helpful": 9, 
            "author": "Mohar Singh", 
            "text": "I have observed front camera is excellent and rare is average. mobile look is greatest .new , unique and compact.", 
            "title": "Royal Look with Performance", 
            "certBuyer": true
        }
    ], 
    [
        {
            "rating": 1, 
            "helpful": 2, 
            "author": "Rajeevan N", 
            "text": "Display quality very poor and also both camera, 4g network not working", 
            "title": "Hated it!", 
            "certBuyer": true
        }
    ], 
    [
        {
            "rating": 4, 
            "helpful": 2, 
            "author": "Flipkart Customer", 
            "text": "Good", 
            "title": "Delightful", 
            "certBuyer": false
        }
    ], 
    [
        {
            "rating": 5, 
            "helpful": 2, 
            "author": "pawan choudjary", 
            "text": "So good phone and", 
            "title": "Great product", 
            "certBuyer": false
        }
    ], 
    [
        {
            "rating": 4, 
            "helpful": 2, 
            "author": "Flipkart Customer", 
            "text": "Gud function", 
            "title": "Nice good mobile awesome..", 
            "certBuyer": false
        }
    ], 
    [
        {
            "rating": 3, 
            "helpful": 9, 
            "author": "Anindya Pramanik", 
            "text": "This phone has  very good features.camera is average .sound system marvelous.but g sensor not working soomthly .in this two months this phone kept at customer care for g sensor.ultimately I have a bad experience with this phone.", 
            "title": "Experience after 2months", 
            "certBuyer": false
        }
    ], 
    [
        {
            "rating": 5, 
            "helpful": 4, 
            "author": "Narender Sharma NC College of Engineering,Israna Panipat", 
            "text": "Using since one month working fine,god camera,battery backup,sound", 
            "title": "Gr8", 
            "certBuyer": true
        }
    ], 
    [
        {
            "rating": 4, 
            "helpful": 12, 
            "author": "Gajendra singh", 
            "text": "I was totally confused ,because there is soo many branded phones are available at this range..but i choose HTC desire 728..and now i feel my decision is right..front camera is awesome back is also good..all features is best...i m using from last 5 days..and no negative point untill....", 
            "title": "No problem..", 
            "certBuyer": false
        }
    ], 
    [
        {
            "rating": 5, 
            "helpful": 10, 
            "author": "Avijit  Das", 
            "text": "Hello..\nI brought this phone from off line market it takes RS 15,000, Guys if you want so you can go for it, amazing phone amazing battery back up and also amazing camera quality but head phone quality is not very good it\u2019s only good, very speedy phone full lag free phone, does not hanging phone,", 
            "title": "awesome", 
            "certBuyer": false
        }
    ], 
    [
        {
            "rating": 1, 
            "helpful": 2, 
            "author": "Phani P", 
            "text": "Spearkers and microphones  are not working properly", 
            "title": "Jst avg", 
            "certBuyer": true
        }
    ], 
    [
        {
            "rating": 2, 
            "helpful": 2, 
            "author": "Flipkart Customer", 
            "text": "Sound quality very good, battery backup and rear camera are average, front camera good but improvement needed to battery, rear camera and to the look.", 
            "title": "Not good", 
            "certBuyer": true
        }
    ], 
    [
        {
            "rating": 5, 
            "helpful": 2, 
            "author": "Flipkart Customer", 
            "text": "Nice phone wid very good features thanks flipkart", 
            "title": "Highly recommended", 
            "certBuyer": true
        }
    ], 
    [
        {
            "rating": 5, 
            "helpful": 1, 
            "author": "Swapnil Bhondivale", 
            "text": "Brilliant quality for speakers", 
            "title": "Delightful", 
            "certBuyer": true
        }
    ], 
    [
        {
            "rating": 5, 
            "helpful": 1, 
            "author": "Sujit Bisoyi", 
            "text": "Product is awsm", 
            "title": "Classy product", 
            "certBuyer": true
        }
    ], 
    [
        {
            "rating": 5, 
            "helpful": 1, 
            "author": "Venkata Swaroop", 
            "text": "Very good product.", 
            "title": "Terrific", 
            "certBuyer": true
        }
    ], 
    [
        {
            "rating": 1, 
            "helpful": 0, 
            "author": "D.Muthukumar. Kumar ", 
            "text": "waste", 
            "title": "One Star", 
            "certBuyer": true
        }
    ], 
    [
        {
            "rating": 3, 
            "helpful": 1, 
            "author": "Naresh", 
            "text": "Worst brand product I lost money don't purchase", 
            "title": "Decent product", 
            "certBuyer": true
        }
    ], 
    [
        {
            "rating": 3, 
            "helpful": 1, 
            "author": "arun baby", 
            "text": "Battery backup is bad. And the camera is also not good .. it's an average phone.....", 
            "title": "Fair", 
            "certBuyer": false
        }
    ], 
    [
        {
            "rating": 4, 
            "helpful": 1, 
            "author": "Flipkart Customer", 
            "text": "It's a nice phone....camera is good", 
            "title": "Really Nice", 
            "certBuyer": true
        }
    ], 
    [
        {
            "rating": 3, 
            "helpful": 1, 
            "author": "Souradeep Paul", 
            "text": "V impressive but it is overheating", 
            "title": "liked it", 
            "certBuyer": true
        }
    ], 
    [
        {
            "rating": 4, 
            "helpful": 0, 
            "author": "Flipkart Customer", 
            "text": "Sir your htc 728 phone not working speaker not working.", 
            "title": "Useless product", 
            "certBuyer": true
        }
    ], 
    [
        {
            "rating": 2, 
            "helpful": 0, 
            "author": "Mohan k Manu", 
            "text": "Unexpectedly rebooted", 
            "title": "Worst device", 
            "certBuyer": false
        }
    ], 
    [
        {
            "rating": 2, 
            "helpful": 1, 
            "author": "Sumit Rana", 
            "text": "Some problem in this phone", 
            "title": "Could be way better", 
            "certBuyer": true
        }
    ], 
    [
        {
            "rating": 1, 
            "helpful": 1, 
            "author": "Flipkart Customer", 
            "text": "Worst phone ever!!!! htc phones are useless....\nNever buy htc phone... worst battery backup.", 
            "title": "Very poor", 
            "certBuyer": false
        }
    ], 
    [
        {
            "rating": 1, 
            "helpful": 0, 
            "author": "Flipkart Customer", 
            "text": "Not good HTC phones", 
            "title": "Not recommended at all", 
            "certBuyer": false
        }
    ], 
    [
        {
            "rating": 1, 
            "helpful": 0, 
            "author": "Flipkart Customer", 
            "text": "Garbage Phone.", 
            "title": "Horrible", 
            "certBuyer": true
        }
    ], 
    [
        {
            "rating": 1, 
            "helpful": 1, 
            "author": "Nimit  singh", 
            "text": "Your product is to poor", 
            "title": "Waste of money!", 
            "certBuyer": true
        }
    ], 
    [
        {
            "rating": 2, 
            "helpful": 1, 
            "author": "pramod kumar", 
            "text": "Average phone,sometimes hang also", 
            "title": "Slightly disappointed", 
            "certBuyer": true
        }
    ], 
    [
        {
            "rating": 2, 
            "helpful": 1, 
            "author": "Gurudev Singh", 
            "text": "Nice", 
            "title": "Terrific", 
            "certBuyer": true
        }
    ], 
    [
        {
            "rating": 4, 
            "helpful": 3, 
            "author": "ravi kant", 
            "text": "it is very nice phone at this price in brand htc compact lookig stylish nice battery performance and overall camera is also good awsome 4 g speed so overall  if you are going to purchase htc device in midrange it would the might one thank you", 
            "title": "awsome but need to improve", 
            "certBuyer": false
        }
    ], 
    [
        {
            "rating": 1, 
            "helpful": 2, 
            "author": "Hardik Chavda", 
            "text": "Got blank screen after opening and other operating system issues!! Not at all happy with HTC.", 
            "title": "Don't waste your money", 
            "certBuyer": true
        }
    ], 
    [
        {
            "rating": 1, 
            "helpful": 2, 
            "author": "surya tanay sinha", 
            "text": "the speaker the phone is not working properly . I was delivered on 7th june", 
            "title": "speker not working", 
            "certBuyer": true
        }
    ], 
    [
        {
            "rating": 5, 
            "helpful": 2, 
            "author": "priyanka yeole", 
            "text": "This is nice mobile.", 
            "title": "Nice mob", 
            "certBuyer": true
        }
    ], 
    [
        {
            "rating": 3, 
            "helpful": 2, 
            "author": "Flipkart Customer", 
            "text": "Well I m using this device since a year and I don't have much problems front camera is not that good as expected that's my first HTC and yea the battery is pretty weak won't last for a day if you want to buy a phone in 11K you have better options such redmi note 4 Redmi note 3 and Motorola g5 please don't go for this HTC you will not like the performance trust me friends don't to for it .", 
            "title": "Decent product", 
            "certBuyer": false
        }
    ], 
    [
        {
            "rating": 1, 
            "helpful": 1, 
            "author": "Flipkart Customer", 
            "text": "From last march16 I'd use this mobile &hd an worst experience.  \n1. The mobile stop working any time with blank screen.\n2. Poor battery\n3poor incall voice quality\n4. Speaker does not work properly.\n5. Vibrating and any time blank the screen and restated.\nSo I'd face a big trouble with this mobile and loss of Rs. 16000/-.  Never recommend to buy a htc.", 
            "title": "Hopeless and wastage of money", 
            "certBuyer": false
        }
    ], 
    [
        {
            "rating": 1, 
            "helpful": 1, 
            "author": "PAWAN kumar", 
            "text": "Not good camera is very bad", 
            "title": "Unsatisfactory", 
            "certBuyer": true
        }
    ], 
    [
        {
            "rating": 1, 
            "helpful": 1, 
            "author": "Debabrata Banerjee", 
            "text": "Worst battery ever, switches off at 50 % charge also.", 
            "title": "Useless product", 
            "certBuyer": true
        }
    ], 
    [
        {
            "rating": 4, 
            "helpful": 1, 
            "author": "anuj  vishnu", 
            "text": "Everything is good .\ni recommending you to buy this product ..", 
            "title": "Good product", 
            "certBuyer": false
        }
    ], 
    [
        {
            "rating": 4, 
            "helpful": 1, 
            "author": "Chandan Barik", 
            "text": "Nice just go for it ######", 
            "title": "Nice phone", 
            "certBuyer": true
        }
    ], 
    [
        {
            "rating": 1, 
            "helpful": 1, 
            "author": "Kapil", 
            "text": "worst phone and no battery backup. please dont buy this phone", 
            "title": "worst phone and no battery backup", 
            "certBuyer": true
        }
    ], 
    [
        {
            "rating": 1, 
            "helpful": 1, 
            "author": "Anudeep  Nakka", 
            "text": "Worst mobile. HTC is most worst brand. Don't go for HTC friends. China mobiles are working better than htc. Don't go for it.", 
            "title": "Useless product", 
            "certBuyer": false
        }
    ], 
    [
        {
            "rating": 5, 
            "helpful": 0, 
            "author": "Flipkart Customer", 
            "text": "Very good", 
            "title": "Best in the market!", 
            "certBuyer": true
        }
    ], 
    [
        {
            "rating": 5, 
            "helpful": 0, 
            "author": "Flipkart Customer", 
            "text": "Mi y1 32gb", 
            "title": "htc", 
            "certBuyer": true
        }
    ], 
    [
        {
            "rating": 1, 
            "helpful": 0, 
            "author": "DEEPAK Mathur", 
            "text": "No good i have got defected device mic was not worked nd not support voltein this range other brand give i am not satisfied this device", 
            "title": "Unsatisfactory", 
            "certBuyer": true
        }
    ], 
    [
        {
            "rating": 1, 
            "helpful": 0, 
            "author": "Flipkart Customer", 
            "text": "HTC DESIRED 728", 
            "title": "Worst experience ever!", 
            "certBuyer": true
        }
    ], 
    [
        {
            "rating": 5, 
            "helpful": 0, 
            "author": "SARAVANAN  D", 
            "text": "Good", 
            "title": "Brilliant", 
            "certBuyer": true
        }
    ], 
    [
        {
            "rating": 1, 
            "helpful": 0, 
            "author": "Flipkart Customer", 
            "text": "It's wrost mobile, waste of your money. Please don't buy this mobile. Battery goes down, even if it is 30/40% of your battery.", 
            "title": "Terrible product", 
            "certBuyer": true
        }
    ], 
    [
        {
            "rating": 5, 
            "helpful": 0, 
            "author": "Flipkart Customer", 
            "text": "Good", 
            "title": "Great product", 
            "certBuyer": true
        }
    ], 
    [
        {
            "rating": 5, 
            "helpful": 0, 
            "author": "Flipkart Customer", 
            "text": "HTC 728desire is very good product . I satisfied with this mobile .the bad thing is battery backup is less", 
            "title": "Simply awesome", 
            "certBuyer": true
        }
    ], 
    [
        {
            "rating": 5, 
            "helpful": 0, 
            "author": "Samarth  Pachori ", 
            "text": "Very good phone and very good service given by flipkart", 
            "title": "Just wow!", 
            "certBuyer": true
        }
    ], 
    [
        {
            "rating": 3, 
            "helpful": 0, 
            "author": "Sujeet Mishra", 
            "text": "Camera is not soo gud it changes according to whether n place....it should bd stable always...overall the handset is gud", 
            "title": "Just okay", 
            "certBuyer": true
        }
    ], 
    [
        {
            "rating": 5, 
            "helpful": 0, 
            "author": "Anjana Srinath", 
            "text": "Exceptionally good at this price..", 
            "title": "Excellent", 
            "certBuyer": true
        }
    ], 
    [
        {
            "rating": 3, 
            "helpful": 0, 
            "author": "vijay", 
            "text": "Camera is not good other features are ok for this range.", 
            "title": "Just okay", 
            "certBuyer": true
        }
    ], 
    [
        {
            "rating": 5, 
            "helpful": 0, 
            "author": "Santosh ", 
            "text": "Awesom mobile", 
            "title": "Terrific", 
            "certBuyer": true
        }
    ], 
    [
        {
            "rating": 5, 
            "helpful": 0, 
            "author": "Sai Kumar", 
            "text": "Nice Mobile", 
            "title": "Fabulous!", 
            "certBuyer": true
        }
    ], 
    [
        {
            "rating": 5, 
            "helpful": 0, 
            "author": "Nagesh Kumar", 
            "text": "Superb", 
            "title": "Terrific", 
            "certBuyer": true
        }
    ], 
    [
        {
            "rating": 3, 
            "helpful": 0, 
            "author": "Amit Sadhu", 
            "text": "Display : very good \nBattery : if you full charge it will stay for 8-10 hr minimum\nSound : very good\nCamera : back good but front is worse ..\nMain drawback:  if phone having low battery and you play any video or camera sometime automatically getting switch off and in screen it shows as apps are optimizing and it will take min 20-30 min to switch on..these is main problem ..sometime automatically getting switch off", 
            "title": "Three Stars", 
            "certBuyer": true
        }
    ], 
    [
        {
            "rating": 1, 
            "helpful": 0, 
            "author": "Flipkart Customer", 
            "text": "Very Poor.. Hanging problem", 
            "title": "One Star", 
            "certBuyer": true
        }
    ], 
    [
        {
            "rating": 3, 
            "helpful": 0, 
            "author": "Arun  Kumar ", 
            "text": "Camera & display quality is very poor", 
            "title": "Three Stars", 
            "certBuyer": true
        }
    ], 
    [
        {
            "rating": 3, 
            "helpful": 0, 
            "author": "Adhwaith Das", 
            "text": "I've been using this phone for one year now. The phone hangs at times. Well ordure heats up really high. CleanMaster is, I think the main reason for it's hanging. I bought it for 14.2k and looking at the brand name. But honestly I don't think HTC had put up it's value in this phone.", 
            "title": "Three Stars", 
            "certBuyer": true
        }
    ], 
    [
        {
            "rating": 4, 
            "helpful": 0, 
            "author": "babu mp", 
            "text": "Nice", 
            "title": "Four Stars", 
            "certBuyer": true
        }
    ], 
    [
        {
            "rating": 5, 
            "helpful": 0, 
            "author": "Flipkart Customer", 
            "text": "Good", 
            "title": "Worth every penny", 
            "certBuyer": true
        }
    ], 
    [
        {
            "rating": 5, 
            "helpful": 0, 
            "author": "prasenjit  pattanayak ", 
            "text": "Good", 
            "title": "Worth every penny", 
            "certBuyer": true
        }
    ], 
    [
        {
            "rating": 5, 
            "helpful": 0, 
            "author": "SUNIL KUMAR S", 
            "text": "The product is very good as per specification", 
            "title": "Terrific purchase", 
            "certBuyer": true
        }
    ], 
    [
        {
            "rating": 4, 
            "helpful": 0, 
            "author": "Budumuri Satish ", 
            "text": "Good mobile", 
            "title": "Value-for-money", 
            "certBuyer": true
        }
    ], 
    [
        {
            "rating": 5, 
            "helpful": 0, 
            "author": "venkatesh", 
            "text": "Awesome", 
            "title": "Classy product", 
            "certBuyer": true
        }
    ], 
    [
        {
            "rating": 3, 
            "helpful": 0, 
            "author": "imamhasib mondal", 
            "text": "Nice product.", 
            "title": "Good", 
            "certBuyer": true
        }
    ], 
    [
        {
            "rating": 4, 
            "helpful": 0, 
            "author": "Gaurav singh", 
            "text": "Nice", 
            "title": "Good", 
            "certBuyer": true
        }
    ], 
    [
        {
            "rating": 4, 
            "helpful": 0, 
            "author": "Flipkart Customer", 
            "text": "Very good but front camera its very bad", 
            "title": "Value-for-money", 
            "certBuyer": true
        }
    ], 
    [
        {
            "rating": 2, 
            "helpful": 0, 
            "author": "Vaibhav Pawar", 
            "text": "Less battery backup and phone gets hanged most of the time while using internet.", 
            "title": "Could be way better", 
            "certBuyer": true
        }
    ], 
    [
        {
            "rating": 4, 
            "helpful": 0, 
            "author": "Santosh Biswas", 
            "text": "Front camera is very poor", 
            "title": "Good but not excelent", 
            "certBuyer": true
        }
    ], 
    [
        {
            "rating": 5, 
            "helpful": 0, 
            "author": "Flipkart Customer", 
            "text": "It is a great product by HTC..I used it for a long time but no issue comes up with any problems..but HTC products\u200b don't have VoLTE feature so it's a negative thing but also neglegable..afterall this is a great product and happy to have this product..", 
            "title": "Awesome", 
            "certBuyer": true
        }
    ], 
    [
        {
            "rating": 5, 
            "helpful": 0, 
            "author": "Flipkart Customer", 
            "text": "Soooooo very good and best product", 
            "title": "Brilliant", 
            "certBuyer": true
        }
    ], 
    [
        {
            "rating": 5, 
            "helpful": 0, 
            "author": "Vijendra  Singh", 
            "text": "I m using this phone ....I love it.... Pictures quality awesome...Light wieght...Easy to use..... Overall...it is worth buying....", 
            "title": "Classy product", 
            "certBuyer": true
        }
    ], 
    [
        {
            "rating": 5, 
            "helpful": 0, 
            "author": "midhun jawahar", 
            "text": "Good and smooth... only one con is Its not volte", 
            "title": "Terrific", 
            "certBuyer": true
        }
    ], 
    [
        {
            "rating": 4, 
            "helpful": 0, 
            "author": "Flipkart Customer", 
            "text": "Excellent product as i want", 
            "title": "Value-for-money", 
            "certBuyer": true
        }
    ], 
    [
        {
            "rating": 5, 
            "helpful": 0, 
            "author": "Purna chandra kabi", 
            "text": "Thanxs", 
            "title": "This product is good", 
            "certBuyer": true
        }
    ], 
    [
        {
            "rating": 5, 
            "helpful": 0, 
            "author": "Nitesh Kumar", 
            "text": "Best smartphone", 
            "title": "Awesome", 
            "certBuyer": true
        }
    ], 
    [
        {
            "rating": 5, 
            "helpful": 0, 
            "author": "Flipkart Customer", 
            "text": "Awesome", 
            "title": "Terrific", 
            "certBuyer": true
        }
    ], 
    [
        {
            "rating": 1, 
            "helpful": 0, 
            "author": "Ajay Meghani", 
            "text": "Very bad and wrong information to give flipcart", 
            "title": "Unsatisfactory", 
            "certBuyer": true
        }
    ], 
    [
        {
            "rating": 1, 
            "helpful": 0, 
            "author": "Nandish P", 
            "text": "This phone not 4g support,,,,", 
            "title": "Utterly Disappointed", 
            "certBuyer": true
        }
    ], 
    [
        {
            "rating": 5, 
            "helpful": 0, 
            "author": "Flipkart Customer", 
            "text": "Its a good smart phone, i have been using since last 8 months.", 
            "title": "Fabulous!", 
            "certBuyer": true
        }
    ], 
    [
        {
            "rating": 5, 
            "helpful": 0, 
            "author": "Amol Narkhede", 
            "text": "Niceee\nGood sound quality and looking so good battery backup very good", 
            "title": "Worth every penny", 
            "certBuyer": true
        }
    ], 
    [
        {
            "rating": 4, 
            "helpful": 0, 
            "author": "srisankar  subramanian", 
            "text": "Good product. But the sim card trays r giving problem sometimes. I used to remove& reset sometimes. Except that it works fine. No jamming.", 
            "title": "Wonderful", 
            "certBuyer": true
        }
    ], 
    [
        {
            "rating": 3, 
            "helpful": 0, 
            "author": "Anwar.s Rk", 
            "text": "50/ ok", 
            "title": "Just okay", 
            "certBuyer": true
        }
    ], 
    [
        {
            "rating": 5, 
            "helpful": 0, 
            "author": "Bhagwan sahay Kumawat", 
            "text": "Good product", 
            "title": "Fabulous!", 
            "certBuyer": true
        }
    ], 
    [
        {
            "rating": 5, 
            "helpful": 0, 
            "author": "Vishnu Vs", 
            "text": "Yes it is the Best i think.\nPicture/Audio(Dolby) are fab.\n2 gb RAM is equal to 4 gb's of other phones.\nSleek design", 
            "title": "The Best In HTC", 
            "certBuyer": true
        }
    ], 
    [
        {
            "rating": 1, 
            "helpful": 0, 
            "author": "bagavathi vaishnav", 
            "text": "This is the most hopeless phone i have used ever. Please dont ever trust htc. All htc brands are worthless for the money you pay. I bought this phone from retail shop near me. After 1 month of using this phone. It used to swich off whenever i play loud songs, Videos etc...htc \ud83d\udc4e", 
            "title": "Not recommended at all", 
            "certBuyer": false
        }
    ], 
    [
        {
            "rating": 5, 
            "helpful": 0, 
            "author": "KIRAN INTI", 
            "text": "Very very good best and cost effective", 
            "title": "Classy product", 
            "certBuyer": true
        }
    ], 
    [
        {
            "rating": 1, 
            "helpful": 0, 
            "author": "ANAND  R", 
            "text": "Very worst", 
            "title": "Hated it!", 
            "certBuyer": true
        }
    ], 
    [
        {
            "rating": 2, 
            "helpful": 0, 
            "author": "K kishore Kumar reddy", 
            "text": "It's ok", 
            "title": "Met some expectations", 
            "certBuyer": true
        }
    ], 
    [
        {
            "rating": 5, 
            "helpful": 0, 
            "author": "prabakar s", 
            "text": "Gud", 
            "title": "Wonderful", 
            "certBuyer": true
        }
    ], 
    [
        {
            "rating": 1, 
            "helpful": 0, 
            "author": "Flipkart Customer", 
            "text": "Not OK", 
            "title": "Absolute rubbish!", 
            "certBuyer": true
        }
    ], 
    [
        {
            "rating": 2, 
            "helpful": 0, 
            "author": "Sudipta Chakraborty.", 
            "text": "Front camera is very bad in this range of mobile .bad camera is ok bt not very good.battery back up very poor when u using net . .i m very disappointed for bought this mobile.", 
            "title": "Expected a better product", 
            "certBuyer": false
        }
    ], 
    [
        {
            "rating": 5, 
            "helpful": 0, 
            "author": "Flipkart Customer", 
            "text": "Verey good phone", 
            "title": "Worth every penny", 
            "certBuyer": false
        }
    ], 
    [
        {
            "rating": 4, 
            "helpful": 0, 
            "author": "Shivam Babar", 
            "text": "Awesome", 
            "title": "Packageing", 
            "certBuyer": true
        }
    ], 
    [
        {
            "rating": 3, 
            "helpful": 0, 
            "author": "chef dinesh", 
            "text": "Mobil nice.but headphones is gone .I will use only2month.sound quality is poor.\n\nBattery back up is OK.", 
            "title": "Does the job", 
            "certBuyer": false
        }
    ], 
    [
        {
            "rating": 1, 
            "helpful": 0, 
            "author": "Samiran Saha", 
            "text": "Worst phone.I have to charge 4 times in a day for both calling and internet.Guys dont buy it.", 
            "title": "Horrible", 
            "certBuyer": false
        }
    ], 
    [
        {
            "rating": 4, 
            "helpful": 0, 
            "author": "Ashu Biswas", 
            "text": "Nice Mobile, I like it", 
            "title": "Really Nice", 
            "certBuyer": true
        }
    ], 
    [
        {
            "rating": 5, 
            "helpful": 0, 
            "author": "Flipkart Customer", 
            "text": "Super", 
            "title": "Sp", 
            "certBuyer": true
        }
    ], 
    [
        {
            "rating": 4, 
            "helpful": 0, 
            "author": "Prashant  Jadhav", 
            "text": "Best brand.......", 
            "title": "Delightful", 
            "certBuyer": true
        }
    ], 
    [
        {
            "rating": 5, 
            "helpful": 0, 
            "author": "Anil George", 
            "text": "Very nice mobile. Lite weight, no heat, no hang,good camera, high quality dual Dolby speakers. Battery back up average", 
            "title": "Super!", 
            "certBuyer": false
        }
    ], 
    [
        {
            "rating": 5, 
            "helpful": 0, 
            "author": "Amol Mali", 
            "text": "Superb", 
            "title": "Mind-blowing purchase", 
            "certBuyer": true
        }
    ], 
    [
        {
            "rating": 1, 
            "helpful": 0, 
            "author": "Flipkart Customer", 
            "text": "Its hanging so many times.", 
            "title": "Biggest mistake of my life!", 
            "certBuyer": true
        }
    ], 
    [
        {
            "rating": 5, 
            "helpful": 0, 
            "author": "RAJU  NANDY", 
            "text": "Good", 
            "title": "Worth every penny", 
            "certBuyer": true
        }
    ], 
    [
        {
            "rating": 5, 
            "helpful": 0, 
            "author": "Flipkart Customer", 
            "text": "Good phone good battery backup good display good sound thanks flipkart good delivery phone look is very good any body purchase this phone htc desire 728 lte amazing", 
            "title": "Wonderful", 
            "certBuyer": true
        }
    ], 
    [
        {
            "rating": 5, 
            "helpful": 0, 
            "author": "Subhrankar Dutta", 
            "text": "Very good product", 
            "title": "Great product", 
            "certBuyer": true
        }
    ], 
    [
        {
            "rating": 5, 
            "helpful": 0, 
            "author": "RAVI H R", 
            "text": "Its awesome mobile", 
            "title": "Must buy!", 
            "certBuyer": true
        }
    ], 
    [
        {
            "rating": 4, 
            "helpful": 0, 
            "author": "Daggupati Narsimha", 
            "text": "Awesome", 
            "title": "Very Good", 
            "certBuyer": true
        }
    ], 
    [
        {
            "rating": 4, 
            "helpful": 0, 
            "author": "Flipkart Customer", 
            "text": "Nice phone looking so good", 
            "title": "Nice product", 
            "certBuyer": true
        }
    ], 
    [
        {
            "rating": 5, 
            "helpful": 0, 
            "author": "Flipkart Customer", 
            "text": "Good one. Slight heating while playing heavy-handed is the only problem. Good battery backup, nice spaekers, smooth screen and no hanging at all even if ram full", 
            "title": "Pretty good", 
            "certBuyer": false
        }
    ], 
    [
        {
            "rating": 4, 
            "helpful": 0, 
            "author": "prasanth kumar", 
            "text": "Nice mobile.good battery power", 
            "title": "Very Good", 
            "certBuyer": false
        }
    ], 
    [
        {
            "rating": 1, 
            "helpful": 0, 
            "author": "Flipkart Customer", 
            "text": "product not good", 
            "title": "unsatisfied", 
            "certBuyer": false
        }
    ], 
    [
        {
            "rating": 5, 
            "helpful": 0, 
            "author": "Ravi jayam", 
            "text": "Good", 
            "title": "Mind-blowing purchase", 
            "certBuyer": true
        }
    ], 
    [
        {
            "rating": 4, 
            "helpful": 0, 
            "author": "DIVYESH DAVARIA", 
            "text": "Good mobile, HTC company battery capacity law", 
            "title": "Delightful", 
            "certBuyer": true
        }
    ], 
    [
        {
            "rating": 1, 
            "helpful": 0, 
            "author": "Flipkart Customer", 
            "text": "Its mobile so bad bad bettry and itself swich off on videos and music don,t buy htc product bcz htc brand very costly and  am sure htc all mobile  wrost of money", 
            "title": "money west", 
            "certBuyer": true
        }
    ], 
    [
        {
            "rating": 4, 
            "helpful": 0, 
            "author": "P_Suraj", 
            "text": "It's white in colour, which has delivered to my brother who just got promoted. According to him phone is light weighted and dual 4G sim slot so it's simply awesome. But in detail specification no where mention the speed of internet. Other side I don't know whether this phone supports hotspot or not.", 
            "title": "4/10 my rating till now. After use may change", 
            "certBuyer": true
        }
    ], 
    [
        {
            "rating": 5, 
            "helpful": 0, 
            "author": "Christopher Nallathambi", 
            "text": "Excellent", 
            "title": "Classy product", 
            "certBuyer": true
        }
    ], 
    [
        {
            "rating": 5, 
            "helpful": 0, 
            "author": "Bhargav K", 
            "text": "Flipkart delivery was awesome... Nd mobile was also too good, good performance. Nice product", 
            "title": "Terrific", 
            "certBuyer": true
        }
    ], 
    [
        {
            "rating": 4, 
            "helpful": 0, 
            "author": "Krishna Keshav", 
            "text": "It's a nice phone at it's range. I would rather say HTC craftsmanship is awesome. Except the battery backup, everything is smooth.", 
            "title": "Delightful", 
            "certBuyer": true
        }
    ], 
    [
        {
            "rating": 5, 
            "helpful": 0, 
            "author": "Flipkart Customer", 
            "text": "Very good htc mobile and powerful battery back up&slim handset mobile", 
            "title": "Must buy!", 
            "certBuyer": true
        }
    ], 
    [
        {
            "rating": 1, 
            "helpful": 0, 
            "author": "Rinson  Davis", 
            "text": "Bad phone don't buy", 
            "title": "Utterly Disappointed", 
            "certBuyer": false
        }
    ], 
    [
        {
            "rating": 1, 
            "helpful": 0, 
            "author": "Rinson  Davis", 
            "text": "Don't buy this phone bad camera quality...", 
            "title": "Utterly Disappointed", 
            "certBuyer": false
        }
    ], 
    [
        {
            "rating": 4, 
            "helpful": 0, 
            "author": "Flipkart Customer", 
            "text": "Nice mobile for what I spent..", 
            "title": "Nice product", 
            "certBuyer": true
        }
    ], 
    [
        {
            "rating": 5, 
            "helpful": 0, 
            "author": "KAPIL KUMAR", 
            "text": "HTC 4G MOBILE", 
            "title": "11999", 
            "certBuyer": false
        }
    ], 
    [
        {
            "rating": 5, 
            "helpful": 0, 
            "author": "Mohua Chatterjee", 
            "text": "Awesome", 
            "title": "Terrific purchase", 
            "certBuyer": true
        }
    ], 
    [
        {
            "rating": 5, 
            "helpful": 0, 
            "author": "Raman P", 
            "text": "Nice", 
            "title": "Classy product", 
            "certBuyer": false
        }
    ], 
    [
        {
            "rating": 1, 
            "helpful": 0, 
            "author": "bharti dhiman", 
            "text": "Its not a good phone,i purchased ot on 16 th dec 2016.most of the its stop working and shows send error report,and hangged.", 
            "title": "Hated it!", 
            "certBuyer": true
        }
    ], 
    [
        {
            "rating": 5, 
            "helpful": 0, 
            "author": "Flipkart Customer", 
            "text": "best", 
            "title": "Wonderful", 
            "certBuyer": true
        }
    ], 
    [
        {
            "rating": 5, 
            "helpful": 0, 
            "author": "Jiban Jyoti  Mohanta ", 
            "text": "I am satisfied.but the tray eject tool is not available in the box.", 
            "title": "Wonderful", 
            "certBuyer": true
        }
    ], 
    [
        {
            "rating": 4, 
            "helpful": 0, 
            "author": "Flipkart Customer", 
            "text": "Ok", 
            "title": "Worth the money", 
            "certBuyer": true
        }
    ], 
    [
        {
            "rating": 5, 
            "helpful": 0, 
            "author": "Flipkart Customer", 
            "text": "Nice one", 
            "title": "Perfect product!", 
            "certBuyer": true
        }
    ], 
    [
        {
            "rating": 2, 
            "helpful": 0, 
            "author": "Flipkart Customer", 
            "text": "gud..", 
            "title": "Good choice", 
            "certBuyer": true
        }
    ], 
    [
        {
            "rating": 5, 
            "helpful": 0, 
            "author": "Karan  Kariappa", 
            "text": "Good", 
            "title": "Worth every penny", 
            "certBuyer": false
        }
    ], 
    [
        {
            "rating": 5, 
            "helpful": 0, 
            "author": "Flipkart Customer", 
            "text": "Awesome product ever.", 
            "title": "Best in the market!", 
            "certBuyer": true
        }
    ], 
    [
        {
            "rating": 1, 
            "helpful": 0, 
            "author": "Rajendra Nayak", 
            "text": "Suuuuuuper quality phone", 
            "title": "Brilliant", 
            "certBuyer": true
        }
    ], 
    [
        {
            "rating": 4, 
            "helpful": 0, 
            "author": "Jayant Chaudhari", 
            "text": "Good one", 
            "title": "Nice product", 
            "certBuyer": true
        }
    ], 
    [
        {
            "rating": 5, 
            "helpful": 0, 
            "author": "Sagar  N", 
            "text": "Awsome experience, value for money", 
            "title": "Great product", 
            "certBuyer": true
        }
    ], 
    [
        {
            "rating": 3, 
            "helpful": 0, 
            "author": "Nitesh  Saini", 
            "text": "Delivery is very good but after using for a month product performance is not up to mark...not satisfactory..", 
            "title": "Above-average product", 
            "certBuyer": true
        }
    ], 
    [
        {
            "rating": 3, 
            "helpful": 0, 
            "author": "Flipkart Customer", 
            "text": "Satisfied", 
            "title": "Fair", 
            "certBuyer": true
        }
    ], 
    [
        {
            "rating": 3, 
            "helpful": 0, 
            "author": "dhananjay kumar", 
            "text": "All features of this phone is too good .but while playing video games it becomes veryheat......almost good..", 
            "title": "Wonderful", 
            "certBuyer": true
        }
    ], 
    [
        {
            "rating": 3, 
            "helpful": 0, 
            "author": "Firoj Ansari", 
            "text": "Nice phone in 8.4k", 
            "title": "Good but nothing fancy", 
            "certBuyer": true
        }
    ], 
    [
        {
            "rating": 5, 
            "helpful": 0, 
            "author": "Talari  Suresh ", 
            "text": "Nice mobile", 
            "title": "Worth every penny", 
            "certBuyer": true
        }
    ], 
    [
        {
            "rating": 5, 
            "helpful": 0, 
            "author": "Abdul khadeer", 
            "text": "I'm using this from 3 months. No complaints. Working very well.", 
            "title": "Superr awsome.", 
            "certBuyer": true
        }
    ], 
    [
        {
            "rating": 5, 
            "helpful": 0, 
            "author": "Ritesh Sharma", 
            "text": "Mobile is really good.", 
            "title": "Worth every penny", 
            "certBuyer": true
        }
    ], 
    [
        {
            "rating": 5, 
            "helpful": 0, 
            "author": "Twinkle Mondal", 
            "text": "overall its a good product.", 
            "title": "Excellent", 
            "certBuyer": true
        }
    ], 
    [
        {
            "rating": 5, 
            "helpful": 0, 
            "author": "Flipkart Customer", 
            "text": "Its nice phone.I bought this phone on April 2016 and it is good example phone for brand HTC .Its supports 4G..Still now there is no problem at all with HTC Desire 728 LTE", 
            "title": "Simply awesome", 
            "certBuyer": true
        }
    ], 
    [
        {
            "rating": 5, 
            "helpful": 0, 
            "author": "SHUBHANKAR  ROY", 
            "text": "I am giving 5 Star to this Mobile because It is the mobile which i am Using \n#I love Htc Desire 728 Dual because of its\n# 2GB RAM\n# Expendable Memory capasity upto 2TB\n#Camera is better than J7 \n#The Themes \n#Soft Touch screen \n#Camera Senser \n#Stylish Look \n#Loyal \n#Dual Speaker (It sounds too good) (my Frnds like it)\n#4G \n#Faster Charging system \nIt is Enough! Is not?\n#But camera Flash Does not catch the picture well (Fix it)\nthank You", 
            "title": "Fabulous!", 
            "certBuyer": false
        }
    ], 
    [
        {
            "rating": 5, 
            "helpful": 0, 
            "author": "Vinay Prasad", 
            "text": "Very good mobile& it is verylow cost", 
            "title": "Worth every penny", 
            "certBuyer": true
        }
    ], 
    [
        {
            "rating": 2, 
            "helpful": 0, 
            "author": "Bijesh Bijesh", 
            "text": "This is the most worst phn in my carier", 
            "title": "Bad quality", 
            "certBuyer": true
        }
    ], 
    [
        {
            "rating": 4, 
            "helpful": 0, 
            "author": "Babloo Singh", 
            "text": "It's good but not better '......", 
            "title": "Delightful", 
            "certBuyer": true
        }
    ], 
    [
        {
            "rating": 4, 
            "helpful": 0, 
            "author": "ARGHA DAS", 
            "text": "Overall everything is fine,camera quality is very good\nOnly battery drains a little bit faster.if you use normally with mobile data on,then it will last around Max 18 hour.", 
            "title": "Nice product", 
            "certBuyer": true
        }
    ], 
    [
        {
            "rating": 4, 
            "helpful": 0, 
            "author": "Flipkart Customer", 
            "text": "Service is gud....I like dis phone...", 
            "title": "Nice product", 
            "certBuyer": true
        }
    ], 
    [
        {
            "rating": 5, 
            "helpful": 0, 
            "author": "jesudas prabhu", 
            "text": "did not marshallow come this mobile", 
            "title": "nice mobile but battery backup only 10 hours", 
            "certBuyer": false
        }
    ], 
    [
        {
            "rating": 5, 
            "helpful": 0, 
            "author": "Uday Basumatary", 
            "text": "GOOD Mobile", 
            "title": "Brilliant", 
            "certBuyer": true
        }
    ], 
    [
        {
            "rating": 4, 
            "helpful": 0, 
            "author": "Flipkart Customer", 
            "text": "I've ordered a lot from this app.... It's really good accept for the one mobile phone I ordered", 
            "title": "Good quality product", 
            "certBuyer": true
        }
    ], 
    [
        {
            "rating": 5, 
            "helpful": 0, 
            "author": "Flipkart Customer", 
            "text": "Good mobile\nLight weight mobile that HTC ever made.excellent HD Display,Good Camera,Good Music Sounds And Everything Is Good.\nBut The Problem Is Before Placing The Order Of This Mobile I Read The Specifications And In That Specifications Flip kart mentioned One Sensor Called Fingerprints Sensor But The Thing Is They Don't Have That Sensor.\nAnd Else Everything Is Good", 
            "title": "Simply awesome", 
            "certBuyer": false
        }
    ], 
    [
        {
            "rating": 5, 
            "helpful": 0, 
            "author": "Flipkart Customer", 
            "text": "EXCELLENT PRODUCT", 
            "title": "Awesome", 
            "certBuyer": false
        }
    ], 
    [
        {
            "rating": 5, 
            "helpful": 0, 
            "author": "nitin kale", 
            "text": "The best mobile of htc with best price", 
            "title": "Terrific purchase", 
            "certBuyer": true
        }
    ], 
    [
        {
            "rating": 5, 
            "helpful": 0, 
            "author": "Flipkart Customer", 
            "text": "They are best beter", 
            "title": "Brilliant", 
            "certBuyer": true
        }
    ], 
    [
        {
            "rating": 4, 
            "helpful": 0, 
            "author": "Sanjay Saini", 
            "text": "Nice product but some issue", 
            "title": "Really Nice", 
            "certBuyer": true
        }
    ], 
    [
        {
            "rating": 1, 
            "helpful": 0, 
            "author": "Flipkart Customer", 
            "text": "I had very bad experience of perchasing  this  mobile thr flipkart...this mobile had heating problem and also it was getting switched off automatically. I had checked with flipkart people ..they told me that their technical team will resolve the problem.but they cldnt resolve it.now just after 2 weeks, mobile's motherboard has gone.so dont buy any mobile thr flipkart.", 
            "title": "Hated it!", 
            "certBuyer": true
        }
    ], 
    [
        {
            "rating": 4, 
            "helpful": 0, 
            "author": "Raj Nandi", 
            "text": "Nice product. Fits perfect. Highly recommendable.", 
            "title": "Awesome product!", 
            "certBuyer": true
        }
    ], 
    [
        {
            "rating": 4, 
            "helpful": 0, 
            "author": "MALLIKARJUN KUMBAR", 
            "text": "Just ok", 
            "title": "Pretty good", 
            "certBuyer": true
        }
    ], 
    [
        {
            "rating": 1, 
            "helpful": 0, 
            "author": "Sanjib Roy", 
            "text": "Battery backup is very poor....", 
            "title": "Terrible product", 
            "certBuyer": false
        }
    ], 
    [
        {
            "rating": 5, 
            "helpful": 0, 
            "author": "Sayantan Chakraborty", 
            "text": "This is a good product for non gamers users.I don't play games so it's good for me.", 
            "title": "Good", 
            "certBuyer": true
        }
    ], 
    [
        {
            "rating": 5, 
            "helpful": 0, 
            "author": "Satya Prakash", 
            "text": "Superb phone...,all features are good, and good performance, if you want to buy a phone b/w 15K, then go for this one, HTC 728g......", 
            "title": "HTC LOVER...", 
            "certBuyer": false
        }
    ], 
    [
        {
            "rating": 5, 
            "helpful": 0, 
            "author": "Vishal", 
            "text": "A must buy brand in the 15k range. All features are really good with the awesome battery back-up and camera quality.", 
            "title": "Awesome phone", 
            "certBuyer": false
        }
    ], 
    [
        {
            "rating": 4, 
            "helpful": 0, 
            "author": "SUBHAJIT BALI", 
            "text": "Nice phone, and color is very charming. I like it and very low weight.", 
            "title": "Great", 
            "certBuyer": true
        }
    ], 
    [
        {
            "rating": 5, 
            "helpful": 0, 
            "author": "Balaji E", 
            "text": "Good one sounds are really Gud worth for money.... I love this product", 
            "title": "htc desire", 
            "certBuyer": true
        }
    ], 
    [
        {
            "rating": 4, 
            "helpful": 0, 
            "author": "Niladri Banerjee", 
            "text": "A Great Phone for high speed 4G use. Superb front camera but only one thing that disappoints me is the quality of the main camera. Although it claims 16mp but with the flash also it takes darker images. Image quality is not sharp and bright. I also purchaed On5 with this and that takes better pic than this one, A brand like HTC is specialized for camera phones but I will give 3/5 in camera. Otherwise everything will give you a 5/5 satisfaction.", 
            "title": "Nice Stylish Phone", 
            "certBuyer": true
        }
    ], 
    [
        {
            "rating": 4, 
            "helpful": 0, 
            "author": "Akhil Raj  Patel ", 
            "text": "Awesome mobile..... Loved it... Thank you flipkart for quick delivery.....", 
            "title": "Superb.", 
            "certBuyer": true
        }
    ], 
    [
        {
            "rating": 5, 
            "helpful": 0, 
            "author": "bhanu Singh", 
            "text": "I love htc 728 lte it s good phone overall compare to samsung phone bcz user interface  technically s awesm \n\nmy suggest s to go htc", 
            "title": "awesm speed", 
            "certBuyer": false
        }
    ], 
    [
        {
            "rating": 4, 
            "helpful": 0, 
            "author": "Kamal Kishore Aggarwal", 
            "text": "I bought it for 15000/- from market. This is a very good budget phone with very good specifications. Battery is good. For an average user like me who just receive/make calls, use whatsapp and play some light games battery may last two days. No heating problem. Drawbacks are camera and charging time. It takes more than two hrs for charging.", 
            "title": "Good budget phone", 
            "certBuyer": false
        }
    ], 
    [
        {
            "rating": 1, 
            "helpful": 0, 
            "author": "Flipkart Customer", 
            "text": "Low quality products, heating issues, hanging problem. Wasting money", 
            "title": "Utterly Disappointed", 
            "certBuyer": false
        }
    ], 
    [
        {
            "rating": 1, 
            "helpful": 0, 
            "author": "Flipkart Customer", 
            "text": "Thare phone is no working G senser... A this model mobile are Aolready problem in G senaser n Auto ruted", 
            "title": "Useless product", 
            "certBuyer": false
        }
    ], 
    [
        {
            "rating": 1, 
            "helpful": 2, 
            "author": "Flipkart Customer", 
            "text": "Jsyhsvvsundbvsgxikcjbeghejsisgbejdjatwiokbdthdikbdhdlndygsiknsvsyikbd", 
            "title": "its 2 Gb ram Or 1.5 Gb", 
            "certBuyer": false
        }
    ], 
    [
        {
            "rating": 1, 
            "helpful": 1, 
            "author": "Flipkart Customer", 
            "text": "I received 2015 model phone....total cheating from the seller....I will stop buying from flipkart... I hate it..... I lost the amount", 
            "title": "Utterly Disappointed", 
            "certBuyer": true
        }
    ], 
    [
        {
            "rating": 1, 
            "helpful": 0, 
            "author": "Ashok Bagri", 
            "text": "This product is third class. I have an problem but Flipkart did not change my product.", 
            "title": "Did not meet expectations", 
            "certBuyer": true
        }
    ], 
    [
        {
            "rating": 5, 
            "helpful": 2, 
            "author": "harshal", 
            "text": "Plz tell me fredzzz...purple myst is black colour plz tell me bhi", 
            "title": "whichh colur is prple mayst", 
            "certBuyer": false
        }
    ], 
    [
        {
            "rating": 1, 
            "helpful": 2, 
            "author": "Kishore Kumar", 
            "text": "This mobile have multiple works.Don't buy iron box if you have HTC 728 LTE .After using 5.minutes it act as good IRON BOX.rear camera very very poor.front camera OK.\nFor full charging it takes so many hours.battery drained very fast.But like Samsung it does not hang", 
            "title": "GOOD IRON BOX", 
            "certBuyer": true
        }
    ], 
    [
        {
            "rating": 2, 
            "helpful": 1, 
            "author": "Chandra Prakash", 
            "text": "Very fast delivery", 
            "title": "Good", 
            "certBuyer": true
        }
    ], 
    [
        {
            "rating": 1, 
            "helpful": 0, 
            "author": "Flipkart Customer", 
            "text": "Flipcart so bad not take returned my mobile giving me fake mobile", 
            "title": "Not recommended at all", 
            "certBuyer": true
        }
    ], 
    [
        {
            "rating": 3, 
            "helpful": 0, 
            "author": "Flipkart Customer", 
            "text": "THERE IS NO FINGERPRINT SCANNER!!! Why is it mentioned in the details??  :(", 
            "title": "Just okay", 
            "certBuyer": true
        }
    ], 
    [
        {
            "rating": 2, 
            "helpful": 0, 
            "author": "Arfon Ali  Tajhjm", 
            "text": "Does this device works with Jio sim..???", 
            "title": "Slightly disappointed", 
            "certBuyer": false
        }
    ], 
    [
        {
            "rating": 4, 
            "helpful": 0, 
            "author": "Flipkart Customer", 
            "text": "This mobile have a otg or not", 
            "title": "Otg", 
            "certBuyer": false
        }
    ], 
    [
        {
            "rating": 1, 
            "helpful": 0, 
            "author": "Radhakisan Nikam", 
            "text": "Waste my money.", 
            "title": "Useless product", 
            "certBuyer": true
        }
    ], 
    [
        {
            "rating": 5, 
            "helpful": 0, 
            "author": "Sivananth Thekkan", 
            "text": "Fast delivery completely sealed phone but user manual missing overall nice phone", 
            "title": "Super!", 
            "certBuyer": true
        }
    ], 
    [
        {
            "rating": 4, 
            "helpful": 0, 
            "author": "Selvaraj Rani ", 
            "text": "This mobile I am return", 
            "title": "Wonderful", 
            "certBuyer": true
        }
    ], 
    [
        {
            "rating": 5, 
            "helpful": 0, 
            "author": "kiran hemanth", 
            "text": "Iam not use this but this is gud phone ...\nFrnds now this correct price tell me....\n&no decrease cost this mobile...", 
            "title": "Classy product", 
            "certBuyer": false
        }
    ], 
    [
        {
            "rating": 1, 
            "helpful": 0, 
            "author": "Suman Gupta", 
            "text": "Is this a volte phone", 
            "title": "Don't waste your money", 
            "certBuyer": false
        }
    ], 
    [
        {
            "rating": 3, 
            "helpful": 0, 
            "author": "Flipkart Customer", 
            "text": "The mobile is awesome but, I have one question, that is thus the has fingerprint sensor", 
            "title": "Faced minor issues", 
            "certBuyer": false
        }
    ], 
    [
        {
            "rating": 1, 
            "helpful": 0, 
            "author": "Flipkart Customer", 
            "text": "Very poor.... i ordered phone but phone not received", 
            "title": "Worthless", 
            "certBuyer": true
        }
    ], 
    [
        {
            "rating": 5, 
            "helpful": 0, 
            "author": "Darshan Vithalani", 
            "text": "Fast service and good product", 
            "title": "Terrific purchase", 
            "certBuyer": true
        }
    ], 
    [
        {
            "rating": 3, 
            "helpful": 0, 
            "author": "Navin G", 
            "text": "Thanks for quick delivery", 
            "title": "Fair", 
            "certBuyer": true
        }
    ], 
    [
        {
            "rating": 1, 
            "helpful": 0, 
            "author": "B.PRASANNA KUMAR", 
            "text": "This is the fack products my mobile", 
            "title": "Hated it!", 
            "certBuyer": true
        }
    ], 
    [
        {
            "rating": 5, 
            "helpful": 0, 
            "author": "Flipkart Customer", 
            "text": "Intha phone update paina support agutha \n\nPls yarna soilliga", 
            "title": "Good", 
            "certBuyer": false
        }
    ], 
    [
        {
            "rating": 5, 
            "helpful": 0, 
            "author": "Nishant Raj", 
            "text": "Gots slower with time and heats up.\nGood for general use not for gaming.\nNot to buy this.\nDont waste money on this brand.", 
            "title": "Average", 
            "certBuyer": true
        }
    ], 
    [
        {
            "rating": 4, 
            "helpful": 5, 
            "author": "AJITH KUMAR", 
            "text": "How to use finger print sensor any body there plz comment ........", 
            "title": "Finger print", 
            "certBuyer": false
        }
    ], 
    [
        {
            "rating": 4, 
            "helpful": 2, 
            "author": "Anil Gangwar", 
            "text": "I want purchase this phone please tell me has this phone finger Sensors? and phone is working fine or not. is there any issue in this phone. please tell me as soon as possible.", 
            "title": "has this phone finger Sensors?", 
            "certBuyer": false
        }
    ], 
    [
        {
            "rating": 1, 
            "helpful": 0, 
            "author": "Flipkart Customer", 
            "text": "close your company..my phon has mike issue .. and your technician took 5 days to come..", 
            "title": "your service is too bad ..hate flipkart ..close your company", 
            "certBuyer": true
        }
    ], 
    [
        {
            "rating": 1, 
            "helpful": 1, 
            "author": "Sriram", 
            "text": "Flip cart need to clarify that in processor column mentioned as 1.5 GB RAM and is system mentioned as 2 GB\nWhich 1 is acute", 
            "title": "GB RAM clarification", 
            "certBuyer": false
        }
    ], 
    [
        {
            "rating": 2, 
            "helpful": 0, 
            "author": "Tuhin Samanta", 
            "text": "it doesn't have any finger print sensor. Where as they have written it. check it in gsm arena they provide proper info.", 
            "title": "specification are wrong", 
            "certBuyer": false
        }
    ]
]