[
    [
        {
            "rating": 4, 
            "helpful": 31, 
            "author": "Flipkart Customer", 
            "text": "Using this device for more than a month and found no lagging and hanging issues. Also the device doesn't heat like the 826 or 820.\nPrefomance:\nPlayed Ashphalt 8 with the highest possible settings and it raced with ease.\nGraphics are pretty descent\nDisplay:\nThough it's not mentioned in the HTC site but it has an AMOLED display with smooth touch operation.\nCamera:\nBack camera shoots descent Pictures and the front camera is actually a selfie camera with live editing options.\nBattery:\nThe device is powered with a 2600mah non removable battery which lasts a day easily.\nI played ashphalt in local wifi for about an hour , browsed internet, and general tasks and I survived throughout the day with about 20% of juice left at 10 pm.\nSo the battery is not very good but its descent to power up the 5.5 inch display.If they have powered it with 3000mah or more then it would be a beast.\nSound:\nIt comes with HTC Boomsound with Dolby audio like the other HTC One models so the sound is very good and i am really enjoying watching videos in this device.\nStorage:\nIt comes with 16GB of memory onboard of which you 'll get around 9.89 GB left for user space. But ,yes, it has a terrible expansion capability of upto 2 TB using a microsdxc .\nSoftware:\nIt comes with Android lollypop 5.0 out of the box with HTC sense 7.0 UI.\nLatest sense UI is admirable.\n\nSo anyone looking for a branded device in the range of 20k is highly recommended to give it a try.", 
            "title": "Amazed to use this Device", 
            "certBuyer": false
        }
    ], 
    [
        {
            "rating": 2, 
            "helpful": 11, 
            "author": "Immaneni Harish kumar", 
            "text": "It's screen is very delicate", 
            "title": "Moderate", 
            "certBuyer": true
        }
    ], 
    [
        {
            "rating": 1, 
            "helpful": 29, 
            "author": "Rajesh Chirivella", 
            "text": "Mobile is good but unfortunately fell from hand  slight crack on glass, services charges rs 15000 within 6 months warranty doesn't work", 
            "title": "Worst experience ever!", 
            "certBuyer": true
        }
    ], 
    [
        {
            "rating": 5, 
            "helpful": 7, 
            "author": "Flipkart Shaz", 
            "text": "Awesome", 
            "title": "Nice", 
            "certBuyer": false
        }
    ], 
    [
        {
            "rating": 1, 
            "helpful": 7, 
            "author": "satish kumar", 
            "text": "Not good ,it's screen much breakable ,hanging problem, gets too hot on charging .I never recommend anyone to buy this and also the customer care of htc do not gives any response when u give for repairs.", 
            "title": "Waste of money!", 
            "certBuyer": true
        }
    ], 
    [
        {
            "rating": 4, 
            "helpful": 5, 
            "author": "Vamsi", 
            "text": "+ve:\nsound system\nfront camera\n\n-ve:\nexpensive(as far as the features considered)\nNo great features seen", 
            "title": "Not too great not too bad.. OK", 
            "certBuyer": false
        }
    ], 
    [
        {
            "rating": 4, 
            "helpful": 1, 
            "author": "Flipkart Customer", 
            "text": "I am using for past one yr  , display nd battery is only problm", 
            "title": "Nice product", 
            "certBuyer": true
        }
    ], 
    [
        {
            "rating": 4, 
            "helpful": 1, 
            "author": "Shahid Landage", 
            "text": "This phone is awesome this is my second HTC phone HTC always make me happy!", 
            "title": "Good choice", 
            "certBuyer": true
        }
    ], 
    [
        {
            "rating": 5, 
            "helpful": 0, 
            "author": "Kongala Srinivasarao", 
            "text": "Simply good", 
            "title": "Terrific", 
            "certBuyer": true
        }
    ], 
    [
        {
            "rating": 2, 
            "helpful": 0, 
            "author": "Flipkart Customer", 
            "text": "Major problem is with screen . If it falls even from small height it's screen breaks and it stops working unlike other phone which work even with cracked screen.\nHeating during charging is also a problem", 
            "title": "Slightly disappointed", 
            "certBuyer": true
        }
    ], 
    [
        {
            "rating": 5, 
            "helpful": 0, 
            "author": "ramu kilaru", 
            "text": "Overall performance is good and marketing people also well-known brand. Finals product was good", 
            "title": "Highly recommended", 
            "certBuyer": true
        }
    ], 
    [
        {
            "rating": 4, 
            "helpful": 0, 
            "author": "Akash Bhardwaj", 
            "text": "only heating issues, other than that phone is good", 
            "title": "Good quality product", 
            "certBuyer": true
        }
    ], 
    [
        {
            "rating": 4, 
            "helpful": 1, 
            "author": "KONGKAN NATH", 
            "text": "Excellent sound quality and excellent camera. Others features upto the mark.", 
            "title": "good value for money", 
            "certBuyer": false
        }
    ], 
    [
        {
            "rating": 5, 
            "helpful": 0, 
            "author": "rohan M", 
            "text": "Exlent phone at this rate", 
            "title": "Just wow!", 
            "certBuyer": true
        }
    ], 
    [
        {
            "rating": 3, 
            "helpful": 0, 
            "author": "Flipkart Customer", 
            "text": "Superb phone sound qualityand camera better than other phones", 
            "title": "Faced minor issues", 
            "certBuyer": false
        }
    ], 
    [
        {
            "rating": 1, 
            "helpful": 0, 
            "author": "Flipkart Customer", 
            "text": "Vry bad product given by site", 
            "title": "Useless product", 
            "certBuyer": true
        }
    ], 
    [
        {
            "rating": 1, 
            "helpful": 0, 
            "author": "Flipkart Customer", 
            "text": "Heavly recommend please do not buy this I'm struggling..I bought it before 1year of rs 21000 frustrated", 
            "title": "Useless product", 
            "certBuyer": false
        }
    ], 
    [
        {
            "rating": 1, 
            "helpful": 0, 
            "author": "Talvinder  Singh", 
            "text": "Waste of money", 
            "title": "Horrible", 
            "certBuyer": false
        }
    ], 
    [
        {
            "rating": 1, 
            "helpful": 0, 
            "author": "Sai Naveen", 
            "text": "I am useing now....waste mobil", 
            "title": "Terrible product", 
            "certBuyer": false
        }
    ], 
    [
        {
            "rating": 1, 
            "helpful": 1, 
            "author": "Poornima kl", 
            "text": "Worst mobile fell down from hand in bus fully damaged my suggestion please dont waste ur money worst product", 
            "title": "Waste of money!", 
            "certBuyer": false
        }
    ], 
    [
        {
            "rating": 5, 
            "helpful": 0, 
            "author": "minhaz ansari", 
            "text": "Better phone in lowest price", 
            "title": "Mind-blowing purchase", 
            "certBuyer": true
        }
    ], 
    [
        {
            "rating": 4, 
            "helpful": 0, 
            "author": "Flipkart Customer", 
            "text": "Faster and smoother working phone with amazing video quality", 
            "title": "Good quality product", 
            "certBuyer": true
        }
    ], 
    [
        {
            "rating": 5, 
            "helpful": 0, 
            "author": "S.Khan", 
            "text": "Cool", 
            "title": "Just wow!", 
            "certBuyer": false
        }
    ], 
    [
        {
            "rating": 4, 
            "helpful": 0, 
            "author": "Chintan Patel", 
            "text": "Good phone. Performance wise very good but only one problem, accessories for this phone is hard to find", 
            "title": "Good quality product", 
            "certBuyer": true
        }
    ], 
    [
        {
            "rating": 5, 
            "helpful": 0, 
            "author": "Flipkart Customer", 
            "text": "HD flim Video quality no one to compare like Apple. But moblie had very heat while useing Internet.", 
            "title": "Excellent", 
            "certBuyer": false
        }
    ], 
    [
        {
            "rating": 4, 
            "helpful": 0, 
            "author": "Siddu  Desai", 
            "text": "Nice to use compare to other android phones I have used and enjoy with HTC", 
            "title": "Htc", 
            "certBuyer": false
        }
    ], 
    [
        {
            "rating": 3, 
            "helpful": 0, 
            "author": "Sandeep Lamba", 
            "text": "Display is dull, otherwise gud phn, ram is good and look also nice. but display issue. colors are not bright.", 
            "title": "Display", 
            "certBuyer": false
        }
    ], 
    [
        {
            "rating": 2, 
            "helpful": 3, 
            "author": "Soham Maiti", 
            "text": "I bought this phone last year as suggested by a friend. At that time it had just launched and there were enough reviews to go for. I just bought my first HTC device. But after starting to use it, I got disgusted by the dull display. I would never suggest anyone to buy a 720p device with a 5.5. in screen. The battery life and RAM management was good but the display was horrible.", 
            "title": "Dull display", 
            "certBuyer": false
        }
    ], 
    [
        {
            "rating": 5, 
            "helpful": 1, 
            "author": "james joy", 
            "text": "Its jus osum...i jus love it..thank u flipkart for this lovely phone...n d most osum thing is i got a free gift vth this mobile.jus thnk u thnk u thnk u thnk u sooooo much...n d last thank u for d delivery cz it was before tym....thnk u once again", 
            "title": "Must buy!", 
            "certBuyer": true
        }
    ], 
    [
        {
            "rating": 1, 
            "helpful": 1, 
            "author": "Vishnu vardhan reddy Nomula", 
            "text": "EXCELLENT IN BATTERY AND FEATURES BUT WASTE IN DISPLAY. IN 1 YEAR IT HAS BROKEN 4 TIMES \nORGINAL LCD DISPLAY COST IS 7000 DONT BUY THIS PRODUCT", 
            "title": "Utterly Disappointed", 
            "certBuyer": false
        }
    ], 
    [
        {
            "rating": 1, 
            "helpful": 0, 
            "author": "Vikas Agrawal", 
            "text": "It should never be bought. Delicate and fragile screen. Hanging issues.", 
            "title": "Terrible product", 
            "certBuyer": true
        }
    ], 
    [
        {
            "rating": 2, 
            "helpful": 0, 
            "author": "Bhawani Rathore", 
            "text": "Mainly heting issue and hanging problem camra quality is very poor really", 
            "title": "Bad quality", 
            "certBuyer": true
        }
    ], 
    [
        {
            "rating": 5, 
            "helpful": 0, 
            "author": "vinoth KUMAR", 
            "text": "Good working I like this mobile...", 
            "title": "Excellent", 
            "certBuyer": true
        }
    ], 
    [
        {
            "rating": 5, 
            "helpful": 0, 
            "author": "Hallerao Kulkarni", 
            "text": "Super", 
            "title": "Super", 
            "certBuyer": true
        }
    ], 
    [
        {
            "rating": 2, 
            "helpful": 0, 
            "author": "Amol suryavanshi", 
            "text": "Not good battery backup\nNot update Android version\nAnd it also hit", 
            "title": "Not good", 
            "certBuyer": true
        }
    ], 
    [
        {
            "rating": 1, 
            "helpful": 0, 
            "author": "MD TAUSIF EQBAL", 
            "text": "Camera quality is not good.", 
            "title": "Waste of money!", 
            "certBuyer": true
        }
    ], 
    [
        {
            "rating": 3, 
            "helpful": 0, 
            "author": "Harshad Choughule", 
            "text": "not a cool phone but its worth for the new price point of 12k \nCamara (both front and back)  is ok ok \nprocessor is great has ability to multi tasks with out lags \nspeakers quality is also great \nscreen its little big and sometimes difficult to hold and operate in one hand \notg is not supported \ngaming on this phone is a great experience because of screen size u can play high end game with minimum lag or no lag \nthere are many cool features like theams and different cool wallpaper \n\nover all if u get this phone in 12k it's a nice piece to think of", 
            "title": "Good", 
            "certBuyer": false
        }
    ], 
    [
        {
            "rating": 1, 
            "helpful": 0, 
            "author": "Flipkart Customer", 
            "text": "The worst thing I've ever seen", 
            "title": "Waste of money!", 
            "certBuyer": true
        }
    ], 
    [
        {
            "rating": 1, 
            "helpful": 0, 
            "author": "Flipkart Customer", 
            "text": "Worst company", 
            "title": "Biggest mistake of my life!", 
            "certBuyer": false
        }
    ], 
    [
        {
            "rating": 1, 
            "helpful": 0, 
            "author": "gulfam  raza", 
            "text": "Very poor", 
            "title": "Did not meet expectations", 
            "certBuyer": true
        }
    ], 
    [
        {
            "rating": 2, 
            "helpful": 0, 
            "author": "Flipkart Customer", 
            "text": "Just avg", 
            "title": "Overpriced", 
            "certBuyer": false
        }
    ], 
    [
        {
            "rating": 1, 
            "helpful": 0, 
            "author": "Flipkart Customer", 
            "text": "worst worst experience", 
            "title": "Hated it!", 
            "certBuyer": true
        }
    ], 
    [
        {
            "rating": 5, 
            "helpful": 0, 
            "author": "Swanand Umredkar", 
            "text": "It is good.", 
            "title": "Excellent", 
            "certBuyer": true
        }
    ], 
    [
        {
            "rating": 4, 
            "helpful": 0, 
            "author": "Shijo T Thankachan", 
            "text": "Good quality", 
            "title": "Wonderful", 
            "certBuyer": true
        }
    ], 
    [
        {
            "rating": 2, 
            "helpful": 0, 
            "author": "Paltan  Tudu", 
            "text": "After using 7-8 months it start hanging problem", 
            "title": "Slightly disappointed", 
            "certBuyer": false
        }
    ], 
    [
        {
            "rating": 2, 
            "helpful": 0, 
            "author": "Flipkart Customer", 
            "text": "Battery  drained off quickly.", 
            "title": "Not good", 
            "certBuyer": true
        }
    ], 
    [
        {
            "rating": 1, 
            "helpful": 0, 
            "author": "Ajay", 
            "text": "camera very bad don't buy", 
            "title": "Worthless", 
            "certBuyer": false
        }
    ], 
    [
        {
            "rating": 5, 
            "helpful": 0, 
            "author": "Nandish Gowda", 
            "text": "It's good....", 
            "title": "Brilliant", 
            "certBuyer": false
        }
    ], 
    [
        {
            "rating": 5, 
            "helpful": 0, 
            "author": "Parmar Sanjay", 
            "text": "Awesome products bye htc nice to selfie camera I play alpha 8 games very very best Sensor for this phon .....play eny 1 gb gmaes on this phones its really nice", 
            "title": "Perfect product!", 
            "certBuyer": false
        }
    ], 
    [
        {
            "rating": 1, 
            "helpful": 0, 
            "author": "Flipkart Customer", 
            "text": "This is defective set.kindly replace the same", 
            "title": "Waste of money!", 
            "certBuyer": true
        }
    ], 
    [
        {
            "rating": 1, 
            "helpful": 0, 
            "author": "Raj Rai", 
            "text": "Better to buy LAVA or any local mobile...this phone is total waste of money.", 
            "title": "Worst Phone", 
            "certBuyer": false
        }
    ], 
    [
        {
            "rating": 4, 
            "helpful": 0, 
            "author": "Tarun chowdavarapu", 
            "text": "Diplay\nDespite dull display one can easily go for it it's not full hd,as expenses are somewhat high we expect high resolution like 1920*720\nPros:\nSound as it provided with dolby surround it is very clear\nCamera is good both primary and secondary shoots decent pictures\nPerformance was excellent as there is no hanging issues\nBattery backup is average it could be better when it comes with 3000mah \nIt doesn't support otg one of main drawback.\nFinally it was a decent phone from htc", 
            "title": "Decent phone....but display disappoints a bit", 
            "certBuyer": false
        }
    ], 
    [
        {
            "rating": 5, 
            "helpful": 0, 
            "author": "koneti dhanraj", 
            "text": "No Words To Explain Just Awesome Mobile Very Sleek Design Front Cam Was Excellent In Low Light,We Can Customize Home Screen With Many Themes", 
            "title": "Excellent Mobile Perfect For Handling", 
            "certBuyer": false
        }
    ], 
    [
        {
            "rating": 5, 
            "helpful": 0, 
            "author": "Bibhas Roy", 
            "text": "Good for this Price.\n\n\nQuality is very good and regulation high", 
            "title": "review", 
            "certBuyer": true
        }
    ], 
    [
        {
            "rating": 2, 
            "helpful": 5, 
            "author": "Arkaditya Verma", 
            "text": "Dont go for this . The build quality is very poor and lcd broke withing 14 days because of no gorilla glass protection. The original  LCD costs for around 7k at service center -_-. Better i would sell my phone replacing with duplicate lcd", 
            "title": "LCD broken in 14 days", 
            "certBuyer": true
        }
    ], 
    [
        {
            "rating": 1, 
            "helpful": 2, 
            "author": "adarsh  kumar", 
            "text": "I bought this mobile which had 13MP camera but I am really sad after getting this. Its camera is worth 5MP camera of my micromax mobile. Mobile quality is too poor.", 
            "title": "product not satisfactory", 
            "certBuyer": true
        }
    ], 
    [
        {
            "rating": 5, 
            "helpful": 1, 
            "author": "Abhishek Kumar Mishra", 
            "text": "Flipkart u r really amazing , ur delivery is always before the time stated and the return policy is also GREAT , u r the one who changed the mindset of people regarding the online shopping\nAwesome phone , thanks to HTC as well", 
            "title": "Best in the market!", 
            "certBuyer": true
        }
    ], 
    [
        {
            "rating": 2, 
            "helpful": 0, 
            "author": "Flipkart Customer", 
            "text": "Screen quality is too poor. My screen has broken two times within 6 months and i have spended 11k rupees for repairing them....", 
            "title": "Not good", 
            "certBuyer": false
        }
    ], 
    [
        {
            "rating": 1, 
            "helpful": 2, 
            "author": "Deepak Kumar", 
            "text": "i bought this mobile from flipkart.after 10 days mobile gets down. I complaint in flipkart but bad response from flipkart. Really flipkart does not under the pain of customer.All the time customer suffering they like it.Put the service center they said the mobile display is broken.\nBut really do not understand the how is broken without any fall down.it seems very cheap quality they are selling. Now for repairing charge is aprrox 8000 Rs. \n\nI really very upset from flipkart and HTC. Please avoid both of them as per my experiance.\n\nIn future i do not buy any product from flipkart.", 
            "title": "third class mobile", 
            "certBuyer": true
        }
    ], 
    [
        {
            "rating": 5, 
            "helpful": 0, 
            "author": "SRIRAM SAMINATHAN", 
            "text": "I have ordered this mobile during offer time, total price of Rs 9670/- , but I received the product in damaged condition, I request replacement... but they refuse to replace due to unavailability of the same product... after one week I have seen the same mobile with different price ... due to the price variation they refused to replace... I am disappointed with the offer sales afterwards I stopped purchasing during sale or offer ...", 
            "title": "Hated it!", 
            "certBuyer": true
        }
    ], 
    [
        {
            "rating": 1, 
            "helpful": 0, 
            "author": "Flipkart Customer", 
            "text": "i hv ordered that mobile for one of my brother as a birthday gift but when he unpacked the box he shocked the display of mobile was broken. litterly disappointed yar i m a regular customer of flipkart.", 
            "title": "worst experience by flipkart i hv recieved an broken display", 
            "certBuyer": true
        }
    ], 
    [
        {
            "rating": 1, 
            "helpful": 0, 
            "author": "Naveen Chaubey", 
            "text": "HTC cheated me,whenever I use camera whole screen flash green out for one minute and then phone restarts,three time it goes for service but chu....engineer not able to solve problem.plz don't by any HTC product", 
            "title": "Horrible", 
            "certBuyer": false
        }
    ], 
    [
        {
            "rating": 5, 
            "helpful": 0, 
            "author": "Sachin Dhake", 
            "text": "Excellent HTC BOOM sound\nExcellent look and feel\nVery good battery back up\nExcellent speed.", 
            "title": "Excellent HTC One E9s", 
            "certBuyer": false
        }
    ], 
    [
        {
            "rating": 3, 
            "helpful": 0, 
            "author": "Bhagat Rawat", 
            "text": "can u plz tell me the full specification of this product (htc one e9s)..coz the specification u already given is incomplete..!", 
            "title": "full specification", 
            "certBuyer": false
        }
    ], 
    [
        {
            "rating": 1, 
            "helpful": 1, 
            "author": "prince tameez", 
            "text": "Camera quality is too poor do not buy HTC One e9s showing wrong images useless mobile", 
            "title": "worst product", 
            "certBuyer": true
        }
    ], 
    [
        {
            "rating": 1, 
            "helpful": 0, 
            "author": "Himansu", 
            "text": "Humble request to all viewers. Don't waste money in buying this particular set.today it's been  2nd month of this bullshit phone,and been hospitalised for 3times. Poor   battery backup,frequently hanging,gets hot while charging,v very weak screen.my display flew when my phone was on charge. Customer care agents made this an mishandled case,and didn't  covered this under warranty. I am crying bitter tears after I purchased this phone. I am going to file a case against them in the consumer court.please support me.", 
            "title": "Absolute rubbish!", 
            "certBuyer": false
        }
    ], 
    [
        {
            "rating": 1, 
            "helpful": 0, 
            "author": "Flipkart Customer", 
            "text": "Both images showcased for this product show different kinds of back cameras. It's a mistake. Both are different phones. 1 star to Flipkart or the uploader for this. I don't know about the phone, I just noticed this error.", 
            "title": "Wrong images", 
            "certBuyer": false
        }
    ]
]