[
    [
        {
            "rating": 5, 
            "helpful": 64, 
            "author": "Flipkart Customer", 
            "text": "The camera rear as well as selfie camera is so clear. In box we get earphone which has excellent sound quality. And two panels are provided for diferent look.\nI'll just say just for it.", 
            "title": "Awesome phone with clear camera.", 
            "certBuyer": false
        }
    ], 
    [
        {
            "rating": 1, 
            "helpful": 58, 
            "author": "Santosh Phansekar", 
            "text": "Don't buy this phone guys \nHTC desire630 is waste of money\nI buy before 5 months n this phone is my last htc \nBattery sucks without using phone\nSim 2 is not working\nCamera is very slow n worst\nBrightness is works automatically \nSpeaker phone gets on automatically when receives calls", 
            "title": "Worthless", 
            "certBuyer": false
        }
    ], 
    [
        {
            "rating": 5, 
            "helpful": 32, 
            "author": "Sourav  ghosh", 
            "text": "Superb smart mobile.\nCamera 10/10.\nLooks 10/10\nTouch 10/10\nFast 10/10\nBattery 8/10\nSound quality 10+/10\nAll over 9.5/10\n.........don't wait.......plz buy it .\n   Aswammmmmmm mobile in this price and quality is better also..", 
            "title": "Great product", 
            "certBuyer": false
        }
    ], 
    [
        {
            "rating": 5, 
            "helpful": 7, 
            "author": "Flipkart Customer", 
            "text": "Good package but battery is disappointing", 
            "title": "Wonderful", 
            "certBuyer": false
        }
    ], 
    [
        {
            "rating": 3, 
            "helpful": 31, 
            "author": "Sanjog Verma", 
            "text": "it now one week since I am using this phone ..so my rating \n\nlooks -9/10\ncamera front- 8/10\nfront camera-6/10\nbattery -6/10\nprocessor -8/10\nhandling-8/10\n\nsim slot system is not that good for who changes sim frequently  ...chances are there to damage the slot others thing are good", 
            "title": "Loved it :)", 
            "certBuyer": true
        }
    ], 
    [
        {
            "rating": 5, 
            "helpful": 17, 
            "author": "Flipkart sunny", 
            "text": "HTC brand not comparison\nPros\nHTC desire 630\n. display colour good because S-LCD.\n.look5/5\n.earphone5/5.\n.themes5/5\n.specification5/5\n.snapdragon5/5\n.App size5/5\n.camra4/5\n.\nCons..\nBattery not 3000mah.\n.slow charging.\n. difficult seen display outdoor in sunlight\n.audio speaker too low listioning song\n.not gorilla glass\nNot LED for charging,incoming call,notification.\n. flash light effect the eyes \n.it's not flash in all brand it's like that torch please change as compare to NOKIA N73", 
            "title": "Super!", 
            "certBuyer": false
        }
    ], 
    [
        {
            "rating": 4, 
            "helpful": 7, 
            "author": "Elumalai J", 
            "text": "Good", 
            "title": "Delightful", 
            "certBuyer": true
        }
    ], 
    [
        {
            "rating": 5, 
            "helpful": 4, 
            "author": "charan o.s", 
            "text": "Superb", 
            "title": "Terrific", 
            "certBuyer": false
        }
    ], 
    [
        {
            "rating": 1, 
            "helpful": 20, 
            "author": "Flipkart Customer", 
            "text": "Excellent", 
            "title": "Nice", 
            "certBuyer": false
        }
    ], 
    [
        {
            "rating": 5, 
            "helpful": 17, 
            "author": "Dhivakar S", 
            "text": "Absolutely loved it.... HTC is the best and feels premium. \nBttr than cheap quality Samsung and Redmi. Go for it i m using it from last two days excellent phone with no lags, no heating. Battery is good last a day.\nPros:\n\n*Camera  Was 13\"MegaPixels But Flipkart Description Mention about Only 8\"Megapixels.So dont panic.\n\nHats Off HTC.!!!!!!!!!!!", 
            "title": "Amazing Mobile Best Made HTC..", 
            "certBuyer": true
        }
    ], 
    [
        {
            "rating": 1, 
            "helpful": 3, 
            "author": "H.Rajesh Babu", 
            "text": "Worst in battery power", 
            "title": "Horrible", 
            "certBuyer": false
        }
    ], 
    [
        {
            "rating": 5, 
            "helpful": 3, 
            "author": "Bhaskar Bhakta", 
            "text": "Awesome product thank you so much greatttt.....", 
            "title": "Simply awesome", 
            "certBuyer": true
        }
    ], 
    [
        {
            "rating": 3, 
            "helpful": 7, 
            "author": "Swetha", 
            "text": "PRIMARY CAMERA 8 MP OR 16 MP", 
            "title": "DOUBT ON CAMERA", 
            "certBuyer": false
        }
    ], 
    [
        {
            "rating": 4, 
            "helpful": 4, 
            "author": "Flipkart Customer", 
            "text": "Htc desire 630....   Its handy nd good.  I am using this phone past 20 Days.  \nQuality is good. \nProcessor is much faster \nCamera is good both rear nd front\nBattery is only 2200 MAH so we get only one day.  Back up is not up to the mark. \nDisplay is not good under sunlight\nMobile speaker is very low volume.\nBut headset is simply superb and clear. \nMobile do not have stereo speaker.  \nDownloading nd net is very fast", 
            "title": "Good quality product", 
            "certBuyer": false
        }
    ], 
    [
        {
            "rating": 4, 
            "helpful": 4, 
            "author": "Tusar  Samai ", 
            "text": "Both front & back camera works really good. Overall good mixed  package.", 
            "title": "Nice product", 
            "certBuyer": true
        }
    ], 
    [
        {
            "rating": 5, 
            "helpful": 2, 
            "author": "rohit  singh", 
            "text": "Best phone on this price in all segment. ..", 
            "title": "Worth every penny", 
            "certBuyer": true
        }
    ], 
    [
        {
            "rating": 3, 
            "helpful": 2, 
            "author": "Anamika Singh", 
            "text": "usb not support", 
            "title": "Good but nothing fancy", 
            "certBuyer": false
        }
    ], 
    [
        {
            "rating": 5, 
            "helpful": 5, 
            "author": "siddhartha sarkar", 
            "text": "it is an awesom product from htc.great ui,sense 7,great camera specially rear,amazing boomsound with a good ear phone.it has mind blowing performance.it has stylish look,and light weight just 140 grams.Flipkart has wrongly written 8mp rear camera,actually it is 13 mp rear camera.", 
            "title": "Nice product", 
            "certBuyer": false
        }
    ], 
    [
        {
            "rating": 5, 
            "helpful": 4, 
            "author": "Flipkart Customer", 
            "text": "Nice phone", 
            "title": "Mind-blowing purchase", 
            "certBuyer": false
        }
    ], 
    [
        {
            "rating": 2, 
            "helpful": 1, 
            "author": "Flipkart Customer", 
            "text": "otg not supported", 
            "title": "Slightly disappointed", 
            "certBuyer": false
        }
    ], 
    [
        {
            "rating": 5, 
            "helpful": 1, 
            "author": "ashok Babar", 
            "text": "The best budget phone.", 
            "title": "The best budget phone.", 
            "certBuyer": true
        }
    ], 
    [
        {
            "rating": 5, 
            "helpful": 1, 
            "author": "Raj Parekh", 
            "text": "Genuine product delivered.... Thanks flipkart...", 
            "title": "Just wow!", 
            "certBuyer": true
        }
    ], 
    [
        {
            "rating": 5, 
            "helpful": 0, 
            "author": "SAMIUL ISLAM", 
            "text": "Best at this price range. Brand always matters.", 
            "title": "Fabulous!", 
            "certBuyer": true
        }
    ], 
    [
        {
            "rating": 5, 
            "helpful": 0, 
            "author": "Sebastian Deep Sarkar", 
            "text": "Overall good phone", 
            "title": "Excellent", 
            "certBuyer": true
        }
    ], 
    [
        {
            "rating": 5, 
            "helpful": 1, 
            "author": "Mallikarjuna m", 
            "text": "Very good", 
            "title": "Must buy!", 
            "certBuyer": true
        }
    ], 
    [
        {
            "rating": 4, 
            "helpful": 0, 
            "author": "sibin  jos", 
            "text": "Am happy", 
            "title": "Good choice", 
            "certBuyer": true
        }
    ], 
    [
        {
            "rating": 5, 
            "helpful": 0, 
            "author": "Anirban Sarkar", 
            "text": "ok", 
            "title": "good", 
            "certBuyer": true
        }
    ], 
    [
        {
            "rating": 2, 
            "helpful": 7, 
            "author": "Gopinath R", 
            "text": "Just the brand rocks, not the spec's, just see all your wishes come true with rocking brand, superb spec's and less price (Lenovo K5 Vibe Note) I will surely be not disappointed\u263a Good luck guys?.", 
            "title": "Be sure to check with other brands", 
            "certBuyer": false
        }
    ], 
    [
        {
            "rating": 1, 
            "helpful": 1, 
            "author": "Puja  Singh", 
            "text": "No OTG support phone useless", 
            "title": "Absolute rubbish!", 
            "certBuyer": false
        }
    ], 
    [
        {
            "rating": 1, 
            "helpful": 1, 
            "author": "Flipkart sunny", 
            "text": "Pros\n.gorgeous design\n.earphone\n.not heating\n.themes\n.S-LCD\n.BUILD QUALITY\n.slim\n.dark display color\n.extra cover,guard,thread\n.5\"\nSo i give 5/5\n\nCONS.......\n.SLOW charging minimum full charge 2200mah  in 2HOUR\n.Display light effect the eyes too much like chinees led lights\n.Not gorrilla glass\n.vibration too much low\n.sound too much low\n.call speaker sound too garbadge bcs effect the ear \n.low quality using speaker\n.display brightness too much low out side in sun light\n.non removeable battery\n.not fm\n.not otg\n.no any led use for missed call,charging,low battery,notification\n.not back home key\n.the dock with option home,back,recent cover too much the size of display\n.low ppi\n.only hd\n.low mah\n.not dolby speaker\n.not easily remove back cover\n.not volte lte\n.indoor camra quality without flash so so\n.flash light effect eyes too much it is not soft\n.....I give as compare display function and price of moto g4+...1/5", 
            "title": "Very poor", 
            "certBuyer": false
        }
    ], 
    [
        {
            "rating": 5, 
            "helpful": 0, 
            "author": "SHAIKH HUSSAIN  SUFYAN", 
            "text": "It's a beautiful fone using it from almost one year no trouble. \nGood deal from Flipkart.\n\nThe only cons is doesn't have 4G VOLTE.\nThis feature could be enhanced.", 
            "title": "HTC Sparkle", 
            "certBuyer": true
        }
    ], 
    [
        {
            "rating": 5, 
            "helpful": 0, 
            "author": "Hardik Viradiya", 
            "text": "Very good product. Just arrived 3 days after the delivery date. No other issues.", 
            "title": "Brilliant", 
            "certBuyer": true
        }
    ], 
    [
        {
            "rating": 1, 
            "helpful": 0, 
            "author": "Flipkart Customer", 
            "text": "Camera waste", 
            "title": "Terrible product", 
            "certBuyer": true
        }
    ], 
    [
        {
            "rating": 5, 
            "helpful": 0, 
            "author": "Rajesh Patil", 
            "text": "Very Nice mobile. With two swap colour back cover from HTC for free. Must buy.", 
            "title": "Brilliant", 
            "certBuyer": true
        }
    ], 
    [
        {
            "rating": 3, 
            "helpful": 0, 
            "author": "nsp kumar", 
            "text": "Mobile is getting heated...", 
            "title": "Good", 
            "certBuyer": true
        }
    ], 
    [
        {
            "rating": 4, 
            "helpful": 0, 
            "author": "Flipkart Customer", 
            "text": "Good product", 
            "title": "Wonderful", 
            "certBuyer": true
        }
    ], 
    [
        {
            "rating": 1, 
            "helpful": 0, 
            "author": "Flipkart Customer", 
            "text": "Worst phone ever .... don't even think about buying the phone using the phone for only 7 months now,huge battery problem is persistent in the phone, have to charge the phone thrice  in a day..!!!!", 
            "title": "Absolute rubbish!", 
            "certBuyer": false
        }
    ], 
    [
        {
            "rating": 4, 
            "helpful": 0, 
            "author": "Sandeepan  Roy", 
            "text": "The only con it has that it doesnt connects to any Bluetooth speaker. Tried connecting with bose and logitech.", 
            "title": "Good choice", 
            "certBuyer": false
        }
    ], 
    [
        {
            "rating": 4, 
            "helpful": 0, 
            "author": "Flipkart Customer", 
            "text": "great", 
            "title": "Very Good", 
            "certBuyer": true
        }
    ], 
    [
        {
            "rating": 1, 
            "helpful": 0, 
            "author": "Flipkart Customer", 
            "text": "don't buy htc waste product", 
            "title": "Absolute rubbish!", 
            "certBuyer": false
        }
    ], 
    [
        {
            "rating": 5, 
            "helpful": 0, 
            "author": "Shailendra Khatri", 
            "text": "Poor phone", 
            "title": "Excellent", 
            "certBuyer": false
        }
    ], 
    [
        {
            "rating": 4, 
            "helpful": 0, 
            "author": "Namdev Kumbhar", 
            "text": "Good", 
            "title": "Value-for-money", 
            "certBuyer": true
        }
    ], 
    [
        {
            "rating": 5, 
            "helpful": 0, 
            "author": "Flipkart Customer", 
            "text": "Super product", 
            "title": "Super!", 
            "certBuyer": false
        }
    ], 
    [
        {
            "rating": 2, 
            "helpful": 0, 
            "author": "Flipkart Customer", 
            "text": "Not even one year.. heats up in all the time, battery backup 3hr, wifi, hotspot and Bluetooth stopped working", 
            "title": "Expected a better product", 
            "certBuyer": false
        }
    ], 
    [
        {
            "rating": 5, 
            "helpful": 0, 
            "author": "Bish Chakraborty ", 
            "text": "Great look,camera is very good but the battery backup is a bit low", 
            "title": "Terrific purchase", 
            "certBuyer": true
        }
    ], 
    [
        {
            "rating": 5, 
            "helpful": 0, 
            "author": "uma shankar  sahu", 
            "text": "Nice phone. And thanx for speed delivery", 
            "title": "Just wow!", 
            "certBuyer": true
        }
    ], 
    [
        {
            "rating": 5, 
            "helpful": 0, 
            "author": "Flipkart Customer", 
            "text": "Awesome.....", 
            "title": "Fabulous!", 
            "certBuyer": false
        }
    ], 
    [
        {
            "rating": 5, 
            "helpful": 0, 
            "author": "Flipkart Customer", 
            "text": "Brand is brand \nIam using this phne from 19th august 2016 awesome", 
            "title": "Excellent", 
            "certBuyer": false
        }
    ], 
    [
        {
            "rating": 5, 
            "helpful": 0, 
            "author": "Ratul Das", 
            "text": "Must buy....and  100% happy....best phone ever", 
            "title": "Just wow!", 
            "certBuyer": true
        }
    ], 
    [
        {
            "rating": 5, 
            "helpful": 0, 
            "author": "Flipkart Customer", 
            "text": "awsome phone .. i am using thise phone from 26/08/2016 ,..", 
            "title": "Great product", 
            "certBuyer": false
        }
    ], 
    [
        {
            "rating": 5, 
            "helpful": 0, 
            "author": "Flipkart Customer", 
            "text": "Good mobile worth", 
            "title": "Terrific", 
            "certBuyer": false
        }
    ], 
    [
        {
            "rating": 5, 
            "helpful": 0, 
            "author": "Kumar raj", 
            "text": "Super", 
            "title": "Worth every penny", 
            "certBuyer": false
        }
    ], 
    [
        {
            "rating": 3, 
            "helpful": 0, 
            "author": "Flipkart Customer", 
            "text": "Battery backup is not good.", 
            "title": "Decent product", 
            "certBuyer": false
        }
    ], 
    [
        {
            "rating": 2, 
            "helpful": 0, 
            "author": "lakshmanadoss", 
            "text": "charge percentage low", 
            "title": "cell over heat", 
            "certBuyer": true
        }
    ], 
    [
        {
            "rating": 5, 
            "helpful": 0, 
            "author": "SWARUP NAYEK", 
            "text": "One of the best and comfortable model of HTC", 
            "title": "Awesome", 
            "certBuyer": false
        }
    ], 
    [
        {
            "rating": 5, 
            "helpful": 4, 
            "author": "rahul sahu", 
            "text": "Flipkart take 10days to deliver \nBut when it comes package is well packed nd product is gud\nThank flipkart they give 10% additional discount from axis Bank payment\nHtc superb they gives two backcover of mobiles...Nd mobile looks superb camera quality super\nBattery good\nSuperb in Carry compact size", 
            "title": "Awesome", 
            "certBuyer": true
        }
    ], 
    [
        {
            "rating": 1, 
            "helpful": 2, 
            "author": "Flipkart Customer", 
            "text": "Just damp. No help from flipkart. Just last option is to visit consumer court & I will go there.", 
            "title": "Biggest mistake of my life!", 
            "certBuyer": true
        }
    ], 
    [
        {
            "rating": 5, 
            "helpful": 2, 
            "author": "Flipkart Customer", 
            "text": "Thanks flip cart", 
            "title": "Brilliant", 
            "certBuyer": true
        }
    ], 
    [
        {
            "rating": 1, 
            "helpful": 1, 
            "author": "Flipkart Customer", 
            "text": "One of the worst online app", 
            "title": "Useless product", 
            "certBuyer": false
        }
    ], 
    [
        {
            "rating": 3, 
            "helpful": 0, 
            "author": "Sneha Basu", 
            "text": "The specification of this product's rear camera is 8mp. But in reality it's rear camera is 13mp. Please change the mistake..", 
            "title": "Wrong specifications", 
            "certBuyer": false
        }
    ], 
    [
        {
            "rating": 1, 
            "helpful": 24, 
            "author": "Flipkart Customer", 
            "text": "Wrong information about this product . Shame on u flipkart  . About the camera specifications it's not 8 mp front camera it's 13 megapixel", 
            "title": "Horrible", 
            "certBuyer": false
        }
    ], 
    [
        {
            "rating": 5, 
            "helpful": 1, 
            "author": "Flipkart Customer", 
            "text": "High price", 
            "title": "High price", 
            "certBuyer": false
        }
    ]
]