[
    [
        {
            "rating": 5, 
            "helpful": 155, 
            "author": "Flipkart Customer", 
            "text": "amazing phone very nice to use best in class all aspects", 
            "title": "Really Nice", 
            "certBuyer": true
        }
    ], 
    [
        {
            "rating": 5, 
            "helpful": 151, 
            "author": "Flipkart Customer", 
            "text": "Awesome phone. Love HTC phones, 5th HTC phone. Thank you flipkart for the Solar Red color and dicount", 
            "title": "Mind-blowing purchase", 
            "certBuyer": true
        }
    ], 
    [
        {
            "rating": 5, 
            "helpful": 753, 
            "author": "NIPUN KUMAR", 
            "text": "MY FIRST HTC PHONE and EXPERIENCE IS JUST AMAZING AFTER OWNING SAMSUNG AND IPHONE , IPHONE IS IN DIFFERENT LEAGUE BUT FOR ANDROID ECOSYSTEM .THIS IS THE PHONE .SMOOTH NO BLOATWARE CAMERA IS AWESOME. NO HEATING ISSUES .AMAZING BUY JUST GO FOR IT.", 
            "title": "MUST BUY", 
            "certBuyer": true
        }
    ], 
    [
        {
            "rating": 5, 
            "helpful": 7, 
            "author": "Arun Nadig", 
            "text": "Best mobile you can buy for 45k price range. I got this on the big billion day sale. \n\nSolar Red looks stunning.\n\nPros:\n1. Awesome Battery life.\n2. Excellent Speaker Sound output.\n3. One of the Best camera in the market as of now.\n4. Good display with decent brightness levels for outdoor use.\n5. Clean and neat look. Best looking rear glass panel.\n6. Clean software interface.\n7. Best performance out of the recently launched android devices. No lag till today and no issue with multitasking.\n8. Superb sound quality through usonic headphones and even via adaptor.\n9. Ample Ram and Memory for user. No need to worry for next couple of years.\n10. One of the Best after sales service. My earphone was faulty out of the box. The same was replace within 5 min by Bangalore service center. Kudos htc......\n\nNow the negatives:\n\n1. No 3.5mm headphone jack. Yes they provide an adaptor but its again an additional aaccessories and a proprietary one. If you loose it be ready to shell out additional 2k.\n2. For a 5.5 inch screen it feels big.\n3. Amoled screen would have been excellent.\n\nGuys if you get any offer for 45k or less just go for it......", 
            "title": "Must buy!", 
            "certBuyer": true
        }
    ], 
    [
        {
            "rating": 5, 
            "helpful": 8, 
            "author": "Nihal Dua", 
            "text": "Everything about this phone is excellent whether it is camera or sound or battery . Looks and quality are top notch  . Has unique features like edge sense ,noise cancellation  earphones , 4K recording and 3D audio recording.... Go for it guys", 
            "title": "Wonderful", 
            "certBuyer": true
        }
    ], 
    [
        {
            "rating": 5, 
            "helpful": 10, 
            "author": "Megha  Puri", 
            "text": "Great product... as per looks and features both... I'm very happy to have this product....", 
            "title": "Super!", 
            "certBuyer": true
        }
    ], 
    [
        {
            "rating": 5, 
            "helpful": 18, 
            "author": "Santhosh Dinakar", 
            "text": "I am a gadget freak and read lots of reviews before buying a product. I like to experiment by choosing an underrated or unknown phones in the market.\n\nI have an IPhone 7 Plus and I bought this for my wife after rigorous research.\n\nThis is arguably one of the best performing smartphones in the premium segment of 2017.\n\nI compared it with my IPhone 7 Plus and it performs flawlessly. It can be called as the IPhone of the Androids.\n\nPros:\nGood display yet not as contrast as the galaxy series but still a very good one which offers 2k resolution\nExcellent audio via the earphone along with decent pair of speakers. This is one of the best in this category in the Android ecosystem.\nGreat rear facing camera next to the IPhone 8/X. On par or even better than IPhone 7 Plus and Glaxy S8s/Note.\nVery good battery life. Easily lasts a day with heavy usage. I didnt expect the battery to perform this well when compared to its capacity.\nExceptional performance with good RAM utilisation\nGood fast charging feature. It charges very quick for the first 15 mins or so and gradually reduces the speed. A 15 minute charge could give around 30% charge.\nAt last an IP67 water resistant phone from HTC. This was one of the vital factor in choosing this mobile.\nSpecs are top notch and can be compared to the likes of any flagships of 2017\nComes with 6 GB with 128 GB ram which is a rarity in a premium flagship\n\nCons:\nThough the design is eye catchy at the rear. Its Fragile and attracts finger print as it is made of glass.\nFront camera is average and performs poor in low light condtions\nBezels are huge and looks outdated for 2017 where every manufacturer is increasing the screen to body ratio and the focus is more towards producing a 18:9 ratio\nDidnt find a proper screen protector or tempered glass for this model\nHTC phones usually have poor service centres, so please be wary of the available service centres in your area\nNo 3.5 mm headphone jack. This could be a deal breaker for some but it doesnt impact me.\nResale value could be poor\nHTC Edge Sense is yet to mature and may not be useful as it describes but nevertheless it is a welcome feature\n\n\nConclusion:\nOverall its a solid device if your budget can afford and willing to buy this underrated phone of the year 2017. The pros overweighs the cons and its a beautiful phone which does most of the things exceeding well when compared to other Android phones. I personally think Solar Red could be an interesting colour. However I chose blue and it is decent as well.\n\nI got this for a good price during the big billion sale. A good alternative to One Plus 5 (cheaper alternative) or Samsung Galaxy S8 plus/Note 8 (premium price band) based on your preference.", 
            "title": "Underrated Android Beast of 2017", 
            "certBuyer": true
        }
    ], 
    [
        {
            "rating": 5, 
            "helpful": 4, 
            "author": "Ashutosh Asish", 
            "text": "JUST GO FOR IT....AND YOU WILL LOVE IT. EXTERNAL SPEAKER IS AWESOME....SOUND QUALITY IN EARPHONE IS UNMATCHED, CAMERA IS ALSO SUPERB FOR CELLPHONE PHOTOGRAPHY...SELFIE LOVER WILL LOVE THIS PHONE.. DESIGN WISE ITS GOOD SPECIALLY FROM BACK, MINE IS SEPHIRE BLUE. IT LOOKS STEALER FROM EVERY ANGLE. I SWITCHED FROM SAMSUNG AND I AM VERY HAPPY WITH THIS DEVICE..", 
            "title": "Fabulous!", 
            "certBuyer": true
        }
    ], 
    [
        {
            "rating": 5, 
            "helpful": 4, 
            "author": "JAKADHESHAN  SJ", 
            "text": "Super power smart phone best of the best", 
            "title": "Terrific purchase", 
            "certBuyer": true
        }
    ], 
    [
        {
            "rating": 5, 
            "helpful": 8, 
            "author": "Tushar  Chauhan", 
            "text": "Awesome phone. HTC U11 is a beast and is one of the best smartphone of 2017. Camera is awesome better then iphone 7plus and samsung s8.But delievery from flipkart was not satisfactory, pathetic service", 
            "title": "Just wow!", 
            "certBuyer": true
        }
    ], 
    [
        {
            "rating": 4, 
            "helpful": 3, 
            "author": "Avani Reddy", 
            "text": "Display has a reddish tint and the area above the fingerprint gets a little hot while playing games. The rest is great.", 
            "title": "Good", 
            "certBuyer": true
        }
    ], 
    [
        {
            "rating": 5, 
            "helpful": 3, 
            "author": "Sucharita  Basu Mullick ", 
            "text": "Good specification mobile.compare to s8 of Samsung. Full satisfaction of both quality and price.", 
            "title": "Best in the market!", 
            "certBuyer": true
        }
    ], 
    [
        {
            "rating": 5, 
            "helpful": 3, 
            "author": "YASHWANTH K B", 
            "text": "Very very very unique mobile... It's a masterpiece... Love it so much Thank you Htc thank you flipkart...", 
            "title": "Terrific purchase", 
            "certBuyer": true
        }
    ], 
    [
        {
            "rating": 1, 
            "helpful": 47, 
            "author": "sai raj kiran", 
            "text": "I like this Device. It performed very well for first 6 days from date of purchase. 7th day all of sudden it hanged. And for one and half days it didn't get started . i tried multiple times to restart the device.But no use\nEnd of 8 th day i restarted and it worked. Raised to  replace the device. Flipkart rejected because it's started working again.\n\nPlease buy this Device. But NOT in FLIPKART. I will NEVER advice anyone to but MOBILES in Flipkart", 
            "title": "Very poor", 
            "certBuyer": true
        }
    ], 
    [
        {
            "rating": 5, 
            "helpful": 6, 
            "author": "Pramod  Chippalakatti ", 
            "text": "Superb mobile phone best phone I ever used earlier I had used iPhone and even LG , Samsung phones but this one from HTC is truly amazing phone just any one wanted to buy this go for it . Camera is awesome it's more natural than Samsung's s8 and last but not least the audio from earphones and sound from speaker is just toooo good and the back looks awesome just feels like holding crystal in my hand", 
            "title": "Brilliant", 
            "certBuyer": true
        }
    ], 
    [
        {
            "rating": 3, 
            "helpful": 8, 
            "author": "Flipkart Customer", 
            "text": "Not happy with battery", 
            "title": "Fair", 
            "certBuyer": true
        }
    ], 
    [
        {
            "rating": 5, 
            "helpful": 9, 
            "author": "Anujith C Ambadi", 
            "text": "Phone is fantastic and simply amazing.\n\n1. Display is fantastic, and screen is so smooth and fluid to touch to use it is a great experience.\n2.  No headphone jack, but the sound that come out of both built in speaker and through the USB c-type port with the headphone htc provided are arguably the best in class\n3. Camera is absolutely fantastic, both front and rear. \n4. Phone looks very very cool, and premium, build quality is also fantastic. But since it's made up of glass on both sides a heavy fall may shatter the phone, so use it with care or with a spigen back cover and a tempered glass( I haven't been able to find anything good so far)\n5. Finger print sensor works flawlessly.\n6. No Alexa yet for Indian version but hoping to get it soon.\n7. Edge sense works very well, but I haven't found much use for it so far, but I guess squeezing your phone and doing something will come as an acquired taste and will take some time for my reflexes to adjust. \n8. Phone is blazing fast and fluid, UI is very close to stock, at the moment its one of the fastest phone in the world.\n\nI got it for 43.5k in sale, for that price this is the the best phone in the world.\n\nI will update the review, as I use the phone for more time.", 
            "title": "Fantastic", 
            "certBuyer": true
        }
    ], 
    [
        {
            "rating": 5, 
            "helpful": 4, 
            "author": "Neeraj Rakholia", 
            "text": "As always htc delivers a masterpiece and flipkart is awesome to have provided a quality service awesome product loved it", 
            "title": "Must buy!", 
            "certBuyer": true
        }
    ], 
    [
        {
            "rating": 1, 
            "helpful": 8, 
            "author": "srini vasan", 
            "text": "Very bad Response", 
            "title": "Worst experience ever!", 
            "certBuyer": true
        }
    ], 
    [
        {
            "rating": 5, 
            "helpful": 2, 
            "author": "Naveen Kumar  Moola", 
            "text": "Liked htc U 11, having a great experience using it. Its fast.", 
            "title": "Cool", 
            "certBuyer": true
        }
    ], 
    [
        {
            "rating": 5, 
            "helpful": 2, 
            "author": "Dr Aftab Singh CHOHAN", 
            "text": "This is gonna be a step by step review of my brand new Sapphire Blue U11 that I got today on 7th Jan 2018.\nFrom looks and feel and initial performance, everything seems as they've said in YouTube... Perfecto.\n\nSo today I'd like to take some time to post about Flipkart and their amazing service.\n\nOrdered on 3rd Jan and got the mobile in my hands ok no a border district of Punjab within 36 hours flat.\n\nU11 had a defect... Called them... They agreed to replace it without a problem. Extremely kind person on the other end of the phone.\n\nAnd today by 7th morning they provided me with the replacement.\nAnd my experience with Flipkart has been like this always.\n\nThanks Flipkart.\n\nReview of the phone on 14th Jan.\nCheers\n\nUpdate, 19th Jan 2018:-\n\n1. Build quality is premium. Looks as delightful as seen on YouTube videos.\n\n2. Signal strength and Call quality : very good. No call drops at all. My SIM 1 is Jio and 2 is Airtel and both work perfectly at all places.\n\n3. Speakers:- What can I say, Never experienced such amazing sound quality. For both listening to music and during call, they are loud, clear and RICH.\n\n4. Headphones:- I prefer using hTC ones over my bOAT rockerz.\n\n5. Battery Life:-  Amazingly optimised phone. Even on a 3000mAH battery, it gives me over 6 hours of SOT on very heavy usage.\nOn my first charge,from 100 to 1%, it gave a SOT of 8 hours and 01 minutes which included over 2 hours of YouTube without earphones, almost 1.5 hours of calling over speaker phone and using Instagram Twitter Facebook etc all day long.\nPlease NOTE that I don't play any games.\n\n6.  Standby battery drain:- Something that plagued my LGG6 a lot.\nHappy to report that from 11 at night to 7 morning, if the WiFi and data are off, battery fall is 3-4 % only.\n\n7.  Heating:-  None whatsoever.  But again do NOTE that I don't play any games.\n\n8.  Performance:-  I had a OnePlus 5 and a LGG6 before this. It's much much better than G6 for sure.\nBut on smoothness of the OS, I don't think anything can beat a OnePlus device. But it's very close.\nAlso, hTC mobiles age very well like OnePlus devices.\n\n9.  Camera:-  This is where Flagship Killers like OP5t and Honor View10 fall way behind TRUE flagship phones like U11, S8 and Pixels etc.\nTruly wonderful camera. Brilliant at night and low light conditions.\nMy friend has V30 and that has atrocious camera(especially front camera) during low light conditions.\n\n10. HTC has already replied to me over Twitter,on 17th January, that they are working very hard on the Oreo update for the U11 in India (every country gets phones with different bands and kernel version) and it has few glitches but will be ready very soon.\n( I would've wanted it before January too like they have  given in other countries but I also don't want them to give out an unfinished product and make users suffer like Xiaomi did with MiA1. ) Better late than Sorry.\n\nP.S. -\nI've compared it to G6 and V30 at various points only because they are sold at similar prices in India (V30) and I owned G6 for 3 whole weeks (terrible 3 weeks).\n\nOnly CON I can think off is not having 18:9 display.\nBut I personally prefer 16:9 display as I hate onscreen navigation buttons and fingerprint sensor at the back.\n\nBut I think general consensus is that everyone wants 18:9, so there is that.\n\nNext update will at 1 month time and will only have any Problems or glitches that I might face. None till now though.\n\nCheers.", 
            "title": "Brilliant", 
            "certBuyer": true
        }
    ], 
    [
        {
            "rating": 5, 
            "helpful": 2, 
            "author": "Joel Joseph", 
            "text": "Its a thing of beauty with slick performance, an amazing camera and super display. I am a proud owner of a sapphire blue version...", 
            "title": "Gorgeous and stunning phone", 
            "certBuyer": true
        }
    ], 
    [
        {
            "rating": 4, 
            "helpful": 2, 
            "author": "Harsha Marihal", 
            "text": "It's a good phone.. front camera not that great..", 
            "title": "Good choice", 
            "certBuyer": true
        }
    ], 
    [
        {
            "rating": 5, 
            "helpful": 2, 
            "author": "Amjitha Aradaman", 
            "text": "Awesome, mind blowing product.", 
            "title": "Brilliant", 
            "certBuyer": true
        }
    ], 
    [
        {
            "rating": 5, 
            "helpful": 2, 
            "author": "navya ", 
            "text": "Loved it!! Best HTC phone", 
            "title": "Solar red", 
            "certBuyer": true
        }
    ], 
    [
        {
            "rating": 5, 
            "helpful": 2, 
            "author": "Flipkart Customer", 
            "text": "Really beautiful phone   camera is really really amazing. super fast mobile performance. excellent battery life. totally Mobile amazing.  i am really Happy  HTC U11.thanks", 
            "title": "Just wow!", 
            "certBuyer": true
        }
    ], 
    [
        {
            "rating": 5, 
            "helpful": 2, 
            "author": "Sunil Kumar Kuruvadi", 
            "text": "It's an amazing fantastic Phone. I love HTC and this is second HTC Phone", 
            "title": "Worth every penny", 
            "certBuyer": true
        }
    ], 
    [
        {
            "rating": 5, 
            "helpful": 2, 
            "author": "Sanket Patil", 
            "text": "Number 1 Mobile in 2017.HTC U11 is a beast in everything like Camera,Battery,Screen,Design,Audio and Software.This mobile truly fulfilled my desires of a smartphone.", 
            "title": "Awesome", 
            "certBuyer": true
        }
    ], 
    [
        {
            "rating": 4, 
            "helpful": 2, 
            "author": "Nadeem Mansoor", 
            "text": "so far it has been a great experience... not doubt the design stands tall but another few months usags will give much more clarity", 
            "title": "Really Nice", 
            "certBuyer": true
        }
    ], 
    [
        {
            "rating": 5, 
            "helpful": 3, 
            "author": "Niraj Pokhrel", 
            "text": "Amazing phone, smooth performance and stock Android. Only issue till now is that they have not given Oreo update yet. Build Quality and Software experience is as good as owning a pixel phone.", 
            "title": "Worth every penny", 
            "certBuyer": true
        }
    ], 
    [
        {
            "rating": 5, 
            "helpful": 3, 
            "author": "rsubbu", 
            "text": "Simply gorgeous in Red! Very fast even with lots of apps opened, has lots of storage built in and SD card support. Fingerprint reader is very quick, camera is fast and good. Battery life is above adequate and charges very fast. Audio through speakers is very good. Unfortunately it has no 3.5mm audio jack, but in the box this phone has an excellent sounding USB headset with noise cancellation and good volume levels. Squeeze feature is handy for torch/camera shortcuts. Cellphone reception and call quality are fine. It's looks like it will be extremely difficult to get accessories for this phone. It's unclear how to get spare USB C to 3.5mm dongles etc in India, can't find them listed anywhere. The theme support is very limited.", 
            "title": "Simply awesome", 
            "certBuyer": true
        }
    ], 
    [
        {
            "rating": 5, 
            "helpful": 2, 
            "author": "Amarjyot Singh Nagi", 
            "text": "Ive been using htc for over 8 years and this is my 3rd htc phone and no doubt this is the best phone range wise and quality wise ... Moreover people buying this phone for camera no doubtedly buy this phone ...", 
            "title": "Wonderful", 
            "certBuyer": true
        }
    ], 
    [
        {
            "rating": 5, 
            "helpful": 2, 
            "author": "Nikesh", 
            "text": "This is an ultimate phone. Just amazingly fast , excellent camera, bountiful memory and a very good resolution screen. Truly a flagship phone. \n\nOnly thing, some issue with USB C to 3.5 mm audio jack adapter which is resolvable though.", 
            "title": "Must buy!", 
            "certBuyer": true
        }
    ], 
    [
        {
            "rating": 5, 
            "helpful": 1, 
            "author": "Joydeep Dutta", 
            "text": "Quite satisfied with the size and weight .. easy to hold .. hope they provide the Android 8\nupdate soon. Good to find the back cover and converter cable for 3.5 mm headphone jack, inside the box.", 
            "title": "Great product", 
            "certBuyer": true
        }
    ], 
    [
        {
            "rating": 5, 
            "helpful": 1, 
            "author": "hemant  patidar", 
            "text": "I never seen any phone running so smooth n flawless it is amazing", 
            "title": "Awesome", 
            "certBuyer": true
        }
    ], 
    [
        {
            "rating": 4, 
            "helpful": 0, 
            "author": "vinit nair", 
            "text": "This is the perfect pixel 2 replacement! Except for the portrait mode.", 
            "title": "Pretty good", 
            "certBuyer": true
        }
    ], 
    [
        {
            "rating": 5, 
            "helpful": 0, 
            "author": "somnath mastud", 
            "text": "Superb mobile, htc lover must think about it", 
            "title": "Perfect product!", 
            "certBuyer": true
        }
    ], 
    [
        {
            "rating": 5, 
            "helpful": 0, 
            "author": "Flipkart Customer", 
            "text": "Amazing Phone with Camera &amp; Sound quality...", 
            "title": "Great product", 
            "certBuyer": true
        }
    ], 
    [
        {
            "rating": 5, 
            "helpful": 1, 
            "author": "Flipkart Customer", 
            "text": "Awesome phone..using it since last 3 months without any problems..only battery could be little better..Otherwise grt all-round Performence", 
            "title": "Fabulous!", 
            "certBuyer": true
        }
    ], 
    [
        {
            "rating": 5, 
            "helpful": 1, 
            "author": "Flipkart Customer", 
            "text": "Amazing phone to have. I just loved it", 
            "title": "Best in the market!", 
            "certBuyer": true
        }
    ], 
    [
        {
            "rating": 5, 
            "helpful": 1, 
            "author": "Abhay Raj Jain", 
            "text": "Buying experience: Good\nPrice: Reasonable\nFeatures: Good\nLook: Good\nUSP: Squeeze senser\nHTC customer care: Poor", 
            "title": "Good Product with Poor Customer Care", 
            "certBuyer": true
        }
    ], 
    [
        {
            "rating": 5, 
            "helpful": 1, 
            "author": "Flipkart Customer", 
            "text": "amazing mobile", 
            "title": "Brilliant", 
            "certBuyer": true
        }
    ], 
    [
        {
            "rating": 5, 
            "helpful": 1, 
            "author": "Purusottam Naik", 
            "text": "Best phone", 
            "title": "Classy product", 
            "certBuyer": true
        }
    ], 
    [
        {
            "rating": 5, 
            "helpful": 1, 
            "author": "Flipkart Customer", 
            "text": "Great product and great deal...Thanks  flipkart.", 
            "title": "Super!", 
            "certBuyer": true
        }
    ], 
    [
        {
            "rating": 5, 
            "helpful": 1, 
            "author": "Senthil Kumar", 
            "text": "Absolute purchase... Go for it without any hesitation... \u270c\ud83d\udc4d\u270a\ud83d\udc4a\ud83d\udc4c\ud83e\udd18\ud83d\udd96", 
            "title": "Highly recommended", 
            "certBuyer": true
        }
    ], 
    [
        {
            "rating": 4, 
            "helpful": 1, 
            "author": "Flipkart Customer", 
            "text": "Only battery is not staying for a day, but otherwise good", 
            "title": "Good quality product", 
            "certBuyer": true
        }
    ], 
    [
        {
            "rating": 5, 
            "helpful": 1, 
            "author": "Flipkart Customer", 
            "text": "Awsome", 
            "title": "Must buy!", 
            "certBuyer": true
        }
    ], 
    [
        {
            "rating": 5, 
            "helpful": 1, 
            "author": "Pramod R", 
            "text": "Delivered original product before delivery date. Thank you.", 
            "title": "Excellent", 
            "certBuyer": true
        }
    ], 
    [
        {
            "rating": 5, 
            "helpful": 1, 
            "author": "Dhawal Doshi", 
            "text": "super duper service by flipkart", 
            "title": "Worth every penny", 
            "certBuyer": true
        }
    ], 
    [
        {
            "rating": 5, 
            "helpful": 1, 
            "author": "kongu Raajaa", 
            "text": "Good product,smooth and silky. Love the way it reflects light. Good flagship by HTC", 
            "title": "Best in the market!", 
            "certBuyer": true
        }
    ], 
    [
        {
            "rating": 5, 
            "helpful": 1, 
            "author": "Karthik Kumar", 
            "text": "It's a beast... Go for it", 
            "title": "Terrific purchase", 
            "certBuyer": true
        }
    ], 
    [
        {
            "rating": 5, 
            "helpful": 1, 
            "author": "Steven Star Israel", 
            "text": "Beauty and The Beast.", 
            "title": "Awesome", 
            "certBuyer": true
        }
    ], 
    [
        {
            "rating": 5, 
            "helpful": 1, 
            "author": "Flipkart Customer", 
            "text": "bought htc u11 in solar red on big billion sale, perfect overall package from htc really liked everything about u11.... thnx htc n flipkart", 
            "title": "Awesome", 
            "certBuyer": true
        }
    ], 
    [
        {
            "rating": 5, 
            "helpful": 1, 
            "author": "Anoop Kumar", 
            "text": "Very Good phone with Very Good Camera,", 
            "title": "Perfect product!", 
            "certBuyer": true
        }
    ], 
    [
        {
            "rating": 5, 
            "helpful": 0, 
            "author": "Ashish Vishwakarma", 
            "text": "it is good and sturdy phone... really liked the built quality. not able to find accessories like tempered glass and covers easily", 
            "title": "Fabulous!", 
            "certBuyer": true
        }
    ], 
    [
        {
            "rating": 5, 
            "helpful": 0, 
            "author": "Bala Kishore A- Flipkart Customer", 
            "text": "Worth for Every Penny in terms of Music, Camera , Performance, Battery , Display and Design. \n\nJust, Go for it !!", 
            "title": "Just choose it ,Excellent !!", 
            "certBuyer": true
        }
    ], 
    [
        {
            "rating": 5, 
            "helpful": 1, 
            "author": "Dr.Rama Prasad Sahoo", 
            "text": "One of the best camera.easy to operate. High quality video. Exceptional sound. Simple &amp; elegant design.ample storage. I don't know why people are going for Samsung or iPhone at comparable price", 
            "title": "Excellent phone", 
            "certBuyer": true
        }
    ], 
    [
        {
            "rating": 5, 
            "helpful": 0, 
            "author": "sahil", 
            "text": "Phenomenal phone to say the least. And this colour is a headturner.. Close to a flawless top end phone with a good discounted price on flipkart!", 
            "title": "Brilliant", 
            "certBuyer": true
        }
    ], 
    [
        {
            "rating": 5, 
            "helpful": 1, 
            "author": "Vasanth M", 
            "text": "Value for money\n\nI got this phone during Flipkart Sale for 43000/- The best phone with latest 835 processor , Bette than one plus 5, Good battery life , 6gb Ram and 128 gb memory is too good, camera is best of best , pics are better than professional camera , Headsets are the best of best with Sonic boom sound, quick charge is way better than OnePlus 5 and no heating problem, the Solar red colour and it's reflection is out of the world, In nut shell 43K is a KILL to buy HTC 11 and aviod OnePlus 5 .", 
            "title": "Brilliant", 
            "certBuyer": true
        }
    ], 
    [
        {
            "rating": 5, 
            "helpful": 1, 
            "author": "Kshitiz Gautam", 
            "text": "Better than any flagship phone right now in the market.", 
            "title": "Brilliant", 
            "certBuyer": true
        }
    ], 
    [
        {
            "rating": 5, 
            "helpful": 1, 
            "author": "Prabu Trs", 
            "text": "Best mobile for the price with lots of features best camera...", 
            "title": "Perfect product!", 
            "certBuyer": true
        }
    ], 
    [
        {
            "rating": 5, 
            "helpful": 0, 
            "author": "Sisir Biswas", 
            "text": "Awesome camera, very good display and quite good battery life, a bit costly but worth every penny.", 
            "title": "Terrific purchase", 
            "certBuyer": true
        }
    ], 
    [
        {
            "rating": 5, 
            "helpful": 1, 
            "author": "Sandeep  Kumar", 
            "text": "It was a great experience with flipkart.. the device is amaging .... hope in future aldo I will be getting great deal from flipkart.  Thanks a lot...", 
            "title": "Awesome", 
            "certBuyer": true
        }
    ], 
    [
        {
            "rating": 5, 
            "helpful": 1, 
            "author": "ANCHE BHANU THEJA", 
            "text": "Thanks to flipkart I have been looking for offers on this mobile and my dreams has came true by flipkart big billion days I am a huge fan of Htc mobiles this mobile is a very good mobile with all latest features loaded.", 
            "title": "Just wow!", 
            "certBuyer": true
        }
    ], 
    [
        {
            "rating": 5, 
            "helpful": 0, 
            "author": "Flipkart Customer", 
            "text": "Perfect phone for me", 
            "title": "Wonderful", 
            "certBuyer": true
        }
    ], 
    [
        {
            "rating": 5, 
            "helpful": 3, 
            "author": "Sridhar Parimi", 
            "text": "The back side panel of the phone is something I have never seen for a phone earlier. I ordered a solar red phone and the shiny red is truly amazing. It is definitely scratch prone but at the same time it is definitely a first for a phone.  The camera is excellent as well especially for the price point of around Rs. 45000. However the camera department has a few less software features than Samsung. You will need to download third party apps for that. People are complaining that this phone has large bezels. But I had a bad experience with Samsung S7 edge where I had difficulty holding the phone while watching movies and also the screen quickly damaged due to narrow bezels. The sense UI is a little outdated. I hope HTC releases a new version of Sense very soon. The dual speakers has immersive sound experience. I felt this was a big omission  in my earlier phones Samsung S7 edge and iPhone 6s Plus. While in one way it is a minus for not having a 3.5 millimetre headphone jack, the DAC which comes along with the earphone has excellent excellent sound quality. If HTC has spent money marketing this phone I can guarantee that the sales will give the Samsung S8 a Run for the money. I see that there is a further price drop. I don't see any other phone comes this close for this price apart from LG V30.", 
            "title": "Highly recommended", 
            "certBuyer": true
        }
    ], 
    [
        {
            "rating": 4, 
            "helpful": 3, 
            "author": "Soumyadeep Roy Chowdhury", 
            "text": "This is pretty much the last phone manufactured by HTC, as Google bought its smartphone business. Pixel 2 is HTC made as well but only secretly just like Pixel.\n\nAnyways, coming to this phone, feature wise it is among the best phones (Top 5 Android phone), but what I didn't like is the glass and ceramic finish, I have used a number of HTC phones, HTC Desires S, then HTC One X+ (the best phone I have ever used), and finally HTC One M8 (Crazy phone), then I shifted to iOS with iPhone 6S which I am still using.\n\nThis one is for my sister and she loves it, so I guess for not so finicky people it is a great phone.  She says the camera features are one of the best and that she loves the display and the colour and body. Good for her. I can surely say that HTC was quite sure that this would be their last phone so they have done their work accordingly and so, you won't be disappointed.", 
            "title": "Value-for-money", 
            "certBuyer": true
        }
    ], 
    [
        {
            "rating": 5, 
            "helpful": 5, 
            "author": "Lokesh Kumar", 
            "text": "Best under 50k smartphone best value for money. Beautiful design and good build quality.\nThe earphone comes inside is fabulous. Camera is also of a good quality. Audio quality in the video is also mind blowing. But this time HTC is very slow to employee Android O on its flagships. I am still Running Android N.\n\nOverall I am happy with my HTC u11", 
            "title": "Terrific", 
            "certBuyer": true
        }
    ], 
    [
        {
            "rating": 5, 
            "helpful": 2, 
            "author": "Hitanshu Gandhi", 
            "text": "This phone takes really amazing shots - it is really quick to focus (even on children playing at night, say 8pm). Even at night, the autofocus is amazing - it can focus clearly on small font 25m away that was not readable to the naked eye.\n\nMy peer camera was the iPhone 6s belonging to my wife, and this is superior on most dimensions.\n\nEdge sense is very useful to me as a biker - so taking a click while riding is super easy - by the time you take the phone out - the camera is ready to fire.\n\nThe BoomSound audio is truly amazing. It has truly brought my alarms to life :-)\n\nThe battery lasts well over a day in regular usage (4G, two SIMs, no Wifi in office). I LOVE it.\nYou need a good case to show off the back. I love my Dr Chen back case except it is breakable :( \nOnly one issue - these 2.5D screens means you need to be careful ordering tempered glass - I picked up tempered glass from a Mumbai shop and it won't fit on the edges. This is supremely annoying.", 
            "title": "Unbelievable camera + amazing edge sense = Best for bikers!", 
            "certBuyer": true
        }
    ], 
    [
        {
            "rating": 3, 
            "helpful": 6, 
            "author": "dinesh bajaj", 
            "text": "Only 1500 off on sbi card .so there is no difference", 
            "title": "Good", 
            "certBuyer": true
        }
    ], 
    [
        {
            "rating": 5, 
            "helpful": 1, 
            "author": "Flipkart Customer", 
            "text": "The phone is beyond all expectations I had. I am particularly very impressed with the battery life, even though people will argue about 3000MAh .... The camera is simply brilliant especially in low light.. but just one suggestion to all buyers.. please don't buy it through Flipkart.. horrible service... The delivery was late by 4 days and I had to keep following up..", 
            "title": "Terrific purchase", 
            "certBuyer": true
        }
    ], 
    [
        {
            "rating": 5, 
            "helpful": 1, 
            "author": "D. Satish kumar", 
            "text": "HTC U11 simply shines.....\nFluid performance\nGreat camera experience\nsqueeze for torch camera and many more as you like\nsense companion is studying me now after few days it will guide me\nGaming is buttery smooth\nBatery is not so great... but it will run till night...\nFast charging is realy fast...\noverall great smartphone...\n I recommend this phone those who are not bother of bezels...", 
            "title": "Mind-blowing purchase", 
            "certBuyer": true
        }
    ], 
    [
        {
            "rating": 5, 
            "helpful": 1, 
            "author": "Ashish Chowdhary", 
            "text": "Awesome phone with following star like qualities:\n1. Snappy and razor fast operating speed.\n2. Awesome battery life of 1.5 to 2 days.\n3. Superb earphone and speaker quality.\n4. Best camera that can be there on mobile.\n5. Minimum 4 gb ram free always.\n6. 1.25 hours charging time.\n7. Edge sense functionality that gives good shortcuts.\n\nCons:\nNONE...", 
            "title": "Brilliant", 
            "certBuyer": true
        }
    ], 
    [
        {
            "rating": 5, 
            "helpful": 1, 
            "author": "Shankar S", 
            "text": "Just about received the phone and going through .. 1st impression .. excellent phone to hold and work around ... awesome sound and beautiful snapper. Love it .. also a small mention to flip kart service .. a bit of an issue initially but then it was resolved .. would like if they gave the delivery guys contact when sending SMS. I can plan my presence to receive the product .", 
            "title": "Superb phone with great service from flipkart.", 
            "certBuyer": true
        }
    ], 
    [
        {
            "rating": 2, 
            "helpful": 4, 
            "author": "Flipkart Customer", 
            "text": "okk Product", 
            "title": "Could be way better", 
            "certBuyer": true
        }
    ], 
    [
        {
            "rating": 3, 
            "helpful": 4, 
            "author": "Aritra Das", 
            "text": "Build quality is good, camera is very nice, sound quality not up to the mark which is a speciality of HTC phones, al last of all it doesn't look like a flagship phone as the UI is outdated.", 
            "title": "Good", 
            "certBuyer": true
        }
    ], 
    [
        {
            "rating": 3, 
            "helpful": 1, 
            "author": "Flipkart Customer", 
            "text": "Good but not great.Every thing in this phone is above average but but not mind blowing.\nGood camera decent battery screen quality is good....", 
            "title": "Decent product", 
            "certBuyer": true
        }
    ], 
    [
        {
            "rating": 5, 
            "helpful": 0, 
            "author": "RAJIB  RAY MOHAPATRA", 
            "text": "Excilent nd timely deliver the product", 
            "title": "Worth every penny", 
            "certBuyer": true
        }
    ], 
    [
        {
            "rating": 5, 
            "helpful": 0, 
            "author": "Haroon  khan", 
            "text": "its verry good", 
            "title": "Fabulous!", 
            "certBuyer": true
        }
    ], 
    [
        {
            "rating": 5, 
            "helpful": 0, 
            "author": "Flipkart Customer", 
            "text": "Good service by flipkart..\nI will sujjest for my all relatives and friends to purchase thru flipkart.", 
            "title": "Terrific", 
            "certBuyer": true
        }
    ], 
    [
        {
            "rating": 5, 
            "helpful": 0, 
            "author": "G.SIVA PRASAD PRASAD", 
            "text": "Exlent", 
            "title": "HTC U11", 
            "certBuyer": true
        }
    ], 
    [
        {
            "rating": 5, 
            "helpful": 0, 
            "author": "Flipkart Customer", 
            "text": "Very Nice and camera features and photo quality are excellent.", 
            "title": "Terrific purchase", 
            "certBuyer": true
        }
    ], 
    [
        {
            "rating": 4, 
            "helpful": 0, 
            "author": "Gerard de Souza", 
            "text": "The phone is an excellent product. I've been using it for around one week now and there is no doubt of its quality.\nA couple of things to keep in mind before buying this phone is that it's an all glass phone so it would make sense to buy a case as well as a screen guard. \nThe glass back doesn't sound all that durable but if you are careful enough, it should not be a problem. \nThe edge sense feature works as promised and feels natural. \nNo doubt you will be wondering whether this phone is worth the extra money especially since the Honour 8 pro has similar specs and can boast of being more durable given it has a metal back. Time will tell...", 
            "title": "Good choice", 
            "certBuyer": true
        }
    ], 
    [
        {
            "rating": 5, 
            "helpful": 0, 
            "author": "Rama Dev", 
            "text": "Purchased the product for Rd. 45,000. Excellent phone, well built, aesthetically designed, very good camera features, and responsive software.", 
            "title": "Terrific", 
            "certBuyer": true
        }
    ], 
    [
        {
            "rating": 5, 
            "helpful": 0, 
            "author": "MOHIT KADIAN", 
            "text": "Absolute beast.UI is so fast and fluid.Everything just glides.Camera is top quality too.Htc is back in the game.", 
            "title": "Htc is BACK!!!", 
            "certBuyer": true
        }
    ]
]