[
    [
        {
            "rating": 4, 
            "helpful": 66, 
            "author": "lakshya agarwal", 
            "text": "I got this phone from a retail shop for Rs30,000. \nFirst look:\n1) A very premium look that you can almost ignore Iphone in front of it at first.\nAfter 2 Months:\n1)Battery life is great. It was the only thing i was worried about but I can go for a full day on a single charge with 3G active. Plus the fastcharge 3.0 fuels up your battery really quick.\n2)The phone is very slippery, you can easily drop it. Better to use it with a back cover\n3)Camera quality is good but the photos lack the sharpness\n4)The earphones you get with this phone are awesome. And the inbuilt dolby audio makes it a great experience\n5)Fingerprint sensor works perfectly every time\n6)Gaming: The only downside I found till now. I experienced lag in mid-end games. I haven't played high-end games so cant comment on it.\n7)UI: HTC UI works great but there also you can observe negligible amount of lag sometimes. \n8)With 32 GB of inbuilt memory and micro-sd card slot, you will never run out of space\n\nConclusion: If you want a premium looking phone with a decent usage, you can surely go for this. Strictly no for gamers", 
            "title": "Premium Phone", 
            "certBuyer": false
        }
    ], 
    [
        {
            "rating": 5, 
            "helpful": 85, 
            "author": "Roy Rahul", 
            "text": "I have been using androids since 2012. My first android eventually was HTC Desire. HTC has travelled a long since then and android too. Following are my observation of this hand set after using it for around 2 months:\n\n1. Battery: Users mostly bother about. To my experience I have got one and a half day in single charge as max & min as 7 hours. So it is absolutely on user how he wants to use it, it is not in \"mah\". It stays continuously on 3g that is like 16hrs and rest of the 8 hrs in wifi. That means 24 hrs internet on. Audio ; around 4 hours. Call: 2 hours. Game: 8 hours.\n\n2. Processor: Simply superb and delivers just the max. You can take max out of your processor with heavy gaming too. It doesn't stutter or lag any day. I played Asphalt 8 & NFS underground in it without any lagging or stuttering.  \n\n3. Display: Just too good. Except it is not that good under direct sunlight. Just a little bit more of brightness would have done more justice to it's display.\n\n4. Audio: It's just average until you are not using a headphone or hands free.\n\n5. Finger print sensor simply rocks. It is super fast and YES it is faster than I-phone 6 or 6+, I have tested it with my friends I phone. \n\n6. Charges faster, like full charge from 10% in just 45 mins. And yes it does charges quicker that is 15 mins charge helps to sail through another 3/4 hrs at ease with moderate usage though some testers claims it to be 7 hrs.\n\n7. The form factor looks super cool but it is sleeper too. At times it tends to sleep from your hands. So it is preferred to put a back cover on. \n\nTO my taste and experience it's a marvellous phone.", 
            "title": "Nothing like A9 from HTC", 
            "certBuyer": false
        }
    ], 
    [
        {
            "rating": 5, 
            "helpful": 23, 
            "author": "Dr Shriram", 
            "text": "I was finding for a 4G mobile with qualcomm chipset, with decent features and ofcourse i wished these features from a branded mobile company. So atlast i chosed to go with HTC ONE A9. Looks compact, finely crafted metal body. Feels rich on touch, smooth sensitive screen, finger print sensor is quick and accurate from every angle. AMOLED screen is sharp and colourful. Though am not a photo freak, am happy with camera quality, front ultrapixel cam captures decent pics in low light, primary cam captures pics with accurate colours, slow motion video recorder , beautify scale, pro mode etc are featured. Battery sustains for almost one day with power saver being on n screen brightness being optimised to low. Network connection is good. Speaker sounds good, not too loud to strike ur ears harshly but feels good to hear. Sound with ear phones is just awesome.\n\nI liked some special features like, jus lift the mobile to your ears to recieve calls, motion geatures, htc transfer tool for easy transfering of data from ur old mobile (any android or iphone) to new htc mobile.\n\nMy final verdict is that this mobile may not be liked by some college students expecting dual sim, rocking speakers or very long lasting battery. But its made for a royal personality, looking for decent premium features, good call quality, cameras, 4G networking, superior chipset, handy compact look n touch. N its not any china set, its HTC. And I suggest to go with bit older version mobiles as you will get to know complete review, rather than newly released mobiles of which cons n pros are not well known. Simply knowing the features of mobile will not give u complete impression of that mobile, you u ll know it only when u use it. N am happy after using my HTC ONE A9. :)", 
            "title": "A royal mobile", 
            "certBuyer": false
        }
    ], 
    [
        {
            "rating": 5, 
            "helpful": 73, 
            "author": "Arkabrata Bandyapadhyay ", 
            "text": "I am an user of this mobile from last 4 Months, and i should say it is extraordinary. Far better than now days phone like mi5, Samsung Galaxy series. Trust me it has a powerful processor, smooth performance, excellent camera quality, premium feeling, smart sound quality, fast charging, Android updates, many mores. One more thing it has best in class finger print sensor till now, it also supports app lock via finger print.", 
            "title": "Thank you htc", 
            "certBuyer": false
        }
    ], 
    [
        {
            "rating": 5, 
            "helpful": 7, 
            "author": "jaydeep kumar", 
            "text": "It is the no one phone i ever seen & used in my life .best phone.and it is water proof phone the best part of it .", 
            "title": "I love it", 
            "certBuyer": true
        }
    ], 
    [
        {
            "rating": 5, 
            "helpful": 7, 
            "author": "Balaji Ram", 
            "text": "Its a great mobile with cool features\nfp scanner works well and always on feature is really awesome\nlooks like iphone but a way better than i-phone...!!!!\nButter Smooth Experience\npremium look\nWorth of money", 
            "title": "AWESOME PHONE", 
            "certBuyer": false
        }
    ], 
    [
        {
            "rating": 5, 
            "helpful": 3, 
            "author": "Gaurav Tandel", 
            "text": "Premium phone i've ever seen after iphone\n.\n.\n.\nPros: Superb build quality.\n        Superb camera even in low light condition.\n        No lagging at all.\n        Latest os(nougat).\n        Superb display.\n        Awsome front facing ultrapixel camera.\n        One of the most fastest figerprint scanner.\n\n\nCons: Missing stereo speakers.\n      Need little bit more battery storage for gamers.\n           No VoLte after nougat update!!\n.\n.\n.\n.\nAll over superb experence with it!\nFeeling like ferrari or rolls royce in my hand!!", 
            "title": "Terrific", 
            "certBuyer": true
        }
    ], 
    [
        {
            "rating": 5, 
            "helpful": 8, 
            "author": "Bijay", 
            "text": "Nice Mobile..go for it..very fast..loving it..looks is awesome", 
            "title": "Nice phone", 
            "certBuyer": false
        }
    ], 
    [
        {
            "rating": 5, 
            "helpful": 10, 
            "author": "Debasish Shil", 
            "text": "I bought the mobile one week ago from htc store. The mobile is excellent. First of all its looks is awesome in hand.It has good cameras, especially front ultra hd camera, dolby digital music system and there are so many new features. If one use the mobile with power saving mode then battery back up is good instead of having 2150 mAmph capacity. I compare the mobile with samsung, motorolla and sony in same price range and found htc a9 is better. Moreover, htc itself has a brand tag that escalate your weight in public and friends.", 
            "title": "Excelent mobile", 
            "certBuyer": false
        }
    ], 
    [
        {
            "rating": 5, 
            "helpful": 9, 
            "author": "Swarnahash Rayala", 
            "text": "Got the phone in just a day and must say its amazing, everything inside is upto the quality.\nWould call it the brother of Iphone 6s, but an enhanced version.Finger print is just awesome,  camera quality is good, will update on the battery after using it for a month.\n\nMy advice just go for it.\n\nUpdate after using it for 2 months:\n\nI couldn't feel the difference yet, to me the phone was just the same as a new one even after filling up the storage and played some heave games. Battery backup is good and to me it gives around a day on data or wifi use.\n\nCamera is quite good in low light as well , picture quality is great and front cam is great as well.\n\nFinger print sensor still works with the same speed and the smoothness is the same.\n\nHeadphone quality was great, HTC really did a great job with those and the sound quality is just great in those.\n\nNo heating issues as of now even though i use the phone in some worse weather(desert) conditions.\n\nOnly problem i faced is with the auto correction in the dictionary, it auto corrects the words we type and could be a problem if u wanna type a word in short form and it recognizes into another word. Hope HTC finds a solution for this.\n\nFinally if you wanna have an andriod with the look of an iphone, you might wanna get this.", 
            "title": "Best phone from HTC", 
            "certBuyer": true
        }
    ], 
    [
        {
            "rating": 4, 
            "helpful": 2, 
            "author": "Ramachandran Mudliyar", 
            "text": "Excellent camera features with premium look....device\nPerformance more than average...\nBattery OK but performs more than expected", 
            "title": "Very Good", 
            "certBuyer": true
        }
    ], 
    [
        {
            "rating": 5, 
            "helpful": 3, 
            "author": "Ajay pratap Singh", 
            "text": "Great camera..\nGreat performance\nGreat looks\nFast charging\nI personally own this phone friends and it's \nnothing less than iPhone6", 
            "title": "Remarkable product from htc", 
            "certBuyer": false
        }
    ], 
    [
        {
            "rating": 5, 
            "helpful": 3, 
            "author": "Ali Rajkotwala", 
            "text": "Have bought this phone from snapdeal around 2 months ago and it is awesomely working in almost all the departments the battery gives me 24 hrs minimum since i do not play games.", 
            "title": "Terrific", 
            "certBuyer": false
        }
    ], 
    [
        {
            "rating": 5, 
            "helpful": 4, 
            "author": "Naga chaitanya kumar reddy Pidugu", 
            "text": "Battery backup very good on 2G Data - 30Hrs, On 3G -18Hrs its using little bit more battery power,  Front and back camera pics quality very good, In low light n in door average, Overall very good product...", 
            "title": "Awesome", 
            "certBuyer": true
        }
    ], 
    [
        {
            "rating": 4, 
            "helpful": 3, 
            "author": "Flipkart Customer", 
            "text": "After looking at different options, decided to buy this one. On a Friday night ordered and received it by Monday Evening. It is been almost two weeks since I am using the phone and I am enjoying this set. I am not a high end graphic based games user, I use for net browsing most of the times and for the other basic features of the phone. It is perfectly suited for me for my requirements. \n+ves\n\nDashing looks\nSlim and robust design\nAs everybody saying, it is a clone of iPhone having Android running on this.\nLatest Android\n\n-ves\n\nNot happy with the battery. For my usage, I need to charge it fully everyday morning\nNot very happy with the Camera performance.", 
            "title": "Nice Smart Phone", 
            "certBuyer": true
        }
    ], 
    [
        {
            "rating": 5, 
            "helpful": 3, 
            "author": "veda", 
            "text": "I always do a lot research before buying any gadget. I was very impressed with the phone also bought the carbon Grey. Battery gets full charged in an hour which is the best quality.", 
            "title": "super product", 
            "certBuyer": false
        }
    ], 
    [
        {
            "rating": 5, 
            "helpful": 2, 
            "author": "Flipkart Customer", 
            "text": "Hi guys..\nIam a HTC lover n \nI guess I was one of those who purchased it on d first day of its launch in India ..\nTrust me this a beauty ..\nSuper stylish n classic.\nNo problem wit anything in d cell yet ..\nGo for it ...", 
            "title": "Fabulous!", 
            "certBuyer": false
        }
    ], 
    [
        {
            "rating": 5, 
            "helpful": 1, 
            "author": "MOHAMED SHAHUL RAFEEQ", 
            "text": "Good, Superb, Fantastic Mobile.", 
            "title": "Super Mobile ...", 
            "certBuyer": true
        }
    ], 
    [
        {
            "rating": 4, 
            "helpful": 0, 
            "author": "Satish Maurya", 
            "text": "Looks is awesome, phone is very smooth but there are only heating problems sometimes. But I love this phone, Front camera is really great. I satisfied with this phone", 
            "title": "Worth the money", 
            "certBuyer": true
        }
    ], 
    [
        {
            "rating": 4, 
            "helpful": 0, 
            "author": "Kartik Arora", 
            "text": "One of the best phones in its category. Slightly overpriced, but has great features.", 
            "title": "Good quality product", 
            "certBuyer": true
        }
    ], 
    [
        {
            "rating": 4, 
            "helpful": 0, 
            "author": "JINOMON J S", 
            "text": "How can I get volte in this set", 
            "title": "Value-for-money", 
            "certBuyer": true
        }
    ], 
    [
        {
            "rating": 5, 
            "helpful": 0, 
            "author": "Flipkart Customer", 
            "text": "It's very good products ; in short it's really worth of money . Loving it . Thanks flipkart .", 
            "title": "Mind-blowing purchase", 
            "certBuyer": true
        }
    ], 
    [
        {
            "rating": 5, 
            "helpful": 0, 
            "author": "Flipkart Customer", 
            "text": "Ultimate phone ,resembles iPhone in all categir", 
            "title": "Awesome", 
            "certBuyer": false
        }
    ], 
    [
        {
            "rating": 5, 
            "helpful": 0, 
            "author": "Flipkart Customer", 
            "text": "Best in class in both terms software and hardware wise", 
            "title": "Best in the market!", 
            "certBuyer": true
        }
    ], 
    [
        {
            "rating": 5, 
            "helpful": 0, 
            "author": "kunal ryan mahato", 
            "text": "Vry satisfying phone", 
            "title": "Wonderful", 
            "certBuyer": true
        }
    ], 
    [
        {
            "rating": 5, 
            "helpful": 0, 
            "author": "Ismayil Electrical", 
            "text": "Very very nice mobile", 
            "title": "Terrific", 
            "certBuyer": true
        }
    ], 
    [
        {
            "rating": 5, 
            "helpful": 0, 
            "author": "Siva Karthi", 
            "text": "Awesome Mobile with good hw spec and SOC !!!", 
            "title": "Worth every penny", 
            "certBuyer": false
        }
    ], 
    [
        {
            "rating": 5, 
            "helpful": 0, 
            "author": "THEN PALANI", 
            "text": "Excellent phone ... don't think battery is low Its good back up but not for gamers ...", 
            "title": "Brilliant", 
            "certBuyer": true
        }
    ], 
    [
        {
            "rating": 5, 
            "helpful": 0, 
            "author": "Flipkart Customer", 
            "text": "Flipkart's delivery was very good and prompt \nSO far the mobile seems ok.\n\nOnly Con: quite slippery, so better have a case for it.", 
            "title": "Good buy", 
            "certBuyer": true
        }
    ], 
    [
        {
            "rating": 5, 
            "helpful": 0, 
            "author": "Ashutosh Kumar", 
            "text": "Good battery backup and HTC nice phone and it's not do hank", 
            "title": "Perfect product!", 
            "certBuyer": false
        }
    ], 
    [
        {
            "rating": 5, 
            "helpful": 0, 
            "author": "Flipkart Customer", 
            "text": "I bought this phone from a retail shop..its a good phone ,we can say in a single word.Only thing is that you have to handle with care", 
            "title": "Super!", 
            "certBuyer": false
        }
    ], 
    [
        {
            "rating": 5, 
            "helpful": 0, 
            "author": "shaik shahensha kahder", 
            "text": "HTC is a brand and the A9 model takes its brand to next level,\nawesome camera\nOutstanding selfie cam\nHasslefree ram\nBest fingerprint among all existing mobiles (not bettter than the Iphone)", 
            "title": "beauty with elegance", 
            "certBuyer": false
        }
    ], 
    [
        {
            "rating": 4, 
            "helpful": 0, 
            "author": "Flipkart Customer", 
            "text": "Good", 
            "title": "Worth the money", 
            "certBuyer": true
        }
    ], 
    [
        {
            "rating": 5, 
            "helpful": 0, 
            "author": "Flipkart Customer", 
            "text": "I bought htc one A9 its amazing phone its front camera is very well", 
            "title": "Awesome", 
            "certBuyer": false
        }
    ], 
    [
        {
            "rating": 5, 
            "helpful": 0, 
            "author": "Flipkart Customer", 
            "text": "Very nice one", 
            "title": "Perfect product!", 
            "certBuyer": false
        }
    ], 
    [
        {
            "rating": 5, 
            "helpful": 0, 
            "author": "Bhaskar", 
            "text": "Awesome mobile with great camera", 
            "title": "Best in the market!", 
            "certBuyer": true
        }
    ], 
    [
        {
            "rating": 4, 
            "helpful": 0, 
            "author": "Satheesh K", 
            "text": "Good", 
            "title": "Good quality product", 
            "certBuyer": true
        }
    ], 
    [
        {
            "rating": 5, 
            "helpful": 0, 
            "author": "poornima", 
            "text": "Good phone. Using for 3 months. Smooth as silk..stunning look.", 
            "title": "Worth every penny", 
            "certBuyer": false
        }
    ], 
    [
        {
            "rating": 5, 
            "helpful": 0, 
            "author": "Flipkart Customer", 
            "text": "i am using Htc one A9 , using it for around 3 months. it is best for using internet  , very fastful performance in all applications....", 
            "title": "Wonderful performance..........", 
            "certBuyer": false
        }
    ], 
    [
        {
            "rating": 5, 
            "helpful": 0, 
            "author": "sameem imdhiyas", 
            "text": "Supper mobile nice look &  etc", 
            "title": "Simply awesome", 
            "certBuyer": true
        }
    ], 
    [
        {
            "rating": 4, 
            "helpful": 0, 
            "author": "Monte Kalra", 
            "text": "It is a good phone , little bit battery is small , otherwise it is a best phn", 
            "title": "Good choice", 
            "certBuyer": false
        }
    ], 
    [
        {
            "rating": 5, 
            "helpful": 1, 
            "author": "Ravi Mudgal", 
            "text": "this phone is a VoLTE phone...", 
            "title": "non VoLTE", 
            "certBuyer": false
        }
    ], 
    [
        {
            "rating": 4, 
            "helpful": 0, 
            "author": "Flipkart Customer", 
            "text": "Used this phone since april. It has two disadvantage of having very less battery backup. And loudspeker should be more audible.", 
            "title": "Nice product", 
            "certBuyer": false
        }
    ], 
    [
        {
            "rating": 5, 
            "helpful": 0, 
            "author": "Shivam patel", 
            "text": "Great device although bought it from a store offline. I suggest u ignore the review videos as they don't actually show what this device is capable of.", 
            "title": "Great device", 
            "certBuyer": false
        }
    ], 
    [
        {
            "rating": 5, 
            "helpful": 0, 
            "author": "Flipkart Customer", 
            "text": "Nice", 
            "title": "Nn", 
            "certBuyer": true
        }
    ], 
    [
        {
            "rating": 5, 
            "helpful": 0, 
            "author": "vinay arya", 
            "text": "Very good phone....and very fast phone...i dnt use this type of fast phone i love this phone...and its camera is aweasome", 
            "title": "Five Stars", 
            "certBuyer": false
        }
    ], 
    [
        {
            "rating": 4, 
            "helpful": 1, 
            "author": "sudip bhowmik", 
            "text": "Good phone from htc\nI liked it and amazing camera smooth and fast", 
            "title": "Htc", 
            "certBuyer": false
        }
    ], 
    [
        {
            "rating": 3, 
            "helpful": 0, 
            "author": "Jawad Azeez", 
            "text": "Value for money\nGood display\nGood camera\nGood petformace\nWorst part is the battery. Battery drains very fast......IPhone 6s i the best if u r looking for features + battery backup", 
            "title": "Good phone...but worst part is the battery", 
            "certBuyer": false
        }
    ], 
    [
        {
            "rating": 1, 
            "helpful": 5, 
            "author": "Sumanth Naidu", 
            "text": "loved the design why dont you produce more products with same design with more specifications which trending in 2017. .loosers are working in HTC, they are with lack of creative head i think", 
            "title": "release same mobiel with atleast 3000mah battery", 
            "certBuyer": false
        }
    ], 
    [
        {
            "rating": 5, 
            "helpful": 4, 
            "author": "Mohan Raj R", 
            "text": "What are the item have inside the box for this phone ??? and give your opinion about this phone.....................i expecting this kind of things available inside the box Handset, Charger Adapter,USB Cable/Data Cable, Earphone, User manual, Warranty Card .", 
            "title": "Inside the Box", 
            "certBuyer": false
        }
    ], 
    [
        {
            "rating": 5, 
            "helpful": 2, 
            "author": "Ankit Jain", 
            "text": "I have been using this phone since 8 months but the feel still new every time I keep at my hand. Feels so light.Specs are all right starting from camera to its day to day performance keeping it's price in mind.I am a HTC lover and still feels this phone is part apart from other phones. U can give it a try and I promise u will not disappoint.", 
            "title": "Fabulous!", 
            "certBuyer": false
        }
    ], 
    [
        {
            "rating": 1, 
            "helpful": 3, 
            "author": "Ronak Jain", 
            "text": "One of the worst phones I have ever used. In 1year I had to give it 4 times for service once battery problem then speaker problems and then microphone problem.\nThe after service is the worst every time I give they guarantee that there won't be any further problems but again after 4 months a problem arises. The phone was under warranty so I got free service but now there is again heating and battery problem and now the phones warranty is over . \nEven though all these were manufacturing defects the company was not ready to exchange my  phone and give a new one .\nThe working of the phone is also not good for the price .HTC has dropped ithe standard of its phone and I would never recommend anyone to buy this or any other HTC device", 
            "title": "Worst device!!! Never go for it !! :(", 
            "certBuyer": false
        }
    ], 
    [
        {
            "rating": 5, 
            "helpful": 2, 
            "author": "Gaurav Hada", 
            "text": "It's the best phone you would find in this price range from a trusted brand(SAMSUNG, SONY, APPLE, and HTC).\nIt feels solid in your hands(might slip from your hands as it has metallic body so advisable to buy a good cover with this).\nIt has a flawless performance you will not experience any kind of lagging or that sort of thing.\nIt has a very good gaming experience with me I played ASPHALT 8 AIRBORNE, NOVA 3, THE WALKING DEAD,THE GAME OF THRONES, DEAD TRIGGER 2, MODERN COMBAT 5 and didn't experienced any problem till yet.\nThe only factor which might concern you is the battery back , on a decent use of 3G your battery will last for the whole day but gaming will ruin your mind as it's advisable to keep the phone on charging after a heavy gaming session , or else you can buy a decent power bank of SAMSUNG, or SYSKA, or SONY etc. for a helping tool while gaming.\n\nLastly never compare a phone which is of China to a branded product of high quality, I have done that mistake for once in my life and that cost was horrible for a 15000 phone I had to pay an amount of 7500. Believe me never ever buy a Chinese product in your life, and also it's not a IPHONE my copy you can anytime google it who made the first metallic mobile phone you get to know who wins!!!\nThanks for reading my long review :)", 
            "title": "Best phone in this price range(Not Chinese)", 
            "certBuyer": false
        }
    ], 
    [
        {
            "rating": 3, 
            "helpful": 1, 
            "author": "Sunny R", 
            "text": "After 6 months of use the only negative point is camera quality. Images look good in phone display. But when you see same images on your PC or laptop, some colors look different and quality is also not good.", 
            "title": "Nice", 
            "certBuyer": false
        }
    ], 
    [
        {
            "rating": 5, 
            "helpful": 1, 
            "author": "Rahul", 
            "text": "July 2016\nNo heating issue like Apple s6 ..\nSmart looking\nGood battery backup\nZero heating \nVideo Quality is very Nice\nSound Quality in Earphones is boom blast \nNo phn in Indian market like this \nFlipkart delivers 2day before\n\nI'm loving it", 
            "title": "Best Phn Compared to Apple A6", 
            "certBuyer": false
        }
    ], 
    [
        {
            "rating": 4, 
            "helpful": 1, 
            "author": "karthik goud", 
            "text": "for long battery backup buy this mobile .....", 
            "title": "nice phone", 
            "certBuyer": true
        }
    ], 
    [
        {
            "rating": 5, 
            "helpful": 1, 
            "author": "Aditya Kashyap", 
            "text": "I've had this phone for over a day and i haven't been able to get my hands off of it. Great sound and camera quality! Looks very sleek and has a metal finish. As many of pointed out, the fingerprint scanner is absolutely on the mark. A lot of cool themes as well to choose from. Really smooth performance with quick responses. And it charges from 0 to 100 in absolutely no time!", 
            "title": "Premium Product", 
            "certBuyer": true
        }
    ], 
    [
        {
            "rating": 1, 
            "helpful": 0, 
            "author": "Flipkart Customer", 
            "text": "Problem of restarting phone during multiple app usage....HTC disappointed me.Poor RAM management.", 
            "title": "Worthless", 
            "certBuyer": true
        }
    ], 
    [
        {
            "rating": 5, 
            "helpful": 0, 
            "author": "Panakaj Nagar", 
            "text": "Gud online shopping flip kart gud", 
            "title": "Must buy!", 
            "certBuyer": true
        }
    ], 
    [
        {
            "rating": 3, 
            "helpful": 0, 
            "author": "Amaresh Kumar", 
            "text": "If you're buying a smartphone from Flipkart, be ready to get your phone examined and technical visit and all time-wasting things.\n\nThe phone was 0% charged when drawn right out of its cave which casted an impression of refurbished product. I kept pressing power button thinking every flagship phone comes with 50-55% of initial in-box charge. even after 15 minute of charge, it didn't power on. Unsatisfied with product specially with flagships like HTC. Flipkart customer only wasted time and no resolution to my query. technician visit was awful as the person gave wrong feedback. A mobile worth ~20k which could not be power on right out of box gives feel of used product.\n\nThe seller was at least reasonably better than Flipkart customer care wrt to understanding issues if not replacing/refunding.\n\nThese guys have refused to return 3 times without resolution! The technician was totally ignorant and didn't listen at all to the device's issue . And then i got message that my return was rejected! Grrr!\n\nAfter using it for 4 days, \n\nThe phone is awfully slow so much heating, battery life is so bad that 100% charged comes to 0% within 3 hrs with very normal use: reading email, phone, Whatsapp.\n\nThe phone looked new from outside though but performance and uses gave otherwise feels", 
            "title": "Dissapointed", 
            "certBuyer": true
        }
    ], 
    [
        {
            "rating": 4, 
            "helpful": 0, 
            "author": "rakesh", 
            "text": "Battery backup issues , but it's okay", 
            "title": "Worth the money", 
            "certBuyer": true
        }
    ], 
    [
        {
            "rating": 5, 
            "helpful": 0, 
            "author": "Shrinivas P. Naik", 
            "text": "Product is very great! Best you can get at this range. HTC stands out and remains to be the best cellphone designer in the industry. \nI had to return the product as the SELLER RGCSLC shipped DEAD PHONE to me. Thanks a lot Flipkart for easy process on return. \nNever buy from RGCSLC - Fruad seller.", 
            "title": "AWESOME PRODUCT at this price. BAD SELLER (RGCSLC) though.", 
            "certBuyer": true
        }
    ], 
    [
        {
            "rating": 4, 
            "helpful": 0, 
            "author": "Flipkart Customer", 
            "text": "I like very much...", 
            "title": "Four Stars", 
            "certBuyer": true
        }
    ], 
    [
        {
            "rating": 5, 
            "helpful": 0, 
            "author": "Flipkart Customer", 
            "text": "Htc best", 
            "title": "Mind-blowing purchase", 
            "certBuyer": true
        }
    ], 
    [
        {
            "rating": 1, 
            "helpful": 0, 
            "author": "Melbin Rajesh", 
            "text": "Battery low", 
            "title": "bad", 
            "certBuyer": false
        }
    ], 
    [
        {
            "rating": 4, 
            "helpful": 0, 
            "author": "Flipkart Customer", 
            "text": "I have used this mobile from last 6 month. The camera quality is greeat,battery also good according to 2600 mah ,sound is too good,touch is very fast,attractive but the weight is too high in compare to iphone but it is best in this price segment.", 
            "title": "Wonderful", 
            "certBuyer": false
        }
    ], 
    [
        {
            "rating": 4, 
            "helpful": 0, 
            "author": "Munesh Bangalimarad", 
            "text": "No doubt ...nice product, over all gud performance,9/10", 
            "title": "Worth the money", 
            "certBuyer": true
        }
    ], 
    [
        {
            "rating": 3, 
            "helpful": 0, 
            "author": "Arnab Phukan", 
            "text": "Good and stylish phone, but no Volte on this 25k phone", 
            "title": "Faced minor issues", 
            "certBuyer": true
        }
    ], 
    [
        {
            "rating": 4, 
            "helpful": 0, 
            "author": "Flipkart Customer", 
            "text": "Good but not a very good product only branding i get at high price....lol phone", 
            "title": "Really Nice", 
            "certBuyer": true
        }
    ], 
    [
        {
            "rating": 5, 
            "helpful": 0, 
            "author": "PJ", 
            "text": "Awesome phone .Good look, fast processing ,never hang,fast charging .awesome display with nice sound ,excellent earphones.*Boom sound \n\nI'm using this since last 4month.If u r planing to buy go for it.", 
            "title": "Excellent product by HTC", 
            "certBuyer": false
        }
    ], 
    [
        {
            "rating": 3, 
            "helpful": 2, 
            "author": "Kshitij Mehta", 
            "text": "Got delivery on the next day,\n\nThe display, finger print sensor, camera, absolutely fine.\n\nBattery back was still fine with the latest update on android however I faced issue with network connectivity and heating issue for which the phone was returned and flipkart returned my money, thanks to the return policy and their customer service", 
            "title": "Good Phone, excellent service", 
            "certBuyer": true
        }
    ], 
    [
        {
            "rating": 5, 
            "helpful": 2, 
            "author": "krishanu Bharali", 
            "text": "First of all flipkart delivery was awesome.I got my product 5days after purchasing  with well packed!! Now coming to the phone.. \n\nPros: 1.Good metal design (it feels good let me tell you)\n\n2.awesome display which is full HD 1080p\n3.no hanging issue\n4.good camera (low light photos are also good) video recording is also good .I like the  slow-motion features.\nCons:1.battery life is not that good but it will lust for 1day for heavy users.(if you charge full).\n2. Heating issue. Bcoz it has metallic body..the phone got heated after 15mins of heavy gaming.but it's not a major issue 4 me..coz I'm not a heavy gamer. I only play clash of clans and some small size games.\n\nSo my conclusion is that if you want to buy a good mid range phone and hard to choose between galaxy A series and HTC phones.go for this phone guys..my previous phone was galaxy a5 and now I'm very happy with this phone", 
            "title": "Terrific purchase", 
            "certBuyer": true
        }
    ], 
    [
        {
            "rating": 5, 
            "helpful": 0, 
            "author": "Gurpreet  Singh", 
            "text": "Delievered my product in time i am happy but product response i will give after 4,5 days", 
            "title": "Classy product", 
            "certBuyer": true
        }
    ], 
    [
        {
            "rating": 5, 
            "helpful": 0, 
            "author": "mohammed ziauddin", 
            "text": "HTC one a9 are supported OTG option or not.plz tell me", 
            "title": "Fabulous!", 
            "certBuyer": false
        }
    ], 
    [
        {
            "rating": 2, 
            "helpful": 15, 
            "author": "Karan Shankar", 
            "text": "This is a worst phone for this price.\nBattery life is poor\nIt gets heated like an iron box .\nCamera 13 mp is decent but no ois \nFront is good.\nBuy one plus 2 or redmi note 3 instead of this stupid phone.", 
            "title": "Worst flagship phone", 
            "certBuyer": false
        }
    ], 
    [
        {
            "rating": 1, 
            "helpful": 0, 
            "author": "Sonia Minz", 
            "text": "Very bad after sale services of HTC ,  its a request that dont keep htc product in your site", 
            "title": "Terrible product", 
            "certBuyer": true
        }
    ], 
    [
        {
            "rating": 4, 
            "helpful": 1, 
            "author": "Anshuk  Girdhar", 
            "text": "Got product in 5 days, Flipkart service is as usual amazing..", 
            "title": "Pretty good", 
            "certBuyer": true
        }
    ], 
    [
        {
            "rating": 4, 
            "helpful": 2, 
            "author": "Rupesh Kamboj", 
            "text": "Recently i have purchase HTC One A9 from HTC store. All features is too good. Looking is too good as compare to Samsung & Moto. But there is a bug in that phone as i can't move any single app to SD card. There is no option showing for moving app to SD card.", 
            "title": "Cant move app to SD card", 
            "certBuyer": false
        }
    ], 
    [
        {
            "rating": 5, 
            "helpful": 0, 
            "author": "Sunil Das", 
            "text": "Best phone in all respects. One don't need to think much as it is good looking with good features.looks prwmium", 
            "title": "Five Stars", 
            "certBuyer": true
        }
    ], 
    [
        {
            "rating": 2, 
            "helpful": 0, 
            "author": "Flipkart Customer", 
            "text": "Is it waterproof???", 
            "title": "Bad quality", 
            "certBuyer": false
        }
    ], 
    [
        {
            "rating": 5, 
            "helpful": 0, 
            "author": "mohamed  safiq ", 
            "text": "Is the battery has good power,i think is not ..?", 
            "title": "Battery..?", 
            "certBuyer": false
        }
    ], 
    [
        {
            "rating": 4, 
            "helpful": 0, 
            "author": "Sravan Kumar", 
            "text": "When i decided to buy this HTC one A9 mobile , This item was available at 25 k....But the very next day the price has been changed to 28 k... Could you please let me know again when this product offer will be available..", 
            "title": "Very Good", 
            "certBuyer": false
        }
    ], 
    [
        {
            "rating": 4, 
            "helpful": 9, 
            "author": "Pradeep Kumar", 
            "text": "As always HTC Rocks and not Flipkart this time.... First time I received a stone instead of a mobile which was then replaced by flipkart... Though it was replaced, I feel it should have never happened in the first place and I was also investigated by flipkart....and I was not informed how was this solved... Which made me wonder should I buy anything ever from flipkart.... Hope I will receive an explanation.", 
            "title": "Ptoduct is great but Worst Seller", 
            "certBuyer": true
        }
    ], 
    [
        {
            "rating": 4, 
            "helpful": 3, 
            "author": "Flipkart Customer", 
            "text": "In this mobile volte option availabe or not ? And for reliance jio volte call not connected without on internet? Please reply for volte call", 
            "title": "Very Good", 
            "certBuyer": false
        }
    ], 
    [
        {
            "rating": 4, 
            "helpful": 3, 
            "author": "Sethupriyan", 
            "text": "When the HTC ONE A9 TOPAZ GOLD Colour will be available??? This particular colour is not available in any of the Online store/retailer (exept snadeal at the time of launch). When it will be available again???", 
            "title": "About availability of \"TOPAZ GOLD COLOUR\"-HTC ONE A9", 
            "certBuyer": false
        }
    ]
]