[
    [
        {
            "rating": 5, 
            "helpful": 22, 
            "author": "Flipkart Customer", 
            "text": "Best phone I have ever used", 
            "title": "Worth every penny", 
            "certBuyer": false
        }
    ], 
    [
        {
            "rating": 3, 
            "helpful": 7, 
            "author": "Patel Vishal Gangarambhai", 
            "text": "This mobile phone camera is super but Battery backup Bad internet on and battery conjuption fully", 
            "title": "Faced minor issues", 
            "certBuyer": true
        }
    ], 
    [
        {
            "rating": 5, 
            "helpful": 13, 
            "author": "Ashutosh  Singh", 
            "text": "Very Nice One I am using it it'sss really good..", 
            "title": "Terrific", 
            "certBuyer": false
        }
    ], 
    [
        {
            "rating": 5, 
            "helpful": 27, 
            "author": "Hardik Jariwala", 
            "text": "I think phone is awesome \n\n..but faithful part is money.... That's very expansive for this feature.... You got same features in moto m .\n.....any ways.... Phone runs cool.. And camera is brilliant......", 
            "title": "Highly recommended", 
            "certBuyer": false
        }
    ], 
    [
        {
            "rating": 4, 
            "helpful": 12, 
            "author": "Sameer Raees", 
            "text": "For all the HTC lovers out there, go grab it if you don't want go spend a lot!! Am an average user with less of gaming but more usage the messaging and other shopping apps... And posting this after a month's use, it's absolutely lagfree and if you've ever an HTC, you would know how amazingly simplified Sense is. :)", 
            "title": "Really Nice", 
            "certBuyer": true
        }
    ], 
    [
        {
            "rating": 3, 
            "helpful": 5, 
            "author": "Rohit Yadav", 
            "text": "Front Camera is really good.u will love to click selfie .... Battery is Main concern it's not too performing. Display quality is pretty decent.", 
            "title": "Does the job", 
            "certBuyer": false
        }
    ], 
    [
        {
            "rating": 4, 
            "helpful": 4, 
            "author": "Jenice Anto", 
            "text": "In  Specifications its mention as Android OS, v6.0 (Marshmallow), But i am using it. Its Android OS, 5.1. \n\nRest all Good.\n\nCamera Awesome.\n\nBattery Backup Good", 
            "title": "Issue in Android Version", 
            "certBuyer": false
        }
    ], 
    [
        {
            "rating": 2, 
            "helpful": 1, 
            "author": "Flipkart Customer", 
            "text": "I have been using this for more than a month. Battery backup is average. Camera quality is good. Mobile is fast..Does not hang like Samsung, Light Weight.\n\nBut like many other users mentioned, even i believe, there is an issue with Internet connectivity. But since we always suspect it as a network issue, we just refresh the page and it works  again.\n\nUpdating my review after using it for three months. Headset is of low quality. Headset opened by itself as it seems likes it is fixed with some glue. Wire of headset is broken yesterday. Also I keep it in pocket of pant and ride bike to office. Now I noted a slight bend on mobile. Battery back up goes down very fast now. Before I had given 4 stars. Now rating it to 2 stars", 
            "title": "Pretty good", 
            "certBuyer": true
        }
    ], 
    [
        {
            "rating": 5, 
            "helpful": 1, 
            "author": "suneel kumar", 
            "text": "Battery did not much useful", 
            "title": "Highly recommended", 
            "certBuyer": true
        }
    ], 
    [
        {
            "rating": 5, 
            "helpful": 1, 
            "author": "mrinal  gupta", 
            "text": "Gooo phone", 
            "title": "Awesome", 
            "certBuyer": false
        }
    ], 
    [
        {
            "rating": 3, 
            "helpful": 2, 
            "author": "Farooq  Razvi", 
            "text": "GPS is worst", 
            "title": "Does the job", 
            "certBuyer": true
        }
    ], 
    [
        {
            "rating": 1, 
            "helpful": 3, 
            "author": "Haris f", 
            "text": "I am never used this type Mobil \n1, over heating\n2, poor camera\n3, less better life 5 hours only \n4, stuck \n5, poor display quality\n6, system like old model .\n7 ,wast to buy 18000 \n8,old Android version \n9, caller sound is very less\n10. Haggi", 
            "title": "Horrible", 
            "certBuyer": false
        }
    ], 
    [
        {
            "rating": 2, 
            "helpful": 1, 
            "author": "NAINAR NAINAR", 
            "text": "Very worst phone .Dont buy anybody. Assembled with damaged battery.pathetic purchase", 
            "title": "Moderate", 
            "certBuyer": true
        }
    ], 
    [
        {
            "rating": 5, 
            "helpful": 1, 
            "author": "Aswani Kumar", 
            "text": "Awesome love it.", 
            "title": "Excellent", 
            "certBuyer": false
        }
    ], 
    [
        {
            "rating": 5, 
            "helpful": 0, 
            "author": "Flipkart Customer", 
            "text": "Nice mobile selfie can is superb", 
            "title": "Fabulous!", 
            "certBuyer": true
        }
    ], 
    [
        {
            "rating": 5, 
            "helpful": 0, 
            "author": "Flipkart Customer", 
            "text": "Veri gode mobail.....", 
            "title": "Best in the market!", 
            "certBuyer": true
        }
    ], 
    [
        {
            "rating": 5, 
            "helpful": 0, 
            "author": "Talari prasad Talari", 
            "text": "HTC 830verry good mobile.\n  display super, good sound,", 
            "title": "Terrific purchase", 
            "certBuyer": true
        }
    ], 
    [
        {
            "rating": 4, 
            "helpful": 0, 
            "author": "Flipkart Customer", 
            "text": "It's Good to invest", 
            "title": "Very Good", 
            "certBuyer": true
        }
    ], 
    [
        {
            "rating": 3, 
            "helpful": 0, 
            "author": "Mayur Shiriskar", 
            "text": "This handset working quit good as per the specification, battery life has some issues which is not last long for a day. Actually i ordered for Black & Gold variant but it was delivered as White & Blue variant. Overall performance of the handset is pretty much satisfying.", 
            "title": "Four Stars", 
            "certBuyer": true
        }
    ], 
    [
        {
            "rating": 5, 
            "helpful": 0, 
            "author": "Flipkart Customer", 
            "text": "Excellent phone, great specs with value and music is very good.", 
            "title": "Perfect product!", 
            "certBuyer": true
        }
    ], 
    [
        {
            "rating": 5, 
            "helpful": 0, 
            "author": "Flipkart Customer", 
            "text": "I just love this phone so much..touch of this phone is mindblowing", 
            "title": "Brilliant", 
            "certBuyer": false
        }
    ], 
    [
        {
            "rating": 5, 
            "helpful": 0, 
            "author": "Gerzimlal Samuel", 
            "text": "NYC look and speed", 
            "title": "Wonderful", 
            "certBuyer": false
        }
    ], 
    [
        {
            "rating": 5, 
            "helpful": 0, 
            "author": "Flipkart Customer", 
            "text": "RAM, Storage, Camera, calls, ....great quality.........only felt for screen touch seems ok. ......rest all besst", 
            "title": "Great ....", 
            "certBuyer": false
        }
    ], 
    [
        {
            "rating": 2, 
            "helpful": 0, 
            "author": "Gaurav", 
            "text": "Front Camera is only 2MP.", 
            "title": "Bad quality", 
            "certBuyer": false
        }
    ], 
    [
        {
            "rating": 4, 
            "helpful": 0, 
            "author": "Flipkart Customer", 
            "text": "Good phone awesome brands", 
            "title": "Good quality product", 
            "certBuyer": false
        }
    ], 
    [
        {
            "rating": 4, 
            "helpful": 1, 
            "author": "Flipkart Customer", 
            "text": "Good performance but when will android upgrade to marshmellow will come?", 
            "title": "nice phone", 
            "certBuyer": false
        }
    ]
]