[
    [
        {
            "rating": 4, 
            "helpful": 67, 
            "author": "Sudhakar Tadikonda", 
            "text": "Its 3 day am using this product\n\nPros:1) The phone is so slim and weight also less compare to other mid range mobiles.\n2) Camera is good, selfies are awesome.\n3) Audio is as usual. HTC made its mark.\n\nCons:\n1)I feel draining of battery is little fast. May be its because of 5.5 inch LCD screen. But you can go for power saver mode.\n\nRemaining every thing is superb!!!!! Value for your each penny.", 
            "title": "Just Awesome!!", 
            "certBuyer": true
        }
    ], 
    [
        {
            "rating": 2, 
            "helpful": 247, 
            "author": "Ranjeet Kumar", 
            "text": "This is my first HTC phone. i bought this device on 6th jan, and i m writing this review after almost 25 days. \nI will mention some pros and cos.\nPros- \nCamera is good.\nScreen size-5.5\" which is good.\nAndroid lollipop which is good.\nNormal operation seems good.\n\nCons-\nbattery back up is not good, it works for 12 hours and then you have to again charge it.\nCharging time is about 2.5 to 3 hrs.\nPhone is hanging some time after i installed some applications.\nHeating problem- Its heat up a lot during wifi usage and calling. you cannot talk more than 15 minutes.", 
            "title": "HTC- Not good as expected", 
            "certBuyer": true
        }
    ], 
    [
        {
            "rating": 5, 
            "helpful": 183, 
            "author": "Satyajeet Kushwaha", 
            "text": "If you are looking for smart phone between 18-20k. This is beast of all.\nLook is very classy in pearl white.\nPhone is very slim and light weighted.\nThe display is vibrant. Plays all videos with full color flow  without lag.\nThe sound is the quality feature, boosted with Dolby and dual speaker on front gives it extra power and also the voice is very clear.\nThe gaming capacity of phone is also up to mark. I didnt play any heave games though but its very good for normal games.\nThe phone is boosted with 2 gb ram and dosent lags at any point, It didnt hanged for a single instance.\nCamera is best, front camera is 4 but believe me it gives so clear pic that looks decent much more than that.\nIf you are HTC lover go for it.", 
            "title": "HTC at its Best", 
            "certBuyer": true
        }
    ], 
    [
        {
            "rating": 5, 
            "helpful": 94, 
            "author": "Balu  Rajasekaran", 
            "text": "Got it on the very first day of the launch. Worth it. Best phone for selfies....awesome clarity with ultra pixel front camera. Battery backup is good. I would recommend to go for it.", 
            "title": "Back with Bang", 
            "certBuyer": true
        }
    ], 
    [
        {
            "rating": 4, 
            "helpful": 25, 
            "author": "Binesh Babu", 
            "text": "I bought this phone only because Flipkart provided me exchange offer for my old Nexus 5.\nHave been using it for the past 3 weeks. Overall, I wouldn't recommend this phone.\n\nPros:\n1. Display is good, for watching videos or typing email/chatting.\n2. Light weight: The phone is really sleak and light, very handy to handle.\n3. Camera quality is excellent\n4. Battery is decent for a normal user\n5. No overheating has been observed so far.\n\nCons\n1. I am terribly disappointed with the response speed of the phone. You can clearly observe a lag while opening any app, even after disabling most of the pre-installed useless htc apps. Apparently, the MedaTek processor is good only on paper.\n2. Extremely substandard accessories. The earphone broke within 3 days after delivery.\n3. The phone does not have a premium look, the panel is made out of plastic.\n3. Charging is really slow\n\n\nI would recommend Nexus 5x/ Moto X over this product.", 
            "title": "Not an exciting phone", 
            "certBuyer": true
        }
    ], 
    [
        {
            "rating": 1, 
            "helpful": 9, 
            "author": "Rahul Dabas", 
            "text": "Very bad experience with the phone after using it for around 9 months. Below is list of problems.\n1.Touch Screen was not working. So repaired it.\n2.Speaker volume reduced badly.\n3.After all this suddenly motherboard is gone.", 
            "title": "Very bad product", 
            "certBuyer": true
        }
    ], 
    [
        {
            "rating": 5, 
            "helpful": 49, 
            "author": "Arun KP", 
            "text": "The look and feel of the phone is just beautiful with vibrant display and colours. Although the sound feels the bit low at max volume, it's still better than samsung.\nThe side panels gives you a good grip of the phone and plastic on the back gives a premium look.\nLight weight, looks very good on hand.\nA great buy overall.\nI would recommend it.", 
            "title": "Safe bet, Elegant phone at this price range", 
            "certBuyer": true
        }
    ], 
    [
        {
            "rating": 5, 
            "helpful": 25, 
            "author": "Aman Patial", 
            "text": "1. AWESOME MID RANGE PHONE FOR HTC LOVERS.\n2. CAMERA - 13 MP PICTURE QUALITY IS VERY GOOD, 4 UP SELFIE QUALITY IS AWESOME ;)\n3. EVERYTHING IS VERY GOOD ,EVEN BATTERY BACKUP.", 
            "title": "HTC DESIRE 828 DUAL SIM", 
            "certBuyer": true
        }
    ], 
    [
        {
            "rating": 5, 
            "helpful": 20, 
            "author": "Naveen Kumar", 
            "text": "Great service by Flipkart, delivered in a day, not even choosed fast delivery..\n\nHTC828- Great mobile with fantastic features....\nCamera-awesome, selfies are unbelievable. Camera clarity really superb...battery good,", 
            "title": "Excellent mobile....!", 
            "certBuyer": true
        }
    ], 
    [
        {
            "rating": 4, 
            "helpful": 42, 
            "author": "Rohit  Bagga", 
            "text": "I have been using this phone for the past 2 weeks and this is my first review ever, so I will try to be as honest as possible. \nHTC has been gaining popularity in the mid-segment market with prices that are comfortable on the pocket and providing features that match these prices. HTC Desire 828 is yet another example.\nHere are the pros and cons: \nPROs:\n1. Excellent camera, both front and rear. The 4UP front camera is breathtaking. Even low-light pictures come to life. The rear camera is good. HTC has continued with a 13MP camera and this decision has been good so far.\n2. The design of this phone is very good. An overall plastic body makes it far more lightweight than it's competitors in the market. Rounded corners and a smooth back panel make it easier to hold and provide a firm grip.\n3. The screen is a 5.5\" full HD display with a 1920X1080 resolution, best in it's segment. Colors are really bright and display is very sharp. Watching movies, videos or playing games is much more appealing. \n4. A 2GB RAM, a Mediatek octa-core processor clocked at 1.5Ghz + Mali MT6753T processor make multi-tasking a piece of cake. Although some people believe that Snapdragon is better, trust me, I feel no different.\n5. The phone comes with Android 5.1 Lollipop out of the box with HTC's very own Sense 7.0 customization. They make a very nice couple and this in turn will make you happy while using the phone. There have been speculations that it might get updated to Android 6.0 Marshmallow, however a confirmation from HTC is still awaited. \n6. Dual BoomSound Speakers with Dolby 5.1 Surround Sound happen to be a feather on the cap. Speakers are really loud and the sound is really crisp and clear. Speakers are front facing so if you are watching a video or playing games, the speakers provide an immersive audio which is really exhilarating. And yes, Dolby works with the earphones too, so yes, you will really enjoy your music. \nCONs:\n1. Battery seems to be a major issue. It has a 2800mAh battery which might not be enough for people who happen to use their phone almost everytime. Without the wifi or mobile data on, you will get a good kick out of the battery and it will run for a day. Otherwise, it will last for 12-14 hours. The battery saver option provided in this phone is good and it will conserve the juice more and will extend the battery life to a maximum of 45 minutes- 1 hour, depending on the usage.\n2. Heating issues. If you are playing games or watching movies, excessively, then the phone will heat up. I faced a specific problem that the phone was heating up when I was using it while charging. You might have to keep your phone aside during that time. If it heats up frequently, shut it down and switch it on again. That might help. \n\nSo guys, all in all the phone is a worth of your hard earned money. Apart from other phone in the desire family, 828 clearly stands out. If you feel like buying it, do not hesitate. \nBest wishes", 
            "title": "HTC Desire 828 Dual Sim Review", 
            "certBuyer": true
        }
    ], 
    [
        {
            "rating": 5, 
            "helpful": 33, 
            "author": "Shahidur Rahman", 
            "text": "After 10 days of usage.\n\n1. Sound : \n          Speaker : 70/100 Sound breaks on full volume\n          Call Quality : 80/100 Pretty clear. Could have been better\n\n2. Display : 95/100 Good display. Vibrant\n\n3. Camera : \n          Front : 100/100 Best for low light selfies\n          Rear : 85/100 Very good in day light. Better than other phones in low light\n\n4. Performance : 90/100 Till date no lagging with moderate apps\n\n5. Battery : \n           Backup : 85/100 Lasts full day with moderate use\n           Charging time : 50/100 Takes more than 2.5 hours\n\n6. HTC Sense : 85/100 Sense is friendly\n\n7. Ergonomy : 95/100 Very good design; easy to hold and operate buttons", 
            "title": "Best camera quality under this price range", 
            "certBuyer": true
        }
    ], 
    [
        {
            "rating": 1, 
            "helpful": 100, 
            "author": "Riju Jacob Rajan", 
            "text": "I've been having an HTC from 2008 - yes still running fine.\nThe new phone on the contrary was defective out of the box, so its fair to say they don't make them as they used to. One of the dual front speakers were not working (a whining sound was coming from it during sound playback)\n\nThe Flipkart's method of verifying if you return request is genuine has a lot to be desired.\nThe so called \"product specialist team\" has neither the expertise nor the skills to asses the issue at hand.\n\nI was asked to install some 3rd party app and after the remote 'troubleshooting' by the \"specialist\" I was told my phone is fine. The \"specialist\" was sure the phone had only one front speaker in spite of me saying it had 2. Finally the \"specialist\" got enlightened accepted there are indeed 2 speakers I was asked to choose between replace or refund.\nI opted for a refund. It was promptly picked-up.\n\nThe interaction with the \"specialist\" was truly a harrowing experience.\nEverything else was ok.", 
            "title": "HTC - Not that great anymore", 
            "certBuyer": true
        }
    ], 
    [
        {
            "rating": 1, 
            "helpful": 16, 
            "author": "Ashish Manavadariya", 
            "text": "Sim slot 2 does not support 3G/4G. It just support 2G. It has a no facilities to set default sim for call & SMS. Sound quality is average. Ear phones with this is not good enough. It is so much heating. Hanging sometimes.\n\nToday, if you buy a phone with 5000-6000 than only you will get 3G for both sim slots.\n\nI have bought this just 2 days before and I have found this much. It \u00e2??may have more bugs.\n\nYou can get much better configuration on this price in other brands. So don't be crazy with HTC. I think now a days HTC is just collecting money. Do not give us quality product.", 
            "title": "HTC Desire 828 is a worst product", 
            "certBuyer": true
        }
    ], 
    [
        {
            "rating": 4, 
            "helpful": 20, 
            "author": "Khushboo Singh", 
            "text": "HTC stands for it's brand.\n\n1.front camera selfie is awesome.\n2.excellent features and full HD resolution.\n3.I found only one disadvantage that it took much time to charge battery else everything is OK.", 
            "title": "HTC Brand name", 
            "certBuyer": true
        }
    ], 
    [
        {
            "rating": 5, 
            "helpful": 2, 
            "author": "Kamalakannan", 
            "text": "Awesome mobile & slim less weight...boom sound is awesome...user friendly handset with more setting.\nNo mobile have this pixel selfie camera & awesome.\nBattery back up is good not bad...", 
            "title": "Terrific purchase", 
            "certBuyer": true
        }
    ], 
    [
        {
            "rating": 3, 
            "helpful": 2, 
            "author": "Shubham Jha", 
            "text": "I purchased this for my father who wanted a phone from recognized brands only.\nA decent phone in all.\nPros:\n- Excellent Camera(OIS is a big plus)\n- Screen Quality is amazing.\n- Audio through two front face speakers are quite ravishing.\n-Looks pretty solid even with all the plastic body.\n\nCons-\n- Average Battery Life.\n-Sometime stutters( Better go with 3gb RAM).\n-Earpiece sound while attending call is a bitt on off side.\n-No further updates from HTC.Even a single update for MM would have been appreciated.\n-Sd card only upto 32 gb is supported.\n\nOverall a good device\nBut deprived from future Android updates.\nSo only purchase if u have to go with HTC", 
            "title": "Does the job", 
            "certBuyer": true
        }
    ], 
    [
        {
            "rating": 1, 
            "helpful": 3, 
            "author": "S. STEPHEN DHANASINGH", 
            "text": "Don't buy this phone friends. Battery draining very quickly. Heating up quickly. Finally don't buy this product...", 
            "title": "Unsatisfactory", 
            "certBuyer": true
        }
    ], 
    [
        {
            "rating": 5, 
            "helpful": 3, 
            "author": "Subhrakanti Sarkar", 
            "text": "One of the best CDMA +GSM Smartphone..", 
            "title": "Awesome", 
            "certBuyer": true
        }
    ], 
    [
        {
            "rating": 3, 
            "helpful": 3, 
            "author": "sss", 
            "text": "Please nillkin launch tempered glass for this product... or it ll b useless buying this phone...it doesnt have gorilla glass....NILLKIN TEMPERED GLASS PLEASE....\n\nFront camera is best...\nRear is good\nBut gives problem in gps...too much slow and cant detect most of the times", 
            "title": "NILLKIN PLEASE LAUNCH TEMPERED GLASS", 
            "certBuyer": true
        }
    ], 
    [
        {
            "rating": 5, 
            "helpful": 4, 
            "author": "Flipkart Customer", 
            "text": "Awesome phone...... the front camera is great....what I liked the most is its attire and display background.......a great mobile for the given price", 
            "title": "Classy product", 
            "certBuyer": true
        }
    ], 
    [
        {
            "rating": 5, 
            "helpful": 4, 
            "author": "Neel Gupta", 
            "text": "I appreciate seller for quality product and on time delivery with well packing... what else you want ??? Grate job.. Keep it up!!!!!!!! \n\nAbout product after usage of 10days.. battery is good stay 1 and half day if you use normal... slick design and its HTC.. So no question further.", 
            "title": "10/10", 
            "certBuyer": true
        }
    ], 
    [
        {
            "rating": 5, 
            "helpful": 8, 
            "author": "Nausheen Hajira", 
            "text": "excellent features, excellent resolution and audio, the most striking feature of ultrapixel front camera is par excellent with finer details... really 110% satisfied... it stands for its brand.. value for money....", 
            "title": "AWESOME PRODUCT; VALUE FOR MONEY", 
            "certBuyer": true
        }
    ], 
    [
        {
            "rating": 1, 
            "helpful": 5, 
            "author": "Sandesh", 
            "text": "It has the very low upper speaker. Every time I should  use the headset while calling.\nBattery backup is very poor.", 
            "title": "HTC-Desire 828 Dual Sim", 
            "certBuyer": true
        }
    ], 
    [
        {
            "rating": 5, 
            "helpful": 2, 
            "author": "HIMANSU GAIN", 
            "text": "Very first Delivery...\nI am so happy...\nThis phone is awesome...\nPhone camera is best.....\nMobile performance is Good...\nFrnd's buy this phone...", 
            "title": "HTC DESIRE 828 DUAL SIM IS AWESOME...", 
            "certBuyer": true
        }
    ], 
    [
        {
            "rating": 2, 
            "helpful": 1, 
            "author": "Sujitkumar Gawade", 
            "text": "826 best than 828", 
            "title": "Could be way better", 
            "certBuyer": true
        }
    ], 
    [
        {
            "rating": 4, 
            "helpful": 1, 
            "author": "Flipkart Customer", 
            "text": "Good", 
            "title": "Good choice", 
            "certBuyer": true
        }
    ], 
    [
        {
            "rating": 1, 
            "helpful": 1, 
            "author": "Jitendra Dubey", 
            "text": "Not calling with jio sim.", 
            "title": "Useless product", 
            "certBuyer": true
        }
    ], 
    [
        {
            "rating": 2, 
            "helpful": 1, 
            "author": "DEBASHIS DAS", 
            "text": "Its working very slow...", 
            "title": "Bad quality", 
            "certBuyer": true
        }
    ], 
    [
        {
            "rating": 1, 
            "helpful": 1, 
            "author": "Sankar  A", 
            "text": "Worst mobile ever seen. Camera not working and display gone  -5.", 
            "title": "Utterly Disappointed", 
            "certBuyer": true
        }
    ], 
    [
        {
            "rating": 3, 
            "helpful": 1, 
            "author": "Janu K", 
            "text": "Not working properly", 
            "title": "Awesome", 
            "certBuyer": true
        }
    ], 
    [
        {
            "rating": 4, 
            "helpful": 1, 
            "author": "Subhajit Singha", 
            "text": "grt to use\nhtc boomsound with dolby audio mind blowing\ncamera aswm specialy selfie\nrequired some more battery life\nover all jst grt", 
            "title": "aswm device ...", 
            "certBuyer": true
        }
    ], 
    [
        {
            "rating": 5, 
            "helpful": 0, 
            "author": "arun malik", 
            "text": "Charger provided by you got damaged soon infact i brought new charger from shop is still working well from last 3 years", 
            "title": "Awesome", 
            "certBuyer": true
        }
    ], 
    [
        {
            "rating": 5, 
            "helpful": 1, 
            "author": "Dharmendhar TCS", 
            "text": "I got it for 12500 on deals of the day.it value for money spent.", 
            "title": "Terrific purchase", 
            "certBuyer": true
        }
    ], 
    [
        {
            "rating": 5, 
            "helpful": 1, 
            "author": "prem", 
            "text": "Best for the price 12500/-", 
            "title": "Fabulous!", 
            "certBuyer": true
        }
    ], 
    [
        {
            "rating": 3, 
            "helpful": 5, 
            "author": "varun", 
            "text": "Writing this review after using for 2weeks, before that using MotoX2(2014).\n\n1. Mobile feels very light while holding, but look wise felt like a low end phone especially the thin line (in gold color) is worst.\n\n2. Mobile performance is OK OK, observed hangs(while opening any APP) some time when some 10 apps are running in background..\n\n3. Display clarity is good.\n\n4. Both front and rear cameras are super when compare to my previous mobile.\n\n5. Battery comes for 12-13hrs on a moderate usage on single SIM.\n\nLast one: Mobile comes with Lolipop 5.1, no news of Marshmallow upgrade", 
            "title": "Don't expect much from this", 
            "certBuyer": true
        }
    ], 
    [
        {
            "rating": 5, 
            "helpful": 8, 
            "author": "SYED ALAY NAIYAR", 
            "text": "After using this mobile for 40 days i am going to review it.\n\nIf you are freak to HTC like me then in one sentence.... GO FOR IT !!!!\n\nIf not then you have many other mobile options in this budget.\nFront camera is awesome (ultra pixel) an the rear one is similar as HTC other mobile camera. Slim body and good touch. Battery backup is good till now, about 24-30 hrs on 3G.\nHeadset is of ordinary quality. Good dolby sound.\n\nRecently I got a complaint of getting hanged for a while but after that it works smoothly.", 
            "title": "HTC freak", 
            "certBuyer": true
        }
    ], 
    [
        {
            "rating": 5, 
            "helpful": 3, 
            "author": "Vikas Bhilawade", 
            "text": "Just Loved it, Thnx Flipkart", 
            "title": "Highly recommended", 
            "certBuyer": true
        }
    ], 
    [
        {
            "rating": 5, 
            "helpful": 5, 
            "author": "Utkarsh Tiwari", 
            "text": "To start with.. The \"Selfie\" camera is just awesome and the rear cam. is equally great; maintaining the brand of \"HTC\". Along with great cameras, the device is very light weight, handy and looks very sexy; a delight for HTC lovers. \nI've been using it for a month and have not experienced any lags in moderate usage.\nThe battery backup is also good. Without any sim card and full usage of all other features makes the battery last for about 1.5 days.", 
            "title": "Awesome buy at 20K; lots of self-praise and by friends", 
            "certBuyer": true
        }
    ], 
    [
        {
            "rating": 4, 
            "helpful": 2, 
            "author": "sachin kasabe", 
            "text": "Pro: Good display, audio. light in weight, decent battery.\nCon: Heavy games not play well like asphalt airborne, delicate to handle.  Support is not available at many service centers for HTC phones purchased online. i have got this info when i had visited HTC Kalyan service center for small issue and they ask me to take phone to kurla Service center.", 
            "title": "Good phone at 20k", 
            "certBuyer": true
        }
    ], 
    [
        {
            "rating": 1, 
            "helpful": 3, 
            "author": "Mithun E K", 
            "text": "Do not be biased by it's stylish appearance. This is a useless product. My phone's display started becoming bad after 3 months, even though it did not fell down. Now, the display is almost completely gone after 6 months. Also, the phone hangs some times. Customer service or replacement of parts may not be available outside India. I live in Germany and bought this from Flipkart in India. There is no proper customer support available for this product.", 
            "title": "Useless product, do not buy this", 
            "certBuyer": true
        }
    ], 
    [
        {
            "rating": 2, 
            "helpful": 2, 
            "author": "Arnab Sen", 
            "text": "Battery back up poor.\nPhone hanging issue.\nHeating problem.\n**Most Importantly 3G/4G is available is only available at first slot.", 
            "title": "Bad quality", 
            "certBuyer": true
        }
    ], 
    [
        {
            "rating": 1, 
            "helpful": 2, 
            "author": "Aamir Nazir", 
            "text": "Although it is good phone but as mentioned it supports band 5 for LTE services, I found it not working on same band which Jio is using for voice", 
            "title": "LTE Band 5 not supporting", 
            "certBuyer": true
        }
    ], 
    [
        {
            "rating": 4, 
            "helpful": 1, 
            "author": "Flipkart Customer", 
            "text": "I gifted this phone to my father in law after much research on different smart phones available in market. For an octagenerian i wanted a smart phone which will be convenient to use and also has a brand name. Nice choice for its easy applications and convenient features -- my F-I-N is happy using it. Tough job -- solved well!!", 
            "title": "Value-for-money", 
            "certBuyer": true
        }
    ], 
    [
        {
            "rating": 5, 
            "helpful": 1, 
            "author": "Flipkart Customer", 
            "text": "Mobile is awesome...fantastic rear camera excellent front camera...u r a camera lover u must have this phone...over all phone is excellent...this phone beat j7 and s5 ....this one of the best budget phone  ever...and anybody only buy this phone from flip kart because there is no issue..if any issues u can exchange the item or refund the money...it's very safty online store..I purchased this phone from flikart so I recommended...", 
            "title": "Terrific", 
            "certBuyer": true
        }
    ], 
    [
        {
            "rating": 5, 
            "helpful": 1, 
            "author": "Priya Ranjan  Panda ", 
            "text": "With in the range of 14000/15000 HTC is fantastic", 
            "title": "Just wow!", 
            "certBuyer": true
        }
    ], 
    [
        {
            "rating": 3, 
            "helpful": 1, 
            "author": "Selvaraj R", 
            "text": "Battery heating Problem.", 
            "title": "FINE!BUT NOT FOR HANDLING", 
            "certBuyer": true
        }
    ], 
    [
        {
            "rating": 4, 
            "helpful": 1, 
            "author": "Rajeswari Mypati", 
            "text": "Phone is nice, received in a very good condition and delivered very very quickly. I would like to thank seller for sending item quickly.", 
            "title": "HTC Desire and seller review", 
            "certBuyer": true
        }
    ], 
    [
        {
            "rating": 5, 
            "helpful": 2, 
            "author": "Shrikant Pujar", 
            "text": "Elegant as always. HTC been the first to launch Android years ago has still maintained it's standards. This phone too is a masterpiece. Have had no issues so far. Forget these cheap Samsung, one plus or other craps and simply go with HTC", 
            "title": "Brilliant", 
            "certBuyer": true
        }
    ], 
    [
        {
            "rating": 1, 
            "helpful": 2, 
            "author": "Ravi Chandu", 
            "text": "I got the piece one month back. I received a  defective one which was observed later. Because of their terms and conditions so and so they haven't provided any resolution directly by them. The defect is the display is suddenly getting blank and unable to interact with the phone for a while. I observed these defects after 15 days. Please keep in mind that HTC replacement policy for defective piece is only for 14 days after the purchase. If you buy from flipkart just please thoroughly check. Except that defect  the desire 828 is Good.  Camera is nice as always. Performance is also good. Forgot to mention there is problem with notification service. Every notification i got is always delayed for minute to some times hours. There are a few minor problems regarding page reloading every time when you navigate in to any page.", 
            "title": "Good product, worse service", 
            "certBuyer": true
        }
    ], 
    [
        {
            "rating": 3, 
            "helpful": 1, 
            "author": "Ravi Kumar Prabhakar", 
            "text": "Average phone.Battery is draining too fast, even in standby mode. Not for heavy users.Okay for beginers", 
            "title": "Do Not Expect too much", 
            "certBuyer": true
        }
    ], 
    [
        {
            "rating": 5, 
            "helpful": 1, 
            "author": "roshan arora", 
            "text": "Using it for more then 8 months . Very sleek and lightweight. Superb front camera. Earphones didn't last long. User friendly and  true justice to HTC brand", 
            "title": "Brilliant", 
            "certBuyer": true
        }
    ], 
    [
        {
            "rating": 4, 
            "helpful": 1, 
            "author": "Roman prasad", 
            "text": "It's one of the best mobile in HTC desire series.I bought this HTC desire 828 before  one month ,it works nice,i can't feel any lag in this phone,\nThe cemra quality is outstanding both front & rear\nThe battery backup is OK for normal users\nThe processor is excellent.\nThe look is awesome.", 
            "title": "Outstanding mobile in HTC", 
            "certBuyer": true
        }
    ], 
    [
        {
            "rating": 5, 
            "helpful": 0, 
            "author": "Karthik Lekshman", 
            "text": "Nice ..one....", 
            "title": "Brilliant", 
            "certBuyer": true
        }
    ], 
    [
        {
            "rating": 3, 
            "helpful": 0, 
            "author": "atul malhotra", 
            "text": "The phone wasnt required so requested to be returned not acceded to not satisfied at all", 
            "title": "Dissatisfied", 
            "certBuyer": true
        }
    ], 
    [
        {
            "rating": 1, 
            "helpful": 0, 
            "author": "Flipkart Customer", 
            "text": "Worse phone vrey poor battery backup and little display smoothness", 
            "title": "Hated it!", 
            "certBuyer": true
        }
    ], 
    [
        {
            "rating": 4, 
            "helpful": 0, 
            "author": "Flipkart Customer", 
            "text": "Not bad", 
            "title": "Wonderful", 
            "certBuyer": true
        }
    ], 
    [
        {
            "rating": 4, 
            "helpful": 0, 
            "author": "Flipkart Customer", 
            "text": "Nicee", 
            "title": "awesome produuct", 
            "certBuyer": true
        }
    ], 
    [
        {
            "rating": 5, 
            "helpful": 0, 
            "author": "Ratheesh S", 
            "text": "Awesome!!\nAWESOME MID RANGE PHONE FOR HTC LOVERS. CAMERA - 13 MP PICTURE QUALITY IS VERY GOOD, 4 UP SELFIE QUALITY IS AWESOME ,EVERYTHING IS VERY GOOD ,EVEN BATTERY BACKUP", 
            "title": "Fabulous!", 
            "certBuyer": true
        }
    ], 
    [
        {
            "rating": 1, 
            "helpful": 0, 
            "author": "Harshit jain", 
            "text": "Worst product ever seen", 
            "title": "Hated it!", 
            "certBuyer": true
        }
    ], 
    [
        {
            "rating": 4, 
            "helpful": 0, 
            "author": "Flipkart Customer", 
            "text": "This phone is best in this price range,the only drawback is low light camera performance.", 
            "title": "Good quality product", 
            "certBuyer": true
        }
    ], 
    [
        {
            "rating": 5, 
            "helpful": 0, 
            "author": "Flipkart Customer", 
            "text": "Good product satisfied", 
            "title": "Wonderful", 
            "certBuyer": true
        }
    ], 
    [
        {
            "rating": 4, 
            "helpful": 0, 
            "author": "partha mandal", 
            "text": "Timely delivered, genuine product and functioning very well.", 
            "title": "Nice one", 
            "certBuyer": true
        }
    ], 
    [
        {
            "rating": 3, 
            "helpful": 0, 
            "author": "Rakesh Kumar ", 
            "text": "Battery back up is very low", 
            "title": "Just okay", 
            "certBuyer": true
        }
    ], 
    [
        {
            "rating": 1, 
            "helpful": 0, 
            "author": "Akhilesh Rai", 
            "text": "Will not recommend anyone to go for HTC. I'm regretting my decision.\n1- It's not audible during ongoing call. \n2- Network problem.\n3- Battery backup is worst.\n4- It takes 3/4hrs to fully charge the mobile.\n5- No update since launch to till date of Android version.\n6- Don't support volte.", 
            "title": "Unsatisfactory", 
            "certBuyer": true
        }
    ], 
    [
        {
            "rating": 1, 
            "helpful": 0, 
            "author": "Darshan kumar Baghel", 
            "text": "Very bad item  , money  vestige, do not buy", 
            "title": "Worthless", 
            "certBuyer": true
        }
    ], 
    [
        {
            "rating": 3, 
            "helpful": 0, 
            "author": "Flipkart Customer", 
            "text": "Battery draining fast and touch not working good and some times hanging avarage mobile please dont bye this guys", 
            "title": "Decent product", 
            "certBuyer": true
        }
    ], 
    [
        {
            "rating": 4, 
            "helpful": 0, 
            "author": "Flipkart Customer", 
            "text": "Happy for using HTC phone number is828", 
            "title": "Good choice", 
            "certBuyer": true
        }
    ], 
    [
        {
            "rating": 4, 
            "helpful": 0, 
            "author": "Flipkart Customer", 
            "text": "Best Ever Mobile for taking selfie \n\nPhone will look rich on u r hand specifically white\n\nSim insert will be difficult,have to handle very carefully", 
            "title": "Good choice", 
            "certBuyer": true
        }
    ], 
    [
        {
            "rating": 4, 
            "helpful": 0, 
            "author": "Yogesh gupta Gupta", 
            "text": "nyc mobile in low rate the front cam is awsm", 
            "title": "Good quality product", 
            "certBuyer": true
        }
    ], 
    [
        {
            "rating": 4, 
            "helpful": 0, 
            "author": "Flipkart Customer", 
            "text": "Good", 
            "title": "Delightful", 
            "certBuyer": true
        }
    ], 
    [
        {
            "rating": 5, 
            "helpful": 0, 
            "author": "Sabbir Kader", 
            "text": "Super", 
            "title": "Excellent", 
            "certBuyer": true
        }
    ], 
    [
        {
            "rating": 2, 
            "helpful": 0, 
            "author": "Flipkart Customer", 
            "text": "Poor battery  backup ,\nCharging problems .", 
            "title": "Nice", 
            "certBuyer": true
        }
    ], 
    [
        {
            "rating": 2, 
            "helpful": 0, 
            "author": "SAIKAT KAYAL", 
            "text": "Not good", 
            "title": "Expected a better product", 
            "certBuyer": true
        }
    ], 
    [
        {
            "rating": 5, 
            "helpful": 0, 
            "author": "Guru Prasad", 
            "text": "It's good", 
            "title": "Wonderful", 
            "certBuyer": true
        }
    ], 
    [
        {
            "rating": 4, 
            "helpful": 0, 
            "author": "Flipkart Customer", 
            "text": "Vry nyc product", 
            "title": "Nyc", 
            "certBuyer": true
        }
    ], 
    [
        {
            "rating": 4, 
            "helpful": 0, 
            "author": "Flipkart Customer", 
            "text": "Good phone", 
            "title": "Nice product", 
            "certBuyer": true
        }
    ], 
    [
        {
            "rating": 5, 
            "helpful": 0, 
            "author": "Milan Agravat", 
            "text": "By time passes it becomes slow...very good rear and front camera", 
            "title": "Must buy!", 
            "certBuyer": true
        }
    ], 
    [
        {
            "rating": 5, 
            "helpful": 0, 
            "author": "chandan  kumar", 
            "text": "Best deal", 
            "title": "Classy product", 
            "certBuyer": true
        }
    ], 
    [
        {
            "rating": 5, 
            "helpful": 0, 
            "author": "Aditya pratap  Singh ", 
            "text": "best mobile in bugged...", 
            "title": "Just wow!", 
            "certBuyer": true
        }
    ], 
    [
        {
            "rating": 4, 
            "helpful": 0, 
            "author": "Flipkart Customer", 
            "text": "Good product", 
            "title": "Wonderful", 
            "certBuyer": true
        }
    ], 
    [
        {
            "rating": 2, 
            "helpful": 0, 
            "author": "Pramod Pandey", 
            "text": "I M using this phone from last 20 days its battery performance is so poor .......\ni cant believe a 2800 mah battery can drain like this .....enven its new fon just 20 days old product......battery drains so fast ...\npoor battery from a quality manufacturer", 
            "title": "bad battery performance", 
            "certBuyer": true
        }
    ], 
    [
        {
            "rating": 2, 
            "helpful": 0, 
            "author": "Amrit Raj Ghosh", 
            "text": "I am posting this review after 11 months of usage. It does basic functions pretty well but sometimes does not recognize touch and has become very slow. Even with moderate usage the battery remains charged for only about 12 hours. But delivery by flipkart was very good and prompt.", 
            "title": "Slow mobile, u can get better ones with the same budget", 
            "certBuyer": true
        }
    ], 
    [
        {
            "rating": 4, 
            "helpful": 0, 
            "author": "Prince  Varghese", 
            "text": "Delivered one day before..packing was good and satisfied with the product....", 
            "title": "Good choice", 
            "certBuyer": true
        }
    ], 
    [
        {
            "rating": 1, 
            "helpful": 0, 
            "author": "Flipkart Customer", 
            "text": "After using Jio 4g sim it's totally hanged . Don't waste your money", 
            "title": "Very poor", 
            "certBuyer": true
        }
    ], 
    [
        {
            "rating": 1, 
            "helpful": 0, 
            "author": "Flipkart Customer", 
            "text": "Worse than expected. Charging issue, sound issue. 20000/- all in vain.", 
            "title": "Not recommended at all", 
            "certBuyer": true
        }
    ], 
    [
        {
            "rating": 4, 
            "helpful": 0, 
            "author": "Flipkart Customer", 
            "text": "Good", 
            "title": "Very Good", 
            "certBuyer": true
        }
    ], 
    [
        {
            "rating": 4, 
            "helpful": 0, 
            "author": "Jossy Jacob", 
            "text": "Good phone", 
            "title": "Very Good", 
            "certBuyer": true
        }
    ], 
    [
        {
            "rating": 4, 
            "helpful": 0, 
            "author": "Rudranil Pal", 
            "text": "Beautiful phone but with some adjustments.\n\nExcellent OIS rear camera and best in class Selfie camera with HTC ultrapixel. \nDual stereo speakers are grt.  So is dolby audio via headfones.\nDisplay is saturated and crisp.\n\nBattery improves after a week usage. \nPerformance is satisfactory. Disable some OS animations from developers options.\nStorage is lil less but can be adjusted. \n\nAs of now.. you will get 3 updates of total 1gb. Update it. You will get good performance from phone. \n\nGet a tempered glass. Screen has no protection. Can break.\n\nFor multimedia users this is a awesome phone which can do fair level of multitasking too.", 
            "title": "Really Nice", 
            "certBuyer": true
        }
    ], 
    [
        {
            "rating": 1, 
            "helpful": 0, 
            "author": "Flipkart Customer", 
            "text": "Worst mobile continously heating problem, we have to charge upto 4 hours for full chRge", 
            "title": "One Star", 
            "certBuyer": true
        }
    ], 
    [
        {
            "rating": 3, 
            "helpful": 0, 
            "author": "Flipkart Customer", 
            "text": "Support CDMA ( tata indicom)card  in first slot????", 
            "title": "Three Stars", 
            "certBuyer": true
        }
    ], 
    [
        {
            "rating": 4, 
            "helpful": 0, 
            "author": "Flipkart Customer", 
            "text": "Nice", 
            "title": "Four Stars", 
            "certBuyer": true
        }
    ], 
    [
        {
            "rating": 1, 
            "helpful": 0, 
            "author": "Flipkart Customer", 
            "text": "Speaker problem", 
            "title": "One Star", 
            "certBuyer": true
        }
    ], 
    [
        {
            "rating": 4, 
            "helpful": 0, 
            "author": "AKHILESH T A", 
            "text": "quality good and working well", 
            "title": "Four Stars", 
            "certBuyer": true
        }
    ], 
    [
        {
            "rating": 4, 
            "helpful": 0, 
            "author": "SUBHANKAR DAS", 
            "text": "Awesome purchase for heavy user ever.", 
            "title": "htc user", 
            "certBuyer": true
        }
    ], 
    [
        {
            "rating": 5, 
            "helpful": 0, 
            "author": "Siddharth  Das", 
            "text": "Awesome phone at a very reasonable price.", 
            "title": "Classy product", 
            "certBuyer": true
        }
    ], 
    [
        {
            "rating": 5, 
            "helpful": 0, 
            "author": "Vishnu Vijay", 
            "text": "Good one", 
            "title": "Highly recommended", 
            "certBuyer": true
        }
    ], 
    [
        {
            "rating": 1, 
            "helpful": 0, 
            "author": "Adarsh Ranjan", 
            "text": "Sudden heat, hanging sometimes, no battery backup", 
            "title": "Not recommended at all", 
            "certBuyer": true
        }
    ], 
    [
        {
            "rating": 5, 
            "helpful": 0, 
            "author": "Flipkart Customer", 
            "text": "Light weight super", 
            "title": "Classy product", 
            "certBuyer": true
        }
    ], 
    [
        {
            "rating": 3, 
            "helpful": 0, 
            "author": "Souvik Das", 
            "text": "Good at this price range (10k).", 
            "title": "Just okay", 
            "certBuyer": true
        }
    ], 
    [
        {
            "rating": 1, 
            "helpful": 0, 
            "author": "Flipkart Customer", 
            "text": "Camera clarity worst, battery backup very poor", 
            "title": "Worthless", 
            "certBuyer": true
        }
    ], 
    [
        {
            "rating": 4, 
            "helpful": 0, 
            "author": "Dr sudeepa", 
            "text": "Crystal clear, 1yr of usage no phone lag or hang ,audio superb , camera best .... totally a great phone by HTC", 
            "title": "Awesome htc phone", 
            "certBuyer": true
        }
    ], 
    [
        {
            "rating": 4, 
            "helpful": 0, 
            "author": "Indra Kumar", 
            "text": "Nice", 
            "title": "Value-for-money", 
            "certBuyer": true
        }
    ], 
    [
        {
            "rating": 5, 
            "helpful": 0, 
            "author": "Indra pradeep", 
            "text": "I got my product within 3 days. Mobile was really good.worth for these price. And thank you flipkart for fast delivery.", 
            "title": "Brilliant", 
            "certBuyer": true
        }
    ], 
    [
        {
            "rating": 5, 
            "helpful": 0, 
            "author": "Flipkart Customer", 
            "text": "Very nice product", 
            "title": "Best in the market!", 
            "certBuyer": true
        }
    ], 
    [
        {
            "rating": 5, 
            "helpful": 0, 
            "author": "Anjali Maneesh", 
            "text": "Luv it", 
            "title": "Excellent", 
            "certBuyer": true
        }
    ], 
    [
        {
            "rating": 4, 
            "helpful": 0, 
            "author": "Flipkart Customer", 
            "text": "Only problem is taking 3 to 3.5 hours to charge battery fully, and SIM slot 2 is supporting only 2 G .", 
            "title": "Overall Performance is good", 
            "certBuyer": true
        }
    ], 
    [
        {
            "rating": 5, 
            "helpful": 0, 
            "author": "Yoti Biswas", 
            "text": "Original product and very fine service..battery backup also good..overall very nice product...", 
            "title": "Fabulous!", 
            "certBuyer": true
        }
    ], 
    [
        {
            "rating": 5, 
            "helpful": 0, 
            "author": "Harikesh Bahadur  Singh", 
            "text": "It very good phone. You can trust on htc brand.", 
            "title": "Got what i wanted.", 
            "certBuyer": true
        }
    ], 
    [
        {
            "rating": 5, 
            "helpful": 0, 
            "author": "Flipkart Customer", 
            "text": "Excellent product with all best features and quality encapsulated.", 
            "title": "Brilliant", 
            "certBuyer": true
        }
    ], 
    [
        {
            "rating": 4, 
            "helpful": 0, 
            "author": "AJAY RAWAT", 
            "text": "Nice Phone, Value of money.", 
            "title": "Nice Product", 
            "certBuyer": true
        }
    ], 
    [
        {
            "rating": 5, 
            "helpful": 0, 
            "author": "Flipkart Customer", 
            "text": "Nice looking fone and the front camera is superb.", 
            "title": "Mind-blowing purchase", 
            "certBuyer": true
        }
    ], 
    [
        {
            "rating": 5, 
            "helpful": 0, 
            "author": "AASHU Jain", 
            "text": "Good product", 
            "title": "Super!", 
            "certBuyer": true
        }
    ], 
    [
        {
            "rating": 5, 
            "helpful": 0, 
            "author": "Uttam Doke", 
            "text": "Excellant Product", 
            "title": "Mind-blowing purchase", 
            "certBuyer": true
        }
    ], 
    [
        {
            "rating": 4, 
            "helpful": 0, 
            "author": "Flipkart Customer", 
            "text": "Very good phone and camera quality is too good", 
            "title": "Value-for-money", 
            "certBuyer": true
        }
    ], 
    [
        {
            "rating": 5, 
            "helpful": 0, 
            "author": "Jagadish S", 
            "text": "Good", 
            "title": "Good", 
            "certBuyer": true
        }
    ], 
    [
        {
            "rating": 4, 
            "helpful": 0, 
            "author": "Archana Shrivastav", 
            "text": "Problem pertains with sim2 signal!!!", 
            "title": "Nice product", 
            "certBuyer": true
        }
    ], 
    [
        {
            "rating": 5, 
            "helpful": 0, 
            "author": "Flipkart Customer", 
            "text": "Good phone", 
            "title": "Just wow!", 
            "certBuyer": true
        }
    ], 
    [
        {
            "rating": 5, 
            "helpful": 0, 
            "author": "Shammi", 
            "text": "Nice very good", 
            "title": "Wonderful", 
            "certBuyer": true
        }
    ], 
    [
        {
            "rating": 4, 
            "helpful": 0, 
            "author": "Jagan Mohan Reddy Evuri", 
            "text": "I used this from last one year. I am happy with this phone.", 
            "title": "Excellent", 
            "certBuyer": true
        }
    ], 
    [
        {
            "rating": 5, 
            "helpful": 0, 
            "author": "Pankaj Tripathi", 
            "text": "Superb", 
            "title": "Excellent", 
            "certBuyer": true
        }
    ], 
    [
        {
            "rating": 2, 
            "helpful": 0, 
            "author": "Ramesh Suthar", 
            "text": "Not good for long run.\nI am feeling very bad that why i choose to purchase this mobile.", 
            "title": "Not good", 
            "certBuyer": true
        }
    ], 
    [
        {
            "rating": 5, 
            "helpful": 0, 
            "author": "Mallikarjuna pateel", 
            "text": "Nice product", 
            "title": "Brilliant", 
            "certBuyer": true
        }
    ], 
    [
        {
            "rating": 2, 
            "helpful": 0, 
            "author": "Ardhendu Choudhury", 
            "text": "Motherboard issue after 1 yr 3 months. Very disappointed by the device life.", 
            "title": "Slightly disappointed", 
            "certBuyer": true
        }
    ], 
    [
        {
            "rating": 1, 
            "helpful": 0, 
            "author": "Eldhose  Saju", 
            "text": "Not good", 
            "title": "Unsatisfactory", 
            "certBuyer": true
        }
    ], 
    [
        {
            "rating": 2, 
            "helpful": 0, 
            "author": "Flipkart Customer", 
            "text": "Heating Issue. Very irritating.\nGets instantly heated after turning on data. Earlier year I have bought the same but that was fine. Only this piece is having issue.", 
            "title": "Slightly disappointed", 
            "certBuyer": true
        }
    ], 
    [
        {
            "rating": 3, 
            "helpful": 0, 
            "author": "pranjal borah", 
            "text": "Good one.", 
            "title": "Review", 
            "certBuyer": true
        }
    ], 
    [
        {
            "rating": 4, 
            "helpful": 0, 
            "author": "Avinash lakra", 
            "text": "Good", 
            "title": "Very Good", 
            "certBuyer": true
        }
    ], 
    [
        {
            "rating": 4, 
            "helpful": 0, 
            "author": "Shinu  Fasiludeen", 
            "text": "Gud camara,simple to handle,no hanging", 
            "title": "htc 828", 
            "certBuyer": true
        }
    ], 
    [
        {
            "rating": 4, 
            "helpful": 0, 
            "author": "kamal kannan", 
            "text": "nice mobile", 
            "title": "Nice product", 
            "certBuyer": true
        }
    ], 
    [
        {
            "rating": 1, 
            "helpful": 0, 
            "author": "Vignesh R", 
            "text": "Worst battery life orelse good phone", 
            "title": "Very poor", 
            "certBuyer": true
        }
    ], 
    [
        {
            "rating": 5, 
            "helpful": 0, 
            "author": "Flipkart Customer", 
            "text": "Good product", 
            "title": "Wonderful", 
            "certBuyer": true
        }
    ], 
    [
        {
            "rating": 4, 
            "helpful": 0, 
            "author": "Flipkart Customer", 
            "text": "This is the phone if you need the best camera.HTC's ultra pixel camera is awesome.\nBattery is average.Need  charging after every 15 hours .\nI am rating it 4 for the camera ,stylish and sleek design and the fabulous display.", 
            "title": "best Camera-Average battery", 
            "certBuyer": true
        }
    ], 
    [
        {
            "rating": 4, 
            "helpful": 0, 
            "author": "Sana  Fatima", 
            "text": "Good", 
            "title": "Good choice", 
            "certBuyer": true
        }
    ], 
    [
        {
            "rating": 4, 
            "helpful": 0, 
            "author": "jefry jacob", 
            "text": "Good phone.super sound,loves the htc boom sound.front camera is great.rear camera is average.the phone used to heat up.feels bad for it.battery life is also average.the phone looks good.", 
            "title": "Good quality product", 
            "certBuyer": true
        }
    ], 
    [
        {
            "rating": 1, 
            "helpful": 0, 
            "author": "Flipkart Customer", 
            "text": "Poor in display. Display is getting blur day to day. I think product is not worthy for money", 
            "title": "Utterly Disappointed", 
            "certBuyer": true
        }
    ], 
    [
        {
            "rating": 5, 
            "helpful": 0, 
            "author": "md kamran akmal", 
            "text": "Perfect mobile", 
            "title": "Simply awesome", 
            "certBuyer": true
        }
    ], 
    [
        {
            "rating": 3, 
            "helpful": 0, 
            "author": "Chirag  Patel", 
            "text": "Never to buy online any handset", 
            "title": "Nice", 
            "certBuyer": true
        }
    ], 
    [
        {
            "rating": 1, 
            "helpful": 0, 
            "author": "Tusar kanti Chakrabortty", 
            "text": "Good camera quality. Phone is not  so good,network quality is poor in sim 1, price too high in this category . Look others", 
            "title": "Worth the money", 
            "certBuyer": true
        }
    ], 
    [
        {
            "rating": 1, 
            "helpful": 0, 
            "author": "Flipkart Customer", 
            "text": "This phone is very bad.. only camera is good.", 
            "title": "Biggest mistake of my life!", 
            "certBuyer": true
        }
    ], 
    [
        {
            "rating": 1, 
            "helpful": 0, 
            "author": "Satyendra kumar", 
            "text": "Over all good", 
            "title": "Absolute rubbish!", 
            "certBuyer": true
        }
    ], 
    [
        {
            "rating": 3, 
            "helpful": 0, 
            "author": "Flipkart Customer", 
            "text": "Screen is poor but phone is good", 
            "title": "Nice", 
            "certBuyer": true
        }
    ], 
    [
        {
            "rating": 3, 
            "helpful": 0, 
            "author": "Anurag Das", 
            "text": "Nice product in affordable price.", 
            "title": "Does the job", 
            "certBuyer": true
        }
    ], 
    [
        {
            "rating": 5, 
            "helpful": 0, 
            "author": "Flipkart Customer", 
            "text": "Good", 
            "title": "Met some expectations", 
            "certBuyer": true
        }
    ], 
    [
        {
            "rating": 4, 
            "helpful": 0, 
            "author": "venky", 
            "text": "Awsome phone, looks good, cam quality perfect, battery backup is the only con", 
            "title": "Worth the money", 
            "certBuyer": true
        }
    ], 
    [
        {
            "rating": 3, 
            "helpful": 0, 
            "author": "SOUMYA RANJAN SAHOO", 
            "text": "owsam mobile. Bt bttry bckup is bad....camera quality is fantastic....", 
            "title": "Must buy!", 
            "certBuyer": true
        }
    ], 
    [
        {
            "rating": 5, 
            "helpful": 0, 
            "author": "Flipkart Customer", 
            "text": "Nice product and nice service...only issue is battery backup", 
            "title": "Mind-blowing purchase", 
            "certBuyer": true
        }
    ], 
    [
        {
            "rating": 5, 
            "helpful": 0, 
            "author": "suraj Kumar  singh ", 
            "text": "Awesome", 
            "title": "Excellent", 
            "certBuyer": true
        }
    ], 
    [
        {
            "rating": 5, 
            "helpful": 0, 
            "author": "Avinash Kumar", 
            "text": "GENUINE PRODUCT", 
            "title": "GENUINE PRODUCT", 
            "certBuyer": true
        }
    ], 
    [
        {
            "rating": 4, 
            "helpful": 0, 
            "author": "Ranjan Kumar", 
            "text": "This phone is good for CDMA user since sim-1 is universal slot which supports CDMA and 4g both, but sim-2 support only2g. So if you are looking a phone in which both sim are 4G then go for other make and models. Camera is good front as well as rear.", 
            "title": "Good choice", 
            "certBuyer": true
        }
    ], 
    [
        {
            "rating": 4, 
            "helpful": 0, 
            "author": "Kundan Singh", 
            "text": "Good", 
            "title": "Nice product", 
            "certBuyer": true
        }
    ], 
    [
        {
            "rating": 4, 
            "helpful": 0, 
            "author": "Manoj  Chouhan", 
            "text": "Good camera and boom sound wowww....", 
            "title": "Good quality product", 
            "certBuyer": true
        }
    ], 
    [
        {
            "rating": 5, 
            "helpful": 0, 
            "author": "Flipkart Customer", 
            "text": "super", 
            "title": "Perfect product!", 
            "certBuyer": true
        }
    ], 
    [
        {
            "rating": 2, 
            "helpful": 0, 
            "author": "Flipkart Customer", 
            "text": "Camera is very good but compass is not working properly.", 
            "title": "Bad quality", 
            "certBuyer": true
        }
    ], 
    [
        {
            "rating": 5, 
            "helpful": 0, 
            "author": "Lokesh Vicky", 
            "text": "Great value for money the camera is awesome", 
            "title": "Simply awesome", 
            "certBuyer": true
        }
    ], 
    [
        {
            "rating": 5, 
            "helpful": 0, 
            "author": "Rajdeep  Ghosh", 
            "text": "Great 4G phone ...", 
            "title": "Super!", 
            "certBuyer": true
        }
    ], 
    [
        {
            "rating": 5, 
            "helpful": 0, 
            "author": "Sukanta Roy", 
            "text": "Great phone.  Super fast delivery by flipkart", 
            "title": "Terrific purchase", 
            "certBuyer": true
        }
    ], 
    [
        {
            "rating": 5, 
            "helpful": 0, 
            "author": "Abhishek Gupta", 
            "text": "Awesome phone and great price by flipkart", 
            "title": "Great Phone", 
            "certBuyer": true
        }
    ], 
    [
        {
            "rating": 5, 
            "helpful": 0, 
            "author": "Nitish Swami", 
            "text": "Very nice", 
            "title": "Simply awesome", 
            "certBuyer": true
        }
    ], 
    [
        {
            "rating": 5, 
            "helpful": 0, 
            "author": "Flipkart Customer", 
            "text": "Value for money.", 
            "title": "Fabulous!", 
            "certBuyer": true
        }
    ], 
    [
        {
            "rating": 4, 
            "helpful": 0, 
            "author": "Krishna Mohan", 
            "text": "Awesome experience of this produvt and big big thank you flipkart....", 
            "title": "Good choice", 
            "certBuyer": true
        }
    ], 
    [
        {
            "rating": 5, 
            "helpful": 0, 
            "author": "sameer abbas", 
            "text": "Good once.", 
            "title": "Terrific", 
            "certBuyer": true
        }
    ], 
    [
        {
            "rating": 5, 
            "helpful": 0, 
            "author": "Debasish  Dey", 
            "text": "Good quality products", 
            "title": "Terrific", 
            "certBuyer": true
        }
    ], 
    [
        {
            "rating": 4, 
            "helpful": 0, 
            "author": "AJAY CHOUDHARY", 
            "text": "Nice mobile in this price range", 
            "title": "Delightful", 
            "certBuyer": true
        }
    ], 
    [
        {
            "rating": 5, 
            "helpful": 0, 
            "author": "Flipkart Customer", 
            "text": "It's a low price mobile with great back&front cameras.", 
            "title": "Wonderful", 
            "certBuyer": true
        }
    ], 
    [
        {
            "rating": 1, 
            "helpful": 0, 
            "author": "Priyank Patel", 
            "text": "Rear camera not better.\nBoom sound speaker not actually book sound much better moto g4 plus sound", 
            "title": "Not recommended at all", 
            "certBuyer": true
        }
    ], 
    [
        {
            "rating": 5, 
            "helpful": 0, 
            "author": "AMIT GUPTA", 
            "text": "Hi,\nI am using from last 10 days, and I am happy with this phone,", 
            "title": "Nice phone", 
            "certBuyer": true
        }
    ], 
    [
        {
            "rating": 5, 
            "helpful": 0, 
            "author": "kuldeep singh", 
            "text": "This is a amgen phone cemra quality is so good and look and weight is cool finally htc phone is awesome", 
            "title": "Just wow!", 
            "certBuyer": true
        }
    ], 
    [
        {
            "rating": 1, 
            "helpful": 0, 
            "author": "Flipkart Customer", 
            "text": "the product gets .....heated even when I play games like candy crush for 4 mins........low battery back up.....", 
            "title": "heating issue......................", 
            "certBuyer": true
        }
    ], 
    [
        {
            "rating": 5, 
            "helpful": 0, 
            "author": "Md Anwar  Gani", 
            "text": "Nice ph thanx to flipkart", 
            "title": "Best in the market!", 
            "certBuyer": true
        }
    ], 
    [
        {
            "rating": 5, 
            "helpful": 0, 
            "author": "ashwini  das", 
            "text": "Very beautiful mobile & software condition is very good", 
            "title": "Mind-blowing purchase", 
            "certBuyer": true
        }
    ], 
    [
        {
            "rating": 1, 
            "helpful": 0, 
            "author": "Anupam Singh Parihar", 
            "text": "Poor perform hanging problem 3months", 
            "title": "Just wow!", 
            "certBuyer": true
        }
    ], 
    [
        {
            "rating": 5, 
            "helpful": 0, 
            "author": "Asim kumar Sahu", 
            "text": "Guys please don't buy this model of HTC.waste of money.", 
            "title": "Mind-blowing purchase", 
            "certBuyer": true
        }
    ], 
    [
        {
            "rating": 5, 
            "helpful": 0, 
            "author": "Flipkart Customer", 
            "text": "Value for money", 
            "title": "Excellent", 
            "certBuyer": true
        }
    ], 
    [
        {
            "rating": 4, 
            "helpful": 0, 
            "author": "SHAIKH MOHSIN", 
            "text": "Very Nice phone", 
            "title": "Very Good", 
            "certBuyer": true
        }
    ], 
    [
        {
            "rating": 3, 
            "helpful": 0, 
            "author": "vijay kumar", 
            "text": "Really good phone in this Range", 
            "title": "Above-average product", 
            "certBuyer": true
        }
    ], 
    [
        {
            "rating": 5, 
            "helpful": 0, 
            "author": "Hare Mondal", 
            "text": "Good", 
            "title": "Worth every penny", 
            "certBuyer": true
        }
    ], 
    [
        {
            "rating": 4, 
            "helpful": 0, 
            "author": "Badal Rajpoot", 
            "text": "Amazing HTC desire 828 but only sound quality is not so good . From Badal", 
            "title": "Really Nice", 
            "certBuyer": true
        }
    ], 
    [
        {
            "rating": 4, 
            "helpful": 0, 
            "author": "Flipkart Customer", 
            "text": "Nice..", 
            "title": "Worth the money", 
            "certBuyer": true
        }
    ], 
    [
        {
            "rating": 4, 
            "helpful": 0, 
            "author": "Flipkart Customer", 
            "text": "This mobile is very good sound  is amazing", 
            "title": "Don't waste your money", 
            "certBuyer": true
        }
    ], 
    [
        {
            "rating": 4, 
            "helpful": 0, 
            "author": "Pankaj Kumar Dutta", 
            "text": "Very good mobile performance. but totally disappointed by the battery.battery is draining very fast.\n\nMobile : 5 on 5 star\nBattery : 2 on 5 star", 
            "title": "Good mobile phones except battery", 
            "certBuyer": true
        }
    ], 
    [
        {
            "rating": 5, 
            "helpful": 0, 
            "author": "Anjan", 
            "text": "Good products", 
            "title": "Worth every penny", 
            "certBuyer": true
        }
    ], 
    [
        {
            "rating": 4, 
            "helpful": 0, 
            "author": "arun  steephen", 
            "text": "Super performance", 
            "title": "Worth the money", 
            "certBuyer": true
        }
    ], 
    [
        {
            "rating": 4, 
            "helpful": 0, 
            "author": "Flipkart Customer", 
            "text": "Battery backup is very good", 
            "title": "Good quality product", 
            "certBuyer": true
        }
    ], 
    [
        {
            "rating": 5, 
            "helpful": 0, 
            "author": "DHIRAJ kumar", 
            "text": "owsme look soo light weight  cemara qua\nlity so gud htc thanku for such amezimg smart phone", 
            "title": "Excellent", 
            "certBuyer": true
        }
    ], 
    [
        {
            "rating": 5, 
            "helpful": 0, 
            "author": "Apoorvam Kumar", 
            "text": "Awesome phone....  No comments!  Everything just perfect.!", 
            "title": "Terrific purchase", 
            "certBuyer": true
        }
    ], 
    [
        {
            "rating": 5, 
            "helpful": 0, 
            "author": "suresh naik", 
            "text": "I really love it n excellent device", 
            "title": "Simply awesome", 
            "certBuyer": true
        }
    ], 
    [
        {
            "rating": 5, 
            "helpful": 0, 
            "author": "Mohit Sharan", 
            "text": "Thanks to Flipkart!!! Nice phone!!!", 
            "title": "Terrific purchase", 
            "certBuyer": true
        }
    ], 
    [
        {
            "rating": 3, 
            "helpful": 0, 
            "author": "Flipkart Customer", 
            "text": "Best for selfie..slim mobile. But sound is low though it has dual speaker.\nSecond sim slot is only support gsm.so change for 3g between Sims we need to open the tray and swap it which is annoying.", 
            "title": "Good but nothing fancy", 
            "certBuyer": true
        }
    ], 
    [
        {
            "rating": 4, 
            "helpful": 0, 
            "author": "Flipkart Customer", 
            "text": "Smooth performance . Great ultra pixel camera , good speakers , light weight ... Less heat .. overall a very good pick .", 
            "title": "Great phone", 
            "certBuyer": true
        }
    ], 
    [
        {
            "rating": 5, 
            "helpful": 0, 
            "author": "vijay A", 
            "text": "Good quality but when compara to moto xplay\nIt's not good that much", 
            "title": "Good", 
            "certBuyer": true
        }
    ], 
    [
        {
            "rating": 4, 
            "helpful": 0, 
            "author": "Riya  Dutta ", 
            "text": "Very good ph.display,picture quality and batter is very good. And specially front camera is awesome.", 
            "title": "Very good ph...", 
            "certBuyer": true
        }
    ], 
    [
        {
            "rating": 5, 
            "helpful": 0, 
            "author": "PB", 
            "text": "Touch screen is very good. Resolution of back/front camera excellent. Takes good photos for Wide angle as well.\nUsing since six month, no problem so far. Sleek and elegant design.\n\nDelivery time of flipkart was awesome as usual.", 
            "title": "good product", 
            "certBuyer": true
        }
    ], 
    [
        {
            "rating": 4, 
            "helpful": 0, 
            "author": "Shyam Bhanushali", 
            "text": "i haved ordered this phone.... Its the best phone i hav ever used in such a reasonable price... best camera ever u can get in this price of phones nd tht to of HTC...", 
            "title": "best phone ever", 
            "certBuyer": true
        }
    ], 
    [
        {
            "rating": 4, 
            "helpful": 0, 
            "author": "Nitin Jain", 
            "text": "Good camera but bettry upset me otherwise resolution is good performance is good everything is ok", 
            "title": "Overall good phone", 
            "certBuyer": true
        }
    ], 
    [
        {
            "rating": 4, 
            "helpful": 0, 
            "author": "Hariharan", 
            "text": "Good phone from htc.. i got this 5 month ago\nCamera is working great", 
            "title": "HTC Disire 828 Gsm Cdma", 
            "certBuyer": true
        }
    ], 
    [
        {
            "rating": 5, 
            "helpful": 0, 
            "author": "Rizwan ullah S", 
            "text": "I bought this phone @18000 including discount.\n\nSo far it is good.\n\nPros:\n1.Selfie AWESOME\n2.Display\n3.Battery\n\nCons:\n1.Back camera is OK.\n2.Screen size , i was looking for 5 inch.\n3.Ram lagging. Even it is 2 GB. Required more.\n\nSo far so good. Go for it.", 
            "title": "Selfie phone", 
            "certBuyer": true
        }
    ], 
    [
        {
            "rating": 5, 
            "helpful": 0, 
            "author": "Naveen", 
            "text": "This is Awesome Phone, try it if you want to change your phone. It's one of the best phone in HTC desire series. Basically it's camera is awesome and battery backup is too good, and its totally decent phone. I request you all Pls use it at once. I buy this phone Jan 2016. And there is no problem till now\nThanks\nNaveen", 
            "title": "HTC Disire 828 Dual Sim", 
            "certBuyer": true
        }
    ], 
    [
        {
            "rating": 5, 
            "helpful": 0, 
            "author": "Arun Yadav", 
            "text": "Its called a smart phone, As I aspect I got it.\nits a top brand so you can believe it.\nand flipkat is a believable website to buy anything.\nCamera quality is so good, and looking so nice..", 
            "title": "Awesome Phone", 
            "certBuyer": true
        }
    ], 
    [
        {
            "rating": 5, 
            "helpful": 0, 
            "author": "Abhishek Makwana", 
            "text": "this is a good product of htc.. i got this 5 month ago and its a very good phone at this price. it is running good.. no heating problem.. slim.. nice looking phone. and has good camera too.", 
            "title": "best.. best.. best mobile ever", 
            "certBuyer": true
        }
    ], 
    [
        {
            "rating": 5, 
            "helpful": 0, 
            "author": "Prabhu R", 
            "text": "This is most worth product from Htc it is good for Photo lovers all good quality\nTouch is good very slim body & easy to use this Htc-828", 
            "title": "My HTC-828 Blacky", 
            "certBuyer": true
        }
    ], 
    [
        {
            "rating": 4, 
            "helpful": 0, 
            "author": "Neelesh Mazumdar", 
            "text": "All over is a good phone if you have CDMA number. All features are good , relabel, light weighted , but bet try life not more.", 
            "title": "gOOD PHONE", 
            "certBuyer": true
        }
    ], 
    [
        {
            "rating": 5, 
            "helpful": 0, 
            "author": "KUNAL Kakkar", 
            "text": "It is an amazing phone\nGood camera (both front and back)\nElegant User Interface (UI)\nHigh performance processor\nGood battery backup (turn off background data for application to increase battery life)\nAmazing sound - speakers are too good\n\nOverall a very good buy. Go for it. Using since last 10 days. Totally satisfied.", 
            "title": "A beauty from HTC", 
            "certBuyer": true
        }
    ], 
    [
        {
            "rating": 1, 
            "helpful": 2, 
            "author": "Flipkart Customer", 
            "text": "I have purchased HTC Desire 828 in Dec 2015 through Flipkart, few days back I came to know that the product delivered is not genuine. I trie to exchange this mobile through online to buy another mobile but IMEI number is not matching with the model(HTC Desire 828). So, iam unable to exchange the mobile. I checked with IMEI number in IMEI.INFO Website for product details, there it showed different model other than 828. So, flipkart is not selling genuine products. We can't trust flipkart as it is selling duplicate products.", 
            "title": "Horrible", 
            "certBuyer": true
        }
    ], 
    [
        {
            "rating": 3, 
            "helpful": 2, 
            "author": "Kiran pinky", 
            "text": "dear Flip Kart team my HTC Desire 828 Dual Sim mobile is good , in my box no head phones(ear phone)  please send the ear phone  that,s why am upset  please send the my ear phone", 
            "title": "missing  Head Phone (product is good)", 
            "certBuyer": true
        }
    ], 
    [
        {
            "rating": 1, 
            "helpful": 1, 
            "author": "Flipkart Customer", 
            "text": "Zero rating for the seller supercom and flipkart.. Replacement ka guarantee to karta h but replacement hta nhi h aur bolte h ki customer ne product receive krne se mNa kiya..koi isse kharido mat nhi to fasoge..kyunki khorap product receive kiya to replacement to nhi hoga but Flipkart,  seller aur courier wala Ekart ka notonki jrur dekhne milega...so sad", 
            "title": "Did not meet expectations", 
            "certBuyer": true
        }
    ], 
    [
        {
            "rating": 1, 
            "helpful": 1, 
            "author": "JATINDER KUMAR", 
            "text": "THIS IS VERY SLOW PHONE. HANNING PROBLEM AN D HEATING PROBLEM.VERY SLOW PHONE AND BATTERY BACKUP IS VERY BAD", 
            "title": "NOT GOOD", 
            "certBuyer": true
        }
    ], 
    [
        {
            "rating": 5, 
            "helpful": 1, 
            "author": "Rajat Sethi", 
            "text": "Pros :\n\n1) Looks\n2) Light Weight\n3) Screen\n4) Interface\n5) Camera\n5) Sound via Speakers\n\nI am not a gamer but so least bothered about it. \n\nCPU and 2 GB RAM is more that sufficient for me.\n\nCons\n\n1) Battery could have been better\n2) Basic headphones\n\n\nI was victimized by Moto earlier. Moto X First Gen was my biggest mistake till date for 24K", 
            "title": "Too good", 
            "certBuyer": true
        }
    ], 
    [
        {
            "rating": 1, 
            "helpful": 3, 
            "author": "varunkumar p", 
            "text": "The product sold by retailer is the most worst .in the span of 8 months motherboard has gone twice ..totally time waste to go service centre to repair it .I didn't c any product like this ..and I thought to exchange it bt  der was no option for exchange for this product ..waste of money and waste of time ..totally disappointed.", 
            "title": "Worst product", 
            "certBuyer": true
        }
    ], 
    [
        {
            "rating": 2, 
            "helpful": 2, 
            "author": "Rakesh Kharkwal", 
            "text": "I bought this phone before 4 months. Phone design and performance is really great but HTC didn't provide the good hardware on this phone. I have visited 3 times in HTC service center due to phone software hung issue and MIC issue. Phone's front second speaker strip removed automatically which was really unacceptable. After resolve the MIC problem still some times I face MIC issue while I call to anyone. I really disappointed for this type of hardware by which I got trouble multiple times.", 
            "title": "Performance Good But Phone Hardware is Very Poor", 
            "certBuyer": true
        }
    ], 
    [
        {
            "rating": 5, 
            "helpful": 1, 
            "author": "RAJIB SEN", 
            "text": "The product has too many plus points according to screen resolution, camera, selfie, Outlooking,weight, Ram, Internal memory etc. But the foremost thing which everyone expects 'The Battery Backup' is not good. And the phone sometimes gets hanged which was not expected from HTC or FLIPKART.", 
            "title": "Not so good as I expected", 
            "certBuyer": true
        }
    ], 
    [
        {
            "rating": 2, 
            "helpful": 1, 
            "author": "muhsin bin hassan", 
            "text": "Thanks to fast delivery by flipkart.Phone is good but dot view flip covers and screen guards are not available for this now.So without this could not able to use phone easily.", 
            "title": "Nice phone but no accessory available", 
            "certBuyer": true
        }
    ], 
    [
        {
            "rating": 1, 
            "helpful": 1, 
            "author": "Mital Rasaniya", 
            "text": "Official specs has a wrong mention of RAM. \n\nPhone died within 45 days after moderate use, then the horror started with their service center. Do not get surprised HTC have only 1 service center in whole Bangalore, that too in a corner of the city.\n\nI have given this phone on repair last week and surprisingly they do not have phone parts in stock. (Motherboard is burnt). Totally unprofessional service center operators, they asked me not to buy product online & asked to buy always from HTC store! \n\nIf you are in Bangalore, never buy phones. Not sure, what will happen to the owners of other 828 as soon as summer is on peak. it will burn lots of motherboards.\n\nWish I had negative rating.", 
            "title": "Avoid buying HTC Products", 
            "certBuyer": true
        }
    ], 
    [
        {
            "rating": 5, 
            "helpful": 0, 
            "author": "Arun Mozhi", 
            "text": "Excellent rating 5/5", 
            "title": "Five Stars", 
            "certBuyer": true
        }
    ], 
    [
        {
            "rating": 5, 
            "helpful": 0, 
            "author": "Flipkart Customer", 
            "text": "Super", 
            "title": "Five Stars", 
            "certBuyer": true
        }
    ], 
    [
        {
            "rating": 5, 
            "helpful": 0, 
            "author": "Flipkart Customer", 
            "text": "Good.", 
            "title": "Five Stars", 
            "certBuyer": true
        }
    ], 
    [
        {
            "rating": 5, 
            "helpful": 0, 
            "author": "Basanta Kumar Moharana", 
            "text": "Its a beautiful phone.", 
            "title": "Five Stars", 
            "certBuyer": true
        }
    ], 
    [
        {
            "rating": 5, 
            "helpful": 0, 
            "author": "Mimi", 
            "text": "With the money it's an awesome product!", 
            "title": "Five Stars", 
            "certBuyer": true
        }
    ], 
    [
        {
            "rating": 1, 
            "helpful": 0, 
            "author": "sajeer palakkal", 
            "text": "Jio 4g is not workig", 
            "title": "Horrible", 
            "certBuyer": true
        }
    ], 
    [
        {
            "rating": 1, 
            "helpful": 0, 
            "author": "thrinath", 
            "text": "Flipkart delivered damaged piece", 
            "title": "Biggest mistake of my life!", 
            "certBuyer": true
        }
    ], 
    [
        {
            "rating": 2, 
            "helpful": 0, 
            "author": "Saji k Mathew", 
            "text": "Good seller.prompt dellivery.", 
            "title": "Met some expectations", 
            "certBuyer": true
        }
    ], 
    [
        {
            "rating": 1, 
            "helpful": 0, 
            "author": "pinaki  jash", 
            "text": "Worst delivery in prepaid. Too much disappointment.", 
            "title": "Utterly Disappointed", 
            "certBuyer": true
        }
    ], 
    [
        {
            "rating": 5, 
            "helpful": 0, 
            "author": "Flipkart Customer", 
            "text": "\u092c\u0939\u0941\u0924 \u0939\u0940 \u0905\u091a\u094d\u091b\u093e \u092b\u094b\u0928 \u0939\u0948 \u0964\u0910\u0938\u093e \u0915\u094b\u0908 \u092d\u0940 \u092b\u0940\u091a\u0930 \u0928\u0939\u0940\u0902 \u091c\u094b \u0907\u0938 \u0938\u094d\u092e\u093e\u0930\u094d\u091f\u092b\u094b\u0928 \u092e\u0947\u0902 \u0928\u0939\u0940\u0902 \u0939\u094b\u0964\u0938\u094d\u092e\u0942\u0925 \u091a\u0932\u0928\u0947 \u0935\u093e\u0932\u093e \u092a\u094d\u092f\u093e\u0930\u093e \u092b\u094b\u0928 \u092e\u093f\u0932\u093e \u092e\u0941\u091d\u0947\u0964", 
            "title": "Simply awesome", 
            "certBuyer": true
        }
    ], 
    [
        {
            "rating": 5, 
            "helpful": 0, 
            "author": "Usman Kokkadan ", 
            "text": "Thanks for delivery", 
            "title": "Awesome", 
            "certBuyer": true
        }
    ], 
    [
        {
            "rating": 1, 
            "helpful": 0, 
            "author": "Raj Ganesh", 
            "text": "Android is not working.\nHome screen gets automatically off while in use.\nBattery  drainage problem not even withstand for a day.\napps are not supported.\ntakes more time for charging.", 
            "title": "Very worst handset  i ever had in my life...", 
            "certBuyer": true
        }
    ], 
    [
        {
            "rating": 3, 
            "helpful": 0, 
            "author": "Flipkart Customer", 
            "text": "Mobile and service is good of Flipkart.", 
            "title": "Faced minor issues", 
            "certBuyer": true
        }
    ], 
    [
        {
            "rating": 5, 
            "helpful": 0, 
            "author": "Flipkart Customer", 
            "text": "Nice service", 
            "title": "Just wow!", 
            "certBuyer": true
        }
    ], 
    [
        {
            "rating": 3, 
            "helpful": 0, 
            "author": "Flipkart Customer", 
            "text": "Why my product is not replaced??? Why rejected??", 
            "title": "Worst experience ever!", 
            "certBuyer": true
        }
    ], 
    [
        {
            "rating": 1, 
            "helpful": 0, 
            "author": "abhas gautam", 
            "text": "Worst support from flipkart. Found it after 10 days the order was placed.", 
            "title": "Hated it!", 
            "certBuyer": true
        }
    ], 
    [
        {
            "rating": 4, 
            "helpful": 0, 
            "author": "Flipkart Customer", 
            "text": "Renjith your courrier person is excellent", 
            "title": "Delightful", 
            "certBuyer": true
        }
    ], 
    [
        {
            "rating": 2, 
            "helpful": 0, 
            "author": "PRUDVI P", 
            "text": "Think - n take - i am not OKAY ------------------------------------------------------------------------------------------------------------------------------------------", 
            "title": "for 20,000 thousands - not worthy - i m using now", 
            "certBuyer": true
        }
    ], 
    [
        {
            "rating": 1, 
            "helpful": 0, 
            "author": "Vamsi Krishna G", 
            "text": "I dont understand how such a poor quality picture can be delivered by a 13mp camera?????\nand mic is not clear to hear otherside voice while calling. I dont suggest this one to buy.", 
            "title": "Phone mic is not loud enough and primary camera quality", 
            "certBuyer": true
        }
    ], 
    [
        {
            "rating": 1, 
            "helpful": 35, 
            "author": "Dinesh M", 
            "text": "Pls dont buy htc products they gone mad dono wat they r dng. I m loyal customer b8 many htc mobiles and gone bankrupt. Previously had htc m8 worst camera then again chose htc and got 828 as im addicted to music quality and blinkfeed. nw ruined tat  too headphone vol very low blinkfeed ful of bugs. Nwdays VR crazy no vr apps frm htc and with its unaffordable lab rat vive. And htc 828 no gyroscope to atleast try other vr.. I will beat the hell of these guys pls ban worthless overpriced htc products.  At last HTC gave a damaged item but Flipkart saved me by refunding and understanding great customer service team. I owe my lyf to Flipkart bcme loyal customer.. Never buy in amazon frauds..Flipkart best..support Indian entrepreneur..", 
            "title": "Htc idiots..love flipkart", 
            "certBuyer": true
        }
    ], 
    [
        {
            "rating": 1, 
            "helpful": 1, 
            "author": "MURTUZA Y GHOGHAI", 
            "text": "I RECIVED THIS PRODCUT BUT VERY BAD CONDITION  LIKE USED PHONE . ALSO PHONE VOICE QUALTIEY IS VERY BAD", 
            "title": "NOT GOOD PRODCUT", 
            "certBuyer": true
        }
    ], 
    [
        {
            "rating": 1, 
            "helpful": 0, 
            "author": "Aashna Garodia", 
            "text": "WITHOUt ANY APPS THE PHONE IS HEATING !!!!I OPENED THE PHONE AND USED FOR FIVE MINS AND IT WAS HOT !!!! STRANGE PHONE !!\nAND TO ADD TO THE PROBLEM FLIPKART IS NOT HELPING PROPERLY . LAST TWO DAYS I HAVE PLACED REPLACMENT REQUEST BUT HAVE NO COMMUNICATION FROM THE SIDE OF FLIPKART.\n\nI AM VERY HAPPY WITH THE OTHER PLATFORMS , ATLEAST THEY STAND BY THE WORD OF EASY RETURN UNLIKE THIS ONLE. \nAS PER CUSTOMER SERVICE OF FLIPKART THEY DONT CARE IF A CUSTOMER IS GONG TO DEAL IN FUTURE WITH THEM!!\nAMAZON IS WAY WAY BETTER !! ATLEAST THETY ACTULLY CARE FOR CUSTOMER AND NOT JUS SHOW OFF !", 
            "title": "PHONE HEATING  and speaker doesnt work", 
            "certBuyer": true
        }
    ], 
    [
        {
            "rating": 1, 
            "helpful": 0, 
            "author": "Dawar Khan", 
            "text": "i booked htc desire 828 from flip kart i paid from my credit card and i received empty box...\n\ntrying to contact to flip kart regarding my complaint last 5 days there is no single phone call received and they are doing fraud with the customer ..", 
            "title": "missing item received", 
            "certBuyer": true
        }
    ], 
    [
        {
            "rating": 1, 
            "helpful": 0, 
            "author": "Mahesh Kumar", 
            "text": "It's always not better to review a product you have personally experienced.battery not working and damage product", 
            "title": "damage product", 
            "certBuyer": true
        }
    ], 
    [
        {
            "rating": 3, 
            "helpful": 0, 
            "author": "Dinesh Ahuja", 
            "text": "If you are buying for using CDMA network, then please don't buy as the call conference facility is not working, i don't know about GSM. I also replaced the phone but the same defect persists.\n\nFront Camera : Ultra Pixel WOW, Rear Camera : OK\nEarphone : sound quality lacks \nrest all ok", 
            "title": "Manufacturing defect", 
            "certBuyer": true
        }
    ]
]