[
    [
        {
            "rating": 5, 
            "helpful": 80, 
            "author": "Nagaraj Naik", 
            "text": "Nice product", 
            "title": "Great product", 
            "certBuyer": true
        }
    ], 
    [
        {
            "rating": 5, 
            "helpful": 38, 
            "author": "K.M Suresh", 
            "text": "Best Smartphone From HTC.Ultra Smooth No heating,NoLagging,Screendisplay ,amazing,Camera perfect", 
            "title": "Highly recommended", 
            "certBuyer": true
        }
    ], 
    [
        {
            "rating": 4, 
            "helpful": 21, 
            "author": "DEVARJAN MAKKOOL", 
            "text": "Good phone.value for money", 
            "title": "Value-for-money", 
            "certBuyer": true
        }
    ], 
    [
        {
            "rating": 3, 
            "helpful": 3, 
            "author": "Flipkart Customer", 
            "text": "Good mobile", 
            "title": "Fair", 
            "certBuyer": true
        }
    ], 
    [
        {
            "rating": 5, 
            "helpful": 3, 
            "author": "Mayank  Sharma", 
            "text": "nice phone with a great screen and performance just one issue and that is hybrid sim slot need a dedicated sd card slot", 
            "title": "Terrific", 
            "certBuyer": true
        }
    ], 
    [
        {
            "rating": 4, 
            "helpful": 5, 
            "author": "Devansh  Sabharwal", 
            "text": "Everything about this phone except the battery. The battery life is bad.", 
            "title": "Really Nice", 
            "certBuyer": true
        }
    ], 
    [
        {
            "rating": 4, 
            "helpful": 13, 
            "author": "Flipkart Customer", 
            "text": "Well i have both htc u ultra and htc 10 ,both are equally fast in daily use but the main difference is in front facing camera which is more better in htc 10 so if you are selfie lover go for htc 10 and rear camera is same .music is louder in u ultra and also more internal memory .size of u ultra is very big ,not at all handy .earphone and aux output is awesome in both the device .battery backup is also good in both the device,it lasts around 12-16 hours for me with constant music play,games ,etc so those who are going to use without games it will definitely last full day. Thanks and excuse me for my English. Hope this helps you choose right device.", 
            "title": "Really Nice", 
            "certBuyer": true
        }
    ], 
    [
        {
            "rating": 5, 
            "helpful": 2, 
            "author": "rojy thomas", 
            "text": "good mobile", 
            "title": "Perfect product!", 
            "certBuyer": true
        }
    ], 
    [
        {
            "rating": 4, 
            "helpful": 2, 
            "author": "Dinesh Kumar Choudhary", 
            "text": "everything is good except battery. have to charge it multiple times in a single day. consumes a lot battery. this phone need 5000 mAh battery.", 
            "title": "Best in Class and Price only one defect", 
            "certBuyer": true
        }
    ], 
    [
        {
            "rating": 3, 
            "helpful": 1, 
            "author": "Avinash Kadam", 
            "text": "All phone good but very poor Battry life", 
            "title": "Decent product", 
            "certBuyer": true
        }
    ], 
    [
        {
            "rating": 5, 
            "helpful": 1, 
            "author": "HARSHAD PANDYA", 
            "text": "VERY NICE", 
            "title": "Best", 
            "certBuyer": true
        }
    ], 
    [
        {
            "rating": 5, 
            "helpful": 33, 
            "author": "Rajpal Singh", 
            "text": "\ud83d\udcf1Looks different and amazing.  Its not bulky or big as ever1 saying on YouTube, at least not for me.\n\n\ud83d\udcf8Camera is as good as s7 neck to neck. Front cam u ultra is a clear winner s7 frnt cam rubbish.\n\n\ud83c\udfb5\ud83c\udfb6\ud83d\udcbfAudio quality is awesome via headphones. Speaker is ok ok\ud83d\udd07.\n\n\ud83d\udd2eBuild quality top notch.\n\nSeller omnitech retail", 
            "title": "Simply awesome", 
            "certBuyer": true
        }
    ], 
    [
        {
            "rating": 5, 
            "helpful": 4, 
            "author": "Deep Vachhani", 
            "text": "Phone is very slim and hot and price is very low........", 
            "title": "Highly recommended", 
            "certBuyer": true
        }
    ], 
    [
        {
            "rating": 3, 
            "helpful": 3, 
            "author": "Goku K", 
            "text": "The design was stunning.speaker does not sounds good and the camera also not up to the mark", 
            "title": "Decent product", 
            "certBuyer": true
        }
    ], 
    [
        {
            "rating": 1, 
            "helpful": 2, 
            "author": "Flipkart Customer", 
            "text": "Over heating problem", 
            "title": "Hated it!", 
            "certBuyer": true
        }
    ], 
    [
        {
            "rating": 4, 
            "helpful": 1, 
            "author": "Flipkart Customer", 
            "text": "Phone looks very sexy.... Look like holding dairy milk silk \nNo lag...no heating prob...and HTC u sonic sound is amazing....camera clarity is awesome \nBut one major cons is battery backup \nIt's not enough for this type of phone \nOtherwise it's a better pick in 30k range", 
            "title": "Good choice", 
            "certBuyer": true
        }
    ], 
    [
        {
            "rating": 1, 
            "helpful": 1, 
            "author": "Vasu", 
            "text": "Waste of money", 
            "title": "Not recommended at all", 
            "certBuyer": true
        }
    ], 
    [
        {
            "rating": 5, 
            "helpful": 1, 
            "author": "Gaurav Soni", 
            "text": "best phone in 30000 as the hardware and engineering is best it doesn't get heated and very good software the dual display and deaign to show off great phone", 
            "title": "top notch", 
            "certBuyer": true
        }
    ], 
    [
        {
            "rating": 5, 
            "helpful": 0, 
            "author": "Flipkart Customer", 
            "text": "Value for money", 
            "title": "Fabulous!", 
            "certBuyer": true
        }
    ], 
    [
        {
            "rating": 5, 
            "helpful": 0, 
            "author": "Navjeet Kumar", 
            "text": "Really nice compare to other mobile don't think much buy it now", 
            "title": "Brilliant", 
            "certBuyer": true
        }
    ], 
    [
        {
            "rating": 1, 
            "helpful": 0, 
            "author": "awanesh kumar", 
            "text": "accessories not available", 
            "title": "flipcart", 
            "certBuyer": true
        }
    ], 
    [
        {
            "rating": 5, 
            "helpful": 0, 
            "author": "Flipkart Customer", 
            "text": "Loved it !", 
            "title": "Just wow!", 
            "certBuyer": true
        }
    ], 
    [
        {
            "rating": 5, 
            "helpful": 0, 
            "author": "Avneesh Rajput", 
            "text": "Nice", 
            "title": "Best in the market!", 
            "certBuyer": true
        }
    ], 
    [
        {
            "rating": 4, 
            "helpful": 0, 
            "author": "Nitin dubey", 
            "text": "Brilliant as its looks ...performance,camera,multitasking....everything is awsm on dis device.", 
            "title": "Pretty good", 
            "certBuyer": true
        }
    ], 
    [
        {
            "rating": 5, 
            "helpful": 0, 
            "author": "vijay goyal", 
            "text": "Superb...", 
            "title": "Fabulous!", 
            "certBuyer": true
        }
    ], 
    [
        {
            "rating": 5, 
            "helpful": 0, 
            "author": "NEERAJ DUBEY", 
            "text": "HTC make a good feature product always and this time make him awesome phone with ultra features...\n\nNice mobile with sexy look", 
            "title": "Fabulous!", 
            "certBuyer": true
        }
    ], 
    [
        {
            "rating": 5, 
            "helpful": 0, 
            "author": "Prabhjot Khalsa", 
            "text": "My life its amazing phone ever in very high quality if u want gud phone then its made for u", 
            "title": "Wonderful", 
            "certBuyer": true
        }
    ], 
    [
        {
            "rating": 1, 
            "helpful": 6, 
            "author": "Devaraj M", 
            "text": "Cheater Flipkart... Don't buy products from them.. No return for defective mobiles....", 
            "title": "Wonderful", 
            "certBuyer": true
        }
    ], 
    [
        {
            "rating": 1, 
            "helpful": 13, 
            "author": "Flipkart Customer", 
            "text": "The phone gets heated up very quick.\n'OK google' functionality stopped working\nSmart lock features like voice unlock, face unlock, trusted places n devices doesn't work.\nSlow charging.\nCannot customize the notifications access.\nBad battery backup.\nWith all these issues, wen I complained about this, the seller rejected the request for replacement. Flipkart sucks. Go shop at Amazon.", 
            "title": "Hated it!", 
            "certBuyer": true
        }
    ], 
    [
        {
            "rating": 5, 
            "helpful": 4, 
            "author": "Flipkart Customer", 
            "text": "Flipkart cheated me and the complaint will be forwarded to consumer complaint and further", 
            "title": "Awesome", 
            "certBuyer": true
        }
    ]
]