[
    [
        {
            "rating": 4, 
            "helpful": 72, 
            "author": "Kaushal Baug ", 
            "text": "Awesome phone..with nic ram!!and best front camera....only one problem there battery drain fast....expect battery.phone is awesome.", 
            "title": "Awesome phone....", 
            "certBuyer": false
        }
    ], 
    [
        {
            "rating": 2, 
            "helpful": 92, 
            "author": "Vivek Giri", 
            "text": "Waste of money. battery backup is very poor issue Network Issue. I think Dis is not a 4G mobile phone", 
            "title": "HTC 828", 
            "certBuyer": false
        }
    ], 
    [
        {
            "rating": 2, 
            "helpful": 12, 
            "author": "Praveen Jain", 
            "text": "Battery: very-2 poor ... while usin internet and gps .. battery will dry in 2 hours..\n\nSound: very poor while talking\n\nCamera: very good quality.", 
            "title": "Bad quality", 
            "certBuyer": false
        }
    ], 
    [
        {
            "rating": 5, 
            "helpful": 77, 
            "author": "Nitesh Negi", 
            "text": "Awesome phone .....camera perfect both front n rear ...ram 3gb internal 32 gb...external mmry can b extended upto 2tb ....sound is also nice ...very light n slim .. .best phone in range", 
            "title": "Nice htc cell", 
            "certBuyer": false
        }
    ], 
    [
        {
            "rating": 3, 
            "helpful": 15, 
            "author": "Shashank  Shekhar", 
            "text": "Review post a month's usage :\nPros:\nYou feel good after holding phone. A bit slippery, so would be good to have a nice case\nFront and back camera are amazing and clicks beautiful pics\nSound quality is great with dual speaker\nRAM and display is great. \nNo lag while playing heavy games and it could handle it easily. \nPhone has been stable in terms performance and no lags as such.\n\n\nCons:\nCamera could have more options\nBattery gets real hot and drains quickly. If you are constantly on move and may not get easy access to powerbank/charger then this phone is not for you. I have used huwaei honor 4x prior to this which was 3000 mah. This one is 2800 mah but I must say many mobile companies can learn battery and app management from huwaei. It was alltogether at different standards. After a week use I felt I have bought wrong phone. Warming was a big tension for me. It used to feel always hot. Tried many apps for app kill but none worked effectively. Finally Greenify app helped with app management and mobile warming.\n\nOverall : If you can spend sometime making strategy to deal with warming issue and battery then this phone is a decent buy...but else can lool for other options in market (why to bother urself so much)", 
            "title": "Good", 
            "certBuyer": false
        }
    ], 
    [
        {
            "rating": 3, 
            "helpful": 10, 
            "author": "Flipkart Customer", 
            "text": "Not bad.Camera quality super. Battery perfomence poor. T", 
            "title": "Does the job", 
            "certBuyer": true
        }
    ], 
    [
        {
            "rating": 2, 
            "helpful": 3, 
            "author": "Balpreet Kaur", 
            "text": "I have bought a handset, htc desire 828. Earlier I have used htc explorer, and based on its performance i decided to buy htc desire but after 2hours of my purchase i found that my device has some faults related to camera, charging and audio.\nI went to the shop with my complaint, they repaired the device but now after 4 days it is again in the same condition. There is some problem with charging, camera is clicking blur pictures, and recorded audios are not giving the clear voice. I have bought this handset just before going at a trip, and throughout the trip i was frustrated with ny handset. I faced alot of problem, i didnt carry my DSLR because i had trust on htc camera but my whole trip got ruined i was not able to click proper pictures. I am feeling that this handset is not worth buying. As this handset comes with the 15days refund policy i would like to request you to refund my handset as i am unhappy with its performance. I dont want to face more trouble in future.", 
            "title": "Could be way better", 
            "certBuyer": false
        }
    ], 
    [
        {
            "rating": 5, 
            "helpful": 3, 
            "author": "mrinal jha", 
            "text": "All functionality works like charm. htc should give their old customer volte support as all Chinese mobile also giving volte support to existing customer also.", 
            "title": "Great product except volte support and batery backup", 
            "certBuyer": true
        }
    ], 
    [
        {
            "rating": 1, 
            "helpful": 14, 
            "author": "Flipkart Customer", 
            "text": "Worst mobile ever i seen. don't waste your money for HTC brand. there are lots of better options for you.. sim slot problem,over heating problem, always hang, slow, poor performance. within warranty i repaired 3rd time fir same problem. Its my regret instead of redmi note 3 i purchased this shit.", 
            "title": "Hated it!", 
            "certBuyer": false
        }
    ], 
    [
        {
            "rating": 1, 
            "helpful": 34, 
            "author": "Chethan Kumar", 
            "text": "I'm very angry ......\nThis will not support 3g and 4g in second sim\nI spent that no much money \nShame to HTC to provide such type of did advantage\nThey had not mentioned about this also!!!!!", 
            "title": "Hated it!", 
            "certBuyer": false
        }
    ], 
    [
        {
            "rating": 5, 
            "helpful": 4, 
            "author": "SAROJ KUMAR PANDA", 
            "text": "Awesome phone...at this price range\nFront camera is really good", 
            "title": "Excellent", 
            "certBuyer": true
        }
    ], 
    [
        {
            "rating": 4, 
            "helpful": 8, 
            "author": "Mahesh Vaddeman", 
            "text": "I have been using thisbphone since a year very good phone,nice design,great camera features especially front came will give awesome clarity even at time -- only one bad thing is music feature they mentioned as Dolby Atoms but in phone nothing was there , here I am disappointed very much - it shows only 3-4 types of audio changes but it's nothing to do with Dolby.\nSmart phone - nice to buy.", 
            "title": "Worth the money", 
            "certBuyer": false
        }
    ], 
    [
        {
            "rating": 1, 
            "helpful": 2, 
            "author": "Flipkart Customer", 
            "text": "Waste of money. battery backup is very poor", 
            "title": "Do not Buy this", 
            "certBuyer": true
        }
    ], 
    [
        {
            "rating": 1, 
            "helpful": 2, 
            "author": "Flipkart Customer", 
            "text": "Very worest", 
            "title": "Very poor", 
            "certBuyer": true
        }
    ], 
    [
        {
            "rating": 1, 
            "helpful": 2, 
            "author": "Rajeevan N", 
            "text": "Display quality performance very bad", 
            "title": "Don't waste your money", 
            "certBuyer": true
        }
    ], 
    [
        {
            "rating": 1, 
            "helpful": 17, 
            "author": "PrathibhaLekshmi", 
            "text": "This HTC 828 IS NOT 4G as mentioned in the specification...\nI bought this handset last month..now I regret for the same. \nMy phone is just a 3G set. BEWARE!!!", 
            "title": "Did not meet expectations", 
            "certBuyer": true
        }
    ], 
    [
        {
            "rating": 5, 
            "helpful": 9, 
            "author": "Rahul kumar", 
            "text": "Bahut sahi phone hai bhai.. camera quality is good.... internal 32,ram 3gb,aur kya chahiye.... battery backup bhi sahi hai..... approx 20000 me mast hai ye.....agar chaho toh kharid sakte ho... sabkuchh badhiya hai.. mai bhi 1 month pehle kharid hoo..", 
            "title": "Rahul kumar", 
            "certBuyer": false
        }
    ], 
    [
        {
            "rating": 4, 
            "helpful": 5, 
            "author": "Flipkart Customer", 
            "text": "HTC Desire 828 has everything that one thinks of having.\nWorking fine for me.\nPerl white color has different grace of its own.\nBit more sleek then other HTC phone.\nGot it before expected date\nThank you :)", 
            "title": "Someone's Desire", 
            "certBuyer": true
        }
    ], 
    [
        {
            "rating": 1, 
            "helpful": 13, 
            "author": "Vikram singh", 
            "text": "Big disadvantage : volte 4g not supported while in this range all handsets supported this feature...that's why I m not using my jio sim with it:::very upset...htc have not any support regarding this till now...\nAll features available in other company's handset in this price range...\nAndroid upgradation not available till now after using 2 month... battery performance is average...", 
            "title": "Very average handset in this price range", 
            "certBuyer": false
        }
    ], 
    [
        {
            "rating": 5, 
            "helpful": 12, 
            "author": "Nitesh Negi", 
            "text": "Nice phone...Camera quality of front and back both are perfect in this range...32gb internal memory...external extendable memory upto 2tb....3gb ram which makes it a perfect mobile for gaming users.....touch is super smooth...battery backup is a bit on low side...but overall its a nice mobile", 
            "title": "Awesome phone", 
            "certBuyer": false
        }
    ], 
    [
        {
            "rating": 2, 
            "helpful": 3, 
            "author": "Flipkart Customer", 
            "text": "HTC hardly provides any software update for their phones. I'm using this phone for about one year, never received any software update.As compared to Samsung J7 side by side, battery drains much faster when you actually use the phone, network signal is not that great, wifi connection drops after sometime. Do not recommend HTC to anyone.", 
            "title": "Bad quality", 
            "certBuyer": true
        }
    ], 
    [
        {
            "rating": 1, 
            "helpful": 3, 
            "author": "Devisetti  Jashuva ", 
            "text": "Very nice product in this rate", 
            "title": "Hated it!", 
            "certBuyer": false
        }
    ], 
    [
        {
            "rating": 1, 
            "helpful": 3, 
            "author": "Flipkart Customer", 
            "text": "Absolute worst phone and company policy. They will refer to liquid problem if any technical problem occurs. Tried everything, will go to consumer court now. My phone is in warranty and they are charging for the repair.", 
            "title": "Worthless", 
            "certBuyer": false
        }
    ], 
    [
        {
            "rating": 5, 
            "helpful": 3, 
            "author": "Debasish  Dey", 
            "text": "Best quality , Un believable photo quality", 
            "title": "Just wow!", 
            "certBuyer": true
        }
    ], 
    [
        {
            "rating": 1, 
            "helpful": 4, 
            "author": "Dinesh Kumar", 
            "text": "Wastage of money.... Dont buy this phone...", 
            "title": "Absolute rubbish!", 
            "certBuyer": true
        }
    ], 
    [
        {
            "rating": 1, 
            "helpful": 4, 
            "author": "k kiran babu", 
            "text": "Dont buy waste of money\nThis review is after using 20days\nFor full charge it will take more than 3hrs\nSignal dropping\nMic complaint\nCamera clarity is also not good\nFirst sim 4g,2nd 2g only\nAt this price single star also waste please dont buy.", 
            "title": "Waste of money!", 
            "certBuyer": false
        }
    ], 
    [
        {
            "rating": 2, 
            "helpful": 2, 
            "author": "Chakradhar Reddy", 
            "text": "Wast mobile", 
            "title": "Moderate", 
            "certBuyer": true
        }
    ], 
    [
        {
            "rating": 4, 
            "helpful": 1, 
            "author": "SubAir Zx", 
            "text": "it's Good", 
            "title": "Value-for-money", 
            "certBuyer": true
        }
    ], 
    [
        {
            "rating": 2, 
            "helpful": 0, 
            "author": "Flipkart Customer", 
            "text": "Network band is very low", 
            "title": "Not good", 
            "certBuyer": true
        }
    ], 
    [
        {
            "rating": 5, 
            "helpful": 1, 
            "author": "Vidhyut Kediya", 
            "text": "Writing review after using this fone after a year.\nPros: \n1. Perfect build. Very light weight.\n2. Battery runs for a day\n3. Smooth UI.\n4. Never hung.\n\nCons\n1. Poor camera.\n\nDon't buy this fone for camera. But buy if you just want an awesome fone.", 
            "title": "Excellent", 
            "certBuyer": true
        }
    ], 
    [
        {
            "rating": 1, 
            "helpful": 1, 
            "author": "Ajoy  Hatibaruah ", 
            "text": "One of the worst experience of my life by purchasing this stupid phone. It gets heated  quickly and the phone gets switched off suddenly. Please don't purchase this phone.infact this phone deserves negative ratings. Battery back up is too poor", 
            "title": "Did not meet expectations", 
            "certBuyer": true
        }
    ], 
    [
        {
            "rating": 1, 
            "helpful": 0, 
            "author": "promila-", 
            "text": "Got defective product...so very dissapointed.", 
            "title": "Hated it!", 
            "certBuyer": true
        }
    ], 
    [
        {
            "rating": 1, 
            "helpful": 1, 
            "author": "Azeem Khan", 
            "text": "Battery backups bad", 
            "title": "Battery", 
            "certBuyer": true
        }
    ], 
    [
        {
            "rating": 1, 
            "helpful": 1, 
            "author": "Annayya", 
            "text": "Poor battery backup..gettinng drain within a hour", 
            "title": "Unsatisfactory", 
            "certBuyer": true
        }
    ], 
    [
        {
            "rating": 3, 
            "helpful": 1, 
            "author": "Mukunda Bogam", 
            "text": "Battery will drain up very soon, remaining everything is ok.", 
            "title": "Decent product", 
            "certBuyer": true
        }
    ], 
    [
        {
            "rating": 1, 
            "helpful": 3, 
            "author": "PRAKASH ARTANI", 
            "text": "Worst battery n dispay", 
            "title": "Absolute rubbish!", 
            "certBuyer": true
        }
    ], 
    [
        {
            "rating": 1, 
            "helpful": 2, 
            "author": "Prudvi prakash", 
            "text": "I was disappointed with HTC 828 mobile.. I have issues often with the network when Dual sim is placed..It does not support 4G Volte... Battery backup is not good.", 
            "title": "Absolute rubbish!", 
            "certBuyer": true
        }
    ], 
    [
        {
            "rating": 3, 
            "helpful": 4, 
            "author": "Shashank  Shekhar", 
            "text": "This review is after about two months of usage. Coming from Honor phones background, I simply was surprised how quickly battery was draining off. The phone was getting heated like anything (in my normal usage). I was regretting buying this phone. However, some of amazing features are there which kept me going - wonderful selfie pics and above average primary camera pics. The dual speaker is just awesome...you can have feeling of mini theatre if you want to :) . The loudspeaker is loud enough, RAM has been excellent. No matter what game or app I installed, never faced any lag. I bought hammer glass protection and backcover which rubber type grip. Those are ways to protect your phone and your hand (from heat). Battery doesnt last for more than 14 hrs in my usage but now I have learnt to keep power backup around or use in battery saving mode when I know I wont get socket soon :) . Htc sense, apps, themes, look and feel is jist classy. So, overall a decent phone if you learn how to use it best way.", 
            "title": "Does the job", 
            "certBuyer": false
        }
    ], 
    [
        {
            "rating": 5, 
            "helpful": 1, 
            "author": "Flipkart Customer", 
            "text": "Superb handset", 
            "title": "Terrific", 
            "certBuyer": true
        }
    ], 
    [
        {
            "rating": 5, 
            "helpful": 1, 
            "author": "Flipkart Customer", 
            "text": "Very good mobile I think to take again HTC worth speed is superb", 
            "title": "Highly recommended", 
            "certBuyer": false
        }
    ], 
    [
        {
            "rating": 5, 
            "helpful": 1, 
            "author": "Anu sasi Advocate", 
            "text": "Superb smartphone...", 
            "title": "Terrific", 
            "certBuyer": true
        }
    ], 
    [
        {
            "rating": 2, 
            "helpful": 1, 
            "author": "Dibyendu  Mondal", 
            "text": "Battery is not good... It'capacity of back up is very poor....", 
            "title": "Battery back up...", 
            "certBuyer": true
        }
    ], 
    [
        {
            "rating": 5, 
            "helpful": 1, 
            "author": "chaitanya sukre", 
            "text": "Good!!", 
            "title": "Fabulous!", 
            "certBuyer": true
        }
    ], 
    [
        {
            "rating": 4, 
            "helpful": 1, 
            "author": "Mukunda Bogam", 
            "text": "All features are good  except battery.", 
            "title": "Bad battery backup", 
            "certBuyer": true
        }
    ], 
    [
        {
            "rating": 2, 
            "helpful": 2, 
            "author": "Alisha Khanna", 
            "text": "HONEST REVIEW OF THIS AMAZING PHONE AFTER 7 DAYS.\nTHE BUILD QUALITY OF MOBILE IS AMAZING.\nTHE SCREEN IS CRYSTAL CLEAR AND HAS NATURAL COLORS.\nPROCESSOR RUNS BLAZING FAST WITHOUT ANY LAG.\nINTERNAL MEMORY HAS AMPLE FOR DATA STORAGE.\nI CAN HIGH-END GAMES EASILY ON THIS PHONE. GO FOR IT.\n2 STARS JUST BECAUSE MY FRIEND GOT THIS IN LESS PRICE.\nUSE A COUPON CODE TO GET DISCOUNT ON FLIPKART. GO TO:\nbit.do/flipkart-discount", 
            "title": "EXPERT REVIEW", 
            "certBuyer": false
        }
    ], 
    [
        {
            "rating": 3, 
            "helpful": 1, 
            "author": "Pavan Chaitanya", 
            "text": "HTC Desire 828.. it's a very sleek and light wight product and looks pretty awesome.. it has great camera too.. if you access the internet and play games then the mobile will heat up and battery will drain little fast.", 
            "title": "Nice product.. liked it", 
            "certBuyer": true
        }
    ], 
    [
        {
            "rating": 1, 
            "helpful": 1, 
            "author": "Anant K Lilhare", 
            "text": "Poor battery life.....", 
            "title": "Very poor battery.....battery sucks", 
            "certBuyer": false
        }
    ], 
    [
        {
            "rating": 5, 
            "helpful": 1, 
            "author": "Sumit pahuja", 
            "text": "Nice fetures are good as expected from htc  very good screen resolution", 
            "title": "nice phone", 
            "certBuyer": false
        }
    ], 
    [
        {
            "rating": 1, 
            "helpful": 1, 
            "author": "k kiran babu", 
            "text": "Worst phone at this price,6k is enough,\n            I am submitting this review after usage of 1month.Even though I haven't purchased this phone from flipkart I am submitting this review beacuse of phone's worst performance.\n1.fonting clarity is not good,2.\n2.5 hrs for full charging,\n3.mic problem other caller can,t hear you voicr clearly\n4.Signal problem,\n5.first sim is 4g 2nd sim is 2g only.", 
            "title": "Very poor", 
            "certBuyer": false
        }
    ], 
    [
        {
            "rating": 5, 
            "helpful": 1, 
            "author": "MANIKANTA B N", 
            "text": "Camera and speakers are awesome...heating issue reduced as compared to previous generations....", 
            "title": "mobile is good looking...need more optimization", 
            "certBuyer": true
        }
    ], 
    [
        {
            "rating": 4, 
            "helpful": 0, 
            "author": "Siva Perumal", 
            "text": "overall good midrange smartphone", 
            "title": "Delightful", 
            "certBuyer": true
        }
    ], 
    [
        {
            "rating": 5, 
            "helpful": 0, 
            "author": "Flipkart Customer", 
            "text": "Nice phone but box was damage and very old.And last symbol of (NO WARRANTY).", 
            "title": "Highly recommended", 
            "certBuyer": true
        }
    ], 
    [
        {
            "rating": 5, 
            "helpful": 0, 
            "author": "Sidhartha  Barman ", 
            "text": "Best phone ever in this range. But a little bit light that i don't like of this phone", 
            "title": "Brilliant", 
            "certBuyer": true
        }
    ], 
    [
        {
            "rating": 5, 
            "helpful": 0, 
            "author": "Ratheesh S", 
            "text": "GOOD", 
            "title": "Highly recommended", 
            "certBuyer": true
        }
    ], 
    [
        {
            "rating": 5, 
            "helpful": 0, 
            "author": "Vishnu Mani", 
            "text": "Am using this phone last 8month...nw i prefr this to ma sister....\nIts awsom phn", 
            "title": "Super!", 
            "certBuyer": true
        }
    ], 
    [
        {
            "rating": 1, 
            "helpful": 0, 
            "author": "ashish ranjan", 
            "text": "Mobile doesn't support jio sim,actually this is 3g mobile flipkart is cheating with us.i'm writing review after 20 days of its purchased", 
            "title": "Terrible product", 
            "certBuyer": true
        }
    ], 
    [
        {
            "rating": 1, 
            "helpful": 0, 
            "author": "navya vamulapatti", 
            "text": "Its..Double waste...... It's not working properly. And it's cam is not good..it will switch off automatically....so I am not satisfied with this phone", 
            "title": "Don't waste your money", 
            "certBuyer": true
        }
    ], 
    [
        {
            "rating": 2, 
            "helpful": 0, 
            "author": "DHARMADAS  MAJI", 
            "text": "It's a too bad mobile phone .i requested you who are bought do not buy this phone", 
            "title": "Slightly disappointed", 
            "certBuyer": true
        }
    ], 
    [
        {
            "rating": 1, 
            "helpful": 0, 
            "author": "Avinash p", 
            "text": "Worest mobile waste of money", 
            "title": "Waste of money!", 
            "certBuyer": true
        }
    ], 
    [
        {
            "rating": 4, 
            "helpful": 0, 
            "author": "Lokesh Kt", 
            "text": "Not bad", 
            "title": "Worth the money", 
            "certBuyer": true
        }
    ], 
    [
        {
            "rating": 5, 
            "helpful": 0, 
            "author": "Sonu Antil", 
            "text": "Super", 
            "title": "Wonderful", 
            "certBuyer": true
        }
    ], 
    [
        {
            "rating": 1, 
            "helpful": 0, 
            "author": "anand p", 
            "text": "Waste product.....DVD pasanga emaathittanuva @@@@@@", 
            "title": "Very poor", 
            "certBuyer": true
        }
    ], 
    [
        {
            "rating": 5, 
            "helpful": 0, 
            "author": "Akshay Linpane", 
            "text": "Good phone for it's specification \nPackaging could have been better.", 
            "title": "Just wow!", 
            "certBuyer": true
        }
    ], 
    [
        {
            "rating": 5, 
            "helpful": 0, 
            "author": "siddharaj talekar", 
            "text": "Phone camera clarity is very good quality &amp; preforming is so smoothly", 
            "title": "Classy product", 
            "certBuyer": true
        }
    ], 
    [
        {
            "rating": 1, 
            "helpful": 0, 
            "author": "Flipkart Customer", 
            "text": "Love u", 
            "title": "Just okay", 
            "certBuyer": true
        }
    ], 
    [
        {
            "rating": 1, 
            "helpful": 0, 
            "author": "Flipkart Customer", 
            "text": "Worst mobile....full battery completed with in 3 hours.not supporting Jio sim.please don't buy this mobile.", 
            "title": "Unsatisfactory", 
            "certBuyer": true
        }
    ], 
    [
        {
            "rating": 4, 
            "helpful": 0, 
            "author": "Flipkart Customer", 
            "text": "Nice phone,,,,", 
            "title": "Delightful", 
            "certBuyer": true
        }
    ], 
    [
        {
            "rating": 5, 
            "helpful": 0, 
            "author": "Flipkart Customer", 
            "text": "It's a awesome phone in this segment. And it's camera result is too too good. All over its a very nice phone. So slim nice look and a speed of phone is also nice.", 
            "title": "Super!", 
            "certBuyer": true
        }
    ], 
    [
        {
            "rating": 4, 
            "helpful": 0, 
            "author": "Kaifi Ansari", 
            "text": "Marvellous phone", 
            "title": "Delightful", 
            "certBuyer": true
        }
    ], 
    [
        {
            "rating": 3, 
            "helpful": 0, 
            "author": "M NAVEEN CHANDER", 
            "text": "Excellent phone never seen before I love it lot", 
            "title": "Fair", 
            "certBuyer": true
        }
    ], 
    [
        {
            "rating": 1, 
            "helpful": 0, 
            "author": "K.Venkatesan paul", 
            "text": "Very very bad, battery is very low, money waste plz don't purchase", 
            "title": "Did not meet expectations", 
            "certBuyer": true
        }
    ], 
    [
        {
            "rating": 5, 
            "helpful": 0, 
            "author": "Girish E", 
            "text": "It is an epic mobile with the epic camera quality and I luv the Thts brand . Thank thou good package from flipkart . Thank you flipkart love you guys.", 
            "title": "Mind-blowing purchase", 
            "certBuyer": true
        }
    ], 
    [
        {
            "rating": 4, 
            "helpful": 0, 
            "author": "Flipkart Customer", 
            "text": "I purchased second time this phone due to 3gb ram and 32gb internal storage very good camera phone good built-in photo editor my bad luck my phone after purchase two month's battery issue is came in service center they replaced the battery now the phone is working good in all respect", 
            "title": "Worth the money", 
            "certBuyer": true
        }
    ], 
    [
        {
            "rating": 4, 
            "helpful": 0, 
            "author": "Flipkart Customer", 
            "text": "Nice phone,,", 
            "title": "Really Nice", 
            "certBuyer": true
        }
    ], 
    [
        {
            "rating": 5, 
            "helpful": 0, 
            "author": "Flipkart Customer", 
            "text": "Very good performance by this phonw", 
            "title": "Classy product", 
            "certBuyer": true
        }
    ], 
    [
        {
            "rating": 5, 
            "helpful": 0, 
            "author": "Flipkart Customer", 
            "text": "Nicee", 
            "title": "Highly recommended", 
            "certBuyer": true
        }
    ], 
    [
        {
            "rating": 3, 
            "helpful": 0, 
            "author": "Flipkart Customer", 
            "text": "It is a good smart phone in budjet...", 
            "title": "Decent product", 
            "certBuyer": true
        }
    ], 
    [
        {
            "rating": 5, 
            "helpful": 0, 
            "author": "Flipkart Customer", 
            "text": "very good", 
            "title": "Wonderful", 
            "certBuyer": true
        }
    ], 
    [
        {
            "rating": 1, 
            "helpful": 0, 
            "author": "Harshjit Sheth", 
            "text": "Received defective instrument", 
            "title": "One Star", 
            "certBuyer": true
        }
    ], 
    [
        {
            "rating": 3, 
            "helpful": 0, 
            "author": "Swarup Saha", 
            "text": "Battery should be at least 3500mah... heavy users can not use it through out the day without recharging the phone...", 
            "title": "Three Stars", 
            "certBuyer": true
        }
    ], 
    [
        {
            "rating": 4, 
            "helpful": 0, 
            "author": "Rishabh Kalia", 
            "text": "Good product", 
            "title": "Four Stars", 
            "certBuyer": true
        }
    ], 
    [
        {
            "rating": 2, 
            "helpful": 0, 
            "author": "KISHORE GALLA", 
            "text": "After using 8 months. Battery is very very weak. Without internet also not withstand atleast 8 hours.\nI purchased because of CDMA facility, That too bluntly i trusted the brand. Don't buy this one", 
            "title": "Moderate", 
            "certBuyer": true
        }
    ], 
    [
        {
            "rating": 1, 
            "helpful": 0, 
            "author": "Amarjeet Lather", 
            "text": "I think it was a used set ...from starting I m facing problems in this set...wrost experience I have face after this mobile bought from ur site....I will never buy an electronic item form here......", 
            "title": "Terrible product", 
            "certBuyer": true
        }
    ], 
    [
        {
            "rating": 5, 
            "helpful": 0, 
            "author": "Flipkart Customer", 
            "text": "Very nice", 
            "title": "Great product", 
            "certBuyer": true
        }
    ], 
    [
        {
            "rating": 5, 
            "helpful": 0, 
            "author": "L SRINIVASA RAO", 
            "text": "Prompt Delivery by Seller and the product is very good..Serves my purpose", 
            "title": "Prompt Delivery And Very Good product", 
            "certBuyer": true
        }
    ], 
    [
        {
            "rating": 1, 
            "helpful": 0, 
            "author": "Flipkart Customer", 
            "text": "Wrost phone from htc battery draina within hour speakers not working in month period wrost experience from htc did not expected from htc", 
            "title": "Hated it!", 
            "certBuyer": true
        }
    ], 
    [
        {
            "rating": 2, 
            "helpful": 0, 
            "author": "Flipkart Customer", 
            "text": "It is bad experience for me to buy this phone because after 23 days I used to go service center and earphone if this is not work properly and weak parts.", 
            "title": "Expected a better product", 
            "certBuyer": true
        }
    ], 
    [
        {
            "rating": 2, 
            "helpful": 0, 
            "author": "Flipkart Customer", 
            "text": "Camera was good....but no battery backup....charge 2 times per day...", 
            "title": "Not good", 
            "certBuyer": true
        }
    ], 
    [
        {
            "rating": 1, 
            "helpful": 0, 
            "author": "Ayush Garg", 
            "text": "Please don't buy any htc product. Htc made worst phone in the world.", 
            "title": "Useless product", 
            "certBuyer": true
        }
    ], 
    [
        {
            "rating": 1, 
            "helpful": 0, 
            "author": "Flipkart Customer", 
            "text": "Note working properly,frequently getting hanged, display complaint", 
            "title": "The worst phone ever", 
            "certBuyer": true
        }
    ], 
    [
        {
            "rating": 5, 
            "helpful": 0, 
            "author": "Abhi Pandey", 
            "text": "Grt phn", 
            "title": "Awesome", 
            "certBuyer": true
        }
    ], 
    [
        {
            "rating": 4, 
            "helpful": 0, 
            "author": "princeton pereira", 
            "text": "Good quality", 
            "title": "Delightful", 
            "certBuyer": true
        }
    ], 
    [
        {
            "rating": 4, 
            "helpful": 0, 
            "author": "Flipkart Customer", 
            "text": "Nice mobile", 
            "title": "Pretty good", 
            "certBuyer": true
        }
    ], 
    [
        {
            "rating": 1, 
            "helpful": 0, 
            "author": "SHAIKH MOHSIN", 
            "text": "Worst phone. After sometime it lost its full volume", 
            "title": "Hated it!", 
            "certBuyer": true
        }
    ], 
    [
        {
            "rating": 5, 
            "helpful": 0, 
            "author": "Marsookh Vp", 
            "text": "Good", 
            "title": "Excellent", 
            "certBuyer": true
        }
    ], 
    [
        {
            "rating": 4, 
            "helpful": 0, 
            "author": "vaitheeswaran ganeshan", 
            "text": "not now using...", 
            "title": "Value-for-money", 
            "certBuyer": true
        }
    ], 
    [
        {
            "rating": 4, 
            "helpful": 0, 
            "author": "Himmat Narooka", 
            "text": "Good one, only issue is power consumption", 
            "title": "Good choice", 
            "certBuyer": true
        }
    ], 
    [
        {
            "rating": 1, 
            "helpful": 0, 
            "author": "Flipkart Customer", 
            "text": "The product has too many issues its not worthful to buy phones in online", 
            "title": "Did not meet expectations", 
            "certBuyer": true
        }
    ], 
    [
        {
            "rating": 5, 
            "helpful": 0, 
            "author": "Flipkart Customer", 
            "text": "excellent one", 
            "title": "Brilliant", 
            "certBuyer": true
        }
    ], 
    [
        {
            "rating": 5, 
            "helpful": 0, 
            "author": "Prathap .", 
            "text": "Love to use tgis,,still uam using loving this", 
            "title": "Mind-blowing purchase", 
            "certBuyer": true
        }
    ], 
    [
        {
            "rating": 5, 
            "helpful": 0, 
            "author": "Flipkart Customer", 
            "text": "Very. Nice phone user friendly and light in weight happy to have it.", 
            "title": "Wonderful", 
            "certBuyer": true
        }
    ], 
    [
        {
            "rating": 5, 
            "helpful": 0, 
            "author": "SANTHOSH S", 
            "text": "super good", 
            "title": "Worth every penny", 
            "certBuyer": true
        }
    ], 
    [
        {
            "rating": 5, 
            "helpful": 0, 
            "author": "Atesh Sonawane", 
            "text": "Nice", 
            "title": "Great product", 
            "certBuyer": true
        }
    ], 
    [
        {
            "rating": 5, 
            "helpful": 0, 
            "author": "Vik Singh", 
            "text": "Good", 
            "title": "Brilliant", 
            "certBuyer": true
        }
    ], 
    [
        {
            "rating": 1, 
            "helpful": 0, 
            "author": "Flipkart Customer", 
            "text": "Very bad front cam is not working", 
            "title": "Don't waste your money", 
            "certBuyer": false
        }
    ], 
    [
        {
            "rating": 4, 
            "helpful": 0, 
            "author": "Abhay Rana", 
            "text": "Waste of money.....\n1 no battery  backup\n2 heating problm\n3 full 4g not support\n4 camera is not gud \nEtc etc", 
            "title": "Really Nice", 
            "certBuyer": false
        }
    ], 
    [
        {
            "rating": 1, 
            "helpful": 0, 
            "author": "Abhijith Ashok", 
            "text": "Low sound while calling, Overall very bad performance, no finger print lock , android version is not latest", 
            "title": "Unsatisfactory", 
            "certBuyer": true
        }
    ], 
    [
        {
            "rating": 5, 
            "helpful": 0, 
            "author": "Bharat sharma", 
            "text": "Good mobile .no hang.but  battery is not good .& heat very soon.but HTC is good mobile company .I am satisfied.", 
            "title": "Wonderful", 
            "certBuyer": false
        }
    ], 
    [
        {
            "rating": 1, 
            "helpful": 0, 
            "author": "Flipkart Customer", 
            "text": "This is not a good product...3times gone to service centre...don't buy it", 
            "title": "Very poor", 
            "certBuyer": true
        }
    ], 
    [
        {
            "rating": 1, 
            "helpful": 0, 
            "author": "THANGELLA SRINIVAS REDDY", 
            "text": "Worst mobile Waste battery and switch off automatically when I calling and than android is starting I never saw this type of phone don't buy .and Waste ur money", 
            "title": "Don't waste your money", 
            "certBuyer": false
        }
    ], 
    [
        {
            "rating": 5, 
            "helpful": 0, 
            "author": "shreyas  patel", 
            "text": "Nice mobile", 
            "title": "Simply awesome", 
            "certBuyer": false
        }
    ], 
    [
        {
            "rating": 4, 
            "helpful": 0, 
            "author": "Flipkart Customer", 
            "text": "I wouldn't get any complaints for this brand nd i can use this brand above 3yrs without any problem", 
            "title": "Delightful", 
            "certBuyer": false
        }
    ], 
    [
        {
            "rating": 2, 
            "helpful": 0, 
            "author": "suresh jatav", 
            "text": "Nice htc phone, and impressed with fast delivery. Received 5 days before. But battery is not good. Finishing very fast.", 
            "title": "Worth every penny", 
            "certBuyer": true
        }
    ], 
    [
        {
            "rating": 1, 
            "helpful": 0, 
            "author": "Flipkart Customer", 
            "text": "ignor this htc brand don't waste ur money and time", 
            "title": "worst product htc brand", 
            "certBuyer": false
        }
    ], 
    [
        {
            "rating": 5, 
            "helpful": 0, 
            "author": "Flipkart Customer", 
            "text": "HTC 828 MOBILE camera quality exlent and super performance and charging super..... Nice product", 
            "title": "Awesome", 
            "certBuyer": false
        }
    ], 
    [
        {
            "rating": 1, 
            "helpful": 0, 
            "author": "Flipkart Customer", 
            "text": "Bad battery ever....... when i purchase this product. My phone shut down even when batter is still 50% above. When i turn on, phone battery shows 1% remaining and always dead by its own. I tried to replace, but my replace request cannot get accepted. I hate this. I need to change battery in local shop. Please don't buy this product as i recommend you as a fellow customer.", 
            "title": "Useless product", 
            "certBuyer": true
        }
    ], 
    [
        {
            "rating": 3, 
            "helpful": 0, 
            "author": "BENJIE VALMORIA", 
            "text": "battery only 2800 always lowbat full internet time 5hours maximum time for full 4g..", 
            "title": "Good but nothing fancy", 
            "certBuyer": false
        }
    ], 
    [
        {
            "rating": 5, 
            "helpful": 0, 
            "author": "Sagar Ghosh", 
            "text": "Not bad", 
            "title": "Wonderful", 
            "certBuyer": false
        }
    ], 
    [
        {
            "rating": 5, 
            "helpful": 0, 
            "author": "Kunal Chakraborty", 
            "text": "Awesome camera...", 
            "title": "Excellent", 
            "certBuyer": false
        }
    ], 
    [
        {
            "rating": 5, 
            "helpful": 0, 
            "author": "Flipkart Customer", 
            "text": "Good", 
            "title": "Best in the market!", 
            "certBuyer": false
        }
    ], 
    [
        {
            "rating": 2, 
            "helpful": 0, 
            "author": "Tapas", 
            "text": "Pathetic battery backup, only plus point is the looks otherwise no ways worth the price", 
            "title": "Highly disappointed", 
            "certBuyer": true
        }
    ], 
    [
        {
            "rating": 5, 
            "helpful": 0, 
            "author": "Flipkart Customer", 
            "text": "Good but battery drained fast", 
            "title": "Best in the market!", 
            "certBuyer": false
        }
    ], 
    [
        {
            "rating": 4, 
            "helpful": 0, 
            "author": "DEEPAK PALIWAL", 
            "text": "Nice", 
            "title": "Value-for-money", 
            "certBuyer": false
        }
    ], 
    [
        {
            "rating": 4, 
            "helpful": 0, 
            "author": "Ashish Kumar", 
            "text": "Nice one...", 
            "title": "Worth the money", 
            "certBuyer": true
        }
    ], 
    [
        {
            "rating": 5, 
            "helpful": 0, 
            "author": "Flipkart Customer", 
            "text": "First of all its a mind blowing product from HTC...camera clarity is asusual awesome...battery backup was also excellent..and very stylish in design also..overall it is a great product", 
            "title": "Awesome", 
            "certBuyer": true
        }
    ], 
    [
        {
            "rating": 5, 
            "helpful": 0, 
            "author": "Usha Sailesh", 
            "text": "Very very good product", 
            "title": "Awesome", 
            "certBuyer": false
        }
    ], 
    [
        {
            "rating": 5, 
            "helpful": 0, 
            "author": "CHIRANJIB BEJ BARUAH", 
            "text": "Great", 
            "title": "Worth every penny", 
            "certBuyer": true
        }
    ], 
    [
        {
            "rating": 3, 
            "helpful": 0, 
            "author": "Ankita Singh", 
            "text": "Looks good and light weight.. I would say it's sexy by looks...Features are cool... Overall it's good phone..However I won't recommend it or any other HTC phone to anyone... It's not worth the money...As it started giving trouble just after 6 months...Touch started causing trouble, got that sorted out via the service center and again after a week the speakers started giving trouble...Not happy with the experience...Even in service center there were many more like me who bought HTC phone and their phones started troubling them within a month or two..", 
            "title": "Does the job", 
            "certBuyer": true
        }
    ], 
    [
        {
            "rating": 5, 
            "helpful": 0, 
            "author": "Flipkart Customer", 
            "text": "Very good mobile", 
            "title": "Wonderful", 
            "certBuyer": false
        }
    ], 
    [
        {
            "rating": 2, 
            "helpful": 0, 
            "author": "Miroj Naik", 
            "text": "In My experience\nOnly one thing is very good its front camera even if low light. its amazing,\nBack camera is OK but at night its very bad.  \nBattery is very poor,\nWithin 4 months sometimes it switched off automatically without any reason,", 
            "title": "This phone is only good, not very good.", 
            "certBuyer": false
        }
    ], 
    [
        {
            "rating": 4, 
            "helpful": 0, 
            "author": "Flipkart Customer", 
            "text": "Fon is good ....superb processing speed but battery backup is only medium but better than samsung mobiles", 
            "title": "Good quality product", 
            "certBuyer": false
        }
    ], 
    [
        {
            "rating": 2, 
            "helpful": 0, 
            "author": "sumit verma", 
            "text": "It is not a great phone because......\nIt heats up every second second...temp goes to as high as 49-50degrees\nIt is toooo fast.....i feel a little lesser speed may work\nIt creats too much of junk file\nCamera is good only when it is bright and sunny otherwise photo qualities are very ordinary....even HDR mode creates no value add.\nFlash is just for sake if it....it bears no significance. I am using it more as a torch instead of a camera support feature.", 
            "title": "Slightly disappointed", 
            "certBuyer": false
        }
    ], 
    [
        {
            "rating": 4, 
            "helpful": 0, 
            "author": "Ram Krishna", 
            "text": "Good one", 
            "title": "Good choice", 
            "certBuyer": true
        }
    ], 
    [
        {
            "rating": 5, 
            "helpful": 0, 
            "author": "gopichand Athaluri", 
            "text": "Awesome mobile but battery back up is low. It gets drained faster wn u use internet Max 3-4 hours while continuous browsing. When idle with active internet u get get back up up-to 14-15 hours. Without internet 24 hours.selfi Cam is pretty gud than anyother phone.", 
            "title": "Perfect product!", 
            "certBuyer": true
        }
    ], 
    [
        {
            "rating": 4, 
            "helpful": 0, 
            "author": "Narasimha Murthy", 
            "text": "Good", 
            "title": "Pretty good", 
            "certBuyer": true
        }
    ], 
    [
        {
            "rating": 5, 
            "helpful": 0, 
            "author": "manoj  kumar", 
            "text": "High performance but its a LTE phone i.e. you cant call without internet connection........\nSo buy a VOLTE phone....", 
            "title": "Perfect product!", 
            "certBuyer": true
        }
    ], 
    [
        {
            "rating": 4, 
            "helpful": 0, 
            "author": "Hardev Ladhava", 
            "text": "Charging is not tack on long time", 
            "title": "Delightful", 
            "certBuyer": true
        }
    ], 
    [
        {
            "rating": 4, 
            "helpful": 0, 
            "author": "Flipkart Customer", 
            "text": "Nice phone .........", 
            "title": "Good but nothing fancy", 
            "certBuyer": true
        }
    ], 
    [
        {
            "rating": 5, 
            "helpful": 0, 
            "author": "Flipkart Customer", 
            "text": "just love this brand and this device 828.", 
            "title": "Mind-blowing purchase", 
            "certBuyer": false
        }
    ], 
    [
        {
            "rating": 5, 
            "helpful": 0, 
            "author": "Flipkart Customer", 
            "text": "Nice product , good purchase", 
            "title": "Terrific", 
            "certBuyer": true
        }
    ], 
    [
        {
            "rating": 1, 
            "helpful": 0, 
            "author": "Flipkart Customer", 
            "text": "Not a good phone...i hav use many htc phones which were too good especially battery power but this one is par low in battery..within an hour it goes down atleast 30-40% ...not good", 
            "title": "Worst experience ever!", 
            "certBuyer": false
        }
    ], 
    [
        {
            "rating": 3, 
            "helpful": 0, 
            "author": "Flipkart Customer", 
            "text": "Super camera. Low battery. Jio voice call isn't working.", 
            "title": "Does the job", 
            "certBuyer": false
        }
    ], 
    [
        {
            "rating": 3, 
            "helpful": 0, 
            "author": "Siddhesh Parab", 
            "text": "Everything else is good....but the battery back up is a big piece of shit!", 
            "title": "Above-average product", 
            "certBuyer": false
        }
    ], 
    [
        {
            "rating": 1, 
            "helpful": 0, 
            "author": "Ashish Sharma", 
            "text": "At dis price u'll have much better options... battery of dis phone is pathetic...it drains off quickly...n cell phone heats up quickly even though u play light games like coc...", 
            "title": "Bad quality", 
            "certBuyer": false
        }
    ], 
    [
        {
            "rating": 4, 
            "helpful": 0, 
            "author": "Narendra Joshi", 
            "text": "Nice phone avoid to be fool by choosing other on same price", 
            "title": "Best in category", 
            "certBuyer": false
        }
    ], 
    [
        {
            "rating": 4, 
            "helpful": 0, 
            "author": "Phoenix", 
            "text": "Good device overall\nPros- great display, amazing cam, htc boom dual front speakers are good too, blinkfeed\nCons- battery life, not so good processor however no lags till now, even while playing games like asphalt", 
            "title": "Worth the money", 
            "certBuyer": true
        }
    ], 
    [
        {
            "rating": 1, 
            "helpful": 0, 
            "author": "Sunil kumar Bordia", 
            "text": "Worst product", 
            "title": "Hated it!", 
            "certBuyer": true
        }
    ], 
    [
        {
            "rating": 2, 
            "helpful": 0, 
            "author": "Manikandan Marimuthu", 
            "text": "Battery backup is low", 
            "title": "Moderate", 
            "certBuyer": true
        }
    ], 
    [
        {
            "rating": 2, 
            "helpful": 0, 
            "author": "Flipkart Customer", 
            "text": "Phone little good but does not support volte feature so it's a disadvantage for its buyer.and jio user can not buy any HTC handset because it may be doesn't provide volte feature any one device.", 
            "title": "Moderate", 
            "certBuyer": false
        }
    ], 
    [
        {
            "rating": 5, 
            "helpful": 0, 
            "author": "Manik Prusty", 
            "text": "Awesome phone.have many good features. Camera, display, battery and processors  all are good to use the phone. Nice experience with the  brand HTC", 
            "title": "Wonderful", 
            "certBuyer": false
        }
    ], 
    [
        {
            "rating": 4, 
            "helpful": 0, 
            "author": "Shailesh Dusankar", 
            "text": "Handset performance is very good. Both canera is amezing. One con is battery backup is to low. Also reliance jio voice calling is not working in this phone.", 
            "title": "Value-for-money", 
            "certBuyer": true
        }
    ], 
    [
        {
            "rating": 5, 
            "helpful": 0, 
            "author": "Khan Farhan", 
            "text": "Thanks", 
            "title": "Super!", 
            "certBuyer": true
        }
    ], 
    [
        {
            "rating": 4, 
            "helpful": 0, 
            "author": "Flipkart Customer", 
            "text": "It's amazing product,looking very nice weightless phone . Front camera superb & rear camera awesome.\nI think one of the best product in same budget.", 
            "title": "Good quality product", 
            "certBuyer": false
        }
    ], 
    [
        {
            "rating": 5, 
            "helpful": 0, 
            "author": "SHIVA  CHAUHAN", 
            "text": "The one n only con is missing fingerprint scanner otherwise phone is just awesome", 
            "title": "Perfect product!", 
            "certBuyer": true
        }
    ], 
    [
        {
            "rating": 5, 
            "helpful": 0, 
            "author": "KATARI  RAMARAO ", 
            "text": "Good", 
            "title": "Must buy!", 
            "certBuyer": true
        }
    ], 
    [
        {
            "rating": 3, 
            "helpful": 0, 
            "author": "Flipkart Customer", 
            "text": "I have been using this phone for almost 6 months & all that i can say is that this is the worst phone that i have ever used in my whole life..The battery backup is very poor &if we use it continuously for almost 15 minutes ,it gets heated up..In fact I can fry an egg with my phone ...Seriously I HATE IT...!!", 
            "title": "Good", 
            "certBuyer": false
        }
    ], 
    [
        {
            "rating": 5, 
            "helpful": 0, 
            "author": "Flipkart Customer", 
            "text": "It's a excellent phone .sound quality is very good, camera also excellent both", 
            "title": "Classy product", 
            "certBuyer": false
        }
    ], 
    [
        {
            "rating": 5, 
            "helpful": 0, 
            "author": "Devendra Chaudhary", 
            "text": "best in the range of 11000 rs.", 
            "title": "good", 
            "certBuyer": false
        }
    ], 
    [
        {
            "rating": 5, 
            "helpful": 0, 
            "author": "Flipkart Customer", 
            "text": "Superb", 
            "title": "Very Good", 
            "certBuyer": true
        }
    ], 
    [
        {
            "rating": 2, 
            "helpful": 0, 
            "author": "Flipkart Customer", 
            "text": "Very very bad product. Phone is having lollipop and there is no updates to marshmallow. Very bad experience while using the mobile. Keeps lagging all the time.", 
            "title": "Very Bad product at this price", 
            "certBuyer": false
        }
    ], 
    [
        {
            "rating": 1, 
            "helpful": 0, 
            "author": "Flipkart Customer", 
            "text": "Worst mobile don't purchase this phone guys", 
            "title": "Absolute rubbish!", 
            "certBuyer": true
        }
    ], 
    [
        {
            "rating": 3, 
            "helpful": 0, 
            "author": "Sangeeta Negi", 
            "text": "The phone is huge yet sleek, HTC got the design right. The problems I am facing, \n1...the camera sucks, not liking the quality, pics are a Lil yellow & have some correction feature which makes me look pale & blemish free.  2...the battery is bad, I charge the phone twice in a day :( it's not even been a week since I started using this phone & the thought of a new phone has already crossed my mind\n3...the phone & charger heat up, while charging, playing games or watching YouTube.\n4...the headphones suck big time, in the time of in-ear headphones HTC is giving the old school headphones....not done.", 
            "title": "Decent product", 
            "certBuyer": true
        }
    ], 
    [
        {
            "rating": 1, 
            "helpful": 0, 
            "author": "Flipkart Customer", 
            "text": "Please do not buy HTC mobile they all are having battery issues.", 
            "title": "Waste of money!", 
            "certBuyer": false
        }
    ], 
    [
        {
            "rating": 5, 
            "helpful": 0, 
            "author": "Sougata  Biswas ", 
            "text": "5 stars for the camera.. and display is awesome..", 
            "title": "Brilliant", 
            "certBuyer": true
        }
    ], 
    [
        {
            "rating": 5, 
            "helpful": 0, 
            "author": "BONEY S R", 
            "text": "Good", 
            "title": "Best in the market!", 
            "certBuyer": true
        }
    ], 
    [
        {
            "rating": 5, 
            "helpful": 0, 
            "author": "Akhil Customer", 
            "text": "Good product... so far so good", 
            "title": "Terrific purchase", 
            "certBuyer": true
        }
    ], 
    [
        {
            "rating": 5, 
            "helpful": 0, 
            "author": "siddhartha sarkar", 
            "text": "HTC is the best", 
            "title": "Delightful", 
            "certBuyer": false
        }
    ], 
    [
        {
            "rating": 4, 
            "helpful": 0, 
            "author": "siddhartha sarkar", 
            "text": "Great product from htc,good rear camera,awesome selfie camera ,ois works ,great hardware.I will recommend it.", 
            "title": "Pretty good", 
            "certBuyer": false
        }
    ], 
    [
        {
            "rating": 5, 
            "helpful": 0, 
            "author": "vijeesh", 
            "text": "Nice phone", 
            "title": "Excellent", 
            "certBuyer": true
        }
    ], 
    [
        {
            "rating": 2, 
            "helpful": 0, 
            "author": "Flipkart Customer", 
            "text": "Great phone in this budget not happy with camera it's blurry and shaky", 
            "title": "Overpriced", 
            "certBuyer": true
        }
    ], 
    [
        {
            "rating": 5, 
            "helpful": 0, 
            "author": "Jayesh Rangwani", 
            "text": "Awesome phone wid gud front camera. 1 thing which is not included is flash in front cam otherwise phn is too good.  Good sound system,  good resolutions, awesome camera result, light in weight.  Go for it guys.", 
            "title": "Fabulous!", 
            "certBuyer": true
        }
    ], 
    [
        {
            "rating": 1, 
            "helpful": 0, 
            "author": "saurabh vikram singh", 
            "text": "Worst phone..........", 
            "title": "Horrible", 
            "certBuyer": false
        }
    ], 
    [
        {
            "rating": 3, 
            "helpful": 0, 
            "author": "Shailly Kantharia", 
            "text": "Product is fine. But battery life is not at all as it was expected", 
            "title": "Battery life is not very good", 
            "certBuyer": true
        }
    ], 
    [
        {
            "rating": 1, 
            "helpful": 0, 
            "author": "brijesh kumar", 
            "text": "very bad experiance. battery problem. heating problem. Disappoint  after purchasing it", 
            "title": "Horrible", 
            "certBuyer": true
        }
    ], 
    [
        {
            "rating": 2, 
            "helpful": 0, 
            "author": "Siddique Shaikh", 
            "text": "This is iron phone...", 
            "title": "Overpriced", 
            "certBuyer": false
        }
    ], 
    [
        {
            "rating": 4, 
            "helpful": 0, 
            "author": "Santosh Gaikwad", 
            "text": "Its really nice cellphone, quality product", 
            "title": "Very Good", 
            "certBuyer": true
        }
    ], 
    [
        {
            "rating": 5, 
            "helpful": 0, 
            "author": "RAHUL RAJ S", 
            "text": "Quick delivery to my home my previous order take 1 week  to reach my home, but this phone reached in 3 days.", 
            "title": "Brilliant", 
            "certBuyer": true
        }
    ], 
    [
        {
            "rating": 5, 
            "helpful": 0, 
            "author": "Flipkart Customer", 
            "text": "Gr8 CDMA phone", 
            "title": "Perfect product!", 
            "certBuyer": true
        }
    ], 
    [
        {
            "rating": 5, 
            "helpful": 0, 
            "author": "RATUL KARFA", 
            "text": "Good phone with all latest version..with low range.", 
            "title": "Fabulous!", 
            "certBuyer": true
        }
    ], 
    [
        {
            "rating": 5, 
            "helpful": 0, 
            "author": "Kaushik Choudhary", 
            "text": "Excellent phone!!!", 
            "title": "Awesome", 
            "certBuyer": true
        }
    ], 
    [
        {
            "rating": 4, 
            "helpful": 0, 
            "author": "Flipkart Customer", 
            "text": "Good", 
            "title": "Good choice", 
            "certBuyer": true
        }
    ], 
    [
        {
            "rating": 3, 
            "helpful": 0, 
            "author": "JAYADEEP KARLAPUDI", 
            "text": "Ok", 
            "title": "Good", 
            "certBuyer": true
        }
    ], 
    [
        {
            "rating": 4, 
            "helpful": 0, 
            "author": "Flipkart Customer", 
            "text": "Nyc", 
            "title": "Nice product", 
            "certBuyer": true
        }
    ], 
    [
        {
            "rating": 5, 
            "helpful": 0, 
            "author": "VIGHNESWAR H S", 
            "text": "Best phone at this price\nFor me", 
            "title": "Awesome", 
            "certBuyer": false
        }
    ], 
    [
        {
            "rating": 5, 
            "helpful": 0, 
            "author": "Sartaj  Ahmed", 
            "text": "I use this handset.. awesome mobile no doubt,\nTouch,sound quality,faster its all chota packet bada dhamaka guys...\nBuy it", 
            "title": "Terrific", 
            "certBuyer": false
        }
    ], 
    [
        {
            "rating": 5, 
            "helpful": 0, 
            "author": "Flipkart Customer", 
            "text": "The product seemed very nice and lightweight. The voice and camera quality is superb, just beyond your expectations. The other outstandingbthing is its volume. Though the battery takes about 2.25 hrs to charge and gets heated after excess use ie. 2-2 .5 hrs, it is a nice product. Would definitely recommend to others.", 
            "title": "This is what is called as outstanding!", 
            "certBuyer": false
        }
    ], 
    [
        {
            "rating": 3, 
            "helpful": 0, 
            "author": "Kunal Kumar", 
            "text": "Software is good. The quality is ok. Handset is made is India. I found a scratch on back cover but decided not to return as it was not very prominent. Front speakers are not as great as compared to m8 or m8 eye. But rest is fine.", 
            "title": "Not very great", 
            "certBuyer": true
        }
    ], 
    [
        {
            "rating": 4, 
            "helpful": 0, 
            "author": "Flipkart Customer", 
            "text": "I'm happy used htc desire 828", 
            "title": "Nice ph...camera quality nice..theme v bahat hai..", 
            "certBuyer": false
        }
    ], 
    [
        {
            "rating": 4, 
            "helpful": 0, 
            "author": "Angel Mary  Sam", 
            "text": "Decent phone for the price.", 
            "title": "Pretty good phone.", 
            "certBuyer": false
        }
    ], 
    [
        {
            "rating": 4, 
            "helpful": 0, 
            "author": "Sha", 
            "text": "Good and stylish mobile . good work htc \nCharging is little slow other feature excellent", 
            "title": "Htc", 
            "certBuyer": false
        }
    ], 
    [
        {
            "rating": 4, 
            "helpful": 0, 
            "author": "Bhagwat  Paithanpagare ", 
            "text": "Very good phone. Both the cameras are good. The ram and processor are working fast. While charging a little heating issue is there but Recommended to purchase it and enjoy", 
            "title": "Nice phone", 
            "certBuyer": false
        }
    ], 
    [
        {
            "rating": 4, 
            "helpful": 0, 
            "author": "Tejas ", 
            "text": "Expected more features for this price.\nfront camera is reasonable.\nfeels good in hand\nlooks are good\nSpeakers and screen is top notch\nOnly problem I felt after using it for a week is not so strong battery. And no fast charging feature available\nGsm only 2g", 
            "title": "Nice phone overall", 
            "certBuyer": true
        }
    ], 
    [
        {
            "rating": 3, 
            "helpful": 0, 
            "author": "Vaibhav Pandey", 
            "text": "The phone is good, but the battery drains too fast like a bullet train and also the phone starts heating on playing candy crush.", 
            "title": "Good phone with worst battery backup", 
            "certBuyer": false
        }
    ], 
    [
        {
            "rating": 5, 
            "helpful": 0, 
            "author": "Souvik shome", 
            "text": "One of the best mobiles...it is..it looks so smarty.........", 
            "title": "Best mobile", 
            "certBuyer": false
        }
    ], 
    [
        {
            "rating": 4, 
            "helpful": 0, 
            "author": "Thanga MK", 
            "text": "First of all this phone is quite weight less\nCamera good but I don't like the focusing mechanism. Very nice features but not that more. Battery little weak. But it's good overall.", 
            "title": "Less weight phone hTc", 
            "certBuyer": false
        }
    ], 
    [
        {
            "rating": 4, 
            "helpful": 0, 
            "author": "Angie", 
            "text": "Amazing phone!! Esp the cam and speakers too!! Nd battery backup is pretty okay, much better than my old Samsung galaxy range. \nTotally worth it!!", 
            "title": "In love with my phone \u00e2\u009d\u00a4", 
            "certBuyer": false
        }
    ], 
    [
        {
            "rating": 5, 
            "helpful": 0, 
            "author": "Sumit pahuja", 
            "text": "Good in look and camera is nice batry good but network problem with bsnl sim", 
            "title": "Nice one from htc", 
            "certBuyer": false
        }
    ], 
    [
        {
            "rating": 5, 
            "helpful": 0, 
            "author": "saptarsi das", 
            "text": "to asme set... all , features r totaly good.... htc one of the best phone..", 
            "title": "sd honey bunny", 
            "certBuyer": false
        }
    ], 
    [
        {
            "rating": 2, 
            "helpful": 0, 
            "author": "Vipul Mane", 
            "text": "After 1 - 2 months regularly need to reinstall the software too bad", 
            "title": "Software issue", 
            "certBuyer": false
        }
    ], 
    [
        {
            "rating": 1, 
            "helpful": 0, 
            "author": "harshal chandoskar", 
            "text": "got faulty product 2 time", 
            "title": "Horrible", 
            "certBuyer": true
        }
    ], 
    [
        {
            "rating": 5, 
            "helpful": 0, 
            "author": "sameer abbas", 
            "text": "Great.", 
            "title": "Five Stars", 
            "certBuyer": true
        }
    ], 
    [
        {
            "rating": 5, 
            "helpful": 0, 
            "author": "Deemanth  Customer", 
            "text": "Good", 
            "title": "Five Stars", 
            "certBuyer": true
        }
    ], 
    [
        {
            "rating": 2, 
            "helpful": 1, 
            "author": "KRISHNA KUMAR", 
            "text": "It may be a good mobile but not as much expected. Sound quality is not better as it was in HTC Desire 820. Picture quality is superb.The worst part of the mobile is that it doesn't support 3G in second slot Sim. I would suggest not to buy this product, better to go for another mobile.", 
            "title": "Good Product", 
            "certBuyer": false
        }
    ], 
    [
        {
            "rating": 5, 
            "helpful": 1, 
            "author": "UMA SHANKAR MAHAPATRA", 
            "text": "Does it support volte network", 
            "title": "Perfect product!", 
            "certBuyer": false
        }
    ], 
    [
        {
            "rating": 4, 
            "helpful": 1, 
            "author": "Rajat Nirkhe", 
            "text": "\u092f\u0939 \u092b\u094b\u0928 \u092c\u0939\u0941\u0924 \u0905\u091a\u091b\u093e \u0939\u0948\u0964 \u0906\u0927\u0941\u0928\u093f\u0915 \u092b\u094b\u0928 \u0915\u0940 \u0938\u092d\u0940 \u0938\u0941\u0935\u093f\u0927\u093e\u092f\u0947\u0902\u0902 \u0907\u0938 \u092b\u094b\u0928 \u092e\u0947\u0902 \u0939\u0948\u0964 \u092f\u0939 \u092b\u094b\u0928 \u0924\u0940\u0935\u094d\u0930 \u0917\u0924\u093f \u0938\u0947 \u0915\u093e\u0930\u094d\u092f \u0915\u0930\u0924\u093e \u0939\u0948\u0964", 
            "title": "Delightful", 
            "certBuyer": true
        }
    ], 
    [
        {
            "rating": 5, 
            "helpful": 1, 
            "author": "Sijo Joseph", 
            "text": "Good service and I am very satisfied...", 
            "title": "Simply awesome", 
            "certBuyer": true
        }
    ], 
    [
        {
            "rating": 1, 
            "helpful": 1, 
            "author": "Flipkart Customer", 
            "text": "camera quality is bad so i suggest not buy this phone because wastage of money.............................................................................................................................................................................................................................................................................................................................................................................................", 
            "title": "camera quality", 
            "certBuyer": false
        }
    ], 
    [
        {
            "rating": 5, 
            "helpful": 1, 
            "author": "Rajat Dey Sarkar", 
            "text": "Gifted to my wife. She is using is for last 6 months. Very good phone,but width is a factor. Camera quality is too good even in low light. Front cam is also decent. speed is good. Go for 32 GB not 16 GB.", 
            "title": "Nice phone", 
            "certBuyer": false
        }
    ], 
    [
        {
            "rating": 5, 
            "helpful": 1, 
            "author": "Iqbal Singh", 
            "text": "HTC 828 3GB/32GB one month usgae update..\nI would say its a decent device for its price..\n1) very light for its size, sometimes its feels like device is battery less\n2) No lag even after opening half a dozen apps\n3)Loud speaker are quite gud...at full volume some distortion might come but quit clear while watching videos/movies\n4)Screen is splendid having natural colours and crispness.\n5)Earphone quality is decent too. Thought my previous device 826 sounded better via earphone in my opinion\n6)Call quality is superb at both ends\n7)Battery life seems to be at par HTC 816 if not better. it easily lasts me day with few hours of calling and watching videos, surfing net on wifi\n8)I havent faced any overheating.with this device. its perfectly normal . I have made several calls with this device ranging 30-45 mins. While charging, wifi surfing or video watching it was okay too. Yes it did heat up more while i am browsing on 3G/4G .\n9) Havent played any game so cant on that except that everything has been a breeze\n10)No fast charging , with bundled charger it takes around 2:30 -2:45 hours for a full charge from 0-100% Didnt try hight Amp charger.\n11)Usabe ram is around 1.3-1:5 GB\n12)Rear Camera is blazing fast. it exceeded my expectations. i got a chance to compare with iphone 6s . Result were quite comparble quality wise. Iphone was definately better with more natural colour. iOS definately helps in low lighting.\n13) Selfie camera is superb. it capture so much light in every situation.\n\nThis pretty much sums up my experience with htc 828", 
            "title": "One month usage update", 
            "certBuyer": false
        }
    ], 
    [
        {
            "rating": 1, 
            "helpful": 1, 
            "author": "Flipkart Customer", 
            "text": "It nt supporting jio volte. Ther is no option and there is no Van settings.seller cheting with high price 16893.actuval price is 15300.after downld jio volte app also nt working.only camara is good.with in the price range many good options are there.", 
            "title": "Worst experience ever!", 
            "certBuyer": true
        }
    ], 
    [
        {
            "rating": 3, 
            "helpful": 0, 
            "author": "Flipkart Customer", 
            "text": "Head phones that came in the box along with mobile is not as expected and duplicate i think, because it failed in a month after i received mobile.", 
            "title": "Just okay", 
            "certBuyer": true
        }
    ], 
    [
        {
            "rating": 1, 
            "helpful": 0, 
            "author": "Umesh Kumar Kapar", 
            "text": "Flipkart delivered this phone to someone else here status is showing delivered. Really very pathatic service flipkart is providing. I need my phone back", 
            "title": "Utterly Disappointed", 
            "certBuyer": true
        }
    ], 
    [
        {
            "rating": 5, 
            "helpful": 0, 
            "author": "Flipkart Customer", 
            "text": "Great service as well as  great mobile the HTC....", 
            "title": "Great product", 
            "certBuyer": true
        }
    ], 
    [
        {
            "rating": 5, 
            "helpful": 0, 
            "author": "Flipkart Customer", 
            "text": "Nice service", 
            "title": "Highly recommended", 
            "certBuyer": true
        }
    ], 
    [
        {
            "rating": 2, 
            "helpful": 0, 
            "author": "AKHIL  MITRA", 
            "text": "Sound performance is detective ......dont go for the big name....like htc", 
            "title": "Horrible", 
            "certBuyer": true
        }
    ], 
    [
        {
            "rating": 1, 
            "helpful": 0, 
            "author": "Flipkart Customer", 
            "text": "I ordered black gray but received pearl white . Really worst experience, don't waste your money", 
            "title": "Terrible product", 
            "certBuyer": true
        }
    ], 
    [
        {
            "rating": 5, 
            "helpful": 0, 
            "author": "Nitish Swami", 
            "text": "Thanks", 
            "title": "Mind-blowing purchase", 
            "certBuyer": true
        }
    ], 
    [
        {
            "rating": 3, 
            "helpful": 0, 
            "author": "Vishal Pandya", 
            "text": "Delay to deliver......", 
            "title": "Faced minor issues", 
            "certBuyer": false
        }
    ], 
    [
        {
            "rating": 5, 
            "helpful": 0, 
            "author": "Suman Sarkar", 
            "text": "Both are excellent Flipkart and phone.flipkart best.", 
            "title": "Highly recommended", 
            "certBuyer": true
        }
    ], 
    [
        {
            "rating": 5, 
            "helpful": 0, 
            "author": "Ram  Godara", 
            "text": "Front camera the best of htc 828....esase bdkr kuch nhi", 
            "title": "Front camera super h bhai", 
            "certBuyer": false
        }
    ], 
    [
        {
            "rating": 1, 
            "helpful": 0, 
            "author": "Flipkart Customer", 
            "text": "Had worest experience with filpkart but excutes so help me lot..", 
            "title": "Useless product", 
            "certBuyer": true
        }
    ], 
    [
        {
            "rating": 3, 
            "helpful": 0, 
            "author": "KAMLESH LOKHANDWALA", 
            "text": "GOOD PACKEING AND DLY", 
            "title": "GOOD PACKEING AND DLY", 
            "certBuyer": true
        }
    ], 
    [
        {
            "rating": 2, 
            "helpful": 1, 
            "author": "murugan k", 
            "text": "we need to change mobile colour to white", 
            "title": "colour choice", 
            "certBuyer": false
        }
    ], 
    [
        {
            "rating": 1, 
            "helpful": 0, 
            "author": "Flipkart Customer", 
            "text": "Friends is this Fhd or hd video quality?", 
            "title": "Waste of money!", 
            "certBuyer": false
        }
    ]
]