[
    [
        {
            "rating": 1, 
            "helpful": 192, 
            "author": "Varun", 
            "text": "Multiple Hardware issue in this Mobile. Heating,  Battery backup lssue, Slow dailing, Speaker Issue. HTC is a brand, but sorry to say I never think this type of Major issue comes in HTC Brand.....", 
            "title": "Look is good", 
            "certBuyer": true
        }
    ], 
    [
        {
            "rating": 1, 
            "helpful": 68, 
            "author": "Rupali  Gupta ", 
            "text": "Worst battery ? life, no otg support, heats up vry fast if u talk long on phone as well as on charging, Ringtone volume low", 
            "title": "Worst experience ever!", 
            "certBuyer": false
        }
    ], 
    [
        {
            "rating": 4, 
            "helpful": 253, 
            "author": "Srikanth  V", 
            "text": "Pros : \n1. Light weight \n2. Good display and touch \n3. 4G Network Connectivity is awesome \n\nCons :\n1. Does not support OTG \n2. Battery power is less for a spec of this nature \n3. It comes with kitkat. No updates so far", 
            "title": "good but it could have been more good", 
            "certBuyer": false
        }
    ], 
    [
        {
            "rating": 5, 
            "helpful": 61, 
            "author": "kanak", 
            "text": "the battery backup is very nice. \nno heating problems\nno hanging problems\nand it is upgraded to version 5.1 lollipop\nand jio 4g also works in this phone\nthe features are very nice \nthis phone is also made for gaming", 
            "title": "i am so happy with this phone", 
            "certBuyer": false
        }
    ], 
    [
        {
            "rating": 1, 
            "helpful": 11, 
            "author": "divya solanki", 
            "text": "Very poor.....please do not buy", 
            "title": "Not recommended at all", 
            "certBuyer": true
        }
    ], 
    [
        {
            "rating": 1, 
            "helpful": 11, 
            "author": "Flipkart Customer", 
            "text": "Low quality products, heating issues, hanging problem. Wasting money", 
            "title": "Biggest mistake of my life!", 
            "certBuyer": false
        }
    ], 
    [
        {
            "rating": 1, 
            "helpful": 45, 
            "author": "Binod Kumar", 
            "text": "This model is very worst i am use this phone within 20 day 3 time reset and one time software is blocked \nso my experience this is not good", 
            "title": "HTC Desire 626 Duel SIM", 
            "certBuyer": false
        }
    ], 
    [
        {
            "rating": 1, 
            "helpful": 9, 
            "author": "Ramesh  Vhl", 
            "text": "Camera is very very bad .3 class \nmobile", 
            "title": "Not ok", 
            "certBuyer": true
        }
    ], 
    [
        {
            "rating": 1, 
            "helpful": 9, 
            "author": "Siva Customer", 
            "text": "Camera not clear, charging problems", 
            "title": "Heating problem", 
            "certBuyer": false
        }
    ], 
    [
        {
            "rating": 5, 
            "helpful": 10, 
            "author": "bhaskar gurram", 
            "text": "I am using since 2 years. No complaints even hanging . But charging will stands more  with charging with HTC charger only . So Don't loose charger", 
            "title": "Awesome", 
            "certBuyer": false
        }
    ], 
    [
        {
            "rating": 1, 
            "helpful": 7, 
            "author": "Dinesh Sharma", 
            "text": "Phone is not upto mark as per HTC brand is concerned.\nCons:\n\n1) Other phones with same price tag much much better than this.\n2) Battery doesn't last for 12 hrs\n3) Heats badly when on continuous wifi / internet connection.\n4) Camera quality worse than other chinese phones.\n5) Company misselling this product by specifying it has magnetic sensor whereas it doesn't support magnetic compass apps\n\n\nPros :\n1) light weight", 
            "title": "Worst phone under HTC brand", 
            "certBuyer": false
        }
    ], 
    [
        {
            "rating": 4, 
            "helpful": 3, 
            "author": "Parveen Sharma", 
            "text": "Nice phn, no hanging issue but accesorios are not as good as it should be,specially earphones, battery back up is a issue....", 
            "title": "Pretty good", 
            "certBuyer": true
        }
    ], 
    [
        {
            "rating": 3, 
            "helpful": 25, 
            "author": "Mukul Jain", 
            "text": "Its a good phone :\n\nPros:\n5 inch display, HD resolution, 2GB RAM and 16 GB ROM\n4G\n\nCons:\nBattery with less capacity 2000 mAH\ndrains so fast. Cant last more than 12 hours.", 
            "title": "Good phone but with some limitations", 
            "certBuyer": true
        }
    ], 
    [
        {
            "rating": 1, 
            "helpful": 7, 
            "author": "Flipkart Customer", 
            "text": "Money waste", 
            "title": "Absolute rubbish!", 
            "certBuyer": true
        }
    ], 
    [
        {
            "rating": 5, 
            "helpful": 4, 
            "author": "Zaidbin Hussain", 
            "text": "Good phone value for money", 
            "title": "Great product", 
            "certBuyer": true
        }
    ], 
    [
        {
            "rating": 3, 
            "helpful": 5, 
            "author": "Flipkart Customer", 
            "text": "Soooper", 
            "title": "Decent product", 
            "certBuyer": false
        }
    ], 
    [
        {
            "rating": 1, 
            "helpful": 9, 
            "author": "Ashwin Aggarwal", 
            "text": "overall a good phone but the only issue is that, the phone is just launched in the month of February 2016 still it comes with android 4.4 kitkat. No news if will be upgraded to any latest version or not. \n\nif it is not upgradable to latest version, then i will suggest you not to buy this phone at all as there are lot of option in the market with latest version at this price range.\n\nCons:\n\nHeating.\nBattery.\nSpeaker sound is too less.\ncurve finishing is of sort of rubber stuff which is not durable.\n\nPros:\n\nCamera is good both front and back.\nLooks are good.\n\nHope its helpful.", 
            "title": "HTC Desire 626 Dual Sim Review", 
            "certBuyer": true
        }
    ], 
    [
        {
            "rating": 4, 
            "helpful": 8, 
            "author": "Prachi", 
            "text": "Average phone...!! Now using it for a month or so..  no major issues till now...\n\nPros\nSmart looks\nAwesome touch\nGood processing speed..\nVery light weight..which makes it handy to use even though big screen..\n\nCons\nNot major problems at least till now but few I'll list out\nBattery... maximum 18-20hrs... with full net usage.. but if you put off your internet, battery life is good... so not a good choice for guys with continuous usage...\nCamera is excellent in day light... but performance is average if have to capture during night!! Same goes for front camera as well....\n\nIf you are looking for low end mobile I feel you can go for this... considering the price performance and looks ratio, it is awsm..", 
            "title": "Good phone could have been better", 
            "certBuyer": false
        }
    ], 
    [
        {
            "rating": 3, 
            "helpful": 6, 
            "author": "Flipkart Customer", 
            "text": "This product allows me for hassle free operating more than 5 apps in a single time,\nGreat experience with display, good camera but needs some improvements too, battery life is not capable for working 7 hours when fully used . No upgrade in operating system. Sometimes it get self switch off which is a serious problem,it heats too.need to always close threatening and location so that it will not get hot.that is a problem.....I am using this phone from 8 months.", 
            "title": "Nice", 
            "certBuyer": true
        }
    ], 
    [
        {
            "rating": 1, 
            "helpful": 8, 
            "author": "Flipkart Customer", 
            "text": "The phone is hanging", 
            "title": "Poor", 
            "certBuyer": false
        }
    ], 
    [
        {
            "rating": 1, 
            "helpful": 3, 
            "author": "Abhijith bv", 
            "text": "Very bad smartphone... Hang problm...battery issue...camera problem..flash light problem..unfortunately switched off...doesn't attent the call..touch problem...automatic screening ptoblr... etc", 
            "title": "Terrible product", 
            "certBuyer": false
        }
    ], 
    [
        {
            "rating": 4, 
            "helpful": 5, 
            "author": "aarthi aashi", 
            "text": "Very good mobile it's features are good and I have been using this for 8 months and still using I did nt face any problem,  large memory space ,elegant and look is very classy ,touch is also very fast but the only disadvantage I felt is  volume low but not so low  it's moderate and I am using my mobile 12-14 hours each day but it doesn't hang  I love my mobile", 
            "title": "Nice product", 
            "certBuyer": false
        }
    ], 
    [
        {
            "rating": 4, 
            "helpful": 2, 
            "author": "MALABIKA SAHA", 
            "text": "Htc is a good brand so...\nBoth cameras are awesome\nTouch is good\nSpeaker quality is awesome\nSensors are good\nLed light is very bright\nThe phone is quite fast as it has 2gb ram\nThe only bad thing about this phone is that it heats up very fast\nIn all the phone is very good", 
            "title": "Pretty good", 
            "certBuyer": false
        }
    ], 
    [
        {
            "rating": 1, 
            "helpful": 2, 
            "author": "gaurav kr", 
            "text": "Overall its a good phone-\nMajor issue is with the battery,its pathetic.drains out within 4 to 5 hours while using wifi.", 
            "title": "Major battery issue", 
            "certBuyer": true
        }
    ], 
    [
        {
            "rating": 2, 
            "helpful": 1, 
            "author": "kemidi naresh", 
            "text": "PHONE IS AUTOMATICALLY  SWITCH OFF  THIS IS THE PROBLEM", 
            "title": "Moderate", 
            "certBuyer": true
        }
    ], 
    [
        {
            "rating": 1, 
            "helpful": 1, 
            "author": "Dheeraj vp", 
            "text": "very poor performance", 
            "title": "Worthless", 
            "certBuyer": true
        }
    ], 
    [
        {
            "rating": 2, 
            "helpful": 1, 
            "author": "PRINCEFAIZ", 
            "text": "bad experince with HTC  worst battery and display and clarity... also", 
            "title": "Moderate", 
            "certBuyer": true
        }
    ], 
    [
        {
            "rating": 5, 
            "helpful": 1, 
            "author": "Piyush Gairola", 
            "text": "Awsome", 
            "title": "Best in the market!", 
            "certBuyer": true
        }
    ], 
    [
        {
            "rating": 5, 
            "helpful": 1, 
            "author": "Flipkart Customer", 
            "text": "Super", 
            "title": "Mind-blowing purchase", 
            "certBuyer": false
        }
    ], 
    [
        {
            "rating": 4, 
            "helpful": 1, 
            "author": "Flipkart Customer", 
            "text": "Good", 
            "title": "Delightful", 
            "certBuyer": true
        }
    ], 
    [
        {
            "rating": 5, 
            "helpful": 1, 
            "author": "Ritik  Kumar ", 
            "text": "Very good phone for kids", 
            "title": "Excellent", 
            "certBuyer": false
        }
    ], 
    [
        {
            "rating": 1, 
            "helpful": 0, 
            "author": "valam makvana", 
            "text": "It's very bad phone... Heating issue.. Battery back up not Good...I feel not good enough satisfaction", 
            "title": "Worst phone", 
            "certBuyer": false
        }
    ], 
    [
        {
            "rating": 2, 
            "helpful": 0, 
            "author": "Flipkart Customer", 
            "text": "*Battery is too weak. \n*Screen clarity is not better.\n*Camera is not that much as clear when compared to other phones available for this price.\n*No hang up..Good performance", 
            "title": "Could be way better", 
            "certBuyer": false
        }
    ], 
    [
        {
            "rating": 5, 
            "helpful": 0, 
            "author": "Somnath Raidas", 
            "text": "Good", 
            "title": "Fabulous!", 
            "certBuyer": false
        }
    ], 
    [
        {
            "rating": 1, 
            "helpful": 0, 
            "author": "arnav bhagat", 
            "text": "i will never go for htc in any way \nbattery goes 10% after full charging in 5-6 hours even without any use, i recommend not to go for htc ever", 
            "title": "Terrible product", 
            "certBuyer": false
        }
    ], 
    [
        {
            "rating": 1, 
            "helpful": 1, 
            "author": "srinivas naik varthyavat", 
            "text": "Item is not good", 
            "title": "Waste of money!", 
            "certBuyer": true
        }
    ], 
    [
        {
            "rating": 1, 
            "helpful": 1, 
            "author": "saiprasad goud", 
            "text": "Very poor battery", 
            "title": "Worthless", 
            "certBuyer": true
        }
    ], 
    [
        {
            "rating": 2, 
            "helpful": 0, 
            "author": "Muneppa Ajay", 
            "text": "It's weird nise", 
            "title": "Moderate", 
            "certBuyer": true
        }
    ], 
    [
        {
            "rating": 1, 
            "helpful": 0, 
            "author": "Aditi Bhaskar ", 
            "text": "The worse phone ! Very unhappy with it !", 
            "title": "Don't waste your money", 
            "certBuyer": false
        }
    ], 
    [
        {
            "rating": 1, 
            "helpful": 0, 
            "author": "Flipkart Customer", 
            "text": "Dabba mobile", 
            "title": "Useless product", 
            "certBuyer": false
        }
    ], 
    [
        {
            "rating": 3, 
            "helpful": 0, 
            "author": "DIBBENDU BEPARI", 
            "text": "It's primary camera is good but it's front camera is so bad..and also it's have hitting problem... Battery backup is so poor .....", 
            "title": "Above-average product", 
            "certBuyer": true
        }
    ], 
    [
        {
            "rating": 1, 
            "helpful": 0, 
            "author": "Sivakumar S", 
            "text": "Performance gud but battery backup is too poor.camera quality is very bad worst..very very worst..pls dont buy this mobile guys", 
            "title": "Faced minor issues", 
            "certBuyer": true
        }
    ], 
    [
        {
            "rating": 1, 
            "helpful": 1, 
            "author": "Gollu Rishi", 
            "text": "It's too worst product& battery,camera quietly  also not good..", 
            "title": "Biggest mistake of my life!", 
            "certBuyer": true
        }
    ], 
    [
        {
            "rating": 2, 
            "helpful": 0, 
            "author": "Anjeev Kumar", 
            "text": "Rom only 12 gb but in specification shown 16 GB. Battery backup very poor.", 
            "title": "Nice product", 
            "certBuyer": true
        }
    ], 
    [
        {
            "rating": 4, 
            "helpful": 0, 
            "author": "wilson nadar", 
            "text": "It is good value for money", 
            "title": "Good choice", 
            "certBuyer": true
        }
    ], 
    [
        {
            "rating": 5, 
            "helpful": 1, 
            "author": "Mithun  Das ", 
            "text": "Super and xclan mobile.", 
            "title": "Fabulous!", 
            "certBuyer": true
        }
    ], 
    [
        {
            "rating": 1, 
            "helpful": 0, 
            "author": "Flipkart Customer", 
            "text": "Battery backup very low", 
            "title": "Very poor", 
            "certBuyer": false
        }
    ], 
    [
        {
            "rating": 2, 
            "helpful": 1, 
            "author": "Eddie Negi", 
            "text": "The phone is stylish and for gaming it is average but battery,heating and other stuff has make this phone worse", 
            "title": "Ok", 
            "certBuyer": false
        }
    ], 
    [
        {
            "rating": 3, 
            "helpful": 2, 
            "author": "raghav mahajan", 
            "text": "In this range many other phone have more good features camera has no stabilization poor front camera both cameras suck hanger phone heater phone vo lte not supported. Heats on 4g calling plastic body wtf. Only look wise good. I Regret buying this phone.", 
            "title": "Not very good", 
            "certBuyer": false
        }
    ], 
    [
        {
            "rating": 1, 
            "helpful": 2, 
            "author": "Vijay Pratap Paidi", 
            "text": "Worst product", 
            "title": "Unsatisfactory", 
            "certBuyer": true
        }
    ], 
    [
        {
            "rating": 3, 
            "helpful": 3, 
            "author": "Pardeep Mittal", 
            "text": "Mobile is good with no hanging problem, good design excellent performance. But with in a month the blue lagoon colour on sides will change to yellow giving very bad look. Suddenly you will start hating your phone. Giving 3 star because of it", 
            "title": "Light blue colour will change to yellow giving wierd look", 
            "certBuyer": true
        }
    ], 
    [
        {
            "rating": 4, 
            "helpful": 2, 
            "author": "Oishik Goswami", 
            "text": "After using for six months I am writing this review. So far only problem is battery backup with heavy usage it lasts 6-8 hrs. Camera is awesome and 2 go ram is enough to play everything ( asphalt 8 runs smoothly). Heats up a bit during charging . Light weight and handy phone.", 
            "title": "Very Good", 
            "certBuyer": false
        }
    ], 
    [
        {
            "rating": 1, 
            "helpful": 2, 
            "author": "Rajt Oomman", 
            "text": "It's really a good phone under 12K .... but 2000maH battery is so poor that 100% charge will get reduced to 5% within 3-4 hrs if using net. For an average user. it will not stand a single \nday.... you better buy Moto G4 or Redmi ... or else you will have to buy a powerbank or carry a charger where ever you go..", 
            "title": "Good phone But better buy a powerbank", 
            "certBuyer": false
        }
    ], 
    [
        {
            "rating": 4, 
            "helpful": 1, 
            "author": "Alan Madhu", 
            "text": "Hi,\nI am using this device since 2015.\nIn my experience this phone is a very cool and fast product.\nPros:\nIt's look.Very lightweight and thin.\nIt's very easy to handle\nIt's processor supreme fast\nIt's display,better than Samsung and other Chinese brands.\nIt's brandvalue.\nCons:\nIt's OS.still kit Kat no updates till.\nIt's battery capacity.Too small but lasts long if you are an avarage user.\nIt's price is too high\nIt's camera is not 13mp actually  it's10mp. And clarity is not good at all when compared to Samsung\nOtherwise this phone is satisfying.\nHope it is useful", 
            "title": "Very Good", 
            "certBuyer": false
        }
    ], 
    [
        {
            "rating": 1, 
            "helpful": 1, 
            "author": "Akshay Pawar", 
            "text": "0 star Very bad performance phone lags too much n speed is also verry slow\n\nDont Buy", 
            "title": "Worthless", 
            "certBuyer": true
        }
    ], 
    [
        {
            "rating": 3, 
            "helpful": 1, 
            "author": "Om Prakash", 
            "text": "Bad quality product,never expect Flipkart can sell such kind of product.", 
            "title": "Met Expectations", 
            "certBuyer": true
        }
    ], 
    [
        {
            "rating": 1, 
            "helpful": 1, 
            "author": "Rama Krishna", 
            "text": "Bad", 
            "title": "Hated it!", 
            "certBuyer": true
        }
    ], 
    [
        {
            "rating": 1, 
            "helpful": 1, 
            "author": "Flipkart Customer", 
            "text": "It's not a 4g phone or removeable battery.", 
            "title": "Utterly Disappointed", 
            "certBuyer": false
        }
    ], 
    [
        {
            "rating": 3, 
            "helpful": 1, 
            "author": "Thavi A", 
            "text": "Pros:\nGreat camera\nLight weight\nStylish looks\nGood for multi-tasking\nGreat memory\nCons:\nThe speakers are really bad compared to other phones, very low volume and low quality sound\nHangs a lot if you dont clean with clean master everyday\nWhile talking on the phone, the other person can't hear me unless i talk really loudly.\nThe back cover is made of really cheap plastic and has this dirty,smudgy appearance even after cleaning.\n\nOverall, its a good phone but i'm sure you can get better at this price.", 
            "title": "Good but not Great.", 
            "certBuyer": true
        }
    ], 
    [
        {
            "rating": 5, 
            "helpful": 1, 
            "author": "Nani Raj", 
            "text": "Look is good\nMultiple Hardware issue in this Mobile. Heating, Battery backup lssue, Slow dailing, Speaker Issue. HTC is a brand, but sorry to say I never think this type of Major issue comes in HTC Brand.....", 
            "title": "Nani Raj", 
            "certBuyer": true
        }
    ], 
    [
        {
            "rating": 1, 
            "helpful": 0, 
            "author": "teju babu", 
            "text": "Local mobile, made in China", 
            "title": "waste", 
            "certBuyer": true
        }
    ], 
    [
        {
            "rating": 5, 
            "helpful": 0, 
            "author": "S.Rajkumar Raj", 
            "text": "Ok", 
            "title": "Simply awesome", 
            "certBuyer": true
        }
    ], 
    [
        {
            "rating": 5, 
            "helpful": 0, 
            "author": "Flipkart Customer", 
            "text": "It's a super phone butt..just its speakers are not so loud when ring tone rings but also it is supper with 16mpcamera setttsuperphone\nI am a malayali so adipoliii broo", 
            "title": "Worth every penny", 
            "certBuyer": true
        }
    ], 
    [
        {
            "rating": 1, 
            "helpful": 0, 
            "author": "Flipkart Customer", 
            "text": "It's bactry was not good and charging also not good", 
            "title": "Absolute rubbish!", 
            "certBuyer": true
        }
    ], 
    [
        {
            "rating": 3, 
            "helpful": 0, 
            "author": "Flipkart Customer", 
            "text": "U should provide package check on delivery... Coz it is very important to check package on delivery.. after all ur wish", 
            "title": "Good", 
            "certBuyer": true
        }
    ], 
    [
        {
            "rating": 5, 
            "helpful": 0, 
            "author": "Arnab Khanra", 
            "text": "Awesome phone...HTC just awesome...", 
            "title": "Worth every penny", 
            "certBuyer": true
        }
    ], 
    [
        {
            "rating": 5, 
            "helpful": 0, 
            "author": "Flipkart Customer", 
            "text": "good", 
            "title": "Perfect product!", 
            "certBuyer": true
        }
    ], 
    [
        {
            "rating": 1, 
            "helpful": 0, 
            "author": "Flipkart Customer", 
            "text": "Nice q", 
            "title": "Worst experience ever!", 
            "certBuyer": true
        }
    ], 
    [
        {
            "rating": 1, 
            "helpful": 0, 
            "author": "R.prem Kumar", 
            "text": "Charge down at fast", 
            "title": "Absolute rubbish!", 
            "certBuyer": true
        }
    ], 
    [
        {
            "rating": 5, 
            "helpful": 0, 
            "author": "manoj chavan", 
            "text": "Nice1", 
            "title": "Classy product", 
            "certBuyer": true
        }
    ], 
    [
        {
            "rating": 4, 
            "helpful": 0, 
            "author": "Shrikant  Shinde ", 
            "text": "Nice", 
            "title": "Value-for-money", 
            "certBuyer": true
        }
    ], 
    [
        {
            "rating": 4, 
            "helpful": 0, 
            "author": "Aditya", 
            "text": "Thanks best quality products", 
            "title": "Good choice", 
            "certBuyer": true
        }
    ], 
    [
        {
            "rating": 1, 
            "helpful": 0, 
            "author": "Flipkart Customer", 
            "text": "Worst product I have ever seen.\nThese are the issues\na)battery issue\nB)camera was not gud\nC)volume is low\nD)screen resolution\nE)main thing software problems.", 
            "title": "Absolute rubbish!", 
            "certBuyer": true
        }
    ], 
    [
        {
            "rating": 5, 
            "helpful": 0, 
            "author": "Prasad Popte", 
            "text": "4g phone and battry back is good.", 
            "title": "Best mobile.", 
            "certBuyer": true
        }
    ], 
    [
        {
            "rating": 1, 
            "helpful": 0, 
            "author": "Bhoja Reddy", 
            "text": "Super", 
            "title": "Absolute rubbish!", 
            "certBuyer": true
        }
    ], 
    [
        {
            "rating": 4, 
            "helpful": 0, 
            "author": "Vijay Kumar", 
            "text": "Nice phone by price", 
            "title": "Simply awesome", 
            "certBuyer": true
        }
    ], 
    [
        {
            "rating": 3, 
            "helpful": 0, 
            "author": "Gagan N Gowda", 
            "text": "Not soo good", 
            "title": "Nice", 
            "certBuyer": true
        }
    ], 
    [
        {
            "rating": 5, 
            "helpful": 0, 
            "author": "Gurpinder Singh", 
            "text": "Nyc product htc is a brand vry nyc", 
            "title": "Fabulous!", 
            "certBuyer": true
        }
    ], 
    [
        {
            "rating": 5, 
            "helpful": 0, 
            "author": "Aamir Khan", 
            "text": "Nice mobile good", 
            "title": "Decent product", 
            "certBuyer": true
        }
    ], 
    [
        {
            "rating": 5, 
            "helpful": 0, 
            "author": "Aniket  Kher", 
            "text": "Good", 
            "title": "Good quality product", 
            "certBuyer": true
        }
    ], 
    [
        {
            "rating": 5, 
            "helpful": 0, 
            "author": "Kishore Kumar", 
            "text": "Good product", 
            "title": "Must buy!", 
            "certBuyer": true
        }
    ], 
    [
        {
            "rating": 5, 
            "helpful": 0, 
            "author": "Grace  Divya", 
            "text": "Best one handy thank u flipkart for good packing", 
            "title": "Super!", 
            "certBuyer": true
        }
    ], 
    [
        {
            "rating": 4, 
            "helpful": 0, 
            "author": "Prasanna Kumar", 
            "text": "It's awesome cell...it's good for tat amount...", 
            "title": "Good choice", 
            "certBuyer": true
        }
    ], 
    [
        {
            "rating": 4, 
            "helpful": 0, 
            "author": "Sumit Dubedi", 
            "text": "It's just awesome......go for it", 
            "title": "Awesome", 
            "certBuyer": true
        }
    ], 
    [
        {
            "rating": 3, 
            "helpful": 0, 
            "author": "Krenuprasad", 
            "text": "Nice one bt battery pack up is lesss", 
            "title": "Does the job", 
            "certBuyer": true
        }
    ], 
    [
        {
            "rating": 5, 
            "helpful": 0, 
            "author": "harish mc", 
            "text": "Good", 
            "title": "Mind-blowing purchase", 
            "certBuyer": true
        }
    ], 
    [
        {
            "rating": 5, 
            "helpful": 0, 
            "author": "Flipkart Customer", 
            "text": "Good", 
            "title": "Terrific purchase", 
            "certBuyer": true
        }
    ], 
    [
        {
            "rating": 4, 
            "helpful": 0, 
            "author": "Ravi Teja kalluri", 
            "text": "good", 
            "title": "Wonderful", 
            "certBuyer": true
        }
    ], 
    [
        {
            "rating": 5, 
            "helpful": 0, 
            "author": "Flipkart Customer", 
            "text": "Super .\nThanks to flipkart", 
            "title": "Simply awesome", 
            "certBuyer": true
        }
    ], 
    [
        {
            "rating": 3, 
            "helpful": 0, 
            "author": "jaibin Antony", 
            "text": "Average product.. but camera is bad", 
            "title": "Fair", 
            "certBuyer": true
        }
    ], 
    [
        {
            "rating": 4, 
            "helpful": 0, 
            "author": "Sagnick Biswas", 
            "text": "HTC means a gd phn as it is always. But the phn offers very low battery range. At constant use it can get ruined within 4hrs", 
            "title": "Very Good", 
            "certBuyer": true
        }
    ], 
    [
        {
            "rating": 4, 
            "helpful": 0, 
            "author": "Flipkart Customer", 
            "text": "Good", 
            "title": "Value-for-money", 
            "certBuyer": true
        }
    ], 
    [
        {
            "rating": 4, 
            "helpful": 0, 
            "author": "Flipkart Customer", 
            "text": "It's worth for the price and no hanging. Photo quality could have been better and poor battery back up, except these issues, it's a gud product. Make sure about htc service centre near by d place, in case problem exists. As dey r few centres around place of dis company", 
            "title": "Worth the money", 
            "certBuyer": true
        }
    ], 
    [
        {
            "rating": 5, 
            "helpful": 0, 
            "author": "dharani raj", 
            "text": "Awesome mobile but battery capacity is less...", 
            "title": "Just wow!", 
            "certBuyer": true
        }
    ], 
    [
        {
            "rating": 1, 
            "helpful": 0, 
            "author": "Flipkart Customer", 
            "text": "Very worst mobile continually software problem not response for service centre very worst don't buy this one", 
            "title": "Worthless", 
            "certBuyer": true
        }
    ], 
    [
        {
            "rating": 3, 
            "helpful": 0, 
            "author": "Lalit V.Patil", 
            "text": "Good for me.", 
            "title": "Nice", 
            "certBuyer": true
        }
    ], 
    [
        {
            "rating": 1, 
            "helpful": 0, 
            "author": "manoj kumar", 
            "text": "Not satisfied with thisproduct", 
            "title": "Very poor", 
            "certBuyer": true
        }
    ], 
    [
        {
            "rating": 1, 
            "helpful": 0, 
            "author": "Flipkart Customers", 
            "text": "Battery complaint hanging all the time", 
            "title": "Worse", 
            "certBuyer": true
        }
    ], 
    [
        {
            "rating": 4, 
            "helpful": 0, 
            "author": "Bhuvaneshwaran B", 
            "text": "Nice phone... Good battery backup..", 
            "title": "Worth the money", 
            "certBuyer": true
        }
    ], 
    [
        {
            "rating": 5, 
            "helpful": 0, 
            "author": "BALA VIJAY KRISHNA SUREPALLY", 
            "text": "Super mobail goode Brand", 
            "title": "Brilliant", 
            "certBuyer": true
        }
    ], 
    [
        {
            "rating": 1, 
            "helpful": 0, 
            "author": "Vikrama Pandian", 
            "text": "Battery is totally waste...", 
            "title": "Worthless", 
            "certBuyer": true
        }
    ], 
    [
        {
            "rating": 5, 
            "helpful": 0, 
            "author": "abhishek sheoran", 
            "text": "Excellent product", 
            "title": "Brilliant", 
            "certBuyer": true
        }
    ], 
    [
        {
            "rating": 5, 
            "helpful": 0, 
            "author": "Flipkart Customer", 
            "text": "Fine and awesome", 
            "title": "Great product", 
            "certBuyer": true
        }
    ], 
    [
        {
            "rating": 1, 
            "helpful": 0, 
            "author": "Flipkart Customer", 
            "text": "Not satisfied", 
            "title": "Unsatisfactory", 
            "certBuyer": true
        }
    ], 
    [
        {
            "rating": 1, 
            "helpful": 0, 
            "author": "Ganesh Rsm", 
            "text": "Mob heat and battery backup very low", 
            "title": "Utterly Disappointed", 
            "certBuyer": true
        }
    ], 
    [
        {
            "rating": 5, 
            "helpful": 0, 
            "author": "Flipkart Customer", 
            "text": "now htc is my favourite brand", 
            "title": "Awesome", 
            "certBuyer": true
        }
    ], 
    [
        {
            "rating": 5, 
            "helpful": 0, 
            "author": "Karra Sai Swaroop", 
            "text": "Top class product....I got d best deal in Flipkart", 
            "title": "Brilliant", 
            "certBuyer": true
        }
    ], 
    [
        {
            "rating": 5, 
            "helpful": 0, 
            "author": "Revanth Royals", 
            "text": "Really very nice", 
            "title": "Best in the market!", 
            "certBuyer": true
        }
    ], 
    [
        {
            "rating": 1, 
            "helpful": 0, 
            "author": "kunal", 
            "text": "Seems like it was already used, back cover of mobile was having scratches", 
            "title": "Did not meet expectations", 
            "certBuyer": true
        }
    ], 
    [
        {
            "rating": 5, 
            "helpful": 0, 
            "author": "Nitesh Dubey", 
            "text": "Good product", 
            "title": "Simply awesome", 
            "certBuyer": true
        }
    ], 
    [
        {
            "rating": 5, 
            "helpful": 0, 
            "author": "Ramesh William", 
            "text": "Good mobile phone", 
            "title": "Must buy!", 
            "certBuyer": true
        }
    ], 
    [
        {
            "rating": 5, 
            "helpful": 0, 
            "author": "Shaurya Sachdev", 
            "text": "Awsm Product!! Worth it", 
            "title": "Wonderful", 
            "certBuyer": true
        }
    ], 
    [
        {
            "rating": 5, 
            "helpful": 0, 
            "author": "Flipkart Customer", 
            "text": "Excellent phone", 
            "title": "Best in the market!", 
            "certBuyer": true
        }
    ], 
    [
        {
            "rating": 5, 
            "helpful": 0, 
            "author": "hemant jolhe", 
            "text": "Good phone at this price", 
            "title": "Classy product", 
            "certBuyer": true
        }
    ], 
    [
        {
            "rating": 5, 
            "helpful": 0, 
            "author": "Sarath S", 
            "text": "It's a good phone contains awesome features. But its need more battery backup.", 
            "title": "Highly recommended", 
            "certBuyer": true
        }
    ], 
    [
        {
            "rating": 5, 
            "helpful": 0, 
            "author": "Avinash  Tamang", 
            "text": "I love this phone", 
            "title": "Wonderful", 
            "certBuyer": true
        }
    ], 
    [
        {
            "rating": 4, 
            "helpful": 0, 
            "author": "Malleswarao Veldi", 
            "text": "Full satisfy this mobile but battery backup is low", 
            "title": "Value-for-money", 
            "certBuyer": true
        }
    ], 
    [
        {
            "rating": 5, 
            "helpful": 0, 
            "author": "Shridhar V", 
            "text": "Good device", 
            "title": "Must buy!", 
            "certBuyer": true
        }
    ], 
    [
        {
            "rating": 1, 
            "helpful": 0, 
            "author": "Karthick N", 
            "text": "Very bad SIM Tray", 
            "title": "Waste of money!", 
            "certBuyer": true
        }
    ], 
    [
        {
            "rating": 5, 
            "helpful": 0, 
            "author": "Flipkart Customer", 
            "text": "camera 10/10\nmusic 10/10\ngameing 10/10\ndisplay durability 10/10\nbattry 10/10\naccording to brand wise this product is mindblowing thumbs upppppp", 
            "title": "just amezing i love the htc 626", 
            "certBuyer": true
        }
    ], 
    [
        {
            "rating": 2, 
            "helpful": 0, 
            "author": "Tirumalarao Nakka", 
            "text": "Money Waste time waste dont purchase", 
            "title": "Bad quality", 
            "certBuyer": true
        }
    ], 
    [
        {
            "rating": 5, 
            "helpful": 0, 
            "author": "jagadeesh Kubera777", 
            "text": "Super", 
            "title": "Classy product", 
            "certBuyer": true
        }
    ], 
    [
        {
            "rating": 1, 
            "helpful": 0, 
            "author": "Siddharth Bhadarge", 
            "text": "Very very bad phone & HTC also! Don't waste Mont for this...", 
            "title": "Worthless", 
            "certBuyer": false
        }
    ], 
    [
        {
            "rating": 4, 
            "helpful": 0, 
            "author": "Flipkart Customer", 
            "text": "This product is very nice camera also good", 
            "title": "Waste of money!", 
            "certBuyer": true
        }
    ], 
    [
        {
            "rating": 1, 
            "helpful": 0, 
            "author": "Flipkart Customer", 
            "text": "3rd class mobile so dont waste your money. Hanging issue also found in this device.", 
            "title": "Heating Issue & 3rd Class Mobile", 
            "certBuyer": false
        }
    ], 
    [
        {
            "rating": 1, 
            "helpful": 0, 
            "author": "Mahesh  M", 
            "text": "Wrost camera...And wrost Battery ever...", 
            "title": "Did not meet expectations", 
            "certBuyer": false
        }
    ], 
    [
        {
            "rating": 5, 
            "helpful": 0, 
            "author": "mary  sarala", 
            "text": "good", 
            "title": "Awesome", 
            "certBuyer": false
        }
    ], 
    [
        {
            "rating": 1, 
            "helpful": 0, 
            "author": "Kanthraj S", 
            "text": "never buy mobiles in online warranty they give is waste nothing use", 
            "title": "never buy", 
            "certBuyer": false
        }
    ], 
    [
        {
            "rating": 1, 
            "helpful": 0, 
            "author": "Manish Negi", 
            "text": "This is the first worst mobile I ever used. There is no battery life too much heating issue.Full battery drains within a hour.", 
            "title": "Worst mobile I ever used", 
            "certBuyer": false
        }
    ], 
    [
        {
            "rating": 5, 
            "helpful": 0, 
            "author": "Flipkart Customer", 
            "text": "Deliverying d item is really nic", 
            "title": "Htc 626 dual", 
            "certBuyer": true
        }
    ], 
    [
        {
            "rating": 2, 
            "helpful": 0, 
            "author": "Malthesh B", 
            "text": "Very bad battery back up", 
            "title": "Expected a better product", 
            "certBuyer": true
        }
    ], 
    [
        {
            "rating": 5, 
            "helpful": 0, 
            "author": "Flipkart Customer", 
            "text": "Nise", 
            "title": "Terrific", 
            "certBuyer": false
        }
    ], 
    [
        {
            "rating": 1, 
            "helpful": 0, 
            "author": "Flipkart Customer", 
            "text": "The worst\n\nBattery life drains faster than any other phone in the entire market if the wifi is on. 100% \u2014> 70% in 20 minutes.\n\nAndroid system is still on version 4 when 7 is out. They don't plan to update it either, guess 14k isn't worth an update from HTC unlike other brands. \n\nHuge heating issue too", 
            "title": "Very poor", 
            "certBuyer": false
        }
    ], 
    [
        {
            "rating": 5, 
            "helpful": 0, 
            "author": "John Jacob", 
            "text": "My favourite mobile.It's awesome clarity,touch super..", 
            "title": "Super!", 
            "certBuyer": false
        }
    ], 
    [
        {
            "rating": 1, 
            "helpful": 0, 
            "author": "Shakti singh  Mojawat", 
            "text": "There was no 0 star ..otherwise I would have had that star only....since may I have been using this phone..that time. I bought it in 13000/- ..\nIn between this Time I have faced many problems in these phone..\nCamera quality ..vary poor. Like 2mp\nBattery ....very poor..\nOperating system problem..\nIt will automatically switch off ...\nnot USB portable...\nSo guys ..plz don't go to buy these mobile ....\nChainese mobiles are better then this.....", 
            "title": "Not recommended at all", 
            "certBuyer": false
        }
    ], 
    [
        {
            "rating": 5, 
            "helpful": 0, 
            "author": "Nikhil Shinde", 
            "text": "Very good Products mobile phone good experience Thanks", 
            "title": "Highly recommended", 
            "certBuyer": true
        }
    ], 
    [
        {
            "rating": 1, 
            "helpful": 0, 
            "author": "Hariprasad N", 
            "text": "Don't buy this device unless you have enough black money :P\n\nI had faced couple of issues with this phone:\n\n1. Pathetic battery backup.\n2. Sometime internet won't work and it says Disconnected network not available. Every time you need to restart the device if you want to access the internet.\n3. Signal strength is not good and you will face frequent call drops.\n3. So delicate and the accessories of the device costly! with this you can buy a new budget phone!!", 
            "title": "Worst Product", 
            "certBuyer": false
        }
    ], 
    [
        {
            "rating": 5, 
            "helpful": 0, 
            "author": "Flipkart Customer", 
            "text": "this has got the superb voice quality..which should be the most important feature of any cell phone.. U need not to repeat...\"Hello..hello...could u hear me please\"...again & again...", 
            "title": "HTC 626 Dual Sim", 
            "certBuyer": true
        }
    ], 
    [
        {
            "rating": 5, 
            "helpful": 0, 
            "author": "Sunil  Dabas", 
            "text": "Good phone", 
            "title": "Classy product", 
            "certBuyer": true
        }
    ], 
    [
        {
            "rating": 5, 
            "helpful": 0, 
            "author": "Flipkart Customer", 
            "text": "HTC PHONE ARE ALWAYS AWSOME...", 
            "title": "Terrific purchase", 
            "certBuyer": true
        }
    ], 
    [
        {
            "rating": 4, 
            "helpful": 0, 
            "author": "Flipkart Customer", 
            "text": "This mob is very good looking and smart", 
            "title": "Worth the money", 
            "certBuyer": false
        }
    ], 
    [
        {
            "rating": 5, 
            "helpful": 0, 
            "author": "SRINIVASA RAO PULIDINDI", 
            "text": "Nice mobil", 
            "title": "Terrific purchase", 
            "certBuyer": false
        }
    ], 
    [
        {
            "rating": 4, 
            "helpful": 0, 
            "author": "Flipkart Customer", 
            "text": "Phone is quiet good, camera and net surfing smooth.but battery is not good enough.And net surfing time it will get heater.Because the brand is HTC so u can bought it and spend money for this.", 
            "title": "Wonderful", 
            "certBuyer": true
        }
    ], 
    [
        {
            "rating": 4, 
            "helpful": 0, 
            "author": "Flipkart Customer", 
            "text": "Ok", 
            "title": "Very Good", 
            "certBuyer": true
        }
    ], 
    [
        {
            "rating": 1, 
            "helpful": 0, 
            "author": "Flipkart Customer", 
            "text": "Very worst... heating problem and battery very worst only 2 hours 100%", 
            "title": "Horrible", 
            "certBuyer": true
        }
    ], 
    [
        {
            "rating": 3, 
            "helpful": 0, 
            "author": "Idrees  Shafi", 
            "text": "Not satisfied with this product", 
            "title": "Above-average product", 
            "certBuyer": false
        }
    ], 
    [
        {
            "rating": 4, 
            "helpful": 0, 
            "author": "Flipkart Customer", 
            "text": "nice", 
            "title": "Good choice", 
            "certBuyer": false
        }
    ], 
    [
        {
            "rating": 4, 
            "helpful": 0, 
            "author": "M.SABARI  KRISHNAN", 
            "text": "Product is good but battery is drying quickly.", 
            "title": "Really Nice", 
            "certBuyer": true
        }
    ], 
    [
        {
            "rating": 1, 
            "helpful": 0, 
            "author": "Milind Mahajan", 
            "text": "3rd class phone", 
            "title": "Terrible product", 
            "certBuyer": false
        }
    ], 
    [
        {
            "rating": 5, 
            "helpful": 0, 
            "author": "Vaibhav  Babrekar ", 
            "text": "Nice phone must buy.....", 
            "title": "Great product", 
            "certBuyer": true
        }
    ], 
    [
        {
            "rating": 1, 
            "helpful": 0, 
            "author": "SRavan  Kumar", 
            "text": "I got a defective product.it's not working properly", 
            "title": "Horrible", 
            "certBuyer": true
        }
    ], 
    [
        {
            "rating": 5, 
            "helpful": 0, 
            "author": "madhubabu  konaparthy", 
            "text": "Good", 
            "title": "good", 
            "certBuyer": true
        }
    ], 
    [
        {
            "rating": 5, 
            "helpful": 0, 
            "author": "Flipkart Customer", 
            "text": "Nice", 
            "title": "Worth every penny", 
            "certBuyer": true
        }
    ], 
    [
        {
            "rating": 1, 
            "helpful": 0, 
            "author": "Flipkart Customer", 
            "text": "Worst", 
            "title": "Absolute rubbish!", 
            "certBuyer": false
        }
    ], 
    [
        {
            "rating": 5, 
            "helpful": 0, 
            "author": "Flipkart Customer", 
            "text": "Awesome", 
            "title": "Perfect product!", 
            "certBuyer": false
        }
    ], 
    [
        {
            "rating": 5, 
            "helpful": 0, 
            "author": "krishan yadav", 
            "text": "Good itam received", 
            "title": "Wonderful", 
            "certBuyer": true
        }
    ], 
    [
        {
            "rating": 1, 
            "helpful": 0, 
            "author": "Flipkart Customer", 
            "text": "very very bad mobile . Full heating ,hanging , so many problem is their . And kit Kat version their is no update software", 
            "title": "No bye on this product", 
            "certBuyer": false
        }
    ], 
    [
        {
            "rating": 3, 
            "helpful": 0, 
            "author": "Arijit Roy", 
            "text": "Hanging pblm negetive. \n4g speed is awesome..\nBt u should buy a power bank with it, battery wont go for more than 10 hrs.", 
            "title": "smehow meets expectation", 
            "certBuyer": false
        }
    ], 
    [
        {
            "rating": 1, 
            "helpful": 0, 
            "author": "Flipkart Customer", 
            "text": "still no Lollipop update !!!! or htc sence update !!!", 
            "title": "Very poor", 
            "certBuyer": false
        }
    ], 
    [
        {
            "rating": 4, 
            "helpful": 0, 
            "author": "Animesh Dash", 
            "text": "Nice phone but bad accessories quality..", 
            "title": "Good quality product", 
            "certBuyer": false
        }
    ], 
    [
        {
            "rating": 1, 
            "helpful": 0, 
            "author": "Adhwaith s Kumar", 
            "text": "Noone buy this phone. Its battery charge will not be accepted by us", 
            "title": "Tooo bad experience", 
            "certBuyer": true
        }
    ], 
    [
        {
            "rating": 4, 
            "helpful": 0, 
            "author": "Aamir Iqbal", 
            "text": "This is classy...and fancy in looks... Amazing phone..with good battery performance...overall loved the product...thanks Flipkart...also the delivery executive delivered it at the right time", 
            "title": "Very Good", 
            "certBuyer": true
        }
    ], 
    [
        {
            "rating": 4, 
            "helpful": 0, 
            "author": "chandu katteri", 
            "text": "No problem so far but thare is no updates", 
            "title": "Delightful", 
            "certBuyer": false
        }
    ], 
    [
        {
            "rating": 5, 
            "helpful": 0, 
            "author": "manjunath yadav", 
            "text": "Well designed and smart", 
            "title": "Brilliant", 
            "certBuyer": true
        }
    ], 
    [
        {
            "rating": 5, 
            "helpful": 0, 
            "author": "SHREYANS  GOLCHHA ", 
            "text": "Can improve", 
            "title": "Awesome", 
            "certBuyer": true
        }
    ], 
    [
        {
            "rating": 5, 
            "helpful": 0, 
            "author": "Flipkart Customer", 
            "text": "Awesome mobile \nNice camera", 
            "title": "Terrific purchase", 
            "certBuyer": true
        }
    ], 
    [
        {
            "rating": 5, 
            "helpful": 0, 
            "author": "Bhuvankumar Nukala", 
            "text": "Good one no issues 1.5 years completed", 
            "title": "Best in the market!", 
            "certBuyer": true
        }
    ], 
    [
        {
            "rating": 3, 
            "helpful": 0, 
            "author": "narasingarao rao", 
            "text": "Ok", 
            "title": "Not good", 
            "certBuyer": true
        }
    ], 
    [
        {
            "rating": 1, 
            "helpful": 0, 
            "author": "Flipkart Customer", 
            "text": "Only look is good and weightless..... only good to keep in showcase.. performance n functionality are worse .....don't prefer this showcase mobile ...", 
            "title": "Unsatisfactory", 
            "certBuyer": false
        }
    ], 
    [
        {
            "rating": 1, 
            "helpful": 0, 
            "author": "rameshwar baghel", 
            "text": "veryPour model HAI", 
            "title": "Hated it!", 
            "certBuyer": true
        }
    ], 
    [
        {
            "rating": 2, 
            "helpful": 0, 
            "author": "arvind  bhagat", 
            "text": "Heating problem & no lasting battery", 
            "title": "Moderate", 
            "certBuyer": false
        }
    ], 
    [
        {
            "rating": 5, 
            "helpful": 0, 
            "author": "Flipkart Customer", 
            "text": "Very good mobile", 
            "title": "Perfect product!", 
            "certBuyer": true
        }
    ], 
    [
        {
            "rating": 4, 
            "helpful": 0, 
            "author": "Senthil Murugan Gnanasekaran", 
            "text": "A good product but having heating problem...", 
            "title": "Very Good", 
            "certBuyer": true
        }
    ], 
    [
        {
            "rating": 5, 
            "helpful": 0, 
            "author": "Flipkart Customer", 
            "text": "Very very good phone in reasonable price", 
            "title": "Excellent", 
            "certBuyer": true
        }
    ], 
    [
        {
            "rating": 3, 
            "helpful": 0, 
            "author": "Arun Ravindran", 
            "text": "Poor battery backup", 
            "title": "Nice", 
            "certBuyer": true
        }
    ], 
    [
        {
            "rating": 4, 
            "helpful": 0, 
            "author": "Flipkart Customer", 
            "text": "Decent product. But the battery capacity should be improved...", 
            "title": "Worth the money", 
            "certBuyer": true
        }
    ], 
    [
        {
            "rating": 4, 
            "helpful": 0, 
            "author": "Alkesh  Jadav", 
            "text": "Its one of the good mobile in its range..", 
            "title": "Value-for-money", 
            "certBuyer": true
        }
    ], 
    [
        {
            "rating": 4, 
            "helpful": 0, 
            "author": "samir nayak", 
            "text": "Camera is not good", 
            "title": "Worth the money", 
            "certBuyer": true
        }
    ], 
    [
        {
            "rating": 3, 
            "helpful": 0, 
            "author": "Anish Basu", 
            "text": "Brilliant", 
            "title": "Does the job", 
            "certBuyer": true
        }
    ], 
    [
        {
            "rating": 5, 
            "helpful": 0, 
            "author": "Flipkart Customer", 
            "text": "Nice product thanks flip cart", 
            "title": "Mind-blowing purchase", 
            "certBuyer": false
        }
    ], 
    [
        {
            "rating": 2, 
            "helpful": 0, 
            "author": "Md. Sufyan", 
            "text": "All good but battery is very worst.", 
            "title": "Could be way better", 
            "certBuyer": false
        }
    ], 
    [
        {
            "rating": 1, 
            "helpful": 0, 
            "author": "Takasi Srinubabu", 
            "text": "Worst product\nMany problems in this phone", 
            "title": "Absolute rubbish!", 
            "certBuyer": true
        }
    ], 
    [
        {
            "rating": 4, 
            "helpful": 0, 
            "author": "Flipkart Customer", 
            "text": "Good", 
            "title": "Wonderful", 
            "certBuyer": true
        }
    ], 
    [
        {
            "rating": 5, 
            "helpful": 0, 
            "author": "Flipkart Customer", 
            "text": "Good", 
            "title": "Great product", 
            "certBuyer": true
        }
    ], 
    [
        {
            "rating": 3, 
            "helpful": 0, 
            "author": "Sushant Satra", 
            "text": "Nice Device but the cons are less battery only 2000 mAh, VoLTE, Camera and much more.", 
            "title": "Met Expectations", 
            "certBuyer": true
        }
    ], 
    [
        {
            "rating": 5, 
            "helpful": 0, 
            "author": "durga prasad", 
            "text": "Good one", 
            "title": "Mind-blowing purchase", 
            "certBuyer": true
        }
    ], 
    [
        {
            "rating": 1, 
            "helpful": 0, 
            "author": "Sudhanshu  Sah", 
            "text": "It is heating and hanging", 
            "title": "Waste of money!", 
            "certBuyer": true
        }
    ], 
    [
        {
            "rating": 5, 
            "helpful": 0, 
            "author": "Varaprasad Kakarlamudi", 
            "text": "Nice handset from flipkart", 
            "title": "Great product", 
            "certBuyer": true
        }
    ], 
    [
        {
            "rating": 4, 
            "helpful": 0, 
            "author": "Flipkart Customer", 
            "text": "Good", 
            "title": "Delightful", 
            "certBuyer": true
        }
    ], 
    [
        {
            "rating": 4, 
            "helpful": 0, 
            "author": "Yellagi Rao", 
            "text": "Looking very nice better", 
            "title": "Pretty good", 
            "certBuyer": true
        }
    ], 
    [
        {
            "rating": 1, 
            "helpful": 0, 
            "author": "Dilip kumar", 
            "text": "HTC is most ridiculous brand ever, playing game with customer by selling useless phone ever. i have bought HTC 626 desire dual sim on the month of march 2016 and now the condition of the phone is very bad because of manufacturing issue and my phone is dead right now.", 
            "title": "Very poor", 
            "certBuyer": true
        }
    ], 
    [
        {
            "rating": 4, 
            "helpful": 0, 
            "author": "Flipkart Customer", 
            "text": "Perfect partner., Except battery everything is good.,. Would have been the Best if battery capacity is good..", 
            "title": "Nice product", 
            "certBuyer": true
        }
    ], 
    [
        {
            "rating": 4, 
            "helpful": 0, 
            "author": "Md moahid Izhar", 
            "text": "Average", 
            "title": "Value-for-money", 
            "certBuyer": true
        }
    ], 
    [
        {
            "rating": 5, 
            "helpful": 0, 
            "author": "Flipkart Customer", 
            "text": "Super... Worth", 
            "title": "Wonderful", 
            "certBuyer": true
        }
    ], 
    [
        {
            "rating": 1, 
            "helpful": 0, 
            "author": "Amit Kumar", 
            "text": "Not good", 
            "title": "Hated it!", 
            "certBuyer": true
        }
    ], 
    [
        {
            "rating": 1, 
            "helpful": 0, 
            "author": "Harendra Verma", 
            "text": "Worst phone don't buy..", 
            "title": "Worthless", 
            "certBuyer": false
        }
    ], 
    [
        {
            "rating": 2, 
            "helpful": 0, 
            "author": "sai aravind", 
            "text": "worst phone", 
            "title": "Met some expectations", 
            "certBuyer": true
        }
    ], 
    [
        {
            "rating": 3, 
            "helpful": 0, 
            "author": "Hassan Saheb Shaik", 
            "text": "It's okay", 
            "title": "Above-average product", 
            "certBuyer": true
        }
    ], 
    [
        {
            "rating": 4, 
            "helpful": 0, 
            "author": "parveen  singh", 
            "text": "Well", 
            "title": "Worth the money", 
            "certBuyer": true
        }
    ], 
    [
        {
            "rating": 4, 
            "helpful": 0, 
            "author": "Flipkart Customer", 
            "text": "Good value for money\nExcept for the battery this phone is simply awesome.I'm just loving it.", 
            "title": "Nice product", 
            "certBuyer": true
        }
    ], 
    [
        {
            "rating": 5, 
            "helpful": 0, 
            "author": "Flipkart Customer", 
            "text": "Super", 
            "title": "Super!", 
            "certBuyer": true
        }
    ], 
    [
        {
            "rating": 5, 
            "helpful": 0, 
            "author": "shivam kumar", 
            "text": "Amazing work", 
            "title": "Brilliant", 
            "certBuyer": false
        }
    ], 
    [
        {
            "rating": 5, 
            "helpful": 0, 
            "author": "Rahul kumar", 
            "text": "I lick", 
            "title": "Highly recommended", 
            "certBuyer": false
        }
    ], 
    [
        {
            "rating": 5, 
            "helpful": 0, 
            "author": "sairamaraju srikakarlapudi", 
            "text": "Good", 
            "title": "Just wow!", 
            "certBuyer": true
        }
    ], 
    [
        {
            "rating": 4, 
            "helpful": 0, 
            "author": "Flipkart Customer", 
            "text": "Worth In this price range, BUT DON'T BUY IT , GO FOR 4G, IT'S 3G ONLY", 
            "title": "Nice product", 
            "certBuyer": true
        }
    ], 
    [
        {
            "rating": 5, 
            "helpful": 0, 
            "author": "Jayaprathap  J", 
            "text": "It's good", 
            "title": "Fabulous!", 
            "certBuyer": true
        }
    ], 
    [
        {
            "rating": 5, 
            "helpful": 0, 
            "author": "Flipkart Customer", 
            "text": "Yes it was a good experience", 
            "title": "Met Expectations", 
            "certBuyer": true
        }
    ], 
    [
        {
            "rating": 5, 
            "helpful": 0, 
            "author": "Flipkart Customer", 
            "text": "Execellent.....Truly satisfied with performance  worth buying in 10k segment..Battery Backup is too good.", 
            "title": "Just wow!", 
            "certBuyer": false
        }
    ], 
    [
        {
            "rating": 5, 
            "helpful": 0, 
            "author": "Flipkart Customer", 
            "text": "Good", 
            "title": "Just wow!", 
            "certBuyer": false
        }
    ], 
    [
        {
            "rating": 1, 
            "helpful": 0, 
            "author": "Flipkart Customer", 
            "text": "bad phone of my life heating automatic on off battery issues in one word loss of money if u Think this one is best. never never never brought it review after 6-7 months of use.", 
            "title": "Not recommended at all", 
            "certBuyer": false
        }
    ], 
    [
        {
            "rating": 5, 
            "helpful": 0, 
            "author": "Aniket Kesarkar", 
            "text": "I think htc mobile is great because i used asus zenfone max 32 gb bt some time lags asus... after 15 days no one of the lag mob no hag and actual specification is differnt 1.3 octa core 4g 2 gb ram 2TB expantable with 13 and 5 mp great camera if u buy htc 626 than 1st update your phone which 350mb only than see no lag and its 5.1 lollipop its great", 
            "title": "Great product", 
            "certBuyer": false
        }
    ], 
    [
        {
            "rating": 1, 
            "helpful": 0, 
            "author": "Flipkart Customer", 
            "text": "What is phone never purchase", 
            "title": "Bad motherboard", 
            "certBuyer": false
        }
    ], 
    [
        {
            "rating": 5, 
            "helpful": 0, 
            "author": "Flipkart Customer", 
            "text": "Good product hai", 
            "title": "Mind-blowing purchase", 
            "certBuyer": true
        }
    ], 
    [
        {
            "rating": 1, 
            "helpful": 0, 
            "author": "abishek mohan", 
            "text": "Worst product...build quality is very poor...display is nt good..i have been using this for the past 6 months ...mobile hangs regularly and the battery back up is really low...", 
            "title": "Horrible", 
            "certBuyer": false
        }
    ], 
    [
        {
            "rating": 5, 
            "helpful": 0, 
            "author": "Biswarup Koley", 
            "text": "The phone is very good at processing.... Multitasking... Its camera is good... \n4G is very good... Its very good at official works like presentation etc... Touch is amazing... Flash is very bright.... \nI am using the phone for 9 months and its awesome... I am so happy with it.... \nI also got a software upgrade(like 9 mb).... And waiting for the lolipop.... \nI am also a heavy gamer.... I have installed games as more as 3 gb(per game) on the device but the games runs smoothly... \nPreviously i had also heating issues but now i have no heating issues... \nThe only thing its only 2000 mah battery which lasts upto a day use.... \nAnd i have a word for flipkart company.... \"The HTC Desire 626 Dual Sim LTE has a NOT REMOVABLE BATTERY and 1.7 ghz octa core processor ......\nSo Flipkart..... Kindly edit the specification of the device....... \nAnd last word..... I am not joking.....", 
            "title": "Mind-blowing purchase", 
            "certBuyer": false
        }
    ], 
    [
        {
            "rating": 1, 
            "helpful": 0, 
            "author": "Flipkart Customer", 
            "text": "Not up to the mark at this price", 
            "title": "Worst experience ever!", 
            "certBuyer": true
        }
    ], 
    [
        {
            "rating": 4, 
            "helpful": 0, 
            "author": "AJNAS K AJU", 
            "text": "Good. Mobile purchase from flipkart", 
            "title": "Pretty good", 
            "certBuyer": true
        }
    ], 
    [
        {
            "rating": 5, 
            "helpful": 0, 
            "author": "Venu Gopal", 
            "text": "Nice", 
            "title": "Terrific", 
            "certBuyer": true
        }
    ], 
    [
        {
            "rating": 1, 
            "helpful": 0, 
            "author": "Dr.Paresh Thanth", 
            "text": "Never use htc product..\nWest of money", 
            "title": "Absolute rubbish!", 
            "certBuyer": true
        }
    ], 
    [
        {
            "rating": 4, 
            "helpful": 0, 
            "author": "muthu krishnakumar", 
            "text": "Nice mobile", 
            "title": "Worth the money", 
            "certBuyer": true
        }
    ], 
    [
        {
            "rating": 3, 
            "helpful": 0, 
            "author": "deepak sharma", 
            "text": "good", 
            "title": "Above-average product", 
            "certBuyer": true
        }
    ], 
    [
        {
            "rating": 2, 
            "helpful": 0, 
            "author": "Partha Chatterjee", 
            "text": "Two speakers don't work together.", 
            "title": "Expected a better product", 
            "certBuyer": false
        }
    ], 
    [
        {
            "rating": 1, 
            "helpful": 0, 
            "author": "Sunil Kumar", 
            "text": "Very bad it switch off automatically in 70%&above battery", 
            "title": "Useless product", 
            "certBuyer": true
        }
    ], 
    [
        {
            "rating": 4, 
            "helpful": 0, 
            "author": "Flipkart Customer", 
            "text": "Past one week am using this fine..look wise good..camera also good..in this category good phone", 
            "title": "Good quality product", 
            "certBuyer": false
        }
    ], 
    [
        {
            "rating": 4, 
            "helpful": 0, 
            "author": "polagani koteswararao", 
            "text": "Very good product", 
            "title": "Nice product", 
            "certBuyer": false
        }
    ], 
    [
        {
            "rating": 5, 
            "helpful": 0, 
            "author": "Abhisek samal", 
            "text": "Awesome fon...................", 
            "title": "Fabulous!", 
            "certBuyer": true
        }
    ], 
    [
        {
            "rating": 4, 
            "helpful": 0, 
            "author": "Devendra Gusain", 
            "text": "Nice and fast delivery!!", 
            "title": "Really Nice", 
            "certBuyer": true
        }
    ], 
    [
        {
            "rating": 4, 
            "helpful": 0, 
            "author": "Raj Sharma", 
            "text": "I love it & thanks a lot", 
            "title": "Very Good", 
            "certBuyer": true
        }
    ], 
    [
        {
            "rating": 5, 
            "helpful": 0, 
            "author": "Flipkart Customer", 
            "text": "Good  product,", 
            "title": "Just wow!", 
            "certBuyer": true
        }
    ], 
    [
        {
            "rating": 2, 
            "helpful": 0, 
            "author": "Niranjan  Adepu", 
            "text": "Less battery backup \nHeating issues", 
            "title": "Could be way better", 
            "certBuyer": false
        }
    ], 
    [
        {
            "rating": 3, 
            "helpful": 0, 
            "author": "labeed", 
            "text": "Battery problem and heating issue, like the previuos one said, never expect this type of product from hTC", 
            "title": "Just okay", 
            "certBuyer": false
        }
    ], 
    [
        {
            "rating": 5, 
            "helpful": 0, 
            "author": "Alex Fahie Immanuel", 
            "text": "Nice one ..... lightweight ...no hanging problem ....", 
            "title": "Mind-blowing purchase", 
            "certBuyer": false
        }
    ], 
    [
        {
            "rating": 5, 
            "helpful": 0, 
            "author": "murali krishna  godugu", 
            "text": "I like this mobile... But I got this mobile 2 days late due to Mobile network problem.. but ekart tried very well for delivering this mobile.. thankyou flikart and ekart..", 
            "title": "Perfect product!", 
            "certBuyer": false
        }
    ], 
    [
        {
            "rating": 4, 
            "helpful": 0, 
            "author": "sairaj Nagvekar", 
            "text": "Exelant phone", 
            "title": "Delightful", 
            "certBuyer": true
        }
    ], 
    [
        {
            "rating": 3, 
            "helpful": 0, 
            "author": "ifthikar ifthi", 
            "text": "Good", 
            "title": "Does the job", 
            "certBuyer": true
        }
    ], 
    [
        {
            "rating": 5, 
            "helpful": 0, 
            "author": "ANJAN  Roy ", 
            "text": "OK and Fine", 
            "title": "Must buy!", 
            "certBuyer": true
        }
    ], 
    [
        {
            "rating": 5, 
            "helpful": 0, 
            "author": "Sooraj g reghu G reghu", 
            "text": "Super sale", 
            "title": "Best in the market!", 
            "certBuyer": true
        }
    ], 
    [
        {
            "rating": 1, 
            "helpful": 0, 
            "author": "Venkat M", 
            "text": "worst seen in my life", 
            "title": "worst phone", 
            "certBuyer": false
        }
    ], 
    [
        {
            "rating": 5, 
            "helpful": 0, 
            "author": "karthick keyan", 
            "text": "Excellent product I am using HTC most of them forget this brand in India but this is world class brand so you try as a world class brand and compare to lenovo and moto brands . it has best and class", 
            "title": "Great product", 
            "certBuyer": false
        }
    ], 
    [
        {
            "rating": 2, 
            "helpful": 0, 
            "author": "mitesh sapara", 
            "text": "Problem related with charging and sim insert..", 
            "title": "Value-for-money", 
            "certBuyer": true
        }
    ], 
    [
        {
            "rating": 5, 
            "helpful": 0, 
            "author": "Flipkart Customer", 
            "text": "This phn is awesome.don't relie on bad reviews . No heating while playing gta 5. Everything is good except volume.99 out of100", 
            "title": "Mind-blowing purchase", 
            "certBuyer": true
        }
    ], 
    [
        {
            "rating": 1, 
            "helpful": 0, 
            "author": "A ELAVARASAN ELAVARASAN", 
            "text": "Pls don't buy this mobile. It's very worst battery power. And camera clarity waste. It's waste of money.", 
            "title": "Utterly Disappointed", 
            "certBuyer": true
        }
    ], 
    [
        {
            "rating": 5, 
            "helpful": 0, 
            "author": "jagadeesh jagadeep", 
            "text": "Mobile is very nice...", 
            "title": "Awesome", 
            "certBuyer": true
        }
    ], 
    [
        {
            "rating": 5, 
            "helpful": 0, 
            "author": "midhun subramanian", 
            "text": "Good phone", 
            "title": "Terrific", 
            "certBuyer": false
        }
    ], 
    [
        {
            "rating": 5, 
            "helpful": 0, 
            "author": "Flipkart Customer", 
            "text": "Go for it no heating no hanging very good phone", 
            "title": "Delightful", 
            "certBuyer": true
        }
    ], 
    [
        {
            "rating": 4, 
            "helpful": 0, 
            "author": "Flipkart Customer", 
            "text": "It is good product and running best way.", 
            "title": "Good choice", 
            "certBuyer": true
        }
    ], 
    [
        {
            "rating": 4, 
            "helpful": 0, 
            "author": "Flipkart Customer", 
            "text": "So good", 
            "title": "Delightful", 
            "certBuyer": true
        }
    ], 
    [
        {
            "rating": 4, 
            "helpful": 0, 
            "author": "mohd  shahzeb", 
            "text": "Awesome", 
            "title": "Nice product", 
            "certBuyer": true
        }
    ], 
    [
        {
            "rating": 5, 
            "helpful": 0, 
            "author": "Vikas Parkala", 
            "text": "Nice", 
            "title": "Fabulous!", 
            "certBuyer": true
        }
    ], 
    [
        {
            "rating": 3, 
            "helpful": 0, 
            "author": "ANKIT SAINI", 
            "text": "nice working after updating ......but battery little working 4 hour on 3G", 
            "title": "Faced minor issues", 
            "certBuyer": false
        }
    ], 
    [
        {
            "rating": 2, 
            "helpful": 0, 
            "author": "Ganesh Aaweri", 
            "text": "But side strip not looking good", 
            "title": "Could be way better", 
            "certBuyer": true
        }
    ], 
    [
        {
            "rating": 4, 
            "helpful": 0, 
            "author": "selva", 
            "text": "automotic switch off  80% charge mantaning but switch off", 
            "title": "Very Good", 
            "certBuyer": true
        }
    ], 
    [
        {
            "rating": 5, 
            "helpful": 0, 
            "author": "anil kumar", 
            "text": "Nic", 
            "title": "Must buy!", 
            "certBuyer": false
        }
    ], 
    [
        {
            "rating": 4, 
            "helpful": 0, 
            "author": "Jagrith Jaiswal", 
            "text": "Good phone\nIssues are-\nHeating of cpu\nFaster daring battery\nSometimes hages", 
            "title": "ok satisfaction", 
            "certBuyer": false
        }
    ], 
    [
        {
            "rating": 4, 
            "helpful": 0, 
            "author": "Kamesh D", 
            "text": "super service and prompt delivery by the courier and very good curtsy  service ********************************", 
            "title": "good service", 
            "certBuyer": true
        }
    ], 
    [
        {
            "rating": 5, 
            "helpful": 0, 
            "author": "Akshar Thakkar", 
            "text": "Better dan i expected yes some features could have been better like htc's sense home it is of very old version i had a impresion of htc fones dat dey lag a bit and starts over heating but dis has completely change my view awesome phone", 
            "title": "best from htc", 
            "certBuyer": false
        }
    ], 
    [
        {
            "rating": 1, 
            "helpful": 0, 
            "author": "PRABHAT KUMAR GHOSH", 
            "text": "very bad in battery backup it is only 2000mah. after 9 month very bad experience daily auto of when I on net and playing small game.\nbut I think it HTC use very poor category chinese product... htc lounch this low price product for competition...", 
            "title": "Useless product", 
            "certBuyer": true
        }
    ], 
    [
        {
            "rating": 4, 
            "helpful": 0, 
            "author": "sudhanshu kumar", 
            "text": "phone works with no lag, best user interface and descent size and look BUT\nhave a little amount of heating and camera is not good, even redmi note 3 has better camera than this phone.", 
            "title": "camera not good", 
            "certBuyer": false
        }
    ], 
    [
        {
            "rating": 4, 
            "helpful": 0, 
            "author": "Joydip Das", 
            "text": "Value for money - Not at all\nBattery - you need to purchase mobile power.\nThis phone should be under 9000/-", 
            "title": "Better but not best", 
            "certBuyer": false
        }
    ], 
    [
        {
            "rating": 5, 
            "helpful": 0, 
            "author": "Bharani Kumar", 
            "text": "Phone display is great. you given  in key features as android lollipop but it is kitkat  only that is the difference. Other futures are very good overall very good.", 
            "title": "Nice phone", 
            "certBuyer": true
        }
    ], 
    [
        {
            "rating": 5, 
            "helpful": 0, 
            "author": "trinayanee  dalal", 
            "text": "Awsome phone with nice feture,htc brand can beat samsung.but if its expandable memory is 64gb its much better,anyway just awsome.", 
            "title": "nice phone", 
            "certBuyer": false
        }
    ], 
    [
        {
            "rating": 1, 
            "helpful": 2, 
            "author": "saisivakumar ravuri", 
            "text": "Don't purchased Phone over heating loss of money also battery pack up is low", 
            "title": "not good", 
            "certBuyer": false
        }
    ], 
    [
        {
            "rating": 1, 
            "helpful": 3, 
            "author": "Balkrishna Verma", 
            "text": "!! 2 GB RAM 1.7 Processes.. poor performance, net surfing working slow, while in same time my old mobile which has less configuration is working good. :( :( :(\nfurther I want to add some more point that the return policy and support from Flipkart is very poor.\nI have complain to return my HTC 626 on dated 03/03/2016 and till 09/03/2016 i have follow many phone call,e mail but sill it has not resolved.", 
            "title": "Not Satisfy", 
            "certBuyer": true
        }
    ], 
    [
        {
            "rating": 1, 
            "helpful": 2, 
            "author": "Hetaxi baridun ", 
            "text": "I ordered HTC Desire 626 Dual SIM LTE  4-7 days before and I found:\n\n1. Camera : Very Poor Quality\n2. OS version: Flip Kart shows Lollipop OS but you will get Kitket version installed. When you call Customer Care or Return order, Support member says upgrade to Lollipop. It is upgradable that is fine. but why FlipKart showing it Lollipop and also in box its shows lollipop. \n3. No Screen Guard in In box accessary.\n\n\nNow Flip Kart is rejecting my Return request so selling this phone on OLX in half price.\n\nI want to rate 0 star but no option given.\n\nPlease do not buy this phone.", 
            "title": "West of Money", 
            "certBuyer": true
        }
    ], 
    [
        {
            "rating": 4, 
            "helpful": 0, 
            "author": "Ganeshajyothi GANEJYOTHI", 
            "text": "iam    request   htc  china  mobile  sale  stopped  please     iam mobile change please", 
            "title": "htc  mobile   sale   stopped  please", 
            "certBuyer": true
        }
    ], 
    [
        {
            "rating": 1, 
            "helpful": 0, 
            "author": "Razz kumar", 
            "text": "i give all model tempered glass only Rs.30 \nwhy are you quote 259 .00 this is not a good", 
            "title": "Utterly Disappointed", 
            "certBuyer": false
        }
    ], 
    [
        {
            "rating": 5, 
            "helpful": 1, 
            "author": "Nazim Kaeem", 
            "text": "Retailers thik hai delivery wale garbad karte hai", 
            "title": "Fabulous!", 
            "certBuyer": true
        }
    ], 
    [
        {
            "rating": 2, 
            "helpful": 1, 
            "author": "Abhi", 
            "text": "Can I buy these phone..", 
            "title": "Slightly disappointed", 
            "certBuyer": false
        }
    ], 
    [
        {
            "rating": 1, 
            "helpful": 1, 
            "author": "Flipkart Customer", 
            "text": "Worst experience", 
            "title": "Dont buy htc mobiles waste of money", 
            "certBuyer": false
        }
    ], 
    [
        {
            "rating": 1, 
            "helpful": 1, 
            "author": "Sarbjit Reen", 
            "text": "I purchased it from open market   camera quality is poor. Heating problem is there. Overall below average product. Don't purchase it", 
            "title": "very bad", 
            "certBuyer": false
        }
    ], 
    [
        {
            "rating": 2, 
            "helpful": 1, 
            "author": "PRANJIT BASUMATARY", 
            "text": "Device gets heat up very soon while using. battery back up very bad, drains out very quickly. Takes lot of time to get charged up.", 
            "title": "Very bad product from htc", 
            "certBuyer": true
        }
    ], 
    [
        {
            "rating": 1, 
            "helpful": 1, 
            "author": "vishal  patil", 
            "text": "Htc products are very worst.flipkart is hopeless.htc at its worst", 
            "title": "Waste", 
            "certBuyer": false
        }
    ], 
    [
        {
            "rating": 1, 
            "helpful": 0, 
            "author": "Nelson", 
            "text": "How do I get warranty?", 
            "title": "Hated it!", 
            "certBuyer": true
        }
    ], 
    [
        {
            "rating": 5, 
            "helpful": 0, 
            "author": "Lalit Sharma", 
            "text": "Thanks flipkart for the product", 
            "title": "Very nice phon quallity is very good", 
            "certBuyer": true
        }
    ], 
    [
        {
            "rating": 5, 
            "helpful": 0, 
            "author": "Flipkart Customer", 
            "text": "Nice..", 
            "title": "Five Stars", 
            "certBuyer": true
        }
    ], 
    [
        {
            "rating": 2, 
            "helpful": 0, 
            "author": "Shubham Dige", 
            "text": "Htc 626 g plus. And phone is ok but after one year phone is very slow and automatic switch off", 
            "title": "Two Stars", 
            "certBuyer": true
        }
    ], 
    [
        {
            "rating": 1, 
            "helpful": 0, 
            "author": "wagmare Bheemrao", 
            "text": "Warest phone", 
            "title": "Horrible", 
            "certBuyer": true
        }
    ], 
    [
        {
            "rating": 3, 
            "helpful": 0, 
            "author": "Flipkart Customer", 
            "text": "This  is west onlin service don't take any prodakut in this flipcat", 
            "title": "Good", 
            "certBuyer": true
        }
    ], 
    [
        {
            "rating": 1, 
            "helpful": 0, 
            "author": "Swathi Swat", 
            "text": "Plz don't buy", 
            "title": "Horrible", 
            "certBuyer": true
        }
    ], 
    [
        {
            "rating": 2, 
            "helpful": 0, 
            "author": "Flipkart Customer", 
            "text": "Htc is too good ...\nBt flipcart delivery service not so good.\nIt took 1 week n delivery boy irritating wid their work.", 
            "title": "Not good", 
            "certBuyer": true
        }
    ], 
    [
        {
            "rating": 1, 
            "helpful": 0, 
            "author": "Electronic eng", 
            "text": "The Seller along with Flipcat and HTC ARE SELLING DEFECTIVE MOBILE HAVING SOUND AND COMMUNICATION PROBLEM, THEY SEND ENGINEER WHO WITHOUT LOOKING THE PROBLEM CLOSE COMPLAIN AND EVEN AFTER  HEARING FROM SAME PHONE FLIPKART AND BAD SOUND AND COMPLAINING OF VOICE THEMSELF THEY CANNOT VERIFY PROBLEM FLIPCAT YOU ARE FULL OF SHIT IF YOU CANNOT VERIFY PROBLEM SEND REFUND YOUR ENGINEER SAY TO SAVE HIS JOB HE HAS TO CLOSE COMPLAIN YOUR CC SAY THEY CANNOT DO ANYTHING ARE YOU REALLY FULL OF SHIT AND THAT MUCH UNETHICAL ARE YOU?\nTHERE IS GRAVE PROBLEM IN HTC SET AND IT IS USELESS WITHOUR COMMUNICATION AS A QUALITY CONCERNED SELLER AND BRANDED CO. YOU SHALL INITIATE ROOT CAUSE AND CAPA immediately.\nDO NOT SUPPRESS THE COMPLAIN BY UNFAIR MEANS EVERY THING HAS A LIFE PERIOD, AND CUSTOMERS SERVICE IS WHAT YOU DO NOT CUSTOMER CHEATING BEHAVE AND DO PROPER ETHICAL BUSINESS\n\n\nINITIATE REFUND\\ REPLACEMENT \nPRODUCT IS DEFECTIVE", 
            "title": "Defective product not replaced", 
            "certBuyer": true
        }
    ], 
    [
        {
            "rating": 3, 
            "helpful": 0, 
            "author": "Santosh Patil", 
            "text": "I have the same, but no 4G .... what to do with this? Upgrade my phone please....", 
            "title": "Good but nothing fancy", 
            "certBuyer": false
        }
    ], 
    [
        {
            "rating": 5, 
            "helpful": 0, 
            "author": "Flipkart Customer", 
            "text": "Good job quick dlvry", 
            "title": "Terrific purchase", 
            "certBuyer": true
        }
    ], 
    [
        {
            "rating": 4, 
            "helpful": 0, 
            "author": "asif rasool", 
            "text": "How to upgrade this phone", 
            "title": "how to upgrade this phone", 
            "certBuyer": false
        }
    ], 
    [
        {
            "rating": 1, 
            "helpful": 0, 
            "author": "Shakti Sharma", 
            "text": "To late delivery", 
            "title": "Biggest mistake of my life!", 
            "certBuyer": true
        }
    ], 
    [
        {
            "rating": 4, 
            "helpful": 0, 
            "author": "Esha Reghu", 
            "text": "Delivery s too good", 
            "title": "Value-for-money", 
            "certBuyer": true
        }
    ], 
    [
        {
            "rating": 1, 
            "helpful": 0, 
            "author": "SUNIL  KUMAR", 
            "text": "I WANT CHANGE COLOR", 
            "title": "PHONE COLOR BLUE", 
            "certBuyer": false
        }
    ], 
    [
        {
            "rating": 1, 
            "helpful": 0, 
            "author": "Flipkart Customer", 
            "text": "Good service", 
            "title": "Useless product", 
            "certBuyer": true
        }
    ], 
    [
        {
            "rating": 2, 
            "helpful": 0, 
            "author": "Flipkart Customer", 
            "text": "PLEASE be aware ,in the market sell it's duplicate phone which made by China", 
            "title": "Bad quality", 
            "certBuyer": false
        }
    ], 
    [
        {
            "rating": 4, 
            "helpful": 0, 
            "author": "Flipkart Customer", 
            "text": "Nice filpkart sarvice", 
            "title": "Wonderful", 
            "certBuyer": true
        }
    ], 
    [
        {
            "rating": 1, 
            "helpful": 0, 
            "author": "Nitish kumar sharma", 
            "text": "Is this support to Jio sim", 
            "title": "Did not meet expectations", 
            "certBuyer": false
        }
    ], 
    [
        {
            "rating": 2, 
            "helpful": 0, 
            "author": "Manu", 
            "text": "I am using this HTC from past 8 months ... this is the worst phone compare to all Android phones heavy software issues and battery pack up is too less and performance is the bad point in of this guy's if someone try to buy please don't go with this ... the HTC provider are making the people's are cheeted...", 
            "title": "Worst phone", 
            "certBuyer": false
        }
    ], 
    [
        {
            "rating": 1, 
            "helpful": 0, 
            "author": "Flipkart Customer", 
            "text": "This is the worst order I got ,I have received a  diff project and this is a time waste process.", 
            "title": "Not recommended at all", 
            "certBuyer": true
        }
    ], 
    [
        {
            "rating": 1, 
            "helpful": 0, 
            "author": "Flipkart Customer", 
            "text": "Bakwaas products within six months lot of problems are coming like suddenly off heating up whatsapp contact change automatically not charging properly ear phone gone etc", 
            "title": "Very poor", 
            "certBuyer": true
        }
    ], 
    [
        {
            "rating": 1, 
            "helpful": 0, 
            "author": "Gowri shankar", 
            "text": "Is there an VOlte support on dual sim", 
            "title": "Don't waste your money", 
            "certBuyer": false
        }
    ], 
    [
        {
            "rating": 5, 
            "helpful": 0, 
            "author": "Harshit Khandelwal", 
            "text": "Amazing product delighted to have it.\nNyc features and specifications", 
            "title": "Good product", 
            "certBuyer": true
        }
    ], 
    [
        {
            "rating": 4, 
            "helpful": 0, 
            "author": "Sandeep Kumar", 
            "text": "This product is not having lollypop version it is a kitkat version. Flipkart is publishing fake info about this product android version. Be careful while purchasing this product!", 
            "title": "fake information about the product", 
            "certBuyer": true
        }
    ], 
    [
        {
            "rating": 1, 
            "helpful": 2, 
            "author": "Flipkart Customer", 
            "text": "Is made from China", 
            "title": "HTC but not original products", 
            "certBuyer": false
        }
    ], 
    [
        {
            "rating": 4, 
            "helpful": 1, 
            "author": "Rakesh Gohil", 
            "text": "As mentioned in specification its not coming with android L. It comes with Kitkat version\nPl send me screen shot if you got Android L out of the box.", 
            "title": "Nice Phone", 
            "certBuyer": false
        }
    ], 
    [
        {
            "rating": 3, 
            "helpful": 0, 
            "author": "Bibin Jose", 
            "text": "Camera quality is not as much expected. Only in daylight camera is good. If no day light the picture is too worse. Battery draining is very high. It takes long time to recharge the battery. It heats very much when using the internet or on a call. Rest of the features are good. Very slim phone low weight. Smart design. I had a problem with the phone that the screen does not on when a call comes. Screen will be idle.", 
            "title": "HTC DESIRE 626 dual SIM Phone", 
            "certBuyer": true
        }
    ], 
    [
        {
            "rating": 4, 
            "helpful": 0, 
            "author": "phani muppidi", 
            "text": "it has gorilla glass or not? , which os are in this handset, it has otg support or not? can upgrade to 5.1 lollipop?", 
            "title": "confussion", 
            "certBuyer": false
        }
    ]
]