[
    [
        {
            "title": "Four Stars",
            "helpful": 64,
            "rating": 4,
            "certBuyer": true,
            "text": "Super cool mobile,good built quality.Good camera features excellent display quality.",
            "author": "sai rao"
        }
    ],
    [
        {
            "title": "Perfect product!",
            "helpful": 70,
            "rating": 5,
            "certBuyer": true,
            "text": "good phone  super fast processor... fingerprint scanner... worth it.",
            "author": "Ananthu P A"
        }
    ],
    [
        {
            "title": "honor 8 lite !!",
            "helpful": 216,
            "rating": 5,
            "certBuyer": true,
            "text": "All game lover's , selfie & photolochlic people ; Go for it !! \ud83d\ude18 High end games , no misbehaving of phone found !! Camera quality is little upsetting at night , but during day all perfect !!                              Prons: a) 2.1 GHz processor - real life gaming experience ... b) long battery backup... c) full hd display - cool video browsing.... d) 4gb ram & 64 GB internal memory - no possibility of hanging...e) design \ud83d\ude18\ud83d\ude18\ud83d\ude18\ud83d\ude18\ud83d\ude18.                                Cons: a) slow charging b) upsetting camera quality at low light c) no front flash                             Don't doubt - trust me the phone Honor 8 really gives the experience of a good phone experience !!!!!!",
            "author": "Flipkart Customer"
        }
    ],
    [
        {
            "title": "Just wow!",
            "helpful": 4,
            "rating": 5,
            "certBuyer": true,
            "text": "It's a wonderful mobile, as of now there is a no small issue with mobile.\n\nThank you Huawei",
            "author": "Flipkart Customer"
        }
    ],
    [
        {
            "title": "Worth every penny",
            "helpful": 5,
            "rating": 5,
            "certBuyer": true,
            "text": "Pls buy this phone... This is super mobile..  I love this mobile... All speciations very super... I strongly recommend this mobile... Love honor",
            "author": "MANIGANDAN "
        }
    ],
    [
        {
            "title": "Wonderful",
            "helpful": 4,
            "rating": 4,
            "certBuyer": true,
            "text": "good",
            "author": "Anwar  Hussain"
        }
    ],
    [
        {
            "title": "Awesome phone",
            "helpful": 4,
            "rating": 5,
            "certBuyer": true,
            "text": "This is a great phone processor speed is very high 3sec start and off and battery life is as a 5000mah quality",
            "author": "Debasish  Roy"
        }
    ],
    [
        {
            "title": "Perfect product!",
            "helpful": 2,
            "rating": 5,
            "certBuyer": true,
            "text": "Super mobile .....",
            "author": "Anand Anand"
        }
    ],
    [
        {
            "title": "Must buy!",
            "helpful": 2,
            "rating": 5,
            "certBuyer": true,
            "text": "Superb",
            "author": "Flipkart Customer"
        }
    ],
    [
        {
            "title": "Worth the money",
            "helpful": 4,
            "rating": 4,
            "certBuyer": true,
            "text": "Very good product but recording call is not available",
            "author": "Prakash Kandaswamy"
        }
    ],
    [
        {
            "title": "Good",
            "helpful": 1,
            "rating": 3,
            "certBuyer": true,
            "text": "The mob camera is very good but back of the phone is damaged",
            "author": "sahil santhosh"
        }
    ],
    [
        {
            "title": "Wonderful",
            "helpful": 0,
            "rating": 4,
            "certBuyer": true,
            "text": "Good product",
            "author": "Vishnu P Annassery"
        }
    ],
    [
        {
            "title": "Worth every penny",
            "helpful": 0,
            "rating": 5,
            "certBuyer": true,
            "text": "Awesome",
            "author": "chandrashekar hn"
        }
    ],
    [
        {
            "title": "Brilliant",
            "helpful": 0,
            "rating": 5,
            "certBuyer": true,
            "text": "Best mobile camera is good clarity picture",
            "author": "Sathish Arumugam"
        }
    ],
    [
        {
            "title": "Wonderful",
            "helpful": 0,
            "rating": 4,
            "certBuyer": true,
            "text": "Very good phone. Delivered in good condition.",
            "author": "SHELBIN JOSE"
        }
    ],
    [
        {
            "title": "Perfect product!",
            "helpful": 0,
            "rating": 5,
            "certBuyer": true,
            "text": "i juzz loved it............",
            "author": "Himanshu Sharma"
        }
    ],
    [
        {
            "title": "Great product",
            "helpful": 1,
            "rating": 5,
            "certBuyer": true,
            "text": "Nice look",
            "author": "Harsha Vardhan"
        }
    ],
    [
        {
            "title": "Super!",
            "helpful": 1,
            "rating": 5,
            "certBuyer": true,
            "text": "Great phone no heating issue look is awesome",
            "author": "Flipkart Customer"
        }
    ],
    [
        {
            "title": "Nice product",
            "helpful": 1,
            "rating": 4,
            "certBuyer": true,
            "text": "Camera is not good",
            "author": "Akhilesh Sachan"
        }
    ],
    [
        {
            "title": "Worth every penny",
            "helpful": 1,
            "rating": 5,
            "certBuyer": true,
            "text": "I recommend personally this phone to people who love technology, the phone is good, many features with the camera, good battery too and very powerful with the Android nougat 7.0...",
            "author": "Michel Wambela"
        }
    ],
    [
        {
            "title": "Worth every penny",
            "helpful": 1,
            "rating": 5,
            "certBuyer": true,
            "text": "Super mobile..........",
            "author": "Prasanna"
        }
    ],
    [
        {
            "title": "Worth the money",
            "helpful": 1,
            "rating": 4,
            "certBuyer": true,
            "text": "Ok",
            "author": "Ashok Reddy Munnangi"
        }
    ],
    [
        {
            "title": "Classy product",
            "helpful": 3,
            "rating": 5,
            "certBuyer": true,
            "text": "I had a moto x style previously.. 8 lite is a good upgrade phone for me.. built quality and looks are awesome and its much lighter in hand and operable by single palm. Camera good in day light , there is bit lag which causes blur.. as im not much particular about camera but for those who take frequent snaps should look for something above 30fps.. one important feature it claims is the radiation levels attracted by this mobile is way below many highend smartphones..SAR claim 0.76 .. fingerprint screenlock at the back is a good feature. Overall happy with the phone.. battery is very economical.. slow charging takes upto 3hrs for full charge but lasts more than a day comfortably with above moderate usage.. 10 days using this phone ill give 10/10 and tag it as value for money especially with flipkart creditcard discount.",
            "author": "Flipkart Customer"
        }
    ],
    [
        {
            "title": "Delightful",
            "helpful": 1,
            "rating": 4,
            "certBuyer": true,
            "text": "Exellent product... Lovely design and all features are very good... Packing and delivery was really good. Only drawback is the charger, which is not good in quality, the cable wasnt fixing the adapter. I had to force it into the port.",
            "author": "Faisal Kasim"
        }
    ],
    [
        {
            "title": "Several Hardware issues",
            "helpful": 1,
            "rating": 1,
            "certBuyer": true,
            "text": "If you want to visit service center several times buy this phone",
            "author": "Flipkart Customer"
        }
    ],
    [
        {
            "title": "Terrific purchase",
            "helpful": 1,
            "rating": 1,
            "certBuyer": true,
            "text": "Good job, nice delivery and 100% genuine product",
            "author": "ravi chandra"
        }
    ],
    [
        {
            "title": "Value-for-money",
            "helpful": 0,
            "rating": 4,
            "certBuyer": true,
            "text": "Good",
            "author": "Abdul Raguph"
        }
    ],
    [
        {
            "title": "Pretty good",
            "helpful": 0,
            "rating": 4,
            "certBuyer": true,
            "text": "Awesome products and packaging is perfect no any damage",
            "author": "vinoth kannan"
        }
    ],
    [
        {
            "title": "Simply awesome",
            "helpful": 0,
            "rating": 5,
            "certBuyer": true,
            "text": "Superb phone. 5 stars.",
            "author": "Dr. Rajbir cheema"
        }
    ],
    [
        {
            "title": "Just wow!",
            "helpful": 0,
            "rating": 5,
            "certBuyer": true,
            "text": "Awesome service Flipkart",
            "author": "Flipkart Customer"
        }
    ],
    [
        {
            "title": "Mind-blowing purchase",
            "helpful": 0,
            "rating": 5,
            "certBuyer": true,
            "text": "Wow.. Flkrt",
            "author": "Flipkart Customer"
        }
    ],
    [
        {
            "title": "Wonderful",
            "helpful": 0,
            "rating": 4,
            "certBuyer": true,
            "text": "Nice phone best performance",
            "author": "Flipkart Customer"
        }
    ],
    [
        {
            "title": "Great product",
            "helpful": 0,
            "rating": 1,
            "certBuyer": true,
            "text": "this  not good products",
            "author": "Deepa  jayabal"
        }
    ],
    [
        {
            "title": "Fabulous!",
            "helpful": 0,
            "rating": 5,
            "certBuyer": true,
            "text": "Super",
            "author": "Flipkart Customer"
        }
    ],
    [
        {
            "title": "Four Stars",
            "helpful": 0,
            "rating": 4,
            "certBuyer": true,
            "text": "OK nice",
            "author": "Flipkart Customer"
        }
    ],
    [
        {
            "title": "Five Stars",
            "helpful": 2,
            "rating": 5,
            "certBuyer": true,
            "text": "this mobile is very beautiful",
            "author": "Flipkart Customer"
        }
    ],
    [
        {
            "title": "Five Stars",
            "helpful": 1,
            "rating": 5,
            "certBuyer": true,
            "text": "Marvelous performance",
            "author": "mohan  chandra"
        }
    ],
    [
        {
            "title": "Five Stars",
            "helpful": 1,
            "rating": 5,
            "certBuyer": true,
            "text": "Nice phone good camera quality",
            "author": "Swarna Deep Soam"
        }
    ],
    [
        {
            "title": "Terrible product",
            "helpful": 32,
            "rating": 1,
            "certBuyer": true,
            "text": "Totally fake before I order that mobile they show dedicated memory card slot after I received that mobile and checked its hybrid sim slot no response for customer care",
            "author": "Deepak S"
        }
    ],
    [
        {
            "title": "Bad quality",
            "helpful": 0,
            "rating": 2,
            "certBuyer": true,
            "text": "No hybrid sim slot \nIt fake given in item discription",
            "author": "G santosh kumar "
        }
    ],
    [
        {
            "title": "Five Stars",
            "helpful": 0,
            "rating": 5,
            "certBuyer": true,
            "text": "pooor packing",
            "author": "shaffy km"
        }
    ]
]