[
    [
        {
            "title": "Super!",
            "author": "Amit Debnath",
            "certBuyer": true,
            "helpful": 46,
            "rating": 5,
            "text": "Nice phone ......\n       Thanx to flipkart\u263a"
        }
    ],
    [
        {
            "title": "Classy product",
            "author": "Yash  Pathak ",
            "certBuyer": true,
            "helpful": 21,
            "rating": 5,
            "text": "Battery life is sooooooo short...\nAfter all awesome"
        }
    ],
    [
        {
            "title": "Simply awesome",
            "author": "Nandini Upadhyay",
            "certBuyer": true,
            "helpful": 8,
            "rating": 5,
            "text": "Awesome mobile"
        }
    ],
    [
        {
            "title": "Fair",
            "author": "Mahesh Babu",
            "certBuyer": true,
            "helpful": 26,
            "rating": 2,
            "text": "Camera Quality is not good, and battery drains more faster and heating issue"
        }
    ],
    [
        {
            "title": "Awesome good",
            "author": "rana muchhadiya",
            "certBuyer": true,
            "helpful": 2,
            "rating": 5,
            "text": "My my phone Lenovo k8 note"
        }
    ],
    [
        {
            "title": "Waste of money!",
            "author": "Flipkart Customer",
            "certBuyer": true,
            "helpful": 1,
            "rating": 1,
            "text": "I want replese my lenevo k8 note"
        }
    ],
    [
        {
            "title": "Best in the market!",
            "author": "rahees",
            "certBuyer": true,
            "helpful": 1,
            "rating": 5,
            "text": "excellent"
        }
    ],
    [
        {
            "title": "Just wow!",
            "author": "shashidhara nayak",
            "certBuyer": true,
            "helpful": 1,
            "rating": 5,
            "text": "Everything is gud... Nice phone best phone."
        }
    ],
    [
        {
            "title": "Terrific purchase",
            "author": "Flipkart Customer",
            "certBuyer": true,
            "helpful": 2,
            "rating": 5,
            "text": "Third class"
        }
    ],
    [
        {
            "title": "Awesome",
            "author": "Sandip Belel",
            "certBuyer": true,
            "helpful": 1,
            "rating": 5,
            "text": "Nice"
        }
    ],
    [
        {
            "title": "Brilliant",
            "author": "Shubhajit Halder",
            "certBuyer": true,
            "helpful": 0,
            "rating": 5,
            "text": "Awesome set"
        }
    ],
    [
        {
            "title": "Great product",
            "author": "Flipkart Customer",
            "certBuyer": true,
            "helpful": 0,
            "rating": 5,
            "text": "Excellent phone"
        }
    ],
    [
        {
            "title": "Just wow!",
            "author": "Somnath Verma",
            "certBuyer": true,
            "helpful": 0,
            "rating": 5,
            "text": "Nice"
        }
    ],
    [
        {
            "title": "Simply awesome",
            "author": "Shubham Kohale",
            "certBuyer": true,
            "helpful": 0,
            "rating": 5,
            "text": "Nice Product.."
        }
    ],
    [
        {
            "title": "Expected a better product",
            "author": "Flipkart Customer",
            "certBuyer": true,
            "helpful": 0,
            "rating": 2,
            "text": "This is nice mobile but...we are waiting for more updates video stability,image stability and electronic stability.4k recording is not in this product"
        }
    ]
]