[
    [
        {
            "title": "Wonderful",
            "author": "Flipkart Customer",
            "certBuyer": true,
            "helpful": 33,
            "rating": 4,
            "text": "Good"
        }
    ],
    [
        {
            "title": "Highly recommended",
            "author": "Rajesh Bodra",
            "certBuyer": true,
            "helpful": 18,
            "rating": 5,
            "text": "Nice"
        }
    ],
    [
        {
            "title": "Fabulous!",
            "author": "Mitesh   Antala",
            "certBuyer": true,
            "helpful": 23,
            "rating": 1,
            "text": "No Quality.  \nBad Mobile"
        }
    ],
    [
        {
            "title": "Wonderful",
            "author": "Lanu akum",
            "certBuyer": true,
            "helpful": 2,
            "rating": 5,
            "text": "Nice phone in this range of money."
        }
    ],
    [
        {
            "title": "Absolute rubbish!",
            "author": "Flipkart Customer",
            "certBuyer": true,
            "helpful": 1,
            "rating": 1,
            "text": "Don't buy, waste of money...I sold it using 60 days"
        }
    ],
    [
        {
            "title": "Delightful",
            "author": "Flipkart Customer",
            "certBuyer": true,
            "helpful": 0,
            "rating": 4,
            "text": "delivered within 3 days!!!!!!! good job done....."
        }
    ],
    [
        {
            "title": "Very Good",
            "author": "Flipkart Customer",
            "certBuyer": true,
            "helpful": 0,
            "rating": 4,
            "text": "Perfect"
        }
    ],
    [
        {
            "title": "Fabulous!",
            "author": "Luhit Bora",
            "certBuyer": true,
            "helpful": 1,
            "rating": 4,
            "text": "Good product."
        }
    ],
    [
        {
            "title": "Good choice",
            "author": "Sunit Kumar",
            "certBuyer": true,
            "helpful": 0,
            "rating": 4,
            "text": "Good in all aspect"
        }
    ],
    [
        {
            "title": "Good",
            "author": "arpit sarraf",
            "certBuyer": true,
            "helpful": 1,
            "rating": 3,
            "text": "Volte not supported"
        }
    ],
    [
        {
            "title": "Does the job",
            "author": "Laxman Mali",
            "certBuyer": true,
            "helpful": 4,
            "rating": 5,
            "text": "Is product display is not nice"
        }
    ],
    [
        {
            "title": "Horrible",
            "author": "Vishal Verma",
            "certBuyer": true,
            "helpful": 1,
            "rating": 1,
            "text": "Poor quality product. It's lying at service center for last 45 days."
        }
    ]
]