[
    [
        {
            "title": "Good ..",
            "author": "Mangire Manikanta",
            "certBuyer": true,
            "helpful": 62,
            "rating": 5,
            "text": "Good response from Flipkart but don't change delivery date,Based on that some others things are depended .\nAnd timely delivered my all products \n\nRegards \nManikanta."
        }
    ],
    [
        {
            "title": "Best in the market!",
            "author": "anu kumar",
            "certBuyer": false,
            "helpful": 68,
            "rating": 5,
            "text": "Excellent phone"
        }
    ],
    [
        {
            "title": "Wonderful",
            "author": "Flipkart Customer",
            "certBuyer": false,
            "helpful": 63,
            "rating": 4,
            "text": "Best Smart phone I like"
        }
    ],
    [
        {
            "title": "Worth every penny",
            "author": "Mohan Raj",
            "certBuyer": false,
            "helpful": 19,
            "rating": 5,
            "text": "Good one for girls using"
        }
    ],
    [
        {
            "title": "Bad experience.",
            "author": "Ruchi Tirkey",
            "certBuyer": true,
            "helpful": 9,
            "rating": 1,
            "text": "Bad battery and bad camera quality."
        }
    ],
    [
        {
            "title": "Must buy!",
            "author": "Subhankar  Sarkar",
            "certBuyer": false,
            "helpful": 21,
            "rating": 5,
            "text": "Chip and best"
        }
    ],
    [
        {
            "title": "Good quality product",
            "author": "Flipkart Customer",
            "certBuyer": true,
            "helpful": 3,
            "rating": 4,
            "text": "lenovo b nice product"
        }
    ],
    [
        {
            "title": "Super!",
            "author": "Flipkart Customer",
            "certBuyer": true,
            "helpful": 2,
            "rating": 5,
            "text": "Awesome camera.. battery goes on for a day with net/ wifi and a bit of games.. speed is awesome.. no lag for nova, asphalt 8."
        }
    ],
    [
        {
            "title": "Good but nothing fancy",
            "author": "Amal Ayesha Siddiqua",
            "certBuyer": true,
            "helpful": 2,
            "rating": 3,
            "text": "GD budget phn... Was a bit disappointed when it hand on d 2nd day... But after restarting the phone it's f9 now.."
        }
    ],
    [
        {
            "title": "Terrific purchase",
            "author": "S roy Roy",
            "certBuyer": false,
            "helpful": 3,
            "rating": 5,
            "text": "Nice mobile and got in time"
        }
    ],
    [
        {
            "title": "all ok",
            "author": "GOVINDA RAO",
            "certBuyer": true,
            "helpful": 3,
            "rating": 2,
            "text": "But camera battery\n low quality"
        }
    ],
    [
        {
            "title": "Not recommended at all",
            "author": "Flipkart Customer",
            "certBuyer": false,
            "helpful": 4,
            "rating": 1,
            "text": "Plz don't buy dis product \nCheap camera quality \nHanging problem \nWaste of money"
        }
    ],
    [
        {
            "title": "Good phone for the Price",
            "author": "Tini Korah",
            "certBuyer": true,
            "helpful": 2,
            "rating": 5,
            "text": "I wanted a phone with 4.5 inch screen and with Android 6.0 (Marshmallow) or higher. This was the only branded phone with 2000 MAH battery available at this price. Overall, I am happy with the phone. The internal memory is only 8 GB, but with Marshmallow you can add an SD Card as Internal Memory rather than as Exernal Memory, which effectively increases your phone's internal storage by size as the SD Card. This is especially useful since Whatsapp always stores downloaded files in the internal memory and keeps filling up your phone. I cannot understand manufacturer's obsession to make screen's bigger and bigger. If you like compact android phone's this is the most cost effective solution."
        }
    ],
    [
        {
            "title": "Great product",
            "author": "israr ahmad",
            "certBuyer": true,
            "helpful": 2,
            "rating": 5,
            "text": "Very nice phone..good for my mom....perfect"
        }
    ],
    [
        {
            "title": "Pretty good",
            "author": "Gayathri K L",
            "certBuyer": true,
            "helpful": 1,
            "rating": 4,
            "text": "Battery though not up to the mark....serves the purpose of a smart phone....great option for a budget smart phone"
        }
    ],
    [
        {
            "title": "Brilliant",
            "author": "Murali Krishna",
            "certBuyer": true,
            "helpful": 1,
            "rating": 5,
            "text": "Good"
        }
    ],
    [
        {
            "title": "Best in the market!",
            "author": "Dharmendra Pratap Sharma",
            "certBuyer": true,
            "helpful": 1,
            "rating": 5,
            "text": "Good quality"
        }
    ],
    [
        {
            "title": "Best in the market!",
            "author": "Rafik rahemtulla Hingoraja",
            "certBuyer": true,
            "helpful": 0,
            "rating": 5,
            "text": "Best product and super very nice services of flipcart.\nExelent performance by Ecom express curiar services"
        }
    ],
    [
        {
            "title": "Pretty good",
            "author": "Rufes Martin",
            "certBuyer": true,
            "helpful": 1,
            "rating": 4,
            "text": "Camera quality is not so good"
        }
    ],
    [
        {
            "title": "Delightful",
            "author": "Flipkart Customer",
            "certBuyer": true,
            "helpful": 1,
            "rating": 4,
            "text": "Best phone on budget"
        }
    ],
    [
        {
            "title": "Must buy!",
            "author": "jaison peter",
            "certBuyer": true,
            "helpful": 1,
            "rating": 5,
            "text": "Great phone"
        }
    ],
    [
        {
            "title": "Not good",
            "author": "Rita Chaudhari",
            "certBuyer": true,
            "helpful": 1,
            "rating": 2,
            "text": "Sound of this mobile is not good"
        }
    ],
    [
        {
            "title": "Hated it!",
            "author": "Karthick VS",
            "certBuyer": false,
            "helpful": 1,
            "rating": 1,
            "text": "Battery not charging beyond 80%. Overheating..."
        }
    ],
    [
        {
            "title": "Worst experience ever!",
            "author": "Narendra N",
            "certBuyer": true,
            "helpful": 1,
            "rating": 1,
            "text": "Worst product"
        }
    ],
    [
        {
            "title": "Terrible product",
            "author": "Patel Rajesh bhai",
            "certBuyer": false,
            "helpful": 1,
            "rating": 1,
            "text": "Not good"
        }
    ],
    [
        {
            "title": "Terrific",
            "author": "Hemant Gupta",
            "certBuyer": true,
            "helpful": 0,
            "rating": 5,
            "text": "Nice &amp; hardy phone"
        }
    ],
    [
        {
            "title": "Really Nice",
            "author": "Ramu.R Ramu.R",
            "certBuyer": true,
            "helpful": 0,
            "rating": 4,
            "text": "Nic mobile"
        }
    ],
    [
        {
            "title": "Not good",
            "author": "Chandra mani Kaushik",
            "certBuyer": true,
            "helpful": 0,
            "rating": 2,
            "text": "Nice"
        }
    ],
    [
        {
            "title": "Slightly disappointed",
            "author": "Ayan Chatterjee",
            "certBuyer": true,
            "helpful": 0,
            "rating": 2,
            "text": "Good"
        }
    ],
    [
        {
            "title": "Slightly disappointed",
            "author": "Anees fathimah fathima",
            "certBuyer": true,
            "helpful": 0,
            "rating": 2,
            "text": "Very nice"
        }
    ],
    [
        {
            "title": "Could be way better",
            "author": "Flipkart Customer",
            "certBuyer": true,
            "helpful": 0,
            "rating": 2,
            "text": "Battery runs out in less than a day even with avg. Usage ."
        }
    ],
    [
        {
            "title": "Worth the money",
            "author": "Flipkart Customer",
            "certBuyer": true,
            "helpful": 0,
            "rating": 4,
            "text": "nice phone\nas compare  to  price   the  phone   is  good ."
        }
    ],
    [
        {
            "title": "Great product",
            "author": "Sagar  Khangal",
            "certBuyer": true,
            "helpful": 0,
            "rating": 5,
            "text": "Awesome"
        }
    ],
    [
        {
            "title": "Just wow!",
            "author": "Prem Kr Chetry",
            "certBuyer": true,
            "helpful": 0,
            "rating": 5,
            "text": "Heating problem.battery is good"
        }
    ],
    [
        {
            "title": "Good choice",
            "author": "Flipkart Customer",
            "certBuyer": true,
            "helpful": 0,
            "rating": 4,
            "text": "Charging is slow"
        }
    ],
    [
        {
            "title": "Not recommended at all",
            "author": "Sivaprasad. K Anikkuttan",
            "certBuyer": true,
            "helpful": 0,
            "rating": 1,
            "text": "Very bad"
        }
    ],
    [
        {
            "title": "Absolute rubbish!",
            "author": "Flipkart Customer",
            "certBuyer": true,
            "helpful": 0,
            "rating": 1,
            "text": "Very worst product \nfrequently getting hang,also vibrate for call is not working"
        }
    ],
    [
        {
            "title": "Brilliant",
            "author": "Moutushi Banerjee",
            "certBuyer": true,
            "helpful": 0,
            "rating": 5,
            "text": "Very nice,"
        }
    ],
    [
        {
            "title": "Good quality product",
            "author": "Flipkart Customer",
            "certBuyer": true,
            "helpful": 0,
            "rating": 4,
            "text": "Nice phone.. Worth for the money"
        }
    ],
    [
        {
            "title": "Worthless",
            "author": "Vidhya Dhawade",
            "certBuyer": true,
            "helpful": 0,
            "rating": 1,
            "text": "Very bad quality mobile"
        }
    ],
    [
        {
            "title": "Wonderful",
            "author": "Flipkart Customer",
            "certBuyer": true,
            "helpful": 0,
            "rating": 5,
            "text": "Superb"
        }
    ],
    [
        {
            "title": "Fabulous!",
            "author": "karthi karthi",
            "certBuyer": true,
            "helpful": 0,
            "rating": 5,
            "text": "Good"
        }
    ],
    [
        {
            "title": "Mind-blowing purchase",
            "author": "Upendra Sahu",
            "certBuyer": true,
            "helpful": 0,
            "rating": 5,
            "text": "Nice product in this price range"
        }
    ],
    [
        {
            "title": "Good",
            "author": "Ashok kumar",
            "certBuyer": true,
            "helpful": 0,
            "rating": 3,
            "text": "Ok"
        }
    ],
    [
        {
            "title": "Ok",
            "author": "Dharmendra Singh",
            "certBuyer": true,
            "helpful": 0,
            "rating": 3,
            "text": "Good"
        }
    ],
    [
        {
            "title": "Fair",
            "author": "Flipkart Customer",
            "certBuyer": true,
            "helpful": 0,
            "rating": 3,
            "text": "Very poor battery backup,getting hot all the times even after closing all the apps regularly"
        }
    ],
    [
        {
            "title": "Good quality product",
            "author": "Ravi Teja",
            "certBuyer": true,
            "helpful": 0,
            "rating": 4,
            "text": "Looking Awesome,phone is handy...luking so slim,Thanks for flipkart for delivering in promised date"
        }
    ],
    [
        {
            "title": "Good",
            "author": "siddarth Gowtham ",
            "certBuyer": true,
            "helpful": 0,
            "rating": 3,
            "text": "Camera not good , charge drained very fast , 4g poor connectivity."
        }
    ],
    [
        {
            "title": "Slightly disappointed",
            "author": "satendra kumar",
            "certBuyer": true,
            "helpful": 0,
            "rating": 2,
            "text": "Battery backup is not good."
        }
    ],
    [
        {
            "title": "Value-for-money",
            "author": "sidartha behera",
            "certBuyer": true,
            "helpful": 0,
            "rating": 4,
            "text": "Goog mobil"
        }
    ],
    [
        {
            "title": "Mind-blowing purchase",
            "author": "kamata  patel",
            "certBuyer": true,
            "helpful": 0,
            "rating": 5,
            "text": "Very good"
        }
    ],
    [
        {
            "title": "Really Nice",
            "author": "VENKATA HANUMAT  PRASAD",
            "certBuyer": true,
            "helpful": 0,
            "rating": 4,
            "text": "It is good  mobile in this price range"
        }
    ],
    [
        {
            "title": "Classy product",
            "author": "Phanjina Narzary",
            "certBuyer": true,
            "helpful": 0,
            "rating": 1,
            "text": "Gud phone wit 4G, at best price just got it yesterday!!! Thanks to Flipkart for the quick delivery"
        }
    ],
    [
        {
            "title": "Nice product",
            "author": "Flipkart Customer",
            "certBuyer": true,
            "helpful": 0,
            "rating": 4,
            "text": "Nice product....."
        }
    ],
    [
        {
            "title": "Good",
            "author": "Simson Daimari",
            "certBuyer": true,
            "helpful": 0,
            "rating": 3,
            "text": "Ok"
        }
    ],
    [
        {
            "title": "Brilliant",
            "author": "Flipkart Customer",
            "certBuyer": true,
            "helpful": 0,
            "rating": 5,
            "text": "Good phone for beginners..I am impressed with its 4G connectivity.."
        }
    ],
    [
        {
            "title": "Perfect product!",
            "author": "upahar gupta",
            "certBuyer": true,
            "helpful": 0,
            "rating": 5,
            "text": "Nice"
        }
    ],
    [
        {
            "title": "Pretty good",
            "author": "Susanta  Layek",
            "certBuyer": true,
            "helpful": 0,
            "rating": 4,
            "text": "Very good product"
        }
    ],
    [
        {
            "title": "Nice",
            "author": "Haridas Shivankar",
            "certBuyer": true,
            "helpful": 0,
            "rating": 3,
            "text": "Nuce phone"
        }
    ],
    [
        {
            "title": "Worth the money",
            "author": "Flipkart Customer",
            "certBuyer": true,
            "helpful": 0,
            "rating": 4,
            "text": "Very good product and this is budget phone also from Lenovo !!! It's better for lady's"
        }
    ],
    [
        {
            "title": "Best in the market!",
            "author": "Varun  s bhat",
            "certBuyer": true,
            "helpful": 0,
            "rating": 5,
            "text": "Worth buying it"
        }
    ],
    [
        {
            "title": "Wonderful",
            "author": "Flipkart Customer",
            "certBuyer": true,
            "helpful": 0,
            "rating": 4,
            "text": "A good smartphone in a good price"
        }
    ],
    [
        {
            "title": "Fair",
            "author": "Saikat  Das",
            "certBuyer": true,
            "helpful": 0,
            "rating": 3,
            "text": "Good"
        }
    ],
    [
        {
            "title": "Fabulous!",
            "author": "Abhin S S",
            "certBuyer": true,
            "helpful": 0,
            "rating": 5,
            "text": "Good Product"
        }
    ],
    [
        {
            "title": "Pretty good",
            "author": "Debarshi Sarma ",
            "certBuyer": true,
            "helpful": 0,
            "rating": 4,
            "text": "all most good"
        }
    ],
    [
        {
            "title": "Does the job",
            "author": "Sujal Kumar Patra.",
            "certBuyer": true,
            "helpful": 0,
            "rating": 3,
            "text": "Otg not support"
        }
    ],
    [
        {
            "title": "Blot and no-gorilla",
            "author": "Arun Rath",
            "certBuyer": true,
            "helpful": 0,
            "rating": 4,
            "text": "To much blot and except the glass screen everything else is exceptional."
        }
    ],
    [
        {
            "title": "Wonderful",
            "author": "Flipkart Customer",
            "certBuyer": true,
            "helpful": 0,
            "rating": 5,
            "text": "Good product\nBest for all"
        }
    ],
    [
        {
            "title": "Worth every penny",
            "author": "sankalp shrivastava",
            "certBuyer": true,
            "helpful": 0,
            "rating": 5,
            "text": "Good"
        }
    ],
    [
        {
            "title": "Battery",
            "author": "Aswin nanniyuran",
            "certBuyer": true,
            "helpful": 0,
            "rating": 5,
            "text": "Super and quick charging"
        }
    ],
    [
        {
            "title": "Expected a better product",
            "author": "Anamika Singh",
            "certBuyer": true,
            "helpful": 0,
            "rating": 2,
            "text": "Within 5000 the phone is good ....But still some of the features are not so good"
        }
    ],
    [
        {
            "title": "Terrific",
            "author": "Flipkart Customer",
            "certBuyer": true,
            "helpful": 0,
            "rating": 5,
            "text": "Best product"
        }
    ],
    [
        {
            "title": "AF P DX 70-300 LENSE",
            "author": "N V  THIRUMOORTHY",
            "certBuyer": true,
            "helpful": 0,
            "rating": 4,
            "text": "The lense AF P DX 70-300 lense is good\nDelivered on time \nWorks fine\nThanks to Flipkart"
        }
    ],
    [
        {
            "title": "Simply awesome",
            "author": "Mayank Ruhella",
            "certBuyer": true,
            "helpful": 0,
            "rating": 5,
            "text": "I have bought this phone for my father. Its been a month. No problem at all. An awesome phone for basic use and average battery life."
        }
    ],
    [
        {
            "title": "Nice",
            "author": "Sandeep Sid",
            "certBuyer": true,
            "helpful": 0,
            "rating": 3,
            "text": "good for normal use"
        }
    ],
    [
        {
            "title": "Good quality product",
            "author": "Flipkart Customer",
            "certBuyer": true,
            "helpful": 0,
            "rating": 4,
            "text": "It's good low budget phone"
        }
    ],
    [
        {
            "title": "Brilliant",
            "author": "YOGESH  SURYAWANSHI",
            "certBuyer": true,
            "helpful": 0,
            "rating": 5,
            "text": "Very Nice Phone! Ideal for beginners like elders"
        }
    ],
    [
        {
            "title": "Four Stars",
            "author": "Flipkart Customer",
            "certBuyer": true,
            "helpful": 0,
            "rating": 4,
            "text": "Good product... Thank you flip card.."
        }
    ],
    [
        {
            "title": "One Star",
            "author": "Flipkart Customer",
            "certBuyer": true,
            "helpful": 0,
            "rating": 1,
            "text": "Worst"
        }
    ],
    [
        {
            "title": "Unsatisfactory",
            "author": "prakash kathiriya",
            "certBuyer": true,
            "helpful": 0,
            "rating": 1,
            "text": "Henging problem"
        }
    ],
    [
        {
            "title": "Wonderful",
            "author": "Sourabh Patil",
            "certBuyer": true,
            "helpful": 0,
            "rating": 4,
            "text": "Nice phone"
        }
    ],
    [
        {
            "title": "super",
            "author": "mani kanta",
            "certBuyer": true,
            "helpful": 0,
            "rating": 5,
            "text": "Super"
        }
    ],
    [
        {
            "title": "Terrific purchase",
            "author": "pranab  koirala",
            "certBuyer": false,
            "helpful": 0,
            "rating": 5,
            "text": "thank you so much"
        }
    ],
    [
        {
            "title": "Good quality product",
            "author": "abraham sekar",
            "certBuyer": true,
            "helpful": 0,
            "rating": 4,
            "text": "Good"
        }
    ],
    [
        {
            "title": "Decent product",
            "author": "Sambhav Singh",
            "certBuyer": true,
            "helpful": 0,
            "rating": 3,
            "text": "Good"
        }
    ],
    [
        {
            "title": "Don't waste your money",
            "author": "Vasu Rao",
            "certBuyer": true,
            "helpful": 0,
            "rating": 1,
            "text": "Not satisfied on this product"
        }
    ],
    [
        {
            "title": "Great product",
            "author": "Flipkart Customer",
            "certBuyer": true,
            "helpful": 0,
            "rating": 5,
            "text": "Good"
        }
    ],
    [
        {
            "title": "good",
            "author": "sumit  maity ",
            "certBuyer": true,
            "helpful": 0,
            "rating": 5,
            "text": "good"
        }
    ],
    [
        {
            "title": "Please DON'T BUY this  for Jio sim card",
            "author": "Sharad Badhe",
            "certBuyer": true,
            "helpful": 7,
            "rating": 1,
            "text": "Internal usable memory is less than 2 GB\nPoor display. Small viewing angle.\nVOLTE not available for 4G. Can't use fully with Jio simcard.\nWiFi need to close for making calls and sms from jio number.\nIf you switch on WiFi, you will not receive any calls on jio number. \nCamera is very poor quality."
        }
    ],
    [
        {
            "title": "Good product",
            "author": "Venkata s s prasad Gade",
            "certBuyer": false,
            "helpful": 1,
            "rating": 4,
            "text": "Service is awesome."
        }
    ],
    [
        {
            "title": "Decent product",
            "author": "jyothish  choliyal",
            "certBuyer": true,
            "helpful": 0,
            "rating": 3,
            "text": "plz dnt deal with ekart logisctics very bad service"
        }
    ],
    [
        {
            "title": "Classy product",
            "author": "shrenik jagtap",
            "certBuyer": true,
            "helpful": 0,
            "rating": 5,
            "text": "Nice service"
        }
    ],
    [
        {
            "title": "Five Stars",
            "author": "SABARI RAJ",
            "certBuyer": true,
            "helpful": 0,
            "rating": 5,
            "text": "Good"
        }
    ],
    [
        {
            "title": "Five Stars",
            "author": "Rama Krishnan",
            "certBuyer": true,
            "helpful": 0,
            "rating": 5,
            "text": "Super"
        }
    ],
    [
        {
            "title": "Five Stars",
            "author": "BYREGOWDA CVB BYREGOWDA V",
            "certBuyer": true,
            "helpful": 0,
            "rating": 5,
            "text": "no  otg spt"
        }
    ],
    [
        {
            "title": "speedy delivery",
            "author": "Kumarave D",
            "certBuyer": true,
            "helpful": 0,
            "rating": 4,
            "text": "Prompt delivery well before the due date. Very good product."
        }
    ]
]