[
    [
        {
            "rating": 5, 
            "helpful": 23, 
            "author": "Flipkart Customer", 
            "text": "Best phone for this price 14k\nNow my phone is running windows 10 which running smoothly but it has some heating issue when updated to windows 10.camera is sperb with carl xeiss optics.i am waiting for another update which will bring otd capability. Windows 10 experience shall improve more.battery life is very good compared to android device. I got 3 days of battery life.good speakers,great for music lover's, clarity of sound is awesome. Back cover feels good tough solidly built but it is catching finger print and oil easily.overall it is a great phone.go for it", 
            "title": "Highly recommended", 
            "certBuyer": true
        }
    ], 
    [
        {
            "rating": 5, 
            "helpful": 31, 
            "author": "Flipkart Customer", 
            "text": "It is awesome phone with no lags with great battery perfomance with lte at just 15,800 from kolkota on 13th october 2015 only disadvantage is it does not support many apps with windows 10 is coming soon which will support many apps it will be updated then the processor is fast qualcom snapdragon 400 chipset with 1gb ram windows runs smoothly another thing is missing  super amoled display", 
            "title": "microsoft lumia 640xl lte", 
            "certBuyer": false
        }
    ], 
    [
        {
            "rating": 1, 
            "helpful": 14, 
            "author": "Flipkart Customer", 
            "text": "Display model is not exactly lumia 640 XL 4G LTE , why Because its Having ZEISS Lens back side of panel under lens of product but in Above picture Shows normal one", 
            "title": "640 XL LTE is having ZEISS Lens but shown is not having", 
            "certBuyer": false
        }
    ], 
    [
        {
            "rating": 1, 
            "helpful": 7, 
            "author": "Muruganandh Venugopal", 
            "text": "Freezing every now and then. \nWorst performing apps.\nSlow camera.\ntrouble reading SD card.\nWorst exp with windows 10.\ngood built and good battery.\n\nOverall result - This is just a garbage.", 
            "title": "Worst Phone", 
            "certBuyer": false
        }
    ], 
    [
        {
            "rating": 4, 
            "helpful": 3, 
            "author": "ARINDRAJIT DEBSARMA", 
            "text": "i would like to say at the very outset that ardent android crazy people should not even glance this device............\nNow if you do not have an Android Hangover............... This is a very relieving departure from the monotonous android interface without having to spend a fortune on an apple(no comparisons though)\nWith the windows 10 update, it is a very pleasant experience...... \n1.Crisp Display, with vivid colours\n2.Phablet Sized, (I Love Big Screens for watching videos and the premium feel it gives) without creating any problems for single-handed use at times when required\n3.Very Capable Camera with editing options which are enough for a phone camera, \n4. Very Reliable Battery Backup, Which can easily Carry on Throughout the day with Real Heavy Usage No Need to charge before you go to bed at night no mater how much you use it (Assuming you arent watching movies on it right from the morning without a second's break)\n5. Option to Directly Store New Files and App Installations on the SD Card (Unlike Android, and Android 6 Does not allow it altogether)\n6. I got a mofi leather flip cover which makes it look really premium with people around casting curious glances to guess the make and model \n7. Sufficiently Loud Speakers\n8. Windows app store has considerably improved and you can get almost all necessary apps now (Shareit/IRCTC/State Bank Apps/OLA/UBER/PAYTM/AMAZON/FLIPKART/ etc and Even a GOOGLE APP from GOOGLE to directly search GOOGLE which was great)\nCons.....\n1. Plastic Body Which without a flip cover/case looks bad\n2. Difficult procedure to add and use additional Ringtones\n3. No Fast Charging Option\n4. Overpriced by about 1or2 Grands\n5. LTE Not Supported on Both SIMs\n\nAfter about 3 months of use, i am completely satisfied that i am not regretting giving this a try to take a break from the dated android phones and as you will find out, the drawbacks are insignificant and does not hapmer the phone's performance in any manner", 
            "title": "best Phone to buy for Lumia Lovers", 
            "certBuyer": true
        }
    ], 
    [
        {
            "rating": 1, 
            "helpful": 5, 
            "author": "Srikanth", 
            "text": "I've been using this phone from 2 weeks. This lumia denim version having network issues. You can't connect to the network you want. Even though you select highspeed connection as 4G, it will connect to 2G only. This is really frustrating. \nI've another nokia phone which can connect to 3G network very well and can browse fast but this 640 XL LTE sucks in 2G only. No solution yet by microsoft yet and this was software released an year ago.", 
            "title": "3G connection issues", 
            "certBuyer": false
        }
    ], 
    [
        {
            "rating": 5, 
            "helpful": 2, 
            "author": "Ebin", 
            "text": "cool features. camera is good in good light conditions. suffering in low light. super fast perfomance. no lags", 
            "title": "Awesome phone", 
            "certBuyer": false
        }
    ], 
    [
        {
            "rating": 5, 
            "helpful": 1, 
            "author": "Nitasha Rai", 
            "text": "Best windows phone ever!", 
            "title": "Superb performance", 
            "certBuyer": true
        }
    ], 
    [
        {
            "rating": 5, 
            "helpful": 1, 
            "author": "muralikrishnareddy k", 
            "text": "Super phone .good product by flipkart.", 
            "title": "Brilliant", 
            "certBuyer": true
        }
    ], 
    [
        {
            "rating": 5, 
            "helpful": 3, 
            "author": "Ramanjaneyulu Boge", 
            "text": "Hello All, \nThis phone is really Superb.\n1. Touch & font are simply superb\n2. Easily upgraded to windows 10, excellent. No issues till now with windows 10.\n3. Battery backup is too good\n4. No heating issues like android mobiles.\n5. Running smoothly, installed more than 100 apps\n6. Exchange mail/ office docs are easily maintainable.\n7. 1 GB Ram is more than enough for windows mobiles unlike android even 3GB Ram gets hang on Android.\nCons:\n1. though 13 MP Camera due to screen size(5.7\") the resolution of photos not good.", 
            "title": "Excellent phone, except camera", 
            "certBuyer": false
        }
    ], 
    [
        {
            "rating": 5, 
            "helpful": 3, 
            "author": "Anudeep Ch", 
            "text": "all my friends just make fun why you trust in windows... i always tell them.. Windows one day will rule the world... Yes windows 10 may make my words true... n coming to mobile it is superb.. internal memory could be more.... and coming to flipkart service... asusually amazing... came before one week than expected date... well packed.... So if you are going to buy his phone buy with hope n confidence", 
            "title": "New Experience", 
            "certBuyer": true
        }
    ], 
    [
        {
            "rating": 4, 
            "helpful": 1, 
            "author": "Vikram Avadhaani", 
            "text": "yes! this mobile is eligible for Win 10 upgrade.\nit has retained its 20 hours of battery life on single charge, with Vodafone 3G network.\nwith 2G, this serves me almost a day and a quarter with medium amount of time on voice calls.\nvoice clarity being moderate. camera is good for its basic usage both front and rear facing. \nafter windows 10 upgrade, UI looks better with minor bugs. \n\nRecent Update: \nreverted back to windows 8.1 and life's good again. with windows 10 its horrible to use.\nwith 8.1 its pretty nifty and serves one's needs on an average.", 
            "title": "and now on Windows 10", 
            "certBuyer": true
        }
    ], 
    [
        {
            "rating": 4, 
            "helpful": 1, 
            "author": "Tariq Qureshi", 
            "text": "A little background on this purchase. I had bought this product in exchange of Galaxy J7 (Android). J7 was my first Android experience and I returned it back. Overall not a bad experience but two things I didn't liked about Android, the difficulty of using dual SIM phone and vulnerable to viruses/spyware. And the J7 as hardware was an excellent piece with 11 K price (Thanks to Big billion sale discount and exchange), with great performance, elegant look with Gold model. the only issue with that piece was the second SIM was never reachable and speaker quality was very very poor. Please see my review of J7 Gold. Android on the other hand - I liked the UI and various other features. \nSo coming to Lumia 640 XL \nPros\nI am a windows fan for various reason\nThe Home screen provides excellent way to put your important things to reach on the fly\nProvides ability to choose which to SIM to call from and assigns Speed dial numbers to each individual SIM - Love this. With just two taps from home screen I can make calls to my frequent numbers. Thanks to Windows developers good job.\nThe phone camera is also decent one\nAnd ofcourse the speakers are decent and loud enough to be heard even in noisy places\nThe battery easily lasts over a day (With Twitter, outlook, 2 hours of call, Instagram, whatsapp, etc)\nThe white model looks great \nCons\nThe size - I am not use to two hand usage but over period will get to it\nScreen ppi is low, though still decently sharp view\nThe phone restarts often - now do not worry, this is to do with the firmware upgrade which is pending for my device. I'm also planning to upgrade to WP10 and will provide my feedback\nThe OS should give option to text from any contact details screen, if the contact is saved in outlook mode it does not allows - very irritating\nThe app world is still evolving but you'll not be disappointed.\nFeel the price is bit high - this should be somewhere around 13 K INR. \nIf you buy this you wont be disappointed and if you are windows fan you'll love this beast. \nHope this is helpful.\n\nDec 16\nFolks, the issue with the restart of the phone was due to hardware issue, verified by Microsoft service center. One call to Flipkart replaced the phone and no issues so far.\n\nThank you Flipkart.\n\nI've not upgrade to W10 would rather wait.", 
            "title": "Good in All aspect !!! Happy", 
            "certBuyer": true
        }
    ], 
    [
        {
            "rating": 4, 
            "helpful": 1, 
            "author": "raaju k", 
            "text": "I did not purchase from flipkart pls go with retailers.\n\nAbout the mobile, it is awesome.\nBattery life is good.\nNo lag.\nAsphalt 8 is running smooth.\nCall quality is awesome.\n\nOnly dis-advantage is APPS.\n\nWaiting for  W10 OS", 
            "title": "640 XL LTE", 
            "certBuyer": false
        }
    ], 
    [
        {
            "rating": 4, 
            "helpful": 1, 
            "author": "shatrughan prasad kesharwani", 
            "text": "seller give wrong info like its operation system is windows 8.1 but metioned as 7.5\nnot mentioned about gorilla glass 3 protection", 
            "title": "specification", 
            "certBuyer": false
        }
    ], 
    [
        {
            "rating": 1, 
            "helpful": 3, 
            "author": "Satish Khode", 
            "text": "I am appalled at the quality of mobile devices Microsoft is making. I have been using mobile devices since 2003 and I have never come across such a shocking experience. This phone 640XL costs 15600 Rs and the quality of plastic used for the back cover is horrible. I have used so many phones in the past, even cheap Chinese phones, but none have showed so many problems as this 640XL. They have the back cover pretty intact not allowing any water seepage. 640 XL uses some cheap plastic material as back cover which comes out easily with the battery. Microsoft resellers say the device has short circuited mother board because water has seeped through the device.\n \nWhat I understood from my experience with Microsoft phone so far is as follows: \n1. Microsoft is using all cheap material to make phones and cutting corners to improve their profit margin. If you compare other phones like Redmi and cheap Chinese phones too they have better quality covering for their phones and longer life. (note: I am not even talking about water proofing, which I assume comes at some cost). Though this phone costs in 15K range but its not value for money. \n\n2. I went with the brand name and bought this phone, just to have harrowing experience of Microsoft. Even Micromax, Lava, Redmi are better when compared to this phone at least they provide better covering and quality plastic. \n\n3. Microsoft is preparing devices for failure and some smart marketing manager is trying to compete with android devices talking about cache memory and speed and all, but they forgot the very basic that the phone must at least have proper intact covering and not some cheap material to cover to have longer life. MS Support is disgusting and manufacturing warranty is **BS**.", 
            "title": "Cheap Plastic, Utterly disgusting MS support", 
            "certBuyer": false
        }
    ], 
    [
        {
            "rating": 1, 
            "helpful": 1, 
            "author": "YOGESH BAMBAL", 
            "text": "After a year of usage you'll curse yourself for buying this phone, it malfunctioned two of my memory cards and does not support latest apps plus it has no further upgrades as promised to be upgraded to windows 10, still using 8.1.\nGiving 1 star for it's battery life and backup, rest all is just a toy.", 
            "title": "Waste of money", 
            "certBuyer": false
        }
    ], 
    [
        {
            "rating": 5, 
            "helpful": 0, 
            "author": "SHYAM SOWNISH", 
            "text": "Good phone but price is high", 
            "title": "Best in the market!", 
            "certBuyer": true
        }
    ], 
    [
        {
            "rating": 5, 
            "helpful": 0, 
            "author": "Flipkart Customer", 
            "text": "Ok", 
            "title": "Wonderful", 
            "certBuyer": true
        }
    ], 
    [
        {
            "rating": 1, 
            "helpful": 0, 
            "author": "M Venky", 
            "text": "Worse phone I wasted my money lots of issues in phone", 
            "title": "don't every think to buy", 
            "certBuyer": true
        }
    ], 
    [
        {
            "rating": 2, 
            "helpful": 0, 
            "author": "Flipkart Customer", 
            "text": "Hi.. i am rating this product after 15 months of use. I had chosen this one after using Android for 3.5 years and quite happy in the beginning but starting to regret after 6 months of use. Following are the Pros & Cons:\nPros: \nGood Battery\nBetter display\nRefreshing User experience as compared to Android\nGood Camera\n\nCons: \nApp quantity is very less & the quality of the apps is not at par with Android & I-Phone apps.\nGoogle Apps not available in Windows store ; for me it was the most disappointing part being i am frequent traveler and dependent on Google maps very much.\nPhone started to hang very often after update to Windows 10.\nBasically windows keep airing updates which occupies the phone space heavily and you cant stop the updates manually.\nAfter 6-7 months i started to experience abrupt hanging of the phone every now & then and got frustrated as i found there is no solution  to this.\nWindow 10 update ate my 6.5 GB of inbuilt storage out of 8 GB so literally you dont left with any space after windows update. \nMicrosoft is not serious about their mobile business and not worth to invest your hard earned money on this below par product of Microsoft.", 
            "title": "Expected a better product", 
            "certBuyer": true
        }
    ], 
    [
        {
            "rating": 5, 
            "helpful": 0, 
            "author": "Manoj Kumar", 
            "text": "Using it for more than 1 year.\nUpgradable to Windows 10.\nBack Panels are available online.\nApps that waste your time are not there in the store but apps that increases your productivity are high, if you are an IT person.\nGood Cameras.", 
            "title": "Best Phone for Professionals", 
            "certBuyer": true
        }
    ], 
    [
        {
            "rating": 5, 
            "helpful": 0, 
            "author": "SHILADITYA BANERJEE", 
            "text": "One of the best mobiles available in every aspect comparable to iPhone or even better as per my experience. Windows phone users are a class apart from the rest.", 
            "title": "Super!", 
            "certBuyer": true
        }
    ], 
    [
        {
            "rating": 5, 
            "helpful": 0, 
            "author": "NAVEEN RAJ", 
            "text": "Awesome mid ranger with lte features and good camera", 
            "title": "Awesome mobile", 
            "certBuyer": true
        }
    ], 
    [
        {
            "rating": 5, 
            "helpful": 0, 
            "author": "Madhuri  Medavaram", 
            "text": "Loved it", 
            "title": "Fabulous!", 
            "certBuyer": true
        }
    ], 
    [
        {
            "rating": 5, 
            "helpful": 0, 
            "author": "Ajinkya  Halde ", 
            "text": "Nice", 
            "title": "Fabulous!", 
            "certBuyer": true
        }
    ], 
    [
        {
            "rating": 5, 
            "helpful": 0, 
            "author": "Dinesh  Kumar", 
            "text": "Good", 
            "title": "Must buy!", 
            "certBuyer": true
        }
    ], 
    [
        {
            "rating": 5, 
            "helpful": 0, 
            "author": "Mekala Abhishek yadav", 
            "text": "This is very good product and battery also very good and more camera also very good quality and network also good", 
            "title": "I love this product", 
            "certBuyer": true
        }
    ], 
    [
        {
            "rating": 3, 
            "helpful": 0, 
            "author": "DANIEL GOMES", 
            "text": "Not Flipkart's fault, instead it was Microsoft itself. Broke my trust and faith on its products.", 
            "title": "Good but nothing fancy", 
            "certBuyer": true
        }
    ], 
    [
        {
            "rating": 4, 
            "helpful": 0, 
            "author": "Paresh vyas", 
            "text": "Best product", 
            "title": "Good quality product", 
            "certBuyer": true
        }
    ], 
    [
        {
            "rating": 5, 
            "helpful": 0, 
            "author": "ram esh", 
            "text": "Ok", 
            "title": "Classy product", 
            "certBuyer": true
        }
    ], 
    [
        {
            "rating": 1, 
            "helpful": 0, 
            "author": "Flipkart Customer", 
            "text": "Vary bad", 
            "title": "Don't waste your money", 
            "certBuyer": true
        }
    ], 
    [
        {
            "rating": 5, 
            "helpful": 0, 
            "author": "Flipkart Customer", 
            "text": "Good futures", 
            "title": "Perfect product!", 
            "certBuyer": false
        }
    ], 
    [
        {
            "rating": 5, 
            "helpful": 0, 
            "author": "Flipkart Customer", 
            "text": "Nice", 
            "title": "Terrific", 
            "certBuyer": true
        }
    ], 
    [
        {
            "rating": 5, 
            "helpful": 0, 
            "author": "Flipkart Customer", 
            "text": "I bought two sets of this and I was scared the next two days\nOne which my bro got was good.\nBut which I had its back cover was tampered a little", 
            "title": "Super!", 
            "certBuyer": true
        }
    ], 
    [
        {
            "rating": 5, 
            "helpful": 0, 
            "author": "Madhan Reddy", 
            "text": "Awesom product from flipkart", 
            "title": "Mind-blowing purchase", 
            "certBuyer": false
        }
    ], 
    [
        {
            "rating": 4, 
            "helpful": 0, 
            "author": "Mayank Singhal", 
            "text": "Good try", 
            "title": "Value-for-money", 
            "certBuyer": true
        }
    ], 
    [
        {
            "rating": 1, 
            "helpful": 0, 
            "author": "PANKAJ CHUDASAMA", 
            "text": "Buggy phone", 
            "title": "Not recommended at all", 
            "certBuyer": true
        }
    ], 
    [
        {
            "rating": 4, 
            "helpful": 0, 
            "author": "Thenarasu Gopi", 
            "text": "Nice phone.but battery draining was fast", 
            "title": "Value-for-money", 
            "certBuyer": true
        }
    ], 
    [
        {
            "rating": 5, 
            "helpful": 0, 
            "author": "Flipkart Customer", 
            "text": "Grt phn", 
            "title": "Great product", 
            "certBuyer": true
        }
    ], 
    [
        {
            "rating": 5, 
            "helpful": 0, 
            "author": "Dharam Chavda", 
            "text": "I have already using Lumia 720 from last 3 years. And now Lumia 640XL LTE with windows 10 awesome performance, battery life also good. I love windows 10.", 
            "title": "I Love my Lumia 641XL LTE", 
            "certBuyer": true
        }
    ], 
    [
        {
            "rating": 5, 
            "helpful": 0, 
            "author": "Shivam sinha", 
            "text": "if you are not into spammy/buggy apps and are okay with regular apps and want to use browser... then go for this.. \nyou wont get the music quality (even on car bluetooth audio), camera quality in any other phone in this range.. \nI think most have given negative rating on product prize as compare to 640 xl ... for the extra LTE  they have increased the prize exorbitantly .. not fair.", 
            "title": "absolute buy...", 
            "certBuyer": true
        }
    ], 
    [
        {
            "rating": 3, 
            "helpful": 0, 
            "author": "Durgesh Gupta", 
            "text": "As i got the product LTE with 4G family but the product have no LTE calling feature. which is worst for 4G LTE calling.", 
            "title": "4G LTE calling is not working rest is ok", 
            "certBuyer": true
        }
    ], 
    [
        {
            "rating": 3, 
            "helpful": 0, 
            "author": "Nikhil", 
            "text": "Pros\n1. Battery\n2. Looks\n3. Hardware\n4. Download speed is good\n\nCons\n1. U do not have $ sign in keyboard\n2. Limited apps and many apps fail while functioning i.e. apps like VLC take frequent shutdowns without any reason\n3. High charging time, over 4-5 hours\n4. U do not have lots notes in apps so for professionals this might be a handicap", 
            "title": "Mobile is a sturdy one but with some issues", 
            "certBuyer": true
        }
    ], 
    [
        {
            "rating": 4, 
            "helpful": 0, 
            "author": "Justin", 
            "text": "Im one of the happy user of Windows phone, this phone meets all my expectations\nLight weight,great phone with better price", 
            "title": "Good", 
            "certBuyer": true
        }
    ], 
    [
        {
            "rating": 5, 
            "helpful": 0, 
            "author": "Vijay Kalaiselvan", 
            "text": "The mobile display, performance are good.\nThe Earphone is good.\nTouch is superb.\nCamera Quality is good.\nOverall Mobile is Good!", 
            "title": "Awsome", 
            "certBuyer": true
        }
    ], 
    [
        {
            "rating": 5, 
            "helpful": 0, 
            "author": "Vishnu Prasanth V", 
            "text": "Microsoft Lumia 640 XL LTE is one of the best mobiles of its kind. I have upgraded the mobile with windows 10 and it is working really really smooth. No Complaints!!", 
            "title": "Fantastic phone", 
            "certBuyer": true
        }
    ], 
    [
        {
            "rating": 5, 
            "helpful": 0, 
            "author": "Saibu Mathew", 
            "text": "very good phone,spped,no lags,no stuck,windows 10 updated without no problem,only issue many apps not supported like HOTSTAR,STORE NO DOWNLOAD WITHOUT WIFI MORETHAN 20 MB,NO OTG SUPPORT", 
            "title": "good phone but many apps not supported", 
            "certBuyer": false
        }
    ], 
    [
        {
            "rating": 2, 
            "helpful": 0, 
            "author": "PACKIARAJ", 
            "text": "This mobile was not updated properly. useless mobile. not support in call recorder. \nmany problems. not working properly in all applications...\nPlease dont buy this model.\n\nTotally waste money", 
            "title": "bad mobile", 
            "certBuyer": true
        }
    ], 
    [
        {
            "rating": 1, 
            "helpful": 0, 
            "author": "Flipkart Customer", 
            "text": "very bad phone i have ever seen...plzzz dont be fool..mat kharidna ise..chutiya banate hai sale...android k jesa nhi h...waste of money..apps available hi nhi hote hai...ye company wale khud review likhe hai or chutiya banate hai...plzz dont purchase it...very worst phone..i wasted my money", 
            "title": "very bad phone", 
            "certBuyer": false
        }
    ], 
    [
        {
            "rating": 5, 
            "helpful": 0, 
            "author": "ANANDHASANKER B", 
            "text": "My answers will hell yeah..Windows or Android my answer will depends on you...The only thing that separate from my point is app ..previously i have used google Nexus 5...I switch over because of battery backup and more professional office work.\nThere are not many apps but there are few app with super good entertainment without any bugs. \n\nThe phone battery never drains before one day with full day WIFI and mobile data plus gaming during breaks (4hrs) and full time whatsapp...Most important is Videos clarity, it is really awesome when I watched full HD feel like watching in LED TV...\nThe only problem i found is camera clarity.. but it is more than good for this cost...with few additional Lenses from windows store, it will with stand higher end phone\nIf you wanna buy any phone with 14K budget...don't hesitate buy...you will never regret it.", 
            "title": "Should you buy this", 
            "certBuyer": true
        }
    ], 
    [
        {
            "rating": 1, 
            "helpful": 0, 
            "author": "Kaliraj  S", 
            "text": "Guys , Dont buy huge amount product in flip kart .. i Ordered lumia 640 xl lte cyan color .. bot i got black color ..Delivery time not maintained .. better choose show room ..", 
            "title": "Flipkart  Worst", 
            "certBuyer": true
        }
    ], 
    [
        {
            "rating": 1, 
            "helpful": 1, 
            "author": "Ayan  Chakraborty", 
            "text": "seller is a fraud.... dont buy this phone from flipkart. got lumia 640 XL but paid for 640 XL LTE. the product received is very problamatic not working properly... when i asked for refund they rejected my refund two times.", 
            "title": "Duplicate Product... Dont Buy.... Fraud Seller", 
            "certBuyer": true
        }
    ], 
    [
        {
            "rating": 1, 
            "helpful": 0, 
            "author": "Flipkart Customer", 
            "text": "I ordered Microsoft Lumia 640 \" XL\" LTE Dual Sim in sale for Rs 9500 but received Microsoft Lumia 640 which is relatively lower price model, I asked for replacement but flipkart is not ready for the same.\n\nBe careful before placing order on flipkart.\n\nFlipkart has tie-up with fraud Sellers like \"VTMSLP\".\n\nThanks.", 
            "title": "Wrong Product Delivered - Worst experiance", 
            "certBuyer": true
        }
    ], 
    [
        {
            "rating": 3, 
            "helpful": 0, 
            "author": "Rohit Walvekar", 
            "text": "Can someone tell me about the display quality? Since it's not having amoled display...", 
            "title": "Display???", 
            "certBuyer": false
        }
    ], 
    [
        {
            "rating": 4, 
            "helpful": 0, 
            "author": "Devang Gandhi", 
            "text": "Is it support 4g volte calling or not?\nAnd both slot support lte sim or only one...???", 
            "title": "Regarding auery of 4g network", 
            "certBuyer": false
        }
    ], 
    [
        {
            "rating": 5, 
            "helpful": 0, 
            "author": "Ashwinkumar Jaganathan", 
            "text": "I am bored with hanging Android phones. I really want to experience the Windows OS. Can you please share the answers for few of my queries to choose either to go for it or not.\n\n1) Will it support both GSM sims - (like airtel and vodafone)? Because some people are saying that it will support only one GSM sim and one CDMA (like reliance sim).\n\n2) What is SAR value of this phone ?\n\nPlease reply to my questions, it will be helpful for me to enter into windows world. Thanks in advance.", 
            "title": "Can i go for it", 
            "certBuyer": false
        }
    ], 
    [
        {
            "rating": 2, 
            "helpful": 0, 
            "author": "Ritesh Kumar Patel", 
            "text": "microsoft lumia 640 xl lte phone has 3g conectivity because 3g conectivity is not mentioned on the feature of the phone on flipkart so i want to know pls confirm me ?", 
            "title": "i want to know about this phone", 
            "certBuyer": false
        }
    ], 
    [
        {
            "rating": 1, 
            "helpful": 0, 
            "author": "himanshu", 
            "text": "Seller is quoting wrong price of phone. It is launched at Rs. 17,399 by microsoft. But here it is quoted much as 18,699", 
            "title": "wrong price quoted by selleer", 
            "certBuyer": false
        }
    ]
]