[
    [
        {
            "rating": 5, 
            "helpful": 16, 
            "author": "Flipkart Customer", 
            "text": "I was looking for a good and yet affordable smartphone, but the ones with smart features were usually on the higher end until I discovered the Microsoft Lumia 435. It is a dual SIM Windows phone with features that are mostly common in expensive handsets. Lumia 435 came with numerous apps and games and delivers a great performance which is due to its dual core processor and 1 GB RAM. Skype has been integrated with the phone and thus sending instant messages or making quick calls using the front facing camera are very easy. Other Windows Phone features on the phone are MS Office, 30 GB OneDrive Storage, Action Files etc. The handset can also be capped in different colours that suit the mood.", 
            "title": "Lumia 435, Like Any Other High End Smartphone", 
            "certBuyer": false
        }
    ], 
    [
        {
            "rating": 5, 
            "helpful": 21, 
            "author": "Siddharth Srivastava", 
            "text": "Amazing phone. I mean it is just amazing. It is not that I am using Windows for the first, few months back I bought Lumia 535 an now this one.\n\nJust one disadvantage, that is camera specs.", 
            "title": "Its is beating every android under 7000", 
            "certBuyer": false
        }
    ], 
    [
        {
            "rating": 5, 
            "helpful": 15, 
            "author": "Flipkart Customer", 
            "text": "New Microsoft Lumia 435 is a great phone in its price segment. It is a budget handset but boasts of features that are usually found on the high end smartphones. Take the integrated Skype for example. I can send and receive messages and video call anytime anywhere and also get to know who is online directly from the phone book. Other than this, the Windows Phone is also loaded with a number of apps like Whatsapp, Facebook, MS Office etc. Infact the 30 GB OneDrive free storage was beyond my expectations. The mass memory is also at 8 GB and supports another 128 GB on the micro SD card. I also love its design and the most enjoyable part is that I can change the covers to different colours whenever I wish by just getting a different one.", 
            "title": "Skype, OneDrive And More - Highly Affordable", 
            "certBuyer": false
        }
    ], 
    [
        {
            "rating": 5, 
            "helpful": 4, 
            "author": "Flipkart Customer", 
            "text": "Microsoft Lumia 435 comes with the top features at the lowest possible price. No wonder it is already a success story. To start with, Lumia 435 has been built strong and durable and comes with 4 distinct colour to choose from. And its 4 inches screen supports an amazing display output. And also its dual core processor along with the 1 GB RAM put in their best efforts to make the phone run smoothly all along its way. Features like the Skype or the 30 GB One Drive storage are amongst the many Windows Phone features Lumia 435 comes with.", 
            "title": "Featuring The Best", 
            "certBuyer": false
        }
    ], 
    [
        {
            "rating": 4, 
            "helpful": 1, 
            "author": "vikas", 
            "text": "good phone,  the only lacking part is its cameras,  but with this budget its ok. overall a worth buying phone", 
            "title": "good phone", 
            "certBuyer": true
        }
    ], 
    [
        {
            "rating": 4, 
            "helpful": 1, 
            "author": "Flipkart Customer", 
            "text": "What more to ask for from a good smartphone than good performance, great design and a very affordable price. Microsoft Lumia 435 is just that. Along with its dual SIM capacity the handset also features good design with bright outer covering and 4 inches display having a great output and also features such as the Skype, One Drive and the Office. Also the handset supports a good amount of internal storage also. It has 8 GB internal storage and can be extended upto 128 GB on the SD card.", 
            "title": "Thumbs Up For All Lumia 435 Is About", 
            "certBuyer": false
        }
    ], 
    [
        {
            "rating": 4, 
            "helpful": 1, 
            "author": "Flipkart Customer", 
            "text": "With Microsoft Lumia 435 you get high speed functioning, long battery support, Windows phone features such as the Skype, Office and One Drive and all these for an amazing price. Smartphones like the Lumia 435 are rare and it is definitely the best one can get within its price range. Lumia 435 has brought good quality smartphones within everybody\u2019s reach. Also it is a sturdy one, so it doesn\u2019t get damaged too easily either.", 
            "title": "Microsoft Lumia 435 For An Affordable Smartphone Experience", 
            "certBuyer": false
        }
    ], 
    [
        {
            "rating": 5, 
            "helpful": 1, 
            "author": "Flipkart Customer", 
            "text": "Lumia 435 dual SIM smartphone is the perfect handset to start with if you haven\u2019t used a smartphone before. Moreover the handset also comes for a very reasonable price. The over all performance is highly satisfactory, with a good processor, powerful battery back up and the Windows Phone 8.1 operating system. The internal memory of the Lumia 435 is 8 GB and the storage capacity can be extended upto 128 GB. Good phone at its price range.", 
            "title": "Great Features For A Very Reasonable Price", 
            "certBuyer": false
        }
    ], 
    [
        {
            "rating": 4, 
            "helpful": 1, 
            "author": "Flipkart Customer", 
            "text": "If you want a dual SIM smartphone with interesting features that would not make a hole in your pocket, then give Microsoft Lumia 435 a try. It would not let you down. It has many amazing features and yet it doesn\u2019t hang or slow down the phone. All because of its dual core processor and the 1 GB RAM. You would not be troubled by low battery signals every now and then since it has been provided with a 1560 mAh battery. Besides the impressive hardware settings of the phone, Lumia 435 has been vested with great Windows Phone 8.1 features. It has Skype fully integrated on it, MS Office and 30 GB One Drive Storage along with a range of other apps. This colourful dual SIM handset is indeed amazing for its price.", 
            "title": "Microsoft Lumia 435 Brings The Best Features Within The Best Price", 
            "certBuyer": false
        }
    ], 
    [
        {
            "rating": 5, 
            "helpful": 1, 
            "author": "Flipkart Customer", 
            "text": "Microsoft Lumia 435 dual SIM handset features a great design with bright colour, 4 inches display in the front and also a good front camera for the Skype video calls.  Skype comes fully integrated with the Lumia 435 along with numerous other features and apps that include the MS Office, 30 GB One Drive storage and apps like Whatsapp, Facebook etc. All these features and functions do not slow down the handset as well and this is solely because of the dual core processor and the 1 GB RAM. The dual SIM handset runs the whole day with the support of a strong battery back up. The features are almost akin to any high end smartphone but it actually comes pretty good within the budget.", 
            "title": "Nice and pocket friendly", 
            "certBuyer": false
        }
    ], 
    [
        {
            "rating": 5, 
            "helpful": 1, 
            "author": "Flipkart Customer", 
            "text": "Microsoft Lumia 435 is the best smartphone I found in that range. It feels amazing that I finally can get a smartphone and also because I don\u2019t have to go beyond my budget to purchase it. It comes with all the latest updates and a host of Windows Phone features like the Skype which has been integrated with the phone, MS Office and even the 30 GB free One Drive space and also supports dual SIM on it.  All the files and documents that I create on the phone get saved on OneDrive immediately. I can also transfer the downloaded ones to the OneDrive. Its front facing camera is fair enough for the Skype video calls and the selfies. It isn\u2019t just a highly featured handset but is a very good looking one as well. It\u2019s bright shades and the 4 inches screen is hard to be missed.", 
            "title": "The Best Smartphone I could Get Within My Budget", 
            "certBuyer": false
        }
    ], 
    [
        {
            "rating": 4, 
            "helpful": 1, 
            "author": "Flipkart Customer", 
            "text": "Microsoft Lumia 435 might have some of the most amazing features on it but it is still very much an affordable handset. I wanted to upgrade to smartphone and I think this phone just suits me. There are infact a few features that I think are worth mentioning. Firstly, it has dual SIM support which in itself is highly useful. Secondly, it comes with the latest Windows Phone updates and has fully integrated Skype, MS office and 30 GB One Drive storage. The pictures that I click with it get automatically stored up on the OneDrive. The 4 inches display along with a colourful exterior makes the phone visually appealing as well. Finally, it has a very good hardware support with a dual core processor, 1 GB RAM and 1560 mAh battery.", 
            "title": "Microsoft Lumia 435, The Newest Smartphone On The Block", 
            "certBuyer": false
        }
    ], 
    [
        {
            "rating": 5, 
            "helpful": 2, 
            "author": "Flipkart Customer", 
            "text": "Microsoft Lumia 435 is working fine with me and I think I could not have bought myself a better phone than this one at my budget. It is a dual SIM handset that comes with the latest Windows Phone updates and features. Skype, Office and the One Drive simply rocks. Not only does it look good and boasts of few of the smartest features on it, Lumia 535 manages to deliver a great performance because of the dual core processor and the 1 GB RAM it is supported by. 5 MP camera is also good for quick clicks.", 
            "title": "The Best Deal For My Money", 
            "certBuyer": false
        }
    ], 
    [
        {
            "rating": 5, 
            "helpful": 2, 
            "author": "Flipkart Customer", 
            "text": "The best thing about the Microsoft Lumia 435 is that it may not be counted amongst the high end smartphone on many facets but it is really good at what it is capable of doing. This small and sturdy dual SIM smartphone delivers an amazing performance due to its dual core processor and 1 GB RAM. Also it comes with the latest Windows Phone updates and features Skype, Office and One Drive on it. And the 4 inches display along with the eye popping colours make for a great design as well.", 
            "title": "Good At What It Is Meant For", 
            "certBuyer": false
        }
    ], 
    [
        {
            "rating": 1, 
            "helpful": 1, 
            "author": "Sandeep KS", 
            "text": "As Per Microsoft website, price for Microsoft lumia 435 price is 4999. but the price given in flipkart is more than 5000 (around 5400). Its better to buy from Microsoft online shopping option.", 
            "title": "Price is too High", 
            "certBuyer": false
        }
    ], 
    [
        {
            "rating": 5, 
            "helpful": 1, 
            "author": "Flipkart Customer", 
            "text": "My brand new Microsoft Lumia 435 dual SIM has fulfilled my smart phone dream. I didn\u2019t have too much budget for the phone and Lumia 435 came well within it. It is a smartphone is true sense with loads of apps, a good camera and Windows Phone features like Skype, Office and 30 GB free OneDrive storage. Since the Skype comes integrated I can make and receive Skype calls anytime and anywhere. And the huge One Drive storage lets me take care of all the images and other files that I create on the phone. The handset gives very good performance both because of its powerful processor and long lasting battery. It looks pretty in brightly coloured cover which can be changed very easily and the 4 inches display", 
            "title": "Amazing Yet Affordable Smartphone", 
            "certBuyer": false
        }
    ], 
    [
        {
            "rating": 5, 
            "helpful": 1, 
            "author": "Flipkart Customer", 
            "text": "Microsoft Lumia 435 dual SIM handset has all that matters. It has got the looks, the features and all these for a very affordable price. One would not be disappointed by its performance at all. It runs smoothly on the dual core processor and 1 GB RAM. Also since it has a strong battery back up it never dies out too easily. The latest Windows phone updates along with the features such as the Skype, MS Office and One Drive. Lumia 435 offers a lot to be happy about. Apps like Whatsapp, Linkedin, Facebook etc also come pre-loaded on the phone. The storage capacity is also impressive with 8 GB internal storage and 128 GB extendable memory. The Live folders are interesting features which allows the user to arrange tiles together and customize the home screen.", 
            "title": "Great Phone, Go For It!", 
            "certBuyer": false
        }
    ], 
    [
        {
            "rating": 2, 
            "helpful": 1, 
            "author": "Portia Putatunda", 
            "text": "So far the phone was good as I brought my new Mircrosoft Lumia 435 just 1 week ago. I was very impressed by its sound and other features. It is a good budget phone. But as soon as it slipped from my hand on the floor just above 40/50 cm height and the screen got broken..the quality of screen is very low.. Now it will cost 2400 to repair the screen as per Nokia care.. I am very disappointed with it..", 
            "title": "Screen got broken so easily", 
            "certBuyer": true
        }
    ], 
    [
        {
            "rating": 5, 
            "helpful": 0, 
            "author": "Nandan Ghawate", 
            "text": "One of the best windows phone I ever had.. I use Android now but if you need low budget windows phone go for this one.. it still works great even after 3-4 years.", 
            "title": "Super!", 
            "certBuyer": true
        }
    ], 
    [
        {
            "rating": 5, 
            "helpful": 0, 
            "author": "Balakrishna  Naik K", 
            "text": "Great phone nice", 
            "title": "great", 
            "certBuyer": true
        }
    ], 
    [
        {
            "rating": 3, 
            "helpful": 0, 
            "author": "Subrata Roy", 
            "text": "This is not bad", 
            "title": "Fair", 
            "certBuyer": true
        }
    ], 
    [
        {
            "rating": 3, 
            "helpful": 0, 
            "author": "Flipkart Customer", 
            "text": "Don't buy", 
            "title": "Does the job", 
            "certBuyer": true
        }
    ], 
    [
        {
            "rating": 1, 
            "helpful": 0, 
            "author": "P.K.AHAMED ASHIK", 
            "text": "I don't like this one...\nWorst mobile i ever had...", 
            "title": "Does the job", 
            "certBuyer": true
        }
    ], 
    [
        {
            "rating": 2, 
            "helpful": 0, 
            "author": "Vinay Bharani", 
            "text": "Features and good.... But screen got damaged and physically not strong..", 
            "title": "Dissapointed....", 
            "certBuyer": true
        }
    ], 
    [
        {
            "rating": 5, 
            "helpful": 0, 
            "author": "Flipkart Customer", 
            "text": "Quick delivery, nice phone, meet expectations", 
            "title": "Great product", 
            "certBuyer": true
        }
    ], 
    [
        {
            "rating": 5, 
            "helpful": 0, 
            "author": "Flipkart Customer", 
            "text": "Excellent product", 
            "title": "Simply awesome", 
            "certBuyer": true
        }
    ], 
    [
        {
            "rating": 3, 
            "helpful": 0, 
            "author": "Flipkart Customer", 
            "text": "Not too gud", 
            "title": "Decent product", 
            "certBuyer": true
        }
    ], 
    [
        {
            "rating": 5, 
            "helpful": 0, 
            "author": "Rampur  Krishna ", 
            "text": "Nice mobile \nI love it mobile", 
            "title": "Must buy!", 
            "certBuyer": true
        }
    ], 
    [
        {
            "rating": 5, 
            "helpful": 0, 
            "author": "Abinash  rana", 
            "text": "Good", 
            "title": "Simply awesome", 
            "certBuyer": true
        }
    ], 
    [
        {
            "rating": 5, 
            "helpful": 0, 
            "author": "shyam sagar sharma sharma", 
            "text": "This fantastic product", 
            "title": "Brilliant", 
            "certBuyer": true
        }
    ], 
    [
        {
            "rating": 5, 
            "helpful": 0, 
            "author": "Mariappan P", 
            "text": "Good and Economic ph", 
            "title": "Quality and flipkart ser", 
            "certBuyer": true
        }
    ], 
    [
        {
            "rating": 4, 
            "helpful": 0, 
            "author": "kumod jha", 
            "text": "Good product", 
            "title": "Value-for-money", 
            "certBuyer": true
        }
    ], 
    [
        {
            "rating": 5, 
            "helpful": 0, 
            "author": "Saurav Agrawal", 
            "text": "Good phone", 
            "title": "Great product", 
            "certBuyer": true
        }
    ], 
    [
        {
            "rating": 5, 
            "helpful": 0, 
            "author": "PRADEEP DASH", 
            "text": "Best budget phone in the world", 
            "title": "Worth every penny", 
            "certBuyer": true
        }
    ], 
    [
        {
            "rating": 5, 
            "helpful": 0, 
            "author": "Bharath Raju Balasubramanian", 
            "text": "its a wounder full product.", 
            "title": "Highly recommended", 
            "certBuyer": true
        }
    ], 
    [
        {
            "rating": 5, 
            "helpful": 0, 
            "author": "Satyanarayana Gangani", 
            "text": "Good economy phone very useful for low end user.", 
            "title": "Terrific", 
            "certBuyer": true
        }
    ], 
    [
        {
            "rating": 4, 
            "helpful": 0, 
            "author": "Sumit Malik", 
            "text": "Very bad", 
            "title": "Excellent", 
            "certBuyer": true
        }
    ], 
    [
        {
            "rating": 4, 
            "helpful": 0, 
            "author": "Flipkart Customer", 
            "text": "very good", 
            "title": "good mobile", 
            "certBuyer": true
        }
    ], 
    [
        {
            "rating": 2, 
            "helpful": 0, 
            "author": "Flipkart Customer", 
            "text": "Not good", 
            "title": "Not good", 
            "certBuyer": true
        }
    ], 
    [
        {
            "rating": 5, 
            "helpful": 0, 
            "author": "Varun Deep", 
            "text": "Nice product", 
            "title": "Excellent", 
            "certBuyer": true
        }
    ], 
    [
        {
            "rating": 4, 
            "helpful": 0, 
            "author": "Flipkart Customer", 
            "text": "Met my expectations. Display didn't work after 6 months. Since it's under warranty, got it replaced.", 
            "title": "Met my expectations", 
            "certBuyer": true
        }
    ], 
    [
        {
            "rating": 4, 
            "helpful": 0, 
            "author": "Flipkart Customer", 
            "text": "Its good... within this price...", 
            "title": "Really Nice", 
            "certBuyer": true
        }
    ], 
    [
        {
            "rating": 5, 
            "helpful": 0, 
            "author": "Shubham Nath", 
            "text": "Best phone for official wark and some gaming. It's a really good budget smartphone.", 
            "title": "Awesome", 
            "certBuyer": true
        }
    ], 
    [
        {
            "rating": 1, 
            "helpful": 0, 
            "author": "sadhan gowda", 
            "text": "Very bad phone", 
            "title": "Absolute rubbish!", 
            "certBuyer": true
        }
    ], 
    [
        {
            "rating": 3, 
            "helpful": 0, 
            "author": "Flipkart Customer", 
            "text": "Good product with battery backup and basic uses. Worth for money. Same Nokia things", 
            "title": "Does the job", 
            "certBuyer": true
        }
    ], 
    [
        {
            "rating": 5, 
            "helpful": 0, 
            "author": "rathinam m", 
            "text": "Good product go for it", 
            "title": "Fabulous!", 
            "certBuyer": true
        }
    ], 
    [
        {
            "rating": 4, 
            "helpful": 0, 
            "author": "Isuru Bandara", 
            "text": "Good.", 
            "title": "Wonderful", 
            "certBuyer": true
        }
    ], 
    [
        {
            "rating": 4, 
            "helpful": 0, 
            "author": "Kalidas  Narayanan", 
            "text": "Simple and good", 
            "title": "Really Nice", 
            "certBuyer": true
        }
    ], 
    [
        {
            "rating": 5, 
            "helpful": 0, 
            "author": "Flipkart Customer", 
            "text": "Kool as usual with the windows", 
            "title": "Worth every penny", 
            "certBuyer": true
        }
    ], 
    [
        {
            "rating": 4, 
            "helpful": 0, 
            "author": "PULLAREDDY MEKALA", 
            "text": "compared to android smartphones it is the best in this price range.camera quality was good,battery was not sufficient.charger is poor quality,and upgradable to w10.mobile  does not over heating in long working period.", 
            "title": "budget phone", 
            "certBuyer": true
        }
    ], 
    [
        {
            "rating": 5, 
            "helpful": 0, 
            "author": "aravind dev", 
            "text": "best phone", 
            "title": "Fabulous!", 
            "certBuyer": true
        }
    ], 
    [
        {
            "rating": 3, 
            "helpful": 0, 
            "author": "Tanmay Jangam", 
            "text": "Good product shipping", 
            "title": "Good but nothing fancy", 
            "certBuyer": true
        }
    ], 
    [
        {
            "rating": 5, 
            "helpful": 0, 
            "author": "Abir Deb", 
            "text": "Excellent mobile very hardy even in rough use. Battery backup superb even with net surfing. SAR certified.", 
            "title": "Highly recommended", 
            "certBuyer": true
        }
    ], 
    [
        {
            "rating": 5, 
            "helpful": 0, 
            "author": "Loganathan Rajan", 
            "text": "Fantastic product", 
            "title": "Highly recommended", 
            "certBuyer": true
        }
    ], 
    [
        {
            "rating": 3, 
            "helpful": 0, 
            "author": "Rakesh Mhatre", 
            "text": "Nice product", 
            "title": "Does the job", 
            "certBuyer": true
        }
    ], 
    [
        {
            "rating": 4, 
            "helpful": 0, 
            "author": "AVJ", 
            "text": "Very Good", 
            "title": "Good quality product", 
            "certBuyer": true
        }
    ], 
    [
        {
            "rating": 4, 
            "helpful": 0, 
            "author": "Mukesh  Shukla", 
            "text": "Nice phone", 
            "title": "Very Good", 
            "certBuyer": true
        }
    ], 
    [
        {
            "rating": 5, 
            "helpful": 0, 
            "author": "Flipkart Customer", 
            "text": "Like this phone, small in size..easy to handle...camera quality is also good.\nValue for Money....", 
            "title": "Just wow!", 
            "certBuyer": true
        }
    ], 
    [
        {
            "rating": 1, 
            "helpful": 0, 
            "author": "Sunil Gupta", 
            "text": "Can be used as a paper weight, better to put some more money and get some awesome phone.", 
            "title": "Poor Phone, not worth money", 
            "certBuyer": true
        }
    ], 
    [
        {
            "rating": 5, 
            "helpful": 0, 
            "author": "TANVEER  CHISHTI", 
            "text": "Its very good product", 
            "title": "Classy product", 
            "certBuyer": true
        }
    ], 
    [
        {
            "rating": 5, 
            "helpful": 0, 
            "author": "Flipkart Customer", 
            "text": "Awesome phone, at a price of rs 4600, purchased 6 month before. Not any issue till date.", 
            "title": "Worth every penny", 
            "certBuyer": true
        }
    ], 
    [
        {
            "rating": 4, 
            "helpful": 0, 
            "author": "Sai  Mahendra", 
            "text": "It's a good phone in this better price range.", 
            "title": "Very Good", 
            "certBuyer": true
        }
    ], 
    [
        {
            "rating": 5, 
            "helpful": 0, 
            "author": "Anshu Srivastava", 
            "text": "Loving it lova phone", 
            "title": "Fabulous!", 
            "certBuyer": true
        }
    ], 
    [
        {
            "rating": 5, 
            "helpful": 0, 
            "author": "Dusmanta Mohanta", 
            "text": "Smartphone with smart price", 
            "title": "Just wow!", 
            "certBuyer": true
        }
    ], 
    [
        {
            "rating": 4, 
            "helpful": 0, 
            "author": "Flipkart Customer", 
            "text": "Good product working fine", 
            "title": "Worth the money", 
            "certBuyer": true
        }
    ], 
    [
        {
            "rating": 3, 
            "helpful": 0, 
            "author": "satish rai", 
            "text": "Not a good phone lack of apps", 
            "title": "Just okay", 
            "certBuyer": true
        }
    ], 
    [
        {
            "rating": 1, 
            "helpful": 0, 
            "author": "hritik choudhary", 
            "text": "First two months it worked then it became dead", 
            "title": "Useless product", 
            "certBuyer": true
        }
    ], 
    [
        {
            "rating": 1, 
            "helpful": 0, 
            "author": "Flipkart Customer", 
            "text": "Very bad one , don't purchase this model,  hardware & software both complaint,  service team not support.", 
            "title": "Did not meet expectations", 
            "certBuyer": true
        }
    ], 
    [
        {
            "rating": 5, 
            "helpful": 0, 
            "author": "Flipkart Customer", 
            "text": "It's good and value for money...quiet faster than 2gb of android phone", 
            "title": "Just wow!", 
            "certBuyer": true
        }
    ], 
    [
        {
            "rating": 4, 
            "helpful": 0, 
            "author": "Mukul Sahu", 
            "text": "While everything looks good about this phone but this phone is not made for Android users it's a entry level smartphone and below average build quality..\n\nBattery backup is enough for a day on mild use.", 
            "title": "Wonderful", 
            "certBuyer": true
        }
    ], 
    [
        {
            "rating": 5, 
            "helpful": 0, 
            "author": "manish manu", 
            "text": "Super mobile", 
            "title": "Wonderful", 
            "certBuyer": true
        }
    ], 
    [
        {
            "rating": 5, 
            "helpful": 0, 
            "author": "Sujay Paul", 
            "text": "Very good phone on this bujte!!!!\nPacking colity is very good!!!", 
            "title": "Highly recommended", 
            "certBuyer": true
        }
    ], 
    [
        {
            "rating": 4, 
            "helpful": 0, 
            "author": "Flipkart Customer", 
            "text": "In this price it's a budget friendly and hand picked phone. Good for limited uses.", 
            "title": "Really Nice", 
            "certBuyer": true
        }
    ], 
    [
        {
            "rating": 5, 
            "helpful": 0, 
            "author": "shailesh kumar", 
            "text": "love it with windows 10 ;) best low budget windows device....", 
            "title": "Super!", 
            "certBuyer": true
        }
    ], 
    [
        {
            "rating": 5, 
            "helpful": 0, 
            "author": "Navin Kumar", 
            "text": "Good phone for normal using.", 
            "title": "Worth the money", 
            "certBuyer": true
        }
    ], 
    [
        {
            "rating": 4, 
            "helpful": 0, 
            "author": "Flipkart Customer", 
            "text": "Lumia 435 has good speaker ,battery life. But not fully satisfied", 
            "title": "Wonderful", 
            "certBuyer": true
        }
    ], 
    [
        {
            "rating": 4, 
            "helpful": 0, 
            "author": "Manoj Kumar  V", 
            "text": "Nice phone brought it for my father,", 
            "title": "Nice phone", 
            "certBuyer": true
        }
    ], 
    [
        {
            "rating": 5, 
            "helpful": 0, 
            "author": "Oleti.chinna Swamy varma", 
            "text": "Nice", 
            "title": "Classy product", 
            "certBuyer": true
        }
    ], 
    [
        {
            "rating": 4, 
            "helpful": 0, 
            "author": "Joyjit Chatterjee", 
            "text": "Just using last 3 months only, but till date nice service. But have some network issues. Need to restart frequently.", 
            "title": "Wonderful", 
            "certBuyer": true
        }
    ], 
    [
        {
            "rating": 5, 
            "helpful": 0, 
            "author": "joy isidore", 
            "text": "Very good product", 
            "title": "Perfect product!", 
            "certBuyer": true
        }
    ], 
    [
        {
            "rating": 5, 
            "helpful": 0, 
            "author": "Flipkart Customer", 
            "text": "Awesome phone... Bought for my mom... She learnt windows os very quickly... Very smooth performance... Go for it..", 
            "title": "Classy product", 
            "certBuyer": true
        }
    ], 
    [
        {
            "rating": 4, 
            "helpful": 0, 
            "author": "karthi eswaramoorthy", 
            "text": "Its ok", 
            "title": "Really Nice", 
            "certBuyer": false
        }
    ], 
    [
        {
            "rating": 5, 
            "helpful": 0, 
            "author": "Sandip Banerjee", 
            "text": "Perfect,\nNo problems at all", 
            "title": "Terrific purchase", 
            "certBuyer": true
        }
    ], 
    [
        {
            "rating": 5, 
            "helpful": 0, 
            "author": "Flipkart Customer", 
            "text": "Excellent", 
            "title": "Worth every penny", 
            "certBuyer": true
        }
    ], 
    [
        {
            "rating": 4, 
            "helpful": 0, 
            "author": "Sugyan Kumar Panda", 
            "text": "A very good phone except the camera. Also upgrade to Windows 10 is available.", 
            "title": "Really Nice", 
            "certBuyer": true
        }
    ], 
    [
        {
            "rating": 5, 
            "helpful": 0, 
            "author": "Rajarshi Banerjee", 
            "text": "I bought this for my Mom, and this is her first smart phone. It suited her nicely and she is pretty comfortable with windows layout now. It works perfectly without any problem for her :)", 
            "title": "Wonderful", 
            "certBuyer": true
        }
    ], 
    [
        {
            "rating": 5, 
            "helpful": 0, 
            "author": "Flipkart Customer", 
            "text": "I mean it's just awesome smart phone", 
            "title": "AWSOME", 
            "certBuyer": false
        }
    ], 
    [
        {
            "rating": 5, 
            "helpful": 0, 
            "author": "Shounak Saha", 
            "text": "Awesome product!!! and also good delivery!!!! Product is nice for gameing!!! I recived it at 5/7/16 and product is cheap or worthy for money. A good product from flipkart. thank you flipkart!!!!!!!! And gise don't think order it now!", 
            "title": "Good product! and good delivery!!", 
            "certBuyer": true
        }
    ], 
    [
        {
            "rating": 4, 
            "helpful": 0, 
            "author": "Hussain", 
            "text": "Best phone for rough and tough use. Great build quality by lumina.", 
            "title": "Excellent product", 
            "certBuyer": true
        }
    ], 
    [
        {
            "rating": 5, 
            "helpful": 0, 
            "author": "Dilip kumar Nagula", 
            "text": "Overall it's good", 
            "title": "Good phone", 
            "certBuyer": true
        }
    ], 
    [
        {
            "rating": 5, 
            "helpful": 0, 
            "author": "Garima Ghosh", 
            "text": "Really do I need to give feedback??well don't thnk fr a second chance.just grab it.I gftd my mom .trust me my 14k phone of lenovo working bullshit.but this  one soooo affordable.what sound quality nd loud in speaker mode.thnxx fr this Nokia and Flipkart", 
            "title": "Excellent price and mobile", 
            "certBuyer": true
        }
    ], 
    [
        {
            "rating": 5, 
            "helpful": 0, 
            "author": "Arijit Nath", 
            "text": "well this set is handy and also attactive in gesture battery life is good and service is at its level no words for it's camera quality and memory is sufficient for a working phone", 
            "title": "as expected", 
            "certBuyer": true
        }
    ], 
    [
        {
            "rating": 5, 
            "helpful": 0, 
            "author": "Areeb", 
            "text": "Best phone in this price... cheap affordable as well as excellent priced item?", 
            "title": "Great phone.... loved it..", 
            "certBuyer": true
        }
    ], 
    [
        {
            "rating": 1, 
            "helpful": 0, 
            "author": "Bhushan  Jadhav", 
            "text": "i hv order microsoft product but received micromax product. \nseller & flipkart support will not properly communicate, also use wrong languages with me.\n\nplease dont buy from this seller", 
            "title": "not properly services", 
            "certBuyer": true
        }
    ], 
    [
        {
            "rating": 4, 
            "helpful": 0, 
            "author": "Prithwiraj Sural", 
            "text": "I havent bought it right now..but its specs are spectacular and thereby giving a good head start for new smartphone buyers...", 
            "title": "Must buy phone ....", 
            "certBuyer": false
        }
    ], 
    [
        {
            "rating": 5, 
            "helpful": 0, 
            "author": "Debanik", 
            "text": "This is a great phone for the first timers into the smartphone world.\nPros:\n1. Built quality. Coming from Microsoft, this is virtually a brick. Easily passes unscathed from casual drops. And the edges are protruding, so screen damage is minimised(nil) if the phone falls on awkward angles.\n2. Battery life is average. One charge per one and half days from average use.\n3. Simplicity. Microsoft windows. Clutter free interface. Graphically bold. Not much fanciful like Android.\nCons:\n1. Camera. Not one for the photoholic. But then you can't expect much from these camera specs.\n2. Stutters. Low end hardware hampers performance. About once in fifty operations. And it's an ever so slight stutter, a few milliseconds perhaps, which is not a issue. It does not freeze.\nA good phone at a great price.", 
            "title": "Good phone at a great price", 
            "certBuyer": true
        }
    ], 
    [
        {
            "rating": 5, 
            "helpful": 0, 
            "author": "Mallikarjun Gupta", 
            "text": "A very good product for this price.\nIt may not have the features which other phones give. But it does work very smoothly without any lag( much better than many Android phones in this range). \nI purchased xolo era X before this.. but was completely disappointed with its build quality and performance. Go with it if you want a simple and smooth smartphone.\nThe OS is a bit let down as it does not support many apps.", 
            "title": "Very good product at this price", 
            "certBuyer": true
        }
    ], 
    [
        {
            "rating": 5, 
            "helpful": 0, 
            "author": "Althafu Rahman.K.A", 
            "text": "Superb Phone with Great Features \nReceived on Time\nPhone which saves money", 
            "title": "Awesome Experience with flipkart & Microsoft", 
            "certBuyer": true
        }
    ], 
    [
        {
            "rating": 5, 
            "helpful": 0, 
            "author": "DIBYENDU PAUL", 
            "text": "Nice phone . Many many apps in a small pakedge... and most affordable price ... \u00e2\u0099\u00a1", 
            "title": "Awesome phone", 
            "certBuyer": false
        }
    ], 
    [
        {
            "rating": 5, 
            "helpful": 0, 
            "author": "Swastik Sourjeet", 
            "text": "its a very good basic use phone not for high gaming but the touch is smooth and fast..........................................................................................................................................................................................................................................................................................................................................................................................................................................................................................................................................................................................................................................................................................................................................", 
            "title": "good phone", 
            "certBuyer": true
        }
    ], 
    [
        {
            "rating": 4, 
            "helpful": 0, 
            "author": "Madhup Pandey", 
            "text": "The phone is good with cam quality better than other smartphones of the same range.No heating issues with moderate and heavy usage even during the simultaneous charging.The phone is quite handy in size as well for the beginner's.", 
            "title": "Budget Beginner's Phone", 
            "certBuyer": true
        }
    ], 
    [
        {
            "rating": 5, 
            "helpful": 0, 
            "author": "Tarun Sundar", 
            "text": "I have an iPhone as my personal phone but its battery drains quickly. so i planned to buy a normal featured mobile. By that time my friend suggested this mobile for me. I am really thank to him. awesome Phone with super battery.", 
            "title": "Highly recommended", 
            "certBuyer": true
        }
    ], 
    [
        {
            "rating": 4, 
            "helpful": 0, 
            "author": "basha shaik", 
            "text": "hi,\nthis mobile is nice but software is not support all apps.using little bit confuse.\noverall it's nice.", 
            "title": "nice mobile", 
            "certBuyer": true
        }
    ], 
    [
        {
            "rating": 4, 
            "helpful": 0, 
            "author": "Arindam Banerjee", 
            "text": "I bought this phone last weak and now i get windows 10 update and i m loving it.no lag find and using windows 10 really awesome.nice and build quality is so good..value for money.under 5k it is best phone and user interface is superb and using android continuously i m fed up so this phone is very much ok using it as my secondery handset..so smooth", 
            "title": "Lumia 435 best budget windows phone", 
            "certBuyer": false
        }
    ], 
    [
        {
            "rating": 5, 
            "helpful": 0, 
            "author": "Dinup Divakaran", 
            "text": "Brought recently and very much satisfied with the quality performance and the look-n-feel. Its very cool mini smart phone in a very reasonable price.", 
            "title": "Excellent mobile in a reasonable price.", 
            "certBuyer": true
        }
    ], 
    [
        {
            "rating": 5, 
            "helpful": 0, 
            "author": "athul st", 
            "text": "1.Display \nOlso the 4 inch bright display giving good enhanced experience in gaming, video images and smooth touch\n      2.Camera\n2 mp back cam is more brilliant than 5 MGPXL  \nBoth front cam is much better in taking selfies, but not in law light.. \n      3.Battery \u00f0??? \n Removable battery giving good back-up after full day using.. \n       Olmost good phone at this price Cam, battery, screen,  one hand  handling simply nice one.. No lag etc", 
            "title": "Microsoft 435", 
            "certBuyer": true
        }
    ], 
    [
        {
            "rating": 3, 
            "helpful": 0, 
            "author": "Ravi Purty", 
            "text": "My earlier cellphone broke down, and I was looking for a budget smartphone. It is not best in the market, if you compare with apps from android and other cheap cellphones. One thing Microsoft or earlier Nokia used to guarantee is the best quality hardware. 1Gb RAM, 8Gb memory expandable to 128Gb which no one can offer in this price bracket. Battery usually lasts for more than 24 hours, sound quality is decent and built strong. Edges of the phone are not smooth, so you may find it a bit uncomfortable. \n\nIf you don't do much of fancy stuff, then it is the best phone after Lumia 520 (just because primary camera is 2mp). It will not disappoint you with this price range.", 
            "title": "Lumia 435 (How does it feels)", 
            "certBuyer": true
        }
    ], 
    [
        {
            "rating": 5, 
            "helpful": 0, 
            "author": "Debajyoti Bose", 
            "text": "Better than most android phones. Period.", 
            "title": "Brilliant", 
            "certBuyer": true
        }
    ], 
    [
        {
            "rating": 4, 
            "helpful": 0, 
            "author": "Codemaverik", 
            "text": "Its a simple phone that does what it says. Dont expect flagship performance in this package. Put a reliable sd card if you want trouble free service. Decent camera. Ok display. Average performance expected. Does warm up on sustained use. Battery back up does not exceed  one day. Battery is removeable. Excellent value for the money. Does not hang. Decent interface. Reminds of old Nokia quality and design. Sound is good for the price. Screen is not very bright but is suitable  for intermitent use. Wish it had OTG. Remember phone is tied to the \"Microsoft eco system\" and one must weigh the pros and cons of that.", 
            "title": "Simple phone that does what it says.", 
            "certBuyer": true
        }
    ], 
    [
        {
            "rating": 5, 
            "helpful": 0, 
            "author": "N Mukherjee", 
            "text": "first time using windows OS and tried budget phone by microsoft and simply its just awesome at this cost. windows is the best for professional works, specially if u use MS products. no need of antivirus in OS 8 platform. user friendly and all useful apps are available in the store (which does not contain virus). feeling not to go back android. safe to use and feel the difference. about lumia 435 - best budget windows phone. do not like to criticise unnecessarily considering the low cost. just bag it. its good......", 
            "title": "It's just Awesome!!!", 
            "certBuyer": true
        }
    ], 
    [
        {
            "rating": 5, 
            "helpful": 0, 
            "author": "Vipin", 
            "text": "Good Product worth for money, Serve the purpose for using whats app, skype and calling and covered under brand warranty of Microsoft.", 
            "title": "Good Product worth for money", 
            "certBuyer": true
        }
    ], 
    [
        {
            "rating": 5, 
            "helpful": 0, 
            "author": "SREEJITH P.T.", 
            "text": "i just bought it as a secondary office phone. but its really cool to use and even if am a hard core android guy, it is real fun to use it.\n\nPros\nDual sim and cheap\ngood handling\ntouch is super smooth\ngood battery backup\n\n\ncons\nTough to copy contacts from android( have to use outlook for syncing)", 
            "title": "Cool office phone", 
            "certBuyer": true
        }
    ], 
    [
        {
            "rating": 5, 
            "helpful": 0, 
            "author": "Abhinav Saraswat", 
            "text": "At this price this is a superb phone. I have been using it from past 6 months and still no issues. i would just say go for it!!", 
            "title": "ONE of the best phone at this price.!!", 
            "certBuyer": false
        }
    ], 
    [
        {
            "rating": 4, 
            "helpful": 0, 
            "author": "Supratik  Tiwari ", 
            "text": "No problem smart phone..using it from more the 4 months without any issue! full fill all your daily uses...nice touch, doesn't need screen guard... fast enough to play basic games like subway surfers..incoming call voice so crisp. best for Skype if you have fast enough 3G coverage..! can't expect more then this on budget phone.", 
            "title": "Nice", 
            "certBuyer": true
        }
    ], 
    [
        {
            "rating": 5, 
            "helpful": 0, 
            "author": "Amitava Choudhury", 
            "text": "I have use this product for one month. And believe me its the best phone just in 5k. A good low price product from microsoft. Sound quality is good. best thing is that its very hardy. Camera is also good with in 2MP... but front cam can be better.... but if u thing about the price its justified. No heating problem till date. Over all its a good phone. Lastly the service from Flipkart... I think its well known to all of us.. nothing more need to describe.", 
            "title": "Best low price Phone", 
            "certBuyer": true
        }
    ], 
    [
        {
            "rating": 3, 
            "helpful": 0, 
            "author": "Ashutosh Pandey", 
            "text": "Good for person new in Multimedia. I am using from last 4 months. Faces no issues up to now. Main problem is camera. \nPros:\n1. RAM\n2. Screen size\n3. Display\n4. Front Camera\nCons:\n1. Camera\n2. No camera flash", 
            "title": "Good for person new in Multimedia", 
            "certBuyer": true
        }
    ], 
    [
        {
            "rating": 5, 
            "helpful": 0, 
            "author": "vinayak", 
            "text": "Microsoft Lumia 435 gave me a lot of reasons to select it over the other options that I was getting. Besides the dual SIM support this handset is a budget friendly smartphone that comes pre integrated with apps like Skype, MS Office and One Drive. There are a number of other apps on it as well and all these run smoothly on the dual core processor and the 1 GB RAM provides a great deal of support to its functions. Also its 1560 battery provides enough power throughout the day.", 
            "title": "Why I think Lumia 435 Is A Good Phone", 
            "certBuyer": false
        }
    ], 
    [
        {
            "rating": 5, 
            "helpful": 0, 
            "author": "parivesh", 
            "text": "When it comes to budget dual SIM smartphone, Microsoft Lumia 435 is the best and comes with a lot of interesting features. The Windows Phone 8.1 comes with the latest over the air updates and integrated Apps like the Skype, OneDrive, MS Office etc. The Skype app lets you connect through high quality video chatting and with MS Office you can work from anywhere. The 30 GB free storage on One Drive keeps a back up for all your important files. Lumia 535 also comes with a strong processor and powerful battery back up.", 
            "title": "Microsoft Lumia 435: The Useful Budget Smartphone", 
            "certBuyer": false
        }
    ], 
    [
        {
            "rating": 5, 
            "helpful": 0, 
            "author": "SRINIVAS NADUPALLI", 
            "text": "Flipkart reviews helped me to buy this, the phone is superb, much much better than android, UI and software and ease in handling is superb. really value for money. it is too good.", 
            "title": "ULTIMATE PRODUCT", 
            "certBuyer": true
        }
    ], 
    [
        {
            "rating": 4, 
            "helpful": 0, 
            "author": "manish bhakare", 
            "text": "my first consideration to exchange nokia asha 502 vth some latest budget w8 phone, & yes lumia 435 comes out!! vth exciting offer like==\n1) refresh os windows 8.1.\n2) 1.2 GHz Qualcomm Snapdragon 200 Dual Core Processor.\n3) Ram= 1gb its Necessary for day2days use.\n4) 8gb internal & Expandable Storage Capacity of 128 GB.\n5) 3G + Dual sim.\n6) sufficient screen size.\n7) MS OFFICE on mobile; this is ++ thing i specially appreciate.\n8)1500/- off on asha502\n9) dual cameras\n************** acceptable product ************\nWISH hv better camera & flash. \n(nevertheless i am happy n busy vth lumia435)\n***********\nnyc offr by flipkart n also good shipment.", 
            "title": "budget windows phone in exchange", 
            "certBuyer": true
        }
    ], 
    [
        {
            "rating": 2, 
            "helpful": 0, 
            "author": "roun arora", 
            "text": "advantages\nIt comes with 1 gb ram dual core processor that ensures multi-tasking smoothly.\nIt also has a front camera which is generally not available in phones of this price.\ndisadvantages\nIt is a pocket heater it becomes very hot if one play's games continously over 30 minutes.\nIt does not stream videos from any website other than youtube, this is very annoying.\ncamera quality is bad also no flash.\nbad battery backup.\nbefore buying this phone you must think about its disadvantages. I will not prefer this phone better is to go with android phones.", 
            "title": "advantages and disadvantages", 
            "certBuyer": false
        }
    ], 
    [
        {
            "rating": 5, 
            "helpful": 0, 
            "author": "Nagendra  verma", 
            "text": "Hi, \n\nI purchased this phone for my father after doing all search. This phone is amazing with respect to functionality, performance and did not observed lag in any application.", 
            "title": "Awesome Phone", 
            "certBuyer": true
        }
    ], 
    [
        {
            "rating": 5, 
            "helpful": 0, 
            "author": "Keerthi Raja", 
            "text": "Mobile is extremely worth for money. Super fast compare to android. \n\nDrawbacks:\nNo flash light\nNo setting option like android to enable internet\nLow apps in app store\nWhatsapp issue : No voice calling, Unable to forward multiple attachments with multi select.", 
            "title": "Extreme phone for 4500rs", 
            "certBuyer": true
        }
    ], 
    [
        {
            "rating": 4, 
            "helpful": 0, 
            "author": "DINESH K R", 
            "text": "Microsoft Lumia 435\n\nIt's a good phone and I got it delivered in a day. First, I would like to appreciate Flipkart for their good service.\n\nI don't have any major concerns except for the camera. The picture quality is very low. The pre-installed apps and other features are really cool :)\nA good budget phone!!!", 
            "title": "nice phone", 
            "certBuyer": true
        }
    ], 
    [
        {
            "rating": 5, 
            "helpful": 0, 
            "author": "Subhasis Giri", 
            "text": "Without camera all features are good.. Processing Speed  also very fast as compare to others phones of same price ...", 
            "title": "Excellent Phone...", 
            "certBuyer": false
        }
    ], 
    [
        {
            "rating": 4, 
            "helpful": 0, 
            "author": "Anoop Chand", 
            "text": "I bought it from Flipkart exchanging old Asha phone. \nCons- Value for money. So much features in such low price. Sturdy and feels good in hand.\nPros- Viewing angles are very bad. No flash.", 
            "title": "Value for money", 
            "certBuyer": true
        }
    ], 
    [
        {
            "rating": 4, 
            "helpful": 0, 
            "author": "Rahul Saxena", 
            "text": "Touch is very smooth\nLooks Cute\nGood Grip\nNet is fast\nSound is clear\nno Hand\nDisplay is Clear\n\nTERRIBLE CAMERA! Never Expected this on Lumia Phones\nRecommended only if you don't care about camera!", 
            "title": "Looks Gr8 but Terrible Camera!", 
            "certBuyer": true
        }
    ], 
    [
        {
            "rating": 4, 
            "helpful": 0, 
            "author": "Amey Palsule", 
            "text": "I bought this phone for my wife from Flipkart. Lumia was always our first preference and this phone is perfect fit for my wife's first smart phone experience. Flipkart has excellent service for listing and delivery schedules. We received it within 2 days and experience was hassle free.\n\nThank you.", 
            "title": "Very good phone at this price range", 
            "certBuyer": true
        }
    ], 
    [
        {
            "rating": 5, 
            "helpful": 0, 
            "author": "Flipkart Customer", 
            "text": "Microsoft Lumia 435 is not going to disappoint you, whether in terms of its price or in terms of the features it comes with. Moreover the handset also sports an attractive design that would make you want to flaunt it all the time. The dual core processor and 1 GB RAM are behind the smooth functioning of the handset. And its 1560 mAh battery ensures that it runs without charge for longer periods of time. You will also get to take full advantage of the integrated Skype, Office and One Drive as they all come preloaded  with the phone. It also supports dual SIM.", 
            "title": "Lumia 435 Won\u2019t Disappoint", 
            "certBuyer": false
        }
    ], 
    [
        {
            "rating": 5, 
            "helpful": 0, 
            "author": "Subrata Sarkar", 
            "text": "Wait, what?! Windows phone @ Rs~5.5K!!! That was my first expression. The lowest priced windows phone is just awesome. Microsoft Lumia 435 dual SIM handset has all that matters. Lumia 435 offers a lot to be happy about. It has got the looks, the features and all these for a very affordable price. It runs smoothly on the dual core processor and 1 GB RAM. Apps like Whatsapp, Linkedin, Facebook etc also come pre-loaded on the phone. The storage capacity is also impressive with 8 GB internal storage and 128 GB extendable memory. The Live folders are interesting features which allows the user to arrange tiles together and customize the home screen.\n\nSo, just go for it. Those who have used an Driods, and are fed up with LAG issues, horrified with BATTERY back-up, virus, too much INTERNET consumption and that old fashioned menu --can have a try with this lowest ranged buddy to taste the windows phone little bit. And you will find life can be better with a Window Phone. :)", 
            "title": "More value than Money! Just go for it.", 
            "certBuyer": false
        }
    ], 
    [
        {
            "rating": 4, 
            "helpful": 0, 
            "author": "Flipkart Customer", 
            "text": "My brand new Microsoft Lumia 435 dual SIM phone is comfortably priced and meets all my basic expectations. I wanted a fairly good camera, smooth performance and a strong battery life. Lumia 435 has met all of these. And not only that, it also came with more amazing features such and the 30 GB free One Drive storage, Skype and MS Office. The phone\u2019s internal storage is also pretty good. So whether it is storage, design or performance, my Microsoft Lumia 435 is the best in the league.", 
            "title": "Dual Sim Smartphone At The Best Price", 
            "certBuyer": false
        }
    ], 
    [
        {
            "rating": 5, 
            "helpful": 0, 
            "author": "Flipkart Customer", 
            "text": "Microsoft Lumia 435 offers a lot more than just dual SIM support. It runs on the Windows Phone 8.1 operating system and comes with all the latest updates. Whether its Skype or MS Office, Lumia 435 has the best features to impress its users. Along with the 8 GB internal storage and 128 GB extendable storage the Lumia 435 also comes with another 30 GB free space on the cloud for all the document, image, music and video files. Both the primary and the secondary cameras are upto the mark and serve their purposes well.", 
            "title": "Lumia 435 Has Ensured The Best", 
            "certBuyer": false
        }
    ], 
    [
        {
            "rating": 4, 
            "helpful": 0, 
            "author": "Flipkart Customer", 
            "text": "Microsoft Lumia 435 is the next in the line of the Lumia smartphones bearing the Microsoft tag. It doesn\u2019t only bear the tag but has successfully managed to live upto the expectations as well. Since it runs on a dual core processor and has a RAM support of 1 GB, it faces no trouble while performing. Skype, MS Office and OneDrive comes integrated which makes it easier to use. Its huge storage capacity also ensures that the user gets enough space for storing a large number of music and image files.", 
            "title": "Lumia 435 Is Worth Buying", 
            "certBuyer": false
        }
    ], 
    [
        {
            "rating": 5, 
            "helpful": 0, 
            "author": "Flipkart Customer", 
            "text": "Just when I was planning to buy my very first smartphone I came across the Microsoft Lumia 435 dual SIM phone and it fell perfectly within my criterion. It came well within my budget, promised an outstanding performance and the Windows Phone features like the Skype, Office, OneDrive etc did catch my attention the most amongst all the other handset I was getting within that price. Also the storage capacity of the handset is pretty good and the battery life is just fine.", 
            "title": "Glad I Bought Lumia 435", 
            "certBuyer": false
        }
    ], 
    [
        {
            "rating": 4, 
            "helpful": 0, 
            "author": "Flipkart Customer", 
            "text": "Microsoft Lumia 435 is the best handset for the price it quotes for itself. It has all that a smartphone must have and even more than that but comes very cheap. The Windows Phone updates and features that include the Skype, Office and One Drive take the phone to a different level altogether. Also the dual SIM and huge storage capacity, long life battery and the smooth performance add to the long list.", 
            "title": "The Dual SIM Smartphone Offers A Better Bargain", 
            "certBuyer": false
        }
    ], 
    [
        {
            "rating": 5, 
            "helpful": 0, 
            "author": "Flipkart Customer", 
            "text": "I was waiting for a budget smartphone like the Microsoft Lumia 435 long enough and finally its here. My experience with the handset is pretty good and since this is the first smartphone I am using I am literally enthralled with the entire experience. I am happy with the design as I got to choose my favourite colour and also with the display output on the 4 inches screen. The Windows Phone 8.1 also offers the latest updates and apps such as the Skype, OneDrive and Office. It is infact a dual SIM phone with a strong battery life and a powerful dual core processor.  Great phone.", 
            "title": "Lumia 435 For The Smart Users", 
            "certBuyer": false
        }
    ], 
    [
        {
            "rating": 4, 
            "helpful": 0, 
            "author": "Flipkart Customer", 
            "text": "Microsoft Lumia 435 dual SIM smartphone has more than one feature to look out for. It is a dual SIM handset running on Windows Phone 8.1 OS and boasts of features such as the Skype, Office, One Drive but one can get it for an amazing price. What sets the Lumia 435 apart from the other handsets is its capacity to do more for a less price. It is not only the features but also the performance in its entirety. And it owes it to the dual core processor and the 1 GB RAM.", 
            "title": "Watch Out For The New Lumia 435", 
            "certBuyer": false
        }
    ], 
    [
        {
            "rating": 5, 
            "helpful": 0, 
            "author": "Flipkart Customer", 
            "text": "Microsoft Lumia 435 is the entry level smartphone for the first time smartphone users like me. It runs on Windows Phone 8.1 platform and boasts of features such as the Skype, One Drive and Office amongst the others. Also the strong dual core processor ensures smooth functioning of the handset. The dual SIM handset sports a big and bright display in the front and promises an all round performance. Also the battery back up is extremely strong so it can comfortably run throughout the day by putting it on charge throughout the day.", 
            "title": "The Best Entry Level Smartphone Around", 
            "certBuyer": false
        }
    ], 
    [
        {
            "rating": 1, 
            "helpful": 0, 
            "author": "Ajay", 
            "text": "If money is precious then don't go for this\nNo Auto focus camera\nNo flash\nWorst display\nWorst front facing camera\nProcessor is only dual core\n\nLava iris win1 is far better than this", 
            "title": "If You Unlimited money then buy this", 
            "certBuyer": false
        }
    ], 
    [
        {
            "rating": 5, 
            "helpful": 0, 
            "author": "Flipkart Customer", 
            "text": "Microsoft Lumia 435 is the new budget smartphone with many features and apps rolled into it. It is really good in its segment. Who would not want a phone like that for such an affordable price? This stylish little handset comes with an integrated Skype that makes free instant messages and video calls easier, MS Office and 30 GB OneDrive Storage.  So no space problem. Also since it runs on a powerful dual core processor and 1 GB RAM, the functioning of it is smooth. The 1560 mAh battery also makes a great contribution to its overall performance.", 
            "title": "Great Features, Pretty Design And Affordable Price", 
            "certBuyer": false
        }
    ], 
    [
        {
            "rating": 5, 
            "helpful": 0, 
            "author": "Flipkart Customer", 
            "text": "Microsoft Lumia 435 is the latest budget phone from Microsoft that caters to customers who want a good phone within limited budget. Microsoft Lumia 435 has dual SIM support, a long life battery and is filled with amazing Windows features. Also it looks very catchy with the brightly coloured cases and the 4 inches display which offers a stunning output. The Windows Phone 8.1 presents a fully integrated Skype, 30 GB OneDrive Storage and MS Office. The front camera is specially meant for the Skype video calls and supports a pretty good image quality.", 
            "title": "Lumia 435 The New Budget Smartphone", 
            "certBuyer": false
        }
    ], 
    [
        {
            "rating": 3, 
            "helpful": 0, 
            "author": "jaligama ashwanth", 
            "text": "we could get a 5 mp camera for moto\nand also a 5 mp camera in nokia at the same price\nits my personal view about this phone", 
            "title": "not a good camera at that price", 
            "certBuyer": false
        }
    ], 
    [
        {
            "rating": 2, 
            "helpful": 0, 
            "author": "US", 
            "text": "this phone stopped working withing a month. very disappointed.", 
            "title": "Could be way better", 
            "certBuyer": true
        }
    ], 
    [
        {
            "rating": 2, 
            "helpful": 7, 
            "author": "Amit Rane", 
            "text": "At a hefty price tag of Rs.5821 is it said to be cheap lumia getting 2mp shooter and 4\" display with 8gb internal.\nLumia 530 is much better spec than this with 5mp shooter even lava iris win1 got much higher end specs in its class.\nCome on microsoft with this hefty price tag you can't compitite andriod one and moto e as well as other budget end andriod smartphone even those gets really high end specs. Lumia 435 is really a good product no doubt but with this Rs.5831 price tag its a really failure. Whatever price tag below Rs.4800/ would really boom market with this smartphone", 
            "title": "Though microsoft says its a cheapest lumia, Its not at all. It is most expensive one in its class", 
            "certBuyer": false
        }
    ], 
    [
        {
            "rating": 1, 
            "helpful": 1, 
            "author": "Joydeep Nag", 
            "text": "Moto g is definitely better than lumia 535 and its worth is now 5999 at flipkart. so spend an extra 100bucks and grab a better phn", 
            "title": "MOTO G > Lumia 435", 
            "certBuyer": false
        }
    ], 
    [
        {
            "rating": 5, 
            "helpful": 0, 
            "author": "Himanshu Srivastava", 
            "text": "Awesome phone at this price", 
            "title": "Five Stars", 
            "certBuyer": true
        }
    ], 
    [
        {
            "rating": 5, 
            "helpful": 0, 
            "author": "Mounesh%20 Almel", 
            "text": "Worth every penny spent", 
            "title": "Five Stars", 
            "certBuyer": true
        }
    ], 
    [
        {
            "rating": 5, 
            "helpful": 0, 
            "author": "sindhu  jayashankar", 
            "text": "Nice but not simple like Android", 
            "title": "Five Stars", 
            "certBuyer": true
        }
    ], 
    [
        {
            "rating": 5, 
            "helpful": 0, 
            "author": "Saurav Mishra", 
            "text": "Good", 
            "title": "Five Stars", 
            "certBuyer": true
        }
    ], 
    [
        {
            "rating": 1, 
            "helpful": 0, 
            "author": "Rayyan Ali", 
            "text": "One word...bad", 
            "title": "Useless product", 
            "certBuyer": true
        }
    ], 
    [
        {
            "rating": 5, 
            "helpful": 0, 
            "author": "Hemant Bohra", 
            "text": "Best service for delivery and good customer care services", 
            "title": "why flipkart is best???", 
            "certBuyer": true
        }
    ], 
    [
        {
            "rating": 2, 
            "helpful": 0, 
            "author": "Yoganathan Dhandapani", 
            "text": "Camera quality is very poor .\nBattery backup also quickly drained.", 
            "title": "Worst phone", 
            "certBuyer": true
        }
    ], 
    [
        {
            "rating": 1, 
            "helpful": 0, 
            "author": "Avijit", 
            "text": "Good phone in this price range. But I am not satisfied with the product which Flipkart delivered. The screen was internally damaged, so, I had to return it. Screen was showing light coloured lines going upwards.", 
            "title": "GOOD PHONE but screen was internally damaged.", 
            "certBuyer": true
        }
    ], 
    [
        {
            "rating": 4, 
            "helpful": 0, 
            "author": "Chayan Sen", 
            "text": "Bought this for my aunt week back.She wanted a device with good browsing experience.as i am very happy with my lumia 630 ds running on 8.1 denim,i suggested her this entry level device.as usual great service from flipkart.Now the device is pretty decent for the price point and its ready for win 10.But I have bad experience with lumia 540 running win 10,so i asked her not to update and she is pretty happy with 8.1.\neverything except the speaker is decent for the price.Viewing angle is not as good as 630/830/540 but thats accepted.speaker is pretty bad i must say.windows 8.1 is buttery smooth as always.No lag no difficulties yet.", 
            "title": "Decent for price.", 
            "certBuyer": true
        }
    ], 
    [
        {
            "rating": 2, 
            "helpful": 0, 
            "author": "Sandeep Sharma", 
            "text": "I have bought this on 24th may 2016, started around after 14 days, when I had insert the sim and try to start the on/off switch has been broken, contact with service centre they charged me rs. 460 for the same. I am unhappy with this product. The quality of materials is not good. Let me use this hope will not face any problem in future. Hope for best.", 
            "title": "Does not meet expectations", 
            "certBuyer": true
        }
    ], 
    [
        {
            "rating": 4, 
            "helpful": 0, 
            "author": "Sanjay Pandey", 
            "text": "It has been just a few days. This phone is just PERFECT for those who need a combination of Facebook, WhatsApp and basic calling needs. Being a Windows phone, of course it's not the best OS as compared to Android as it WON'T provide much good UI apps. But as I said, if you don't need a phone for heavy gaming, or capturing those Manali trip memorable photos, then it's the perfect choice as at this price, you won't expect great performance from any Android phone. \nAgain, this phone does have preloaded Windows apps that are great. Also, if you want a phone that will bear innumerable droppings then this one is right. \n\nBut talking about a few cons, I think camera is not so great. At least 5 MP should have been given to click clear pics. Also, the display is not up to the mark. My screen has also got a little scratch (not noticeable though) just on the second day. Since then, I have tried keeping it safe so I advice you to get a good glass protector. I've not installed any game yet so can't say about gaming experience, but on YouTube, I learnt that it does suffer a few lags (ONLY WHILE PLAYING GAMES).\nElse, the interface is the smoothest one I've ever seen. It's OS is even better than my high-end Samsung phone\nAnyways, the phone is sturdy, won't break easily and looks cool from back. \nFor phone, 3 stars. And for superfast Flipkart delievery, +1 star \nPS- Facebook app is wonderful in Windows! Super smooth interface.", 
            "title": "Right price tag. Good performance", 
            "certBuyer": true
        }
    ], 
    [
        {
            "rating": 1, 
            "helpful": 0, 
            "author": "Suhas Rao", 
            "text": "I am purchased this phone on 11th may and on 30th Aug morning this phone become switch off and after the lots of try its not going switch on. When I call to filpkart for help they are saying \" we cant do any thing and this is seller warranty\". and they giving one number but unfortunately that number is does not exist... \n\nVery bad experience from this phone and please do not purchase this product. there is no service from flipkart or from others if any problem. Now my Rs5353/- lost.. \n0 Star", 
            "title": "Please do not purchase any Microsoft mobiles", 
            "certBuyer": true
        }
    ], 
    [
        {
            "rating": 4, 
            "helpful": 0, 
            "author": "Jhuma", 
            "text": "I guess this is among one of the best phones available within this price range. And also kudos to Flipkart Delivery.", 
            "title": "Worth for money", 
            "certBuyer": true
        }
    ], 
    [
        {
            "rating": 1, 
            "helpful": 0, 
            "author": "Satyam saxena", 
            "text": "never ever buy or suggest to any one.............................................................................................................", 
            "title": "piece of shit.", 
            "certBuyer": false
        }
    ], 
    [
        {
            "rating": 1, 
            "helpful": 0, 
            "author": "Gokulakrishnan", 
            "text": "worst product\nlower touch sencitive\nno battery backup\nthere is no brightness in display\npoor sound quality\ndefect product came from flipkart\ndont buy it guys thats worst n worst ever", 
            "title": "Auto on off", 
            "certBuyer": true
        }
    ], 
    [
        {
            "rating": 4, 
            "helpful": 0, 
            "author": "satendra shaw", 
            "text": "I WANT TO BUY THIS PHONE BUT I HAVE A ASHA 305, SO IF THERE IS ANY EXCHANGE OFFER FOR THIS PHONE... PLS INFORM ME...\nMS LUMIA HAS NICE OS.", 
            "title": "WANT TO PURCHASE THIS SET BY EXCHANGING MY ASHA 305", 
            "certBuyer": false
        }
    ], 
    [
        {
            "rating": 4, 
            "helpful": 0, 
            "author": "Raghav Agarwal", 
            "text": "I have learnt that the phone works great but can someone clarify if the exchange offer as announced- 1250 Cashback by Paytm and 750 cash back by Red Bus + premium Truecaller   is also paced with it or not.\n\nPlease find link-http://gadgets.ndtv.com/mobiles/news/microsoft-lumia-435-available-with-exchange-offer-for-nokia-asha-users-669044\n\nCan anyone confirm?\n\nPlease ..", 
            "title": "Lumia 435 Query", 
            "certBuyer": false
        }
    ]
]