[
    [
        {
            "rating": 3, 
            "helpful": 8, 
            "author": "Rakesh Kannan", 
            "text": "pros\n-premium looks(4/5)\n-light weight\n-performance-4/5\n-win 10(love it!!)\ncons\n-battery-2/5( for me normal usage got me 10 hrs on sigle charge. dont even get me started on with mobile data on)\nif i could just get through the day i would have gven it a 5 star.", 
            "title": "great display ,poor battery life", 
            "certBuyer": true
        }
    ], 
    [
        {
            "rating": 5, 
            "helpful": 54, 
            "author": "Alok Yadav", 
            "text": "On campaigning Andriod, Windows OS is best\nOn comparing price to other phone, This phone is best.\nThis OS NEVER hang on 1 gb, while, Andriods hangs...........wether they have RAM 3 GB.\nGo for it friends", 
            "title": "MICROSOFT'S WINDOWS is BEST", 
            "certBuyer": false
        }
    ], 
    [
        {
            "rating": 1, 
            "helpful": 14, 
            "author": "DEVDUTT  SHARMA", 
            "text": "Not good getting hang so much 1GB RAM not enough in this cost", 
            "title": "Biggest mistake of my life!", 
            "certBuyer": true
        }
    ], 
    [
        {
            "rating": 4, 
            "helpful": 30, 
            "author": "Sasikumar Rajendran", 
            "text": "Phone is looking good. RAM is enough for windows phone. Performance is also good. Processor, camera, on board memory are good. chipset snapdragon212 is too low configuration for this mobile. But the operating system windows 10 is needs to improved. OS needs Stability. Mobile producing too much of heat while using the internet and charging.", 
            "title": "Lumia 650", 
            "certBuyer": false
        }
    ], 
    [
        {
            "rating": 4, 
            "helpful": 6, 
            "author": "Sai Kumar Reddy Palleti", 
            "text": "Previouly im nokia lumia 510 use thought to shit to android but after experiencing 650 in store i change my mind and bought 650 \nPros:\n1.Runs very smoothly\n2.Though 1 GB RAM Performance is good no lags till now , I used android phones of my friends which lags event though they have 2 GB and 3 GB rams \n3.Look ia very professional\n4.Enhanced UI and UI customization\n5.Highly Preferable for working professionals\n6.Microsoft apps like office lens and cortona are simply supurb \n7.Cortana enabled for Indian english \n8.Come with Gorilla glass I feel no need to further Tampered glass protection.\n9.Get frequent Microsoft updates which will Improve performance. After Three days I got some updates \n10.Nice Design very slim and light weight\nCons:\nBattery back up , \nno USB cable in box,  will got only charger  \ntake some time to install and configure updates \nNo continum provided with piece may be not supported by 650", 
            "title": "After one week usage", 
            "certBuyer": false
        }
    ], 
    [
        {
            "rating": 5, 
            "helpful": 27, 
            "author": "Bontu Saikrishna", 
            "text": "writing a review after using it for 4 days.\nthe phone has an premium look.its very light in weight.\nhaving snapdragon processor,there is no lag in performance.\nfront camera takes awesome selfies.decent low light performance.\nbattery life is good too.it goes throughout the the day with moderate use.\nonly problem which i will face is there is no double tap to wake up option available for this model yet.", 
            "title": "best windows available in market", 
            "certBuyer": false
        }
    ], 
    [
        {
            "rating": 5, 
            "helpful": 11, 
            "author": "Flipkart Customer", 
            "text": "I am waiting for its launch, Its the best phone in the price range, 1gb RAM is more than enough for windows 10", 
            "title": "The Best 4G LTE phone ever", 
            "certBuyer": false
        }
    ], 
    [
        {
            "rating": 1, 
            "helpful": 3, 
            "author": "Flipkart Customer", 
            "text": "Phone has become slow day by day..... It hangs in between .... I have been Lumia user since lond time ..... But this time it is the worst experience this time....?", 
            "title": "Not recommended at all", 
            "certBuyer": true
        }
    ], 
    [
        {
            "rating": 3, 
            "helpful": 3, 
            "author": "Flipkart Customer", 
            "text": "Read this review first before purchasing !!\n\nGo For It Or Don't Go For It ! \n\nAfter using 1 month..here what i found.\n\nProns..\n\n1).The phone is pretty awesome ! camera quality dont think it is 8 mp it is like 16 mg pixel my friend and i was doing some comprassion between 8 mp (of lumia 650) vs 16mp (redmi note 3) and in qualtity both the phone's image was equal... Awesome battery life runs more then 1.5 day without heavy use... If u are a bussinessmen or just use your mobile for office work then blindly go for this mobile !! It is made for u guys only ! \n\n2). Awesome speakers (sounds like dolby digital)\n\n3). Awesome touch... Smooth UI ! Windows 10 is awesome !! \n\n4). Nice phone for everyday work..\n\n5). Cortana just like siri it talks with u sing for u and do almost every task u give to her..\n\nCons..\n\n1).If u are a hardcore gamer and play games on smartphone (ultra high graphics games eg - asphalt 8, modern combat 4,etc) then its a bad news for u guys dont even try to go for this phone !! \n\n2). Even the facebook app takes ages to open means 10-15 seconds each time this is the awesome thing which makes me to throw my phone ! Whatsapp is very slow in response.. It takes 5-10 seconds to start ! 5-10 seconds to select someone's msg and to open it ! It makes our work too slow when it is aurgent ! \n\n3). Apps crashes !! I just installed the xender from windows store it was opened but was hanged and closes ! Cant do anything ! \n\n4). No volte network very bad ! I am not able to use the brand new jio sim !! And windows store also dont have my jio apps microsoft's concern for indian customers is zero ! \n\nThats it !! I prefer not to go for this high prised phone for the less configuration ! Just go for andriod or ISO! There is no scope of windows phone in india ! Now it is your choice go for it  or dont go for it !", 
            "title": "Good but nothing fancy", 
            "certBuyer": false
        }
    ], 
    [
        {
            "rating": 5, 
            "helpful": 22, 
            "author": "Fatfox", 
            "text": "I bought this phone the next day it was officially released in India (and not from Flipkart).\nComing to the device, no doubt this phone is a hot topic with mixed reviews. But believe me this phone will really blow your mind! \nFirst thing that you'll notice is the looks (as everyone is saying)...looks and feels really premium... it even beats my old L730. And the second thing that will further surprise you is the weight..SO LIGHT!!\nComing to the performance of the device... I didn't find any difference between my old L730 and this phone... The lower numbered CPU will definitely hold you back but let me tell you that this phone didn't lag a bit. \nGenerally, I don't game on smartphones and some casual games did run well on it and again, I didn't find any significant difference in the performance between L730 and L650.. So I guess it is safe to assume that SD212 and SD400 are more or less the same...\nOne thing that startled me... The general performance of this phone and Lumia 950 felt the same...In some cases L650 took longer time and occasional stuttering was seen but it is really good to know that Windows 10 mobile runs equally good on all the devices.\nThe 8MP shooter is also decent and since I'm not really into photography I can't actually tell what's really a good camera :P\n\nIf you are considering to buy this then stop thinking and order one... the price tag might make you think twice but still it is a fair deal... I think MS screwed with the pricing of the device as everyone was expecting something around 13k to 14k INR but never mind...for even for this price tag it is still a value for money... \n\nP.S. Please don't get carried away by the specs of the phone... 1 GB of RAM and SD212 are more than enough for this device to run W10M smoothly.", 
            "title": "This is THE PHONE!!!", 
            "certBuyer": false
        }
    ], 
    [
        {
            "rating": 5, 
            "helpful": 13, 
            "author": "Bijoy Yohannan", 
            "text": "Sad that there are so many Android and iOS users out there who needlessly throw out their money and not show their support for anything so neat and reasonable as these Windows phones. No wonder Microsoft is losing interest over it's phone business as per the recent news only the day after I purchased it. I opened up my pack with mixed feelings that what if I'm gonna get hold of a dinosaur in the modern age but... what I found was an excellently even sleeker version. I found a huge revamp made by Microsoft in its windows 10 mobile OS keeping all the most useful elements of a smartphone in its mind. For what you had to download an application to use the flash as a torch earlier, this time they have integrated the torch feature by default. There are many more changes like the display is even better, touch is even smoother, Cortana speaks in your region, and yes Continuum alows you to use it like a PC when attached to a screen- Lot many features.. to little space and time for me. I loved it even if the world goes the other way, I can still stand out of the crowd. After seeing this product... I would like to tell microsoft - \"Microsoft don't stop - keep your battle going!\"", 
            "title": "A very beautiful and reasonably neat product", 
            "certBuyer": true
        }
    ], 
    [
        {
            "rating": 5, 
            "helpful": 5, 
            "author": "Gursewak Singh", 
            "text": "I will Recommend every Buyer should purchase this phone. Microsoft is working aggressively working on attractive features on WIN10 .\nPhone look is A+ grade.\nPerformance a+ grade.\nBattery A", 
            "title": "Superb phone", 
            "certBuyer": false
        }
    ], 
    [
        {
            "rating": 5, 
            "helpful": 5, 
            "author": "PRAVEEN KUMAR", 
            "text": "I'm using Windows since 2010......The way OS got improved really awesome & it has all needed apps for daily usage.....Lumia 650 is not for games....This device suits for those who frustrated with Android.....Best go for it...I used Moto G Turbo & Moto X Play both devices are fine until you fill it with 3rd party Apps once u installed device getting slower due to filling RAM Memory....", 
            "title": "Best phone with Premium Look", 
            "certBuyer": false
        }
    ], 
    [
        {
            "rating": 1, 
            "helpful": 1, 
            "author": "Flipkart Customer", 
            "text": "Good product weak display screen and worst part is that it's not even available in any gallery or stores...Pls think twice before buying rhis piece.", 
            "title": "Very poor", 
            "certBuyer": true
        }
    ], 
    [
        {
            "rating": 1, 
            "helpful": 1, 
            "author": "Rupesh Gulhane", 
            "text": "Price is to high when we compare with other phone specifications", 
            "title": "Price is too High", 
            "certBuyer": false
        }
    ], 
    [
        {
            "rating": 5, 
            "helpful": 1, 
            "author": "Anoop Chandran", 
            "text": "So far so good.Using this phone for the past 3 months", 
            "title": "Good phone", 
            "certBuyer": false
        }
    ], 
    [
        {
            "rating": 5, 
            "helpful": 3, 
            "author": "Krishna Swamy", 
            "text": "i'm  520 lumia user now bought this phone,i'll tell you how i feel by using Windows 10 os lumia 650\nit is an awesome experience for me-the interface wow,i don't know about the black but white is amazing ,screen good,camera good, touch good,handling good,soo many changes from windows 8.1 to 10 feels good,cortana upgraded cool,i can dictate instead of writing cool . \n head set normal, camera focus slow,heating at high graphics games.\nworth of buying if you figure out the applications shortcuts and stuffs trust me your life is way \ntoo cool.i don't know any android phone and application but windows thumps up", 
            "title": "incredible", 
            "certBuyer": true
        }
    ], 
    [
        {
            "rating": 3, 
            "helpful": 4, 
            "author": "Bhaskar Dakarapu", 
            "text": "Good looking but configuration is average.....Price is too high RAM is only 1GB now latest all phones coming with minimum 2 GB", 
            "title": "High Priced", 
            "certBuyer": false
        }
    ], 
    [
        {
            "rating": 4, 
            "helpful": 2, 
            "author": "suryatej", 
            "text": "very light in weight  and  no lag in performance.looks and feels is  really premium. Battery \nlast for a whole day for normal usage and even last longs on WI-FI.  OLED HD multi-touch capacitive touchscreen with Automatic brightness control is good .", 
            "title": "nice to use", 
            "certBuyer": true
        }
    ], 
    [
        {
            "rating": 2, 
            "helpful": 4, 
            "author": "Sumit kumar manna", 
            "text": "Too much over priced as per the specifications.Its totally waste of money to buy this product.", 
            "title": "Lumia 650", 
            "certBuyer": false
        }
    ], 
    [
        {
            "rating": 1, 
            "helpful": 2, 
            "author": "Akshay Nandvikar", 
            "text": "I've used this phone for some 2 months now , below is my observations : \nPros : \n\n- Display \n- Built Quality \n- Window OS \n\nCons : \n\n- Too slow \n- Very frequent Hanging, lags a lot in every other task\n- Battery doesn't last for even a day \n\n\nI think the snapdragon 212 processor is the real culprit, because the phone is too damn slow and every single thing take 2-3 secs to open , it very irritating and annoying. \n\nIts not worth 14,500 rs.\nI am totally disappointed.\nI will not recommend anyone to buy this phone for 14,500 rs, its just not worth it. \n\nDo NOT buy this piece of crap.\n\nThanks\nAkshay", 
            "title": "NOT recommended", 
            "certBuyer": false
        }
    ], 
    [
        {
            "rating": 2, 
            "helpful": 1, 
            "author": "Flipkart Customer", 
            "text": "Not a good phone\nSlow", 
            "title": "Moderate", 
            "certBuyer": true
        }
    ], 
    [
        {
            "rating": 5, 
            "helpful": 1, 
            "author": "Ranjit Kumar", 
            "text": "Its a very good phone though it has Snapdragon 212 processor. trust me you will never feel Hang or Lag as Windows 10 is smooth OS.\nthe touch screen of this phone is incredible.\n\nPros - \nLight weight (110g) & superb thin (6.9mm)\nGood camera\nAMOLED Display\n\nCons-\nBattery could have been better but it is lasting around 1.5 Days with normal usage.", 
            "title": "Excellent Lumia phone ever", 
            "certBuyer": true
        }
    ], 
    [
        {
            "rating": 1, 
            "helpful": 1, 
            "author": "Pranav Kumar", 
            "text": "Every time after updating windows I've to reset my phone and this time after resetting also it doesn't work. It worst.", 
            "title": "Nothing is good.", 
            "certBuyer": true
        }
    ], 
    [
        {
            "rating": 5, 
            "helpful": 1, 
            "author": "sandeep bhatia", 
            "text": "I just love this phone. Highlights are very light, awesome finish and look. Cool windows 10, nice touch and display, looks really nice in hands. Cortana is too good. Camera and video are tested multiple times and quality is very good. 16 GB phone with dual sim, no issue with sound quality. It is worth for its money and i am in love with it. Works on 4G and no issues of drops or quality as long as telco is not providing services.\nNo heating issues on videos or gaming for long time. My kid keeps play game and this phone stays there till its last breath.\nBattery life is good, it stays for 24 hrs after its in continuous use of 3G,4G, WhatsApp and phone clicking.. and gaming.\nAt this price this is trusted and worthy phone.", 
            "title": "Love this phone", 
            "certBuyer": true
        }
    ], 
    [
        {
            "rating": 3, 
            "helpful": 1, 
            "author": "Stephen Joseph", 
            "text": "Good looking phone", 
            "title": "The price is reduced by 30%. Should be 10k now", 
            "certBuyer": false
        }
    ], 
    [
        {
            "rating": 5, 
            "helpful": 1, 
            "author": "Arvind Bassan", 
            "text": "I found it best phone in the market within this range. \n\nYes, it's bit expensive but it is worth due to its quality, reliability and durability.", 
            "title": "Best Phone", 
            "certBuyer": false
        }
    ], 
    [
        {
            "rating": 4, 
            "helpful": 1, 
            "author": "Sachuz", 
            "text": "This would be one of the best n stylish phone in lumia series. \n\nLooks 4/5\nPerformance 3/5\nCamera 4/5\nBattery 2/5\nDisplay 4/5\nOS 3/5 \n\nWindows 10 looks good... \n\nI am completely satisfied with my Lumia 650", 
            "title": "Sexy phone", 
            "certBuyer": false
        }
    ], 
    [
        {
            "rating": 5, 
            "helpful": 1, 
            "author": "TANMAY DAS", 
            "text": "It is an amazing,hangless,superb phone..superfast internet and many other features of window 10 class.", 
            "title": "microsoft lumia 650 window 10 mobile", 
            "certBuyer": false
        }
    ], 
    [
        {
            "rating": 5, 
            "helpful": 0, 
            "author": "Abhishek Kanje", 
            "text": "Gud one", 
            "title": "Terrific purchase", 
            "certBuyer": true
        }
    ], 
    [
        {
            "rating": 5, 
            "helpful": 0, 
            "author": "sjswaroop ", 
            "text": "good", 
            "title": "Classy product", 
            "certBuyer": true
        }
    ], 
    [
        {
            "rating": 1, 
            "helpful": 0, 
            "author": "kaushik Roy", 
            "text": "Its a bad phone. .i m a Windows fan. Though this one is very bad", 
            "title": "Very poor", 
            "certBuyer": true
        }
    ], 
    [
        {
            "rating": 5, 
            "helpful": 0, 
            "author": "SRIHARI  PRASANNAN", 
            "text": "Bought for a friend. He is extremely happy with it. Very light weight and good battery backup.", 
            "title": "Terrific purchase", 
            "certBuyer": true
        }
    ], 
    [
        {
            "rating": 5, 
            "helpful": 0, 
            "author": "Suraj Panda", 
            "text": "Perfect", 
            "title": "Perfect", 
            "certBuyer": true
        }
    ], 
    [
        {
            "rating": 1, 
            "helpful": 0, 
            "author": "Nitya Naik", 
            "text": "Worst product", 
            "title": "Utterly Disappointed", 
            "certBuyer": true
        }
    ], 
    [
        {
            "rating": 1, 
            "helpful": 0, 
            "author": "Vijender Pal singh", 
            "text": "Many time Better than android. i am searching from last 6 month. finely i found & purchase  I don't know why Microsoft role back from market.", 
            "title": "Nice product", 
            "certBuyer": true
        }
    ], 
    [
        {
            "rating": 1, 
            "helpful": 0, 
            "author": "Rajesh Toshniwal", 
            "text": "Not up to Mark as per cost paid look like ordinary phone", 
            "title": "Terrible product", 
            "certBuyer": true
        }
    ], 
    [
        {
            "rating": 5, 
            "helpful": 0, 
            "author": "Flipkart Customer", 
            "text": "Very good product.........", 
            "title": "Worth every penny", 
            "certBuyer": true
        }
    ], 
    [
        {
            "rating": 5, 
            "helpful": 0, 
            "author": "Flipkart Customer", 
            "text": "Awesome phone and good battery backup", 
            "title": "Awesome phone", 
            "certBuyer": false
        }
    ], 
    [
        {
            "rating": 5, 
            "helpful": 0, 
            "author": "Shivam Tiwari", 
            "text": "Best phone", 
            "title": "Perfect product!", 
            "certBuyer": true
        }
    ], 
    [
        {
            "rating": 4, 
            "helpful": 0, 
            "author": "Brindha Arulkumar", 
            "text": "Good product but Bluetooth have problem", 
            "title": "Good quality product", 
            "certBuyer": false
        }
    ], 
    [
        {
            "rating": 4, 
            "helpful": 0, 
            "author": "Flipkart Customer", 
            "text": "Best\nBut Don't buy any Windows phone.I was big fan of windows phone infant I have two phone but it's having much problems.", 
            "title": "Value-for-money", 
            "certBuyer": true
        }
    ], 
    [
        {
            "rating": 5, 
            "helpful": 0, 
            "author": "Devansh Dixit", 
            "text": "I am satisfied .", 
            "title": "excellent phone.", 
            "certBuyer": false
        }
    ], 
    [
        {
            "rating": 5, 
            "helpful": 0, 
            "author": "Karthickraja Srinivasan", 
            "text": "Marvalous display and performance. Camera quality is ok.", 
            "title": "Must buy!", 
            "certBuyer": true
        }
    ], 
    [
        {
            "rating": 5, 
            "helpful": 0, 
            "author": "Flipkart Customer", 
            "text": "The best smart phone", 
            "title": "Perfect product!", 
            "certBuyer": true
        }
    ], 
    [
        {
            "rating": 1, 
            "helpful": 0, 
            "author": "Shubham  Kumar", 
            "text": "1 star for Excess price for this entry level phone. This review is meant for the product only.. the seller Flipkart are awesome..", 
            "title": "Just okay", 
            "certBuyer": true
        }
    ], 
    [
        {
            "rating": 5, 
            "helpful": 0, 
            "author": "MUKUND PATEL", 
            "text": "I got as i except.", 
            "title": "Premium product", 
            "certBuyer": true
        }
    ], 
    [
        {
            "rating": 5, 
            "helpful": 0, 
            "author": "Tapan Tripathi", 
            "text": "I got this on an offer...Looks pretty classy and works great...as usual Windows OS is great for productivity, multitasking, and battery life.", 
            "title": "Great Phone!!!", 
            "certBuyer": true
        }
    ], 
    [
        {
            "rating": 5, 
            "helpful": 0, 
            "author": "IGNACE BARLA", 
            "text": "Excellent product for me  everything is perfect finally I got it", 
            "title": "Terrific purchase", 
            "certBuyer": true
        }
    ], 
    [
        {
            "rating": 5, 
            "helpful": 0, 
            "author": "Anbu", 
            "text": "excellent display\nwin 10 is good escp after updates\nbattery last for a day with moderate usage\nbuild quality is fantastic\noverall nice product", 
            "title": "good phone", 
            "certBuyer": false
        }
    ], 
    [
        {
            "rating": 3, 
            "helpful": 0, 
            "author": "Tyndale Praveen", 
            "text": "It needs more features like 3gb ram , front cam flash , Android apps , auto cooling , double tap to wake-up , update in UI.... many apps", 
            "title": "Just okay", 
            "certBuyer": false
        }
    ], 
    [
        {
            "rating": 4, 
            "helpful": 0, 
            "author": "Pathan Inthiyaz", 
            "text": "Good phone..\n\nPros:\n\nLight weight\nNice design and finishing\nNo hanging like other Android mobiles\nSimple and user friendly in navigations/search etc\nFast in mobile data when compare to android\n\nCorns: \nLight heat when we use mobile data continously\nBattery backup should increases till", 
            "title": "Nice product from Microsoft", 
            "certBuyer": true
        }
    ], 
    [
        {
            "rating": 4, 
            "helpful": 0, 
            "author": "Krishna Nakhate", 
            "text": "bought this phone and have used it with latest updates . the device works great", 
            "title": "great device", 
            "certBuyer": true
        }
    ], 
    [
        {
            "rating": 5, 
            "helpful": 0, 
            "author": "Nayan  Saha ", 
            "text": "Very good", 
            "title": "Very nice", 
            "certBuyer": false
        }
    ], 
    [
        {
            "rating": 3, 
            "helpful": 0, 
            "author": "Vishal Shrikant", 
            "text": "Need operational applications, since just with MS performing it wont work after all its a Smart Phone.", 
            "title": "Overall good, but applications to perform better.", 
            "certBuyer": true
        }
    ], 
    [
        {
            "rating": 5, 
            "helpful": 0, 
            "author": "Pranab Bose", 
            "text": "good", 
            "title": "good", 
            "certBuyer": true
        }
    ], 
    [
        {
            "rating": 4, 
            "helpful": 0, 
            "author": "Abhishek Singh", 
            "text": "Excellent phone. nice sound graphics and excellent camera so far in the price range. Just one thing missing from old lumia. Double tap to wake up phone.", 
            "title": "Great Product", 
            "certBuyer": true
        }
    ], 
    [
        {
            "rating": 5, 
            "helpful": 0, 
            "author": "Narendra Kumar Varma", 
            "text": "Was waiting for this phone and when it launched I bought this without second thought. This is my first windows phone and to my surprise it just amazing though it lacks apps which I loved to use on my android phones. The build quality is really great and it catches eyes of others whenever I take my phone out of my pocket.", 
            "title": "Now that's a Lumia phone", 
            "certBuyer": true
        }
    ], 
    [
        {
            "rating": 4, 
            "helpful": 0, 
            "author": "Raja Arumugam", 
            "text": "Good to use.  Price Worth . Good battery backup. Good windows Mobile", 
            "title": "Raja", 
            "certBuyer": true
        }
    ], 
    [
        {
            "rating": 1, 
            "helpful": 3, 
            "author": "Flipkart Customer", 
            "text": "This mobile is really bad. It hangs everyday, 2-3 times in a day. On its own, the ring tone goes mute, or it automatically switches of some function. I have used so many different phones over the years but this one is really bad and to thing that I paid 14,339 for this product. Mobiles at half the cost have much better performance. This product is a waste of time. DO NOT BUY IT.", 
            "title": "Miscrosoft Lumia 650", 
            "certBuyer": false
        }
    ], 
    [
        {
            "rating": 1, 
            "helpful": 1, 
            "author": "hassan abidi", 
            "text": "I bought this from Microsoft store, after 4-5 days I discovered a serious problem. It used to get hang whenever I turned the location on or off, I had to restarted it every now and then. I took it to store \n-- store___ we can't do anything as it's more than 4 days\n--center ___ I got cell after 2-3 hours, problem was very there and I would only take my phone after a month...poor poor very poor. \nI bought it in 15k, sold it to someone in 8k in less than a month. Shame._!_", 
            "title": "Did not meet expectations", 
            "certBuyer": false
        }
    ], 
    [
        {
            "rating": 1, 
            "helpful": 1, 
            "author": "Sandeep Singh", 
            "text": "Veryyyyy bad phone ;hang problem from 1st day", 
            "title": "Lumia 650", 
            "certBuyer": false
        }
    ], 
    [
        {
            "rating": 5, 
            "helpful": 2, 
            "author": "Avnish Yadav", 
            "text": "Courier service is too bad.I got  after 17 days of  placing order...", 
            "title": "Wonderful", 
            "certBuyer": true
        }
    ], 
    [
        {
            "rating": 1, 
            "helpful": 3, 
            "author": "sushma", 
            "text": "never go with this product. this is the worst phone i ever used. flipkart service in return of the product is very poor very much disappointed about the service n decided not to buy anything from flipkart. no need of any rating for the product and flipkart service", 
            "title": "very poor service by flipkart n worst product", 
            "certBuyer": true
        }
    ], 
    [
        {
            "rating": 1, 
            "helpful": 2, 
            "author": "Sachin Patil", 
            "text": "wake up microsoft and low down the price for this low specification and camera as compared to android", 
            "title": "to high price as compared to other specifications", 
            "certBuyer": false
        }
    ], 
    [
        {
            "rating": 3, 
            "helpful": 1, 
            "author": "Gyanranjan Pradhan", 
            "text": "Flipkart already decreased price of 950 and 640XL then why price of this is so high than other seller.\n\nFlipkart should work on this also", 
            "title": "Price at Flipkart is very high", 
            "certBuyer": false
        }
    ], 
    [
        {
            "rating": 1, 
            "helpful": 1, 
            "author": "afzal", 
            "text": "itz too much price from microsoft, ............................................................................................................", 
            "title": "toooo much price :(", 
            "certBuyer": false
        }
    ], 
    [
        {
            "rating": 1, 
            "helpful": 5, 
            "author": "paul", 
            "text": "battery 1/10..\n its charge 3 times in a day for normal conditions\n\"full time mobile data is ON  then use a power bank with u always\"", 
            "title": "waste phone", 
            "certBuyer": false
        }
    ], 
    [
        {
            "rating": 1, 
            "helpful": 2, 
            "author": "shilpi sharma", 
            "text": "I buy lumia its battery is dumb always i m charging automatically switch off\nplease never buy this phone my whole money is wasted and now they are not exchanging also", 
            "title": "useless phone", 
            "certBuyer": false
        }
    ], 
    [
        {
            "rating": 1, 
            "helpful": 1, 
            "author": "Deepu Raj", 
            "text": "Don't buy any product from sansell as I have ordered lumia 650 I got the same product with  different imei number. as the number differ from the bill they are not taking the item back. and I'm in a loss . plzz don't buy. The item was hanging so I returned.", 
            "title": "Don't buy any product from sansell", 
            "certBuyer": true
        }
    ], 
    [
        {
            "rating": 1, 
            "helpful": 1, 
            "author": "Meera", 
            "text": "Phone is Ok. UI is good. But it is getting heated too soon.\nI had better expectations from 650. I have been a windows phone user for last three years.None of my other phones have got heated up like this", 
            "title": "Getting heated to easily", 
            "certBuyer": false
        }
    ], 
    [
        {
            "rating": 5, 
            "helpful": 0, 
            "author": "Karan Mishra", 
            "text": "Die hard fan of lumia devices....so speech less...", 
            "title": "Five Stars", 
            "certBuyer": true
        }
    ], 
    [
        {
            "rating": 5, 
            "helpful": 0, 
            "author": "Flipkart Customer", 
            "text": "Please make this product available as soon as possible. I'm in desperate need of a new phone and I want this one specially", 
            "title": "Brilliant", 
            "certBuyer": false
        }
    ], 
    [
        {
            "rating": 3, 
            "helpful": 0, 
            "author": "Vishal Shrikant", 
            "text": "Phone build quality is absolutely good also Miscorsoft own application. \nremaining 3rd party application and support application need improvement.\noverall phone is good but for Android users please don't go for it since you wont like it at all.\n\nPlease look for 3rd party application betterment, yes its required.", 
            "title": "Good Looks and Performing Microsoft!", 
            "certBuyer": false
        }
    ], 
    [
        {
            "rating": 3, 
            "helpful": 0, 
            "author": "Anindam Agarwala", 
            "text": "mujhe samaj nahi ata is phone ka price itna jyada kyu hai.. features itna v hyfy nahi .. battery is low......", 
            "title": "high price low features", 
            "certBuyer": false
        }
    ], 
    [
        {
            "rating": 5, 
            "helpful": 0, 
            "author": "Keshava Rao Koppolu", 
            "text": "I have eagerly waited for this product for 2 months since it was announced in mid of Feb 2016. Ordered through Flipkart as soon as it was available in mid of April 2016.\n\nUnfortunately, I got a defective product. So, placed a return request and FlipKart refunded all my amount in full with in no time.\n*** Kudos to FlipKart service on this ***\n\nUsed for about 4 weeks before i figured out that it is a defective product. \nFollowing is my view after using for those 4 weeks\n\nPros :\nLightweight\nClassy look : people used to mistake it with iPhone 6 the moment they see it \nWindows 10 OS is more user friendly\nTouch is good\nCamera is decent enough\n\nCons :\nBattery doesn't last longer : 100% charged and then used WiFi continuously for just WhatsApp chatting. Battery drained completely in about 6-7 hours.", 
            "title": "Decent Product and Excellent Service from FlipKart", 
            "certBuyer": true
        }
    ], 
    [
        {
            "rating": 4, 
            "helpful": 0, 
            "author": "Akherul Islam", 
            "text": "why do not mention headphone in the box........................................................................................", 
            "title": "microsoft lumia 650", 
            "certBuyer": false
        }
    ], 
    [
        {
            "rating": 5, 
            "helpful": 0, 
            "author": "Jack prem", 
            "text": "I am writing this review after using it for almost a week. I bought it from another online shop. Honestly, this is one of the best phones available in this budget. I suggest that you do not go buy the specifications of this phone. You might think that 1GB RAM and 16 GB storage is not enough but it is way more than what is required for windows phone. Moreover, apps can be store in SD cards, which will free up a lot of phone memory. \n\nAppearance:\nDue to the metal mid-frame around the phone, it does have a premium look. It does look sleek, thin and can attract the attention of your friends.\n\nWindows10 OS (Send text/SMS from laptop):\nYes, you can send text message from your laptop using Cortana in Windows10! To do this, you should connect your phone and the laptop to the same wifi. I am still exploring may other synchronised use of windows 10 mobile and PC. The Windows 10 OS looks elegant and titles look much smoother than in windows 8.1. Many features are integrated such in Alarm, you would get timer and stopwatch, so you won\u2019t require separate apps. The notification centre is expandable and has a lot short cuts to activate or deactivate certain functions.  Here Maps is renamed as windows maps. One other major change in Windows 10 is email. If you use 2-3 different emails, all come under one title, which is nicer than windows 8.1.\n\nWeight:\nThe phone is very light. When my friend held it, they were very careful not to drop it as it was very light. You feel that it is in your pocket!\n\nCamera:\nThe rear camera is brilliant during daytime but does the job in low light. The photo processing technology is the same as in Lumia 950. Having said that, the quality of photos did impress many of my friends and family members. They said that it preserves the natural colours.  The front camera is good enough for selfies or skype call. \n\nDisplay:\nWith this price, I was surprised to find that the display is clear. All the natural colours were displayed clearly.  The display is as good as a phone at ?30,000+. \n\nBattery:\nThe battery is ok. I can use the phone for phone calls, check emails, reminders, Facebook, twitter, photo without charging for 9-10 hours. Charging this phone from 10%-100% does not take more than 1.5 hours. \n\nOther features:\nI use it mainly for business purpose. I use onenote, excel, word, powerpoint and office remote (brilliant app). I don\u2019t think any android phone or iphone can replace it. It comes with an inbuilt equaliser, call recorder, glance screen and front speaker which is useful when you do skype or watch a movie. The volume control and phone turn on switch are placed nice on the side of the phone. \n\nApps:\nIt is possible that the total number of apps are less in windows compared to android or iphone but I have all the apps (more than 50) that I need for everyday use. \n\nKeyboard:\nIt is nice and smooth to use it. I found out that you can download many Indian regional languages to type using this keyboard such as Tamil. \n\nCons:\nIt does not have a camera button.\nBattery power could have been increased.\nCamera could have 13 MP\n\nVerdict:\nOverall, it is a premium looking budget phone that is used for business purposes. If you rely on word, ppt, excel and do many presentations, this is the best phone. It has a lot of positive than negatives. So, do not go by specifications. I do recommend it. It is worth spending this amount for this phone. In fact, in my opinion, it is worth more than ?15,000.", 
            "title": "Best premium looking budget phone", 
            "certBuyer": false
        }
    ], 
    [
        {
            "rating": 1, 
            "helpful": 0, 
            "author": "Nitin Balodi", 
            "text": "Rating purely done for its pricing. It is priced at INR 15300 at Microsoft Store. It's still overpriced. Expected to come to a level of 12500", 
            "title": "Its selling more cheaper at Microsoft Store", 
            "certBuyer": false
        }
    ], 
    [
        {
            "rating": 1, 
            "helpful": 2, 
            "author": "Flipkart Customer", 
            "text": "after a so long wait MS release a phone with a shabby spec and no innovation model is as good as having feature of 2013-2014 mobiles\nThe company wants to sell Lumia and expects to survive in market with pricing strategy of Apple (first high and then reduce the price, you are not Apple in this market segment)\nMS grow-up the cost of phone is not even worth 8k\nbeing a fan of Nokia and now continuing with the MS its disappointing to see such immaturity being shown by company towards its slipping customer base", 
            "title": "Pathetic for 15k price", 
            "certBuyer": false
        }
    ], 
    [
        {
            "rating": 1, 
            "helpful": 1, 
            "author": "Vipin", 
            "text": "Not happy with the Flipkart service", 
            "title": "Did not meet expectations", 
            "certBuyer": true
        }
    ], 
    [
        {
            "rating": 1, 
            "helpful": 2, 
            "author": "Dipen Nisar", 
            "text": "The Phone Hangs. Has lots of Lags. you click on something and it opens or runs after a certain lag at times. at these lag times I have no more than 2 or 3 small apps open. Small apps like Whats app, Facebook, Twitter, Emails, Phone, SMS itself show the lag at times. I have reset the phone twice in past 7 days, still the problem exists. I have no games on the phone except for CandyCrush, which too was installed only for testing purpose, which too does not work properly. When you click on apps to open, they open after a time lag at times.", 
            "title": "NOT AT ALL A GOOD BUY.", 
            "certBuyer": true
        }
    ], 
    [
        {
            "rating": 3, 
            "helpful": 1, 
            "author": "abhi", 
            "text": "i am a serious fan of windows mobiles, i was using lumia 620 before i moved to moto g 1st gen, as there was no dual sim option in windows phones  at that time. Now moved back to windows by holding 650, but slightly disappointed by the performance of some apps compare to android. Like true caller, xender etc..\nIf any one one knows how to activate live caller id (TC)  in  L 650, please help.\n\nrating is lowered for not offering good basic apps..", 
            "title": "my experience with lumia 650", 
            "certBuyer": true
        }
    ], 
    [
        {
            "rating": 5, 
            "helpful": 0, 
            "author": "Anil Kumar", 
            "text": "I am using nokia Lumia 520 since 2 years but now phone is getting too slow due to low RAM 64 mb. So need suggestion can I move towards Microsoft 650???\n\nSuggestion required.", 
            "title": "Lumia 520", 
            "certBuyer": false
        }
    ], 
    [
        {
            "rating": 3, 
            "helpful": 0, 
            "author": "Saravanan", 
            "text": "Product is okay but the service by Flipkart is not satisfactory. Product was delivered after 8 days!!!", 
            "title": "...", 
            "certBuyer": true
        }
    ]
]