[
    [
        {
            "rating": 5, 
            "helpful": 103, 
            "author": "Nainesh Modi", 
            "text": "I am writing this review after using this phone for a day\nPros:\n1. Power packed performance\n-> With Quad core processor and 1 GB RAM, this phone is rocking, windows runs smooth on this\n2. Easy to hold and use\n-> With 4\" screen size, this phone is easy to carry in pocket, unlike 5\" screen size phones which are bulky and big in size\n3. Always latest OS\n-> With Windows 8.1 with Denim update and planned upgrade to Windows 10, this phone is going to have latest OS for at-least 2 years \nCons:\n1. Fixed focus camera\n2. No HD recording\n3. 1560 mAh battery (should be at-least 2000 mAh)\n4. No Gorilla glass protection for screen \nI hope this review will be helpful in buying this phone. Do click on yes if this review is helpful.", 
            "title": "Good phone over Lumia 435", 
            "certBuyer": false
        }
    ], 
    [
        {
            "rating": 4, 
            "helpful": 11, 
            "author": "Mohideen Sheik Sulaiman A Anwarsha", 
            "text": "Review after two weeks of usage.\n\nSatisfied with the mobile and the flipkart service.\n\nPros:\nBest buy for this price range. Don't compare this with cheap android phones.\nPerformance is very good.\nTouch is very smooth.\nBattery back up is also good.\n1 GB ram makes the phone very fast.\nLooks stylish\n\nCons:\nCamera is very worst. Secondary camera is useless. 4 star rating because of the camera else I would have given 5.", 
            "title": "Lumia Rockz", 
            "certBuyer": true
        }
    ], 
    [
        {
            "rating": 5, 
            "helpful": 7, 
            "author": "Veeresh Ramappa Yadavannavar", 
            "text": "Everything looks fine and solid. But when i used HERE Maps+ phone switched off automatically,which made me to restart the phone again, I wonder what went wrong!!\nOverall good!!!!!!You guys can buy it.", 
            "title": "good one", 
            "certBuyer": false
        }
    ], 
    [
        {
            "rating": 5, 
            "helpful": 5, 
            "author": "sudeep kumar", 
            "text": "got it for a little less than flipkart from the priority store,thats immateriral.\n1)quad power+1GB RAM makes UI smooth and gaming is just fine played asphalt 8 with a little bit of lag in the background music but none in the game.\n\n2)if you know what to expect from a fixed focus camera you'll be more than satisfied.\nand i disagree with many who say flash is missing,the phone is actually better in low light than many phones with flash and undoubtedly in daylight too,but remember its a 5MP shooter so comparison should be made with 5MP.\n\n3)apps can be installed to the sd card so a class10 16GB will work just fine with no worries of running out of memory for apps.\n\n4)battery lasts more than a day(32 hours and still 20% remaining.) with watsapp,games browsing,calling and music on wi-fi for the whole time (no swithin off now and then).\n\n5)and yes the future proofing,Microsoft promised a 10 update,\nand i asked the priority center about the battery life,they said to expect the nokia trust and yes they will be available after a year or two if it needs replacement.\nmentioned this coz already suffered and XPERIA U in perfect condition but no original battery so the phone is as good as landline phone. i've seen with HTC ans some other brands facing similar issue.\n\n6)screen resolution is pretty decent if compared to cheap micromax and lava handsets.\n\n7)microsoft has released original flip cover too which is also very satisfactory but priced at 450rs.\n\n8)rich skype experience and by rich i mean it,\n2g/3g call quality is awesome.and calls can be converted to skype calls directly from the dialer.\n\n9)PAYTM rs 750 CASHBACK,\nREDBUS SOME OTHER CASHBACKS,\nTRUECALLER 6MONTH PREMIUM, \n500MB 3G ON AIRTEL FOR TWO MONTHS,\nthese bundled features make the phone even more desirable. \nconclusion:\nif you dont want to spend much,\nand dont have too much use of camera,\nclose your eyes and go for it.", 
            "title": "best phone at this price", 
            "certBuyer": false
        }
    ], 
    [
        {
            "rating": 5, 
            "helpful": 10, 
            "author": "Onkar Badve", 
            "text": "if you are looking for long term usage, this phone is good. please do not compare tihs with cheap android phones. if you compare this with Lumia 535, same processor, same amount of RAM, so if you are not looking specifically for camera, you can prefer this over Lumia 535. In my opinion, 4 inch WVGA screens are good for viewing. this phone already comes with latest Denim update pre-installed and Microsoft has promised an update to Windows 10 which makes this phone future proof. this has Glance Screen which was previously available with only high end lumias (1520). i have used current generations of Lumias and i can promise you snappy, responsive UI performance. i am buying this for my Dad.", 
            "title": "this phone will be updated to Windows 10", 
            "certBuyer": false
        }
    ], 
    [
        {
            "rating": 5, 
            "helpful": 7, 
            "author": "Harmeet Singh", 
            "text": "Being low end Lumia windows smart phone, there is no lag (as we can see on most android phones) the device works smooth, touch response is also good, the price is very competitive. I already own Nokia Lumia (NL) 920. NL1020 and currently using NL1520. I just buy Microsoft Lumia 532 and 435 just to check the performance on low end hardware which is great at that price. I will recommend these low end Lumia smart phones 435 & 532 for those who are looking for cheap phone with performance and no lag as android has.", 
            "title": "Microsoft Lumia 532", 
            "certBuyer": true
        }
    ], 
    [
        {
            "rating": 4, 
            "helpful": 3, 
            "author": "Flipkart Customer", 
            "text": "thz is rocking ..too user friendly but only issue is no flash and front cam is bad and although if u r taking thz just invest 1200 bucks more and take a 535 model thats better than thz but in that battery backup is not lik thz i use both the phones so just telling u thz phn rocks ...good for budget ..microsoft innovation is good ...i am user of ios and android but after ios thz ranks better ....", 
            "title": "Nice to use", 
            "certBuyer": false
        }
    ], 
    [
        {
            "rating": 4, 
            "helpful": 4, 
            "author": "Flipkart Customer", 
            "text": "It is great that the phone comes with so many functional apps. It has definitely saved around 200MB of my first data card on this phone. The phone is equally good for students and working people who need a lot of storage on their phone. According to me the best feature in this phone is the 30Gb cloud storage.\n\nVideo calling via Skype is pretty neat. I can customize the home screen, adjust the size of the pins. In short, I can say that this is my phone by personalizing and customizing it in a way I want.  Cashback offers is really a plus point. The performance is really great. It is not sluggish like other Smartphones that come within this price bracket. And the thing that it will get the Win 10 updates truly proves that it is a worthy investment.", 
            "title": "Smart Budget Phone", 
            "certBuyer": false
        }
    ], 
    [
        {
            "rating": 5, 
            "helpful": 2, 
            "author": "Gangadhar Yadav", 
            "text": "I bought this phone after being an Hardcore fan of Motorola..From MotoRazer to Moto E i have used all the handsest and using Android application is not that interesting when u use a Windows Phone...U will be different from others and u keep on exploring new things from this phone....U will never get bored if u r a techie..Great phone for a person who want to explore new things in life", 
            "title": "Brilliant Experience", 
            "certBuyer": true
        }
    ], 
    [
        {
            "rating": 3, 
            "helpful": 6, 
            "author": "Vishnu Vardhan Reddy. S", 
            "text": "Cons: \n\n1)Charging does't lasts for more than 12 hours.\n\n2) Front Cam is useless\n\n3) Rear cam is not good in night times\n\n4) Some times lags", 
            "title": "Not Bad", 
            "certBuyer": false
        }
    ], 
    [
        {
            "rating": 5, 
            "helpful": 1, 
            "author": "Flipkart Customer", 
            "text": "Whether it is Skype or MS Office, Microsoft Lumia 532 comes integrated with amazing features so as to make tasks easier. Also since it runs smoothly on its quad core processor, it doesn\u2019t take too much time to function. The strong battery back up enables the user to keep it running through out the day by charging it for just once. Its 4 inches display with a very good viewing angle and touch responsiveness makes video calls and games a much better experience. For photography it comes with a 5 MP primary camera and a VGA camera in the front.", 
            "title": "Experience The Fast And Smooth Lumia 532", 
            "certBuyer": false
        }
    ], 
    [
        {
            "rating": 4, 
            "helpful": 1, 
            "author": "Flipkart Customer", 
            "text": "I wanted to buy an android first but due to of some very good reasons I shifted to the Windows Phone. My brand new Microsoft Lumia 532 supports features that an android within the same price range could never have.\u2022 Performance: The Lumia 532 puts forward a great performance and all because of its quad core processor and 1 GB RAM.  \u2022 Battery: Its 1560 mAh battery is amazingly good. I can keep it on for the whole day by charging it only once.  \u2022 Dual SIM Support: the handset comes with all the benefits of a dual SIM phone from managing contacts to cutting call costs. \u2022 Windows Phone Features: The handset comes with the latest Windows Phone features such as Skype, Office and One drive. \u2022 Storage: Along with 8 GB Mass memory it also supports another 128 GB on the SD card.", 
            "title": "Lumia 532 In Part By Part", 
            "certBuyer": false
        }
    ], 
    [
        {
            "rating": 1, 
            "helpful": 2, 
            "author": "Dayal Vishw", 
            "text": "price is 6999 and microsoft selling price 6499 why you flipkart taking extra 500rs.... \nbetter wait for a month price will fall down to 5k is enough for this mobile...", 
            "title": "about price.", 
            "certBuyer": false
        }
    ], 
    [
        {
            "rating": 1, 
            "helpful": 1, 
            "author": "Ramdas Dande", 
            "text": "battery heated and packing of lumia products like battery n mobile also not good ...flipkart packing good", 
            "title": "Not good", 
            "certBuyer": true
        }
    ], 
    [
        {
            "rating": 1, 
            "helpful": 2, 
            "author": "Ajay", 
            "text": "Too costly for what this mobile provides. Lava iris win1 is a good buy over this if you intend tobuy a windows phone else Lenovo A6000 is the best device\nNO Auto focus camera\nNo flash\nScreen is not hd\n\nIf you are an old person then go for this mobile or else don't buy it you will frustrate buying this. \nThis mobile should be priced below RS 5000/-", 
            "title": "think before you buy", 
            "certBuyer": false
        }
    ], 
    [
        {
            "rating": 5, 
            "helpful": 0, 
            "author": "Debsankar Patra", 
            "text": "Very good", 
            "title": "Brilliant", 
            "certBuyer": true
        }
    ], 
    [
        {
            "rating": 2, 
            "helpful": 0, 
            "author": "Ranjit Gupta", 
            "text": "Phone is good but display is not to good.", 
            "title": "Slightly disappointed", 
            "certBuyer": true
        }
    ], 
    [
        {
            "rating": 5, 
            "helpful": 0, 
            "author": "Flipkart Customersar", 
            "text": "Good", 
            "title": "Awesome", 
            "certBuyer": true
        }
    ], 
    [
        {
            "rating": 5, 
            "helpful": 0, 
            "author": "Nomaan Khan", 
            "text": "Nokia product always good, and this is one of them.", 
            "title": "Awesome", 
            "certBuyer": true
        }
    ], 
    [
        {
            "rating": 3, 
            "helpful": 0, 
            "author": "Arjun  Prasad ", 
            "text": "It's good but not as expected..... Better to go with Android.....", 
            "title": "Does the job", 
            "certBuyer": true
        }
    ], 
    [
        {
            "rating": 5, 
            "helpful": 0, 
            "author": "ARPAN KUMAR PAL", 
            "text": "Good phone. No lag.", 
            "title": "Super!", 
            "certBuyer": true
        }
    ], 
    [
        {
            "rating": 1, 
            "helpful": 0, 
            "author": "Pranoti  Pisal", 
            "text": "The phone is not good at all....writing this review after 1.9 yrs of usage ...... Being a moderate user i faced many problems with this phone such as lags quite offen touch issues battery problems n etc. .... plz dont buy this phone", 
            "title": "Faced minor issues", 
            "certBuyer": true
        }
    ], 
    [
        {
            "rating": 1, 
            "helpful": 0, 
            "author": "Flipkart Customer", 
            "text": "Local phone.", 
            "title": "Worst experience ever!", 
            "certBuyer": true
        }
    ], 
    [
        {
            "rating": 5, 
            "helpful": 0, 
            "author": "Flipkart Customer", 
            "text": "Great phone at great price.loved it.n so fast delivery.5 stars for flipkart.", 
            "title": "Brilliant", 
            "certBuyer": true
        }
    ], 
    [
        {
            "rating": 4, 
            "helpful": 0, 
            "author": "Tripurari Gupta", 
            "text": "Is there any warranty available with this product or not?", 
            "title": "Warranty detail is not mentioned with this product.", 
            "certBuyer": false
        }
    ], 
    [
        {
            "rating": 5, 
            "helpful": 0, 
            "author": "Narendra Kumar Varma", 
            "text": "I bought this phone cause Microsoft was providing Windows 10 update and say what I finally upgraded my phone to Windows 10 OS. It feels really good on this phone. There are some good features added to this. To upgrade you need to download Windows advisor app to your phone using store.", 
            "title": "Worth buying", 
            "certBuyer": true
        }
    ], 
    [
        {
            "rating": 3, 
            "helpful": 0, 
            "author": "Asit Bhushan", 
            "text": "If you are looking for Ok Ok phone then its Ok\nNo apps working fine some thing wrong with this...\n\nPhone doesn't hang ... call quality is good... message is not coming into thread ... they are comes as a separate message.\nGames are good\nMap is not good ... internet is not very fast.", 
            "title": "Ok Ok", 
            "certBuyer": true
        }
    ], 
    [
        {
            "rating": 4, 
            "helpful": 0, 
            "author": "Nilesh Nayak", 
            "text": "Great phone , no lags , user interface is friendly and most important is the Microsoft brand name . Overall the phone is funky with upgrades . A decent camera but lacks flash . Overall a decent phone for those who loves windows.", 
            "title": "Lumia 532", 
            "certBuyer": true
        }
    ], 
    [
        {
            "rating": 5, 
            "helpful": 0, 
            "author": "Ram Vignesh", 
            "text": "Awsome Product super No Lags no any hang of high games , 2gb Games also smooth running fastest speed of Whatsapp I Never Clear chat History of whatsapp in 6 months but no any lag of whatsapp in fast running primary camera is ok but front camera is just 0.3mb camera but this price is awsome and very good phone and use", 
            "title": "Sooooopppppppeeeeerrrrrrrrrrrrr Awsome", 
            "certBuyer": true
        }
    ], 
    [
        {
            "rating": 5, 
            "helpful": 0, 
            "author": "Hari", 
            "text": "Lumia 532 is the best phone at this price. It is very fast and smooth to handle. The camera quality is good.", 
            "title": "Best phone at this price", 
            "certBuyer": false
        }
    ], 
    [
        {
            "rating": 5, 
            "helpful": 0, 
            "author": "Manisha S", 
            "text": "Using this phone since 3 weeks now. The touch is damn smooth. i had to switch from iphone 4s to this phone and m still satisfied at this price. \nThe phone has no flash and the camera quality is not as awesome as high end phones but its not very bad as well. Thanks to the primary camera though that is lacking in lumia 435. \nFor those who want to shell out only 7k or so for a smartphone ... no doubt this is best. No lag at all.Swift and smooth.\nHappy!", 
            "title": "Best Buy at this price!", 
            "certBuyer": false
        }
    ], 
    [
        {
            "rating": 1, 
            "helpful": 0, 
            "author": "rohit nair", 
            "text": "the problem is with the os.\ni just hate the windows phone operating system.\nthe os is too slow for me. apps take too long to install, run or exit. the Windows phone OS does not do justice to the hardware. the windows store is bullsh*t. the OS is too slow to navigate or do any simple task. it seems like to take years to do simple tasks in windows phone which any android or apple phone can do in seconds.\nthe most boring OS in the world.", 
            "title": "hate the os.", 
            "certBuyer": true
        }
    ], 
    [
        {
            "rating": 4, 
            "helpful": 0, 
            "author": "amit ahri", 
            "text": "My Microsoft Lumia 532 is an amazing dual SIM smartphone that comes for an even amazing price. It is infact the best of its kind since despite its humble price bracket it has still managed to put in features that are usually in other cases found mainly in the high end smartphones. Thus features like Skype, Office and OneDrive have also found a place on Lumia 532. It is a complete performer and the since the handset runs on a quad core processor and 1 GB RAM it leaves no scope for a slow and staggering performance. The storage capacity is great and so is the battery back up.", 
            "title": "The Highly Impressive Smartphone", 
            "certBuyer": false
        }
    ], 
    [
        {
            "rating": 5, 
            "helpful": 0, 
            "author": "sanidhya", 
            "text": "One of the major things to look forward to in Microsoft Lumia 532 is the fact that it manages to run smoothly even under the pressure of multiple active apps. Its quad core processor is indeed commendable and along with the 1 GB RAM it manages to deliver a stunning performance. And it does not end there, Lumia 532 also looks gorgeous and everything from video calls to games turns into an amazing experience on it 4 inches LCD display. It offers a free storage of 30 GB on OneDrive which is a big thing as it is a huge storage for all types of files. The battery back up and the camera features too are quite impressive. I am really satisfied!", 
            "title": "Lumia 532: The Real Performer", 
            "certBuyer": false
        }
    ], 
    [
        {
            "rating": 4, 
            "helpful": 0, 
            "author": "vinayak", 
            "text": "If there is one phone I was completely sure about at the time of purchasing, it is the Microsoft Lumia 532. This dual SIM handset comes in a small size and a number of colour choices and has been filled with apps and other features. Apart from a strong quad core processor and a powerful battery back up, it also comes with a lot of storage capacity. The 8 GB mass memory and 128 GB extendable memory has been further strengthened by 30 GB free storage on One Drive.", 
            "title": "Absolutely An Amazing Smartphone", 
            "certBuyer": false
        }
    ], 
    [
        {
            "rating": 1, 
            "helpful": 0, 
            "author": "ARVIND GUPTA", 
            "text": "Big name to shame- Microsoft!\n\nNever recommend anyone to go for Microsoft phone. They have the worst hardware problem with their mobile motherboard. All of sudden the phone crashes stating unable to boot option and then the mobile is of no use unless one spends 7k to mend it. Had written and spoken to their customer support but got zero response.\n\nDO NOT RECOMMEND IT.", 
            "title": "Big name to shame- Microsoft!", 
            "certBuyer": false
        }
    ], 
    [
        {
            "rating": 4, 
            "helpful": 0, 
            "author": "Kousik Roy", 
            "text": "Received the phone yesterday. It's running very fine. It took updates and working well. Only flash is not there. Otherwise it's very good.", 
            "title": "Lumia is good", 
            "certBuyer": true
        }
    ], 
    [
        {
            "rating": 5, 
            "helpful": 0, 
            "author": "Sarthak Dey", 
            "text": "I owned a lumia 520 before this.. The camera in 532 is fixed focus which is not good, photos get blurry if you take them too up close.. Front cam is ok for a front cam.\nNo magnetometer (compass).. Everything else is superb.. Awesome speed, loving it.. Go for it if you want speed.", 
            "title": "Great (except camera)", 
            "certBuyer": true
        }
    ], 
    [
        {
            "rating": 3, 
            "helpful": 0, 
            "author": "sanjeev singh", 
            "text": "its good phone in this price range but it doesnt have feel of lumia. i use lumia 720 and thats awsome. but this 532 doesnt have lumia platform. looks like a cheap plastic unlike its higher ranges. if u r price concious then OK to buy", 
            "title": "No feel of lumia", 
            "certBuyer": true
        }
    ], 
    [
        {
            "rating": 4, 
            "helpful": 0, 
            "author": "Flipkart Customer", 
            "text": "it just looking good, with this amount.., front camera, flash light, and battery life only is less, but all other feauters same in  535, so., good phone for this amount....", 
            "title": "good phone for this money.....", 
            "certBuyer": false
        }
    ], 
    [
        {
            "rating": 5, 
            "helpful": 0, 
            "author": "Md Jasim", 
            "text": "buy 5668 but this is very fast best buy lock very quit normal size microsoft lumia 532 dual sim net use very soft & fast", 
            "title": "very nice phone very fast", 
            "certBuyer": true
        }
    ], 
    [
        {
            "rating": 4, 
            "helpful": 0, 
            "author": "Flipkart Customer", 
            "text": "Its a good one for the cost .It is phone with present day basic requirements,Look is not so great ,I have rate it five if it has better look", 
            "title": "Good phone", 
            "certBuyer": false
        }
    ], 
    [
        {
            "rating": 1, 
            "helpful": 0, 
            "author": "Anand Chaudhuri", 
            "text": "1. Get Hangs ..\n2)Charging does't lasts for more than 10 hours.\n3) Front Cam is useless\n4) Rear cam is not good in night times\n5) Airtel 3 G work very slow\n6 ) email has lot of issues you can not set follow up , reminders etc.\n7 ) Difficult menus ...\n\nIf you are in IT then only buy this phone.", 
            "title": "Poor Phone", 
            "certBuyer": true
        }
    ], 
    [
        {
            "rating": 5, 
            "helpful": 0, 
            "author": "Flipkart Customer", 
            "text": "\"I bought Lumia 532 a few weeks back and I am satisfied with the experience. Here are the good things about Microsoft Lumia 532.\u2022 It has dual SIM support\n\u2022 Functions smoothly without getting stuck because of its powerful quad core processor and 1 GB RAM. \n\u2022 Microsoft Lumia 532 comes preloaded with apps like Facebook, twitter etc. \n\u2022 Interesting Windows Phone features have been integrated with the phone such as the Skype or the 30 GB free OneDrive. \n\u2022 Good battery life.\n\u2022 Ample storage capacity with 8 GB RAM and 128 GB extendable\n\"", 
            "title": "All The Good Things About Lumia 532", 
            "certBuyer": false
        }
    ], 
    [
        {
            "rating": 5, 
            "helpful": 0, 
            "author": "rakhi", 
            "text": "Before I start reviewing Microsoft Lumia 532 dual SIM handset I must first clear out that it is a budget smartphone and has a price tag that is well within the 10K mark. Thus the kinds of features that have been put into it are way above what you pay for it.Firstly, it is difficult to find such speed and smoothness even in the high end androids. Ofcourse the combination of the 1.2 GHz quad core processor and the 1 GB RAM works absolutely fine. Also its long battery life keeps it going for the whole day. The Windows Phone features on my Lumia 532 include the Skype, Office and 30 GB free OneDrive storage and all came completed integrated.", 
            "title": "Affordable Handset With Pricey Features", 
            "certBuyer": false
        }
    ], 
    [
        {
            "rating": 5, 
            "helpful": 0, 
            "author": "Aman", 
            "text": "Microsoft Lumia 532 is a Dual SIM smartphone for the masses and comes within a very affordable price range. But I bought it not only for the price but also for the features it came with. Apart from the dual SIM support, the Lumia 532 also has a very strong hardware support. It is one of the best handsets I have used given its price and performance.  The 1.2GHz Quad Core Snapdragon processor aided by the 1 GB RAM offers a smooth performance. Also it has an impressive storage capacity of 8 GB internal memory and 128 GB extendable memory. These, along with the Windows Phone features like the Skype, One Drive etc have made Lumia 532 a truly awesome smartphone.", 
            "title": "The Lumia For The Mass", 
            "certBuyer": false
        }
    ], 
    [
        {
            "rating": 5, 
            "helpful": 0, 
            "author": "Flipkart Customer", 
            "text": "I was getting a good price for Lumia phones online and purchased the Microsoft Lumia 532 instantaneously and got it within a couple of days. It is a beautiful looking dual SIM smartphone that has been built very strong for rough usage. No matter how I handle it, it seems to work smoothly without a problem.Also its quad core processor and the 1 GB RAM ensures high speed in its operations. I find the Windows Phone features, the Skype and the MS Word highly useful. Infact the handset comes with a VGA front camera for the Skype video calls. But the 5 MP wide angle primary camera is decent device for capturing good quality photographs.", 
            "title": "The Beautiful Dual SIM Phone With Smart Features", 
            "certBuyer": false
        }
    ], 
    [
        {
            "rating": 5, 
            "helpful": 0, 
            "author": "Krishna", 
            "text": "I was getting a good price for Lumia phones online and purchased the Microsoft Lumia 532 instantaneously and got it within a couple of days. It is a beautiful looking dual SIM smartphone that has been built very strong for rough usage. No matter how I handle it, it seems to work smoothly without a problem.Also its quad core processor and the 1 GB RAM ensures high speed in its operations. I find the Windows Phone features, the Skype and the MS Word highly useful. Infact the handset comes with a VGA front camera for the Skype video calls. But the 5 MP wide angle primary camera is decent device for capturing good quality photographs.", 
            "title": "The Beautiful Dual SIM Phone With Smart Features", 
            "certBuyer": false
        }
    ], 
    [
        {
            "rating": 5, 
            "helpful": 0, 
            "author": "sanjayz kumar", 
            "text": "this phone just amazing and i buyed this phone as i have less money and then it came to my home  after 4 day ,phone seem to solid and good and i used 2 days after tht i used many apps and games ,songs, maps :i would be amazed tht this phone is talking to telling me direction,i used this to every where i going,emergency calls,superb camera . my old phone samsung galaxy star pro with this phone and i noticed tht Microsoft Lumia 532 is the very fast speed as it ram 1 gb...kk................take this phone where ever u go ,it never leave u and fail u,take it as ur life partner", 
            "title": "amazing product", 
            "certBuyer": false
        }
    ], 
    [
        {
            "rating": 1, 
            "helpful": 0, 
            "author": "clara  mable dsa", 
            "text": "Nor good", 
            "title": "Terrible product", 
            "certBuyer": true
        }
    ], 
    [
        {
            "rating": 1, 
            "helpful": 0, 
            "author": "moumita barh", 
            "text": "Wrist phone...!!", 
            "title": "Hated it!", 
            "certBuyer": true
        }
    ], 
    [
        {
            "rating": 4, 
            "helpful": 0, 
            "author": "T V S K Vivek", 
            "text": "for these features at just 6.5k is very good", 
            "title": "simly good", 
            "certBuyer": false
        }
    ], 
    [
        {
            "rating": 5, 
            "helpful": 0, 
            "author": "DEENA DAYALAN", 
            "text": "awesome...........................................................................................................................................................................................................................................................", 
            "title": "lumia", 
            "certBuyer": true
        }
    ], 
    [
        {
            "rating": 4, 
            "helpful": 0, 
            "author": "Avirup Aditya", 
            "text": "Does this phone supports whatsapp and usb otg? please help me. I have used other windows phones now i'm planning to buy this. but only this two question are not giving me confidence.", 
            "title": "Want to know something", 
            "certBuyer": false
        }
    ], 
    [
        {
            "rating": 1, 
            "helpful": 0, 
            "author": "Jatin Jain", 
            "text": "Within 6 days Price is increased by Rs 600. On 22nd April it was available for Rs 5759 and now the price is Rs 6299.", 
            "title": "Price Increased", 
            "certBuyer": true
        }
    ]
]