[
    [
        {
            "certBuyer": true,
            "helpful": 298,
            "text": "This phone is completely awesome, looks are just amazing and feels very good in hand..\nBut then I think that within this price bracket they should have added features like:-\nPocket mode\nSilent toggle buttons\nBattery percentage cannot be seen in the status bar.\nCamera is laggy when it comes to depth mode.",
            "rating": 4,
            "author": "Flipkart Customer",
            "title": "Value-for-money"
        }
    ],
    [
        {
            "certBuyer": true,
            "helpful": 433,
            "text": "Ordered the mobile on 2nd day of launch with exchange and HDFC discount, which was very good bargain as I got this phone at 13409.\n\nPros\n\nGood visibility with Nice screen\nPhone responses very good and no hung issue till now\nMoto gestures are a good addition\n\nCons\nToo slippery as back is made of glass\nDisappointing camera\n\nAll in all a good bargain at 13000",
            "rating": 4,
            "author": "Flipkart Customer",
            "title": "Nice product"
        }
    ],
    [
        {
            "certBuyer": true,
            "helpful": 58,
            "text": "Good smartphone.",
            "rating": 5,
            "author": "Flipkart Customer",
            "title": "Mind-blowing purchase"
        }
    ],
    [
        {
            "certBuyer": true,
            "helpful": 38,
            "text": "Hey Flipkart, are you selling used phone of Moto x 4 again as new ? I can still see the name and phone number of the person who has used and check with her and file a suit against you",
            "rating": 1,
            "author": "ameen syed",
            "title": "Used phone sold as new"
        }
    ],
    [
        {
            "certBuyer": true,
            "helpful": 150,
            "text": "awesome smartphone with good deal purchase only for 13400/-",
            "rating": 5,
            "author": "Rishi  pal",
            "title": "Fabulous!"
        }
    ],
    [
        {
            "certBuyer": true,
            "helpful": 7,
            "text": "Hello Moto - wowowowow nice phone Moto x4. Simply wow.",
            "rating": 5,
            "author": "Amit jadhav",
            "title": "Just wow!"
        }
    ],
    [
        {
            "certBuyer": true,
            "helpful": 23,
            "text": "Let me be honest! This phone is best for those who needs a premium quality ,good looking , powerful phone and who is a heavy user of the mobile phone. I suggested this phone to my dad, he is Happy. But if you want more storage you should choose the other version (64gb) . Please note that for 32gb..the available memory for usage will be around 15 to 16gb only and for 64gb the available memory is 45gb. Apart from that the phone performes really well and is handy. Good battery life and camera. If you are using dual sim this memory will be a problem... otherwise we can add a memory card instead. Hope this review helps you.",
            "rating": 4,
            "author": "Ashwin Kumar",
            "title": "Delightful"
        }
    ],
    [
        {
            "certBuyer": true,
            "helpful": 4,
            "text": "Nice one.. unnecessary apps are blocked the internal memory.. should be free",
            "rating": 5,
            "author": "Biswambar Pradhan",
            "title": "Worth the money"
        }
    ],
    [
        {
            "certBuyer": true,
            "helpful": 15,
            "text": "good sound quality headphone.",
            "rating": 5,
            "author": "ullas shankar",
            "title": "Perfect product!"
        }
    ],
    [
        {
            "certBuyer": true,
            "helpful": 3,
            "text": "Awesome phone.  Silky touch.",
            "rating": 5,
            "author": "GOPALAN SRI",
            "title": "Classy product"
        }
    ],
    [
        {
            "certBuyer": true,
            "helpful": 9,
            "text": "Amazing phone giving lots of fun together..... Purchased @12300",
            "rating": 5,
            "author": "Aditya Kumar",
            "title": "Worth every penny"
        }
    ],
    [
        {
            "certBuyer": true,
            "helpful": 2,
            "text": "Better to use awesome phone thanks Flipkart for fastest delivery  yupp!",
            "rating": 5,
            "author": "ROBIN  KUMAR",
            "title": "Must buy!"
        }
    ],
    [
        {
            "certBuyer": true,
            "helpful": 2,
            "text": "Poor battery",
            "rating": 1,
            "author": "Ankush  Badalia",
            "title": "Utterly Disappointed"
        }
    ],
    [
        {
            "certBuyer": true,
            "helpful": 2,
            "text": "Internal storage  not 32gb \n18gb storage in mobile",
            "rating": 1,
            "author": "Satpal Yadav",
            "title": "Moto x4"
        }
    ],
    [
        {
            "certBuyer": true,
            "helpful": 2,
            "text": "I'm not happy this offer 15 Dec to 17 Dec mobile price 17999 and i perches 18999 to 12 Dec",
            "rating": 2,
            "author": "Vikrant Galande",
            "title": "Slightly disappointed"
        }
    ],
    [
        {
            "certBuyer": true,
            "helpful": 2,
            "text": "This device is very over priced. Quality is not upto the mark. The sound from speaker is not at all refined. Apart from that there are network issues. Please don't waste your money.",
            "rating": 1,
            "author": "Nikhil Kandoi",
            "title": "Utterly Disappointed"
        }
    ],
    [
        {
            "certBuyer": true,
            "helpful": 2,
            "text": "It's not gorilla glass Moto fooled people and YouTube video are paid video... Don't fool people ......got scratch",
            "rating": 1,
            "author": "Girdhar",
            "title": "Best in the market!"
        }
    ],
    [
        {
            "certBuyer": true,
            "helpful": 2,
            "text": "Truly amazing phone \n1. Best body design\n2. Good fast changing.\n3. Camera . Just WoW\n4. Feel like total premium handset\n5. Battery backup is nice\n6. Zero lag and heat",
            "rating": 5,
            "author": "akshay Sharma",
            "title": "Fabulous!"
        }
    ],
    [
        {
            "certBuyer": true,
            "helpful": 2,
            "text": "Moto x4 is very good mobile.i am very happy..",
            "rating": 5,
            "author": "S KARTHIK",
            "title": "Excellent"
        }
    ],
    [
        {
            "certBuyer": true,
            "helpful": 7,
            "text": "Very good in hand. Nice build quality. Camera software need to be update shutter speed very slow. Sound quality not that great in speaker. Headphone in the box very simple.\n\nOver all 5 coz Im moto user\n\n\nExpecting moto will fix all the issues with software updates",
            "rating": 5,
            "author": "Suvankar  Mandal ",
            "title": "Wonderful"
        }
    ],
    [
        {
            "certBuyer": true,
            "helpful": 6,
            "text": "Awesome phone, stunning look , \nCons of this mobile is there is \nno pulse light for notifications\nFront camera focus is not der camera is satisfactory not great \nInternal storage is came with 16gb full in 32gb variant if upgrades are given for this then it will be very problematic.\nApart from these everything is good",
            "rating": 4,
            "author": "Saiesh Reddy",
            "title": "Really Nice"
        }
    ],
    [
        {
            "certBuyer": true,
            "helpful": 6,
            "text": "I got this mobile at \u20b915000 after exchange\nOverall rating: 9/10\n\nPros :\nDisplay : 9/10\nSpeaker: 10/10\nRAM: 10/10\nProcessor: 10/10\nBuild Quality: 10/10\nCamera: 9/10 Pro Mode is awesome. Depth Mode is not so efficient while focusing on subject.\n\nCons:\nOS occupies around 13 GB of internal memory\nBattery backup is good but not great.",
            "rating": 4,
            "author": "Shwetank Bhardwaj",
            "title": "Wonderful"
        }
    ],
    [
        {
            "certBuyer": true,
            "helpful": 8,
            "text": "Back gorilla glass is worst quality... if you keep it in pocket it will break itself while riding the bike. please don't buy... you cant get warranty. service people will tel physical damage.You cant claim it for sure and cant exchange for any other mobile.\nthick before purchasing. Don't believe simply by seeing the add.",
            "rating": 1,
            "author": "vinay vinay",
            "title": "Terrible product"
        }
    ],
    [
        {
            "certBuyer": true,
            "helpful": 8,
            "text": "Nice phone.. bought 32 gb 3 GB ram model. User available memory is just 16gb n Ram available is just 1 gb. Please buy higher memory options. Lot of unwanted apps like office 364 LinkedIn Duo hangout slide sheet etc. Eating so much ram n memory.",
            "rating": 4,
            "author": "Ashish Shelar",
            "title": "Good quality product"
        }
    ],
    [
        {
            "certBuyer": true,
            "helpful": 5,
            "text": "Feel Premium No Doubt. But still it a long way to go for moto to compete. Phone Hangs a lot atleast mine. Apps crash most of the time specially Gmail and Facebook. Not so happy with this phone specially after spending 20k its feel cheated. I hardly gives review but this time i hope i can stop someone for doing mistake like me. Mine is 3GB Ram and 32 GB variant. Camera is ok battery backup till now after two days use is moderate.",
            "rating": 2,
            "author": "Suhail Khan",
            "title": "Expected a better product"
        }
    ],
    [
        {
            "certBuyer": true,
            "helpful": 3,
            "text": "Good looking phone, but camera is not good, charging too fastly..",
            "rating": 1,
            "author": "Flipkart Customer",
            "title": "Decent product"
        }
    ],
    [
        {
            "certBuyer": true,
            "helpful": 5,
            "text": "Great phone, feels premium and has really good performance. Battery lasts me around 1.5 days on medium usage and turbo charging is awesome. One can almost top the battery in about 1.5hrs. Camera is great.  The only CONS is the internal storage, the 32gb version has 16gb available storage as compared to almost 26gb on other 32gb phones and it has hybrid sim slot so if you want dual sim then get the 64gb version, it has about 45-48gb available storage.",
            "rating": 5,
            "author": "Souvik Sen",
            "title": "Mind-blowing purchase"
        }
    ],
    [
        {
            "certBuyer": true,
            "helpful": 2,
            "text": "Don't buy 32 gb varient because in it u will get 15.72gb user memory only",
            "rating": 1,
            "author": "vivek kumar singh",
            "title": "Don't waste your money"
        }
    ],
    [
        {
            "certBuyer": true,
            "helpful": 15,
            "text": "I kinda wish it had an amoled display, but with everything that has happened with the pixel 2 xl this year, i'm convinced that the amoled technology is still just isn't quite there yet. Other than that, this phone has got everything! if you're a true android fan, and don't have enough savings to go for the oneplus, then look no further. This is the best thing for you in the market right now! Also i wish they give software updates till android 9 at least. Whenever it's available of course.",
            "rating": 5,
            "author": "Dhaivat Trivedi",
            "title": "Super!"
        }
    ],
    [
        {
            "certBuyer": true,
            "helpful": 1,
            "text": "Great phone . Killer look and feel in hand. Only drawback is IPS display. AMOLED display would have added cream to the pie.",
            "rating": 4,
            "author": "sudhir kumar",
            "title": "Wonderful"
        }
    ],
    [
        {
            "certBuyer": true,
            "helpful": 1,
            "text": "Good phone with fast processing speed 2ghz camera lacks in bluring background otherwise it is good in a normal condition battery is also up to Mark pros is it having a stock Android but with too many Google apps \nIn simple go for it I grab it for 16500",
            "rating": 5,
            "author": "Sunil  Bhagat",
            "title": "Best in the market!"
        }
    ],
    [
        {
            "certBuyer": true,
            "helpful": 0,
            "text": "Very good phone in this price range.",
            "rating": 4,
            "author": "Thakur Singham",
            "title": "Perfect phone"
        }
    ],
    [
        {
            "certBuyer": true,
            "helpful": 1,
            "text": "On time delivery, well packed . Keep going gud work.",
            "rating": 5,
            "author": "Virender Rana",
            "title": "Awsm experience"
        }
    ],
    [
        {
            "certBuyer": true,
            "helpful": 1,
            "text": "Super mobile ,nice camera",
            "rating": 5,
            "author": "Raju A",
            "title": "Great product"
        }
    ],
    [
        {
            "certBuyer": true,
            "helpful": 1,
            "text": "Nice mobile from Moto\nSmooth functioning\nLong lasting power back up even after continue use in 4g\nSleek design\nThank you for such a dashing model\nN special ty to Flipkart for timely delivery",
            "rating": 4,
            "author": "Akshay  Mulay",
            "title": "Delightful"
        }
    ],
    [
        {
            "certBuyer": true,
            "helpful": 0,
            "text": "Very good product",
            "rating": 5,
            "author": "Gurdeep singh",
            "title": "Terrific purchase"
        }
    ],
    [
        {
            "certBuyer": true,
            "helpful": 0,
            "text": "Better to go for 64gb...either we have to use 2 SIM cards or one sim card and memory card..",
            "rating": 4,
            "author": "Rajesh Acharya",
            "title": "Good quality product"
        }
    ],
    [
        {
            "certBuyer": true,
            "helpful": 0,
            "text": "Camera is good\nSome other features also\nBut You can have better option in this range",
            "rating": 3,
            "author": "Flipkart Customer",
            "title": "Does the job"
        }
    ],
    [
        {
            "certBuyer": true,
            "helpful": 1,
            "text": "Awsome mobile....it's really gud and fast performance\nI disappointed about hybrid Sim slot except this mobile really excellent",
            "rating": 5,
            "author": "syed chand pasha",
            "title": "Simply awesome"
        }
    ],
    [
        {
            "certBuyer": true,
            "helpful": 1,
            "text": "I love d 5.2inch screen...d curves..d glass finish...camera..touch...awesome..no lag..battery is okay.. awesome...nailed d phone at 14k",
            "rating": 5,
            "author": "Sruti Patnaik",
            "title": "Worth every penny"
        }
    ],
    [
        {
            "certBuyer": true,
            "helpful": 1,
            "text": "Nice elegant look with nice selfie camera",
            "rating": 5,
            "author": "abhijit sahay",
            "title": "Classy product"
        }
    ],
    [
        {
            "certBuyer": true,
            "helpful": 2,
            "text": "This is an amazing product. The fit and finish is just amazing like the older Moto X siblings. It is completely glass and its very slippery. If you are not carful with the grip and placing the phone one smooth surfaces, it will just slide, it&rsquo;s that slippery. Almost like a Teflon coating on it. It slipped out of my pocket a couple of times when I was driving. Beware of that.\nI didn&rsquo;t find any performance problems with it, except for the camera hangs whenever I try to click multiple pictures and especially using the Blur feature on the camera. Pictures come out really well with good light and moderate light. Has some issue with low light and for the price is good enough and not competing with Pixel or Galaxy S. The wide angle camera gets you some amazing shots like the GoPro, really wide angle view.\nApart from that everything else seems to be great and amazing. The battery last for a full day with moderate usage. The charging time is a little over an hour from about 10% - 100%.\nIt has a hybrid tray, with space for either 2 sim cards without space for memory card OR one sim with space for memory card. The quality of the sim tray is really bad. I almost broke it when I was pushing it. Very delicate.\nThe finger print scanner is very quick.\nAndroid has a very stock/pure look and feel except for Lenovo has slipped in a couple of Apps that can be removed. I hope it stay a few and not increase over time with new phone releases.\nNever tested the water splash or soaking, didn&rsquo;t want to take a chance. I have seen it on YouTube and I was impressed. IPx68 looks amazing.\n\n##Flipkart delivery was amazing. Got the phone on the same day as promised.\n\n***But Motorola service is very bad. I had a Moto X Style and past the warranty they just refused to do anything on it. I needed a motherboard replacement as it had a faulty charging port. They just denied service for a phone that was just a year old and 30K down the drain, though I was willing to pay for the replacement.",
            "rating": 5,
            "author": "Changappa KB",
            "title": "Following the X Series legacy. A True Blue Moto X"
        }
    ],
    [
        {
            "certBuyer": true,
            "helpful": 1,
            "text": "Nice mob",
            "rating": 5,
            "author": "Rajat Khera",
            "title": "Worth every penny"
        }
    ],
    [
        {
            "certBuyer": true,
            "helpful": 1,
            "text": "This phone is one of the best phones under 20k, having IP68 protection and toughened gorilla glass on both sides. Depth Camera works fine, 16mp front camera is excellent for this range of phones. Sensors work fine, not a fan of bezel less display, so got what i wanted.",
            "rating": 5,
            "author": "Rahul Wankhade",
            "title": "one of the best android phones under 20k"
        }
    ],
    [
        {
            "certBuyer": true,
            "helpful": 1,
            "text": "all is well in this phone,,ip68 certificate which makes it uncomparable,,i think there is no any competitor in this price segment,,i hav used so many smart phone approx 20 k range,,,but moto x4 is superb,,camera is working well in low light,,look is stuning,,battery last for a day after using net,,touch is like butter,,moto rockkkk,,must buy phone,,plz dont think twice,,just buy it,,a good deal,,",
            "rating": 5,
            "author": "Shashikant Kumar",
            "title": "Terrific purchase"
        }
    ],
    [
        {
            "certBuyer": true,
            "helpful": 1,
            "text": "Ram Consumed 2.4 GB on Running Position. Only 400 MB Ram available. Also it has only 13 GB storage out of 32 GB.",
            "rating": 3,
            "author": "Davinder Singh",
            "title": "Memory/ Storage Problem"
        }
    ],
    [
        {
            "certBuyer": true,
            "helpful": 1,
            "text": "Touch is best and fingerprint scanner is also fast but back camera is not good on 'depth enable' mode",
            "rating": 5,
            "author": "Flipkart Customer",
            "title": "Classy product"
        }
    ],
    [
        {
            "certBuyer": true,
            "helpful": 1,
            "text": "Great product.\nLooks 5 star,Camera depth mode is slow but works fine,spped 5 star, battery\u200b 5 star .One limitations if you have 2 simcard you can't use memory card.And phone memory will be insufficient as each pic easily of 6 mb.So go for higher ram version.",
            "rating": 4,
            "author": "Flipkart Customer",
            "title": "Really Nice"
        }
    ],
    [
        {
            "certBuyer": true,
            "helpful": 1,
            "text": "Moto x4 to good Phone price to hight plzz back offer 3000 thousand exchange",
            "rating": 5,
            "author": "Nitin Arora",
            "title": "Awesome"
        }
    ],
    [
        {
            "certBuyer": true,
            "helpful": 1,
            "text": "Amazing",
            "rating": 5,
            "author": "Flipkart Customer",
            "title": "Must buy!"
        }
    ],
    [
        {
            "certBuyer": true,
            "helpful": 1,
            "text": "Good phone but no notification/charging indicator, showing only 15.45gb storage, battery backup not very good",
            "rating": 3,
            "author": "Parveen  Yadav",
            "title": "Decent product"
        }
    ],
    [
        {
            "certBuyer": true,
            "helpful": 1,
            "text": "Poor selfi camera\nPoor battery\nGood back camera \nAnd high price",
            "rating": 2,
            "author": "Sanket Sqnket",
            "title": "Could be way better"
        }
    ],
    [
        {
            "certBuyer": true,
            "helpful": 1,
            "text": "Worst Sound quality\nWould be better to buy a phone at 10000 budget",
            "rating": 1,
            "author": "Parasayya Telli",
            "title": "Unsatisfactory"
        }
    ],
    [
        {
            "certBuyer": true,
            "helpful": 1,
            "text": "I got made in China product.. \nIn both place made in China right on box or bothom of the phone..",
            "rating": 1,
            "author": "ARUN KUMAR",
            "title": "Horrible"
        }
    ],
    [
        {
            "certBuyer": true,
            "helpful": 1,
            "text": "Moto x4 looks premium wow...flipkart delivery very fast delivered within 30 hours..camera quality much much better than my redmi note 3...but internal storage is used by os is hell...i get only 17.32gb out of 32 gb instead of pure android...where the hell they using space dont know...charging time is not as expected it takes 65 minutes to charges from 40 to 100%...",
            "rating": 4,
            "author": "Sanjeev Prasad",
            "title": "Really Nice"
        }
    ],
    [
        {
            "certBuyer": true,
            "helpful": 1,
            "text": "This rating is not for the product but for the delivery boy ,he doesn't even know how to talk i am placing a call recorded proof to the authority for the misbehave and slang used by him .terrible and disgusting",
            "rating": 1,
            "author": "Flipkart Customer",
            "title": "Worthless"
        }
    ],
    [
        {
            "certBuyer": true,
            "helpful": 1,
            "text": "Mobile is not imprasiv but ok ok",
            "rating": 2,
            "author": "Rohit Patidat",
            "title": "Slightly disappointed"
        }
    ],
    [
        {
            "certBuyer": true,
            "helpful": 0,
            "text": "Nice phone, picture quality is really good, really worth at this price",
            "rating": 5,
            "author": "Ishul Sharma",
            "title": "Must buy!"
        }
    ],
    [
        {
            "certBuyer": true,
            "helpful": 0,
            "text": "Amazing product from Motorola. This 3gb/32gb variant is quite adequate for day to day usage.",
            "rating": 5,
            "author": "Shaunak Kharod",
            "title": "Best in the market!"
        }
    ],
    [
        {
            "certBuyer": true,
            "helpful": 0,
            "text": "Good phone",
            "rating": 4,
            "author": "Flipkart Customer",
            "title": "Worth the money"
        }
    ],
    [
        {
            "certBuyer": true,
            "helpful": 0,
            "text": "Superb phone ... Bt I recommend 64 gb",
            "rating": 5,
            "author": "Shubham jaiswal",
            "title": "Super!"
        }
    ],
    [
        {
            "certBuyer": true,
            "helpful": 0,
            "text": "Camera are little bit and battery drain otherwise phone is very excellent",
            "rating": 4,
            "author": "Vedant CHAURASIA",
            "title": "Good choice"
        }
    ],
    [
        {
            "certBuyer": true,
            "helpful": 0,
            "text": "An average phone .. average camera .. heating issue",
            "rating": 3,
            "author": "Sagar Sharma",
            "title": "Does the job"
        }
    ],
    [
        {
            "certBuyer": true,
            "helpful": 0,
            "text": "IP68...gd ram.. Good camera.. slim... Optimum weight... Fast.. Android 8.. good brand warranty.. if it is with in your budget range...!! what needs u beyond this... I used sony xperia C, Lenovo vibe p1 turbo perviously... It's satified beyond them.. cost seems to be bit high...but ok for its IP68 certificated.... Go with Moto instead of bloody cheap brands like redmi, honour like so... Thumbsup....",
            "rating": 5,
            "author": "Charan Sai",
            "title": "Best in the market!"
        }
    ],
    [
        {
            "certBuyer": true,
            "helpful": 0,
            "text": "Good product , i am using past one month , no issues faced as of now, and updated to Android 8.0 version.",
            "rating": 5,
            "author": "Suresh Brahma",
            "title": "Must buy!"
        }
    ],
    [
        {
            "certBuyer": true,
            "helpful": 0,
            "text": "Superb phone.. Classy look.. Smooth functioning.. Camera is owsm.. Worth it",
            "rating": 5,
            "author": "Flipkart Customer",
            "title": "Very Good"
        }
    ],
    [
        {
            "certBuyer": true,
            "helpful": 0,
            "text": "Above average",
            "rating": 3,
            "author": "Evin Vincent",
            "title": "Decent product"
        }
    ],
    [
        {
            "certBuyer": true,
            "helpful": 0,
            "text": "great \ncamera is good \nturbo charger is excellent\n\ud83d\udc4c\ud83d\udc4c",
            "rating": 4,
            "author": "manav Seth",
            "title": "Value-for-money"
        }
    ],
    [
        {
            "certBuyer": true,
            "helpful": 0,
            "text": "It is best mobile",
            "rating": 5,
            "author": "IRFAN AHMAD",
            "title": "I m happy for a mobile"
        }
    ],
    [
        {
            "certBuyer": true,
            "helpful": 0,
            "text": "Thanks",
            "rating": 4,
            "author": "Krishnakumar Angamuthu",
            "title": "Good choice"
        }
    ],
    [
        {
            "certBuyer": true,
            "helpful": 0,
            "text": "Focusing is not so good ranges only about 2 metres after that pic will be normal.\nOtherwise awesome phone.",
            "rating": 4,
            "author": "Mustafa KHAN",
            "title": "Depth"
        }
    ],
    [
        {
            "certBuyer": true,
            "helpful": 0,
            "text": "Battery power is too bad.. can't able to take photos more than a hour started heating",
            "rating": 3,
            "author": "Shobana",
            "title": "Fair"
        }
    ],
    [
        {
            "certBuyer": true,
            "helpful": 0,
            "text": "Awesome master class quality",
            "rating": 5,
            "author": "Flipkart Customer",
            "title": "Great product"
        }
    ],
    [
        {
            "certBuyer": true,
            "helpful": 0,
            "text": "Great phone! Speech less.... I wish I could give more than five stars \ud83d\udc4d.. great looks, magnificent performance, awesome camera , super speed and what not!! Thank you Flipkart for such a swift service ... 100 % happy and satisfied... Totally recommended",
            "rating": 5,
            "author": "Gauri Kokate",
            "title": "Mind-blowing purchase"
        }
    ],
    [
        {
            "certBuyer": true,
            "helpful": 0,
            "text": "I really impressed",
            "rating": 5,
            "author": "Lijo Sam george",
            "title": "Awesome"
        }
    ],
    [
        {
            "certBuyer": true,
            "helpful": 0,
            "text": "after days using this mobile feeling happy to get this mobile everything is nice n perfect \npros\nGood look \npremium in hands\nPowerful charge \ncurved glass edges\nupdated oreo \ncelluar quality nice\nspeaker is good at price\ncons\ncamera need a bit improvement\nbulky \nslippery \nneed panel or back case",
            "rating": 4,
            "author": "Praneeth Pr",
            "title": "Good quality product"
        }
    ],
    [
        {
            "certBuyer": true,
            "helpful": 0,
            "text": "Awesome product, decent camera but overall great experience..",
            "rating": 5,
            "author": "Mrinmoy Mandal",
            "title": "Fabulous!"
        }
    ],
    [
        {
            "certBuyer": true,
            "helpful": 0,
            "text": "Nice product",
            "rating": 5,
            "author": "hemendra mudiraj",
            "title": "Best in the market!"
        }
    ],
    [
        {
            "certBuyer": true,
            "helpful": 0,
            "text": "very stylish",
            "rating": 4,
            "author": "Anil ahir  Ahir",
            "title": "Value-for-money"
        }
    ],
    [
        {
            "certBuyer": true,
            "helpful": 0,
            "text": "Good design good build quality over all good experience but support for the update.",
            "rating": 4,
            "author": "Ankur Mehta",
            "title": "Worth the money"
        }
    ],
    [
        {
            "certBuyer": true,
            "helpful": 0,
            "text": "Luv it",
            "rating": 5,
            "author": "Ka",
            "title": "I luv it"
        }
    ],
    [
        {
            "certBuyer": true,
            "helpful": 0,
            "text": "Camera is the matter. I love Moto.",
            "rating": 5,
            "author": "Flipkart Customer",
            "title": "Just wow!"
        }
    ],
    [
        {
            "certBuyer": true,
            "helpful": 0,
            "text": "Nice Mobile",
            "rating": 5,
            "author": "Flipkart Customer",
            "title": "Fabulous!"
        }
    ],
    [
        {
            "certBuyer": true,
            "helpful": 0,
            "text": "Imposing product with excellent feature and built quality",
            "rating": 5,
            "author": "Bappaditya Kundu",
            "title": "Must buy!"
        }
    ],
    [
        {
            "certBuyer": true,
            "helpful": 0,
            "text": "Mobile is average only. Main thing is mobile is more weight, only 18gb of memory is accessible for users from 32gb also its having hybrid sim slot. Camera is good. Battery backup ok.",
            "rating": 3,
            "author": "Krishnath Palanivel",
            "title": "Does the job"
        }
    ],
    [
        {
            "certBuyer": true,
            "helpful": 0,
            "text": "Everything is good !! Great phone in Budget !!",
            "rating": 5,
            "author": "Flipkart Customer",
            "title": "Fabulous!"
        }
    ],
    [
        {
            "certBuyer": true,
            "helpful": 0,
            "text": "Superb phone good camera quality thanks Flipkart",
            "rating": 4,
            "author": "ratan singh",
            "title": "Worth the money"
        }
    ],
    [
        {
            "certBuyer": true,
            "helpful": 0,
            "text": "Best",
            "rating": 5,
            "author": "Flipkart Customer",
            "title": "Simply awesome"
        }
    ],
    [
        {
            "certBuyer": true,
            "helpful": 0,
            "text": "Phone is super.  As I used Moto X2 previously, not, I didn't feel difference with added good features",
            "rating": 5,
            "author": "Sandeep",
            "title": "Just wow!"
        }
    ],
    [
        {
            "certBuyer": true,
            "helpful": 0,
            "text": "Best",
            "rating": 5,
            "author": "Aryan Customer",
            "title": "Super!"
        }
    ],
    [
        {
            "certBuyer": true,
            "helpful": 0,
            "text": "Nice for that price",
            "rating": 5,
            "author": "pratik thakur",
            "title": "Just wow!"
        }
    ],
    [
        {
            "certBuyer": true,
            "helpful": 0,
            "text": "Value for money. But screen is disappointing. Fall from just 2 feet and broken down..",
            "rating": 4,
            "author": "Md Tabish Samad",
            "title": "Wonderful"
        }
    ],
    [
        {
            "certBuyer": true,
            "helpful": 0,
            "text": "Good phone",
            "rating": 5,
            "author": "Flipkart Customer",
            "title": "Highly recommended"
        }
    ],
    [
        {
            "certBuyer": true,
            "helpful": 0,
            "text": "Really nice phone..\nWorth the price...",
            "rating": 4,
            "author": "Flipkart Customer",
            "title": "Delightful"
        }
    ],
    [
        {
            "certBuyer": true,
            "helpful": 0,
            "text": "Good mobile",
            "rating": 5,
            "author": "SATISH REDDY T",
            "title": "Super!"
        }
    ],
    [
        {
            "certBuyer": true,
            "helpful": 0,
            "text": "Good performance",
            "rating": 4,
            "author": "Vineeth Thota",
            "title": "Nice product"
        }
    ],
    [
        {
            "certBuyer": true,
            "helpful": 0,
            "text": "Superb phone, camera quality superb, battery is good, 4gb ram moblie better than 3gb",
            "rating": 5,
            "author": "Dasepali Seenu",
            "title": "Best in the market!"
        }
    ],
    [
        {
            "certBuyer": true,
            "helpful": 0,
            "text": "Worth buying\n\nPros\n\n1. Look and Feel: amazing. lighter and ergonomic, seems quite comfortable and premium design, water proof and gorilla glass protected.\n2. Display: clear, perfect not big nor small, good for handling from one hand, personally I prefer this kind of screen size.\n3. Performance: very good, I am not a gamer but pretty good, no lagging with multi app functions\n4. Camera: excellent, the reason I bought this phone, amazing front and back camera and flash, at a level of one plus 5, electronic stabilization and good low light and wide angle quality, camera better than Moto g5s plus and honor 7x/9i both front and back\n5. Battery: pretty decent, lasts for a day for average usage and there is turbo charge to fill it in an hour, superb standby mode saves lot of battery\n6. Sensors: all useful and necessary sensors are there including nfc\n7. Software: stock andorid, lighter faster and simple beautiful UI, regular updates from motorola, Oreo updates soon. Moto functions including face and finger print recognition.\n \nCons\n\n1. Increase battery if they can accommodate in same weight \n2. Price should be lesser if it has to be for budget segment\n3. Hybrid slot though I understand purpose tbehind it to make it water resistant and compact\n4. Average earphone in the box\n\nThis phone comes with complete package and that is commendable product by Motorola. I was bit worried about battery as it's only 3030 mah but enough for a day and battery saver works well.    In my opinion phones with heavy battery, over sized phones are more prone to damage. I felt it overpriced but with some discount I am justified. \n\nThis should be benchmark for any decent phone. It gives you great user experience with excellent features and at the same time not too costly. The phone is really a good choice if you do not want to spend too much and still want quality closer to premium phones like one plus 5, honor 8 pro, honor 9, iphone 8.",
            "rating": 5,
            "author": "Kumar Ramanand",
            "title": "Excellent"
        }
    ],
    [
        {
            "certBuyer": true,
            "helpful": 0,
            "text": "Very nice looking phone build quality and look is very nice in its range, all features of phone is very useful \nMoto display \u2764 and very practical \ud83d\udcaa\nProcessor speed is very good and phone's screen is vivid compare to others \ud83d\udc05\nMotorola hardware gets 10 \u2b50 out of 10\nMoto X4 \ud83d\udc9f",
            "rating": 5,
            "author": "Yogeagwar",
            "title": "Super!"
        }
    ],
    [
        {
            "certBuyer": true,
            "helpful": 0,
            "text": "Phone is just gorgeous... And it is full feature phone i think its best in this prise range, well i brought this by just 16500...3gb,32gb...but camera are very bad really it is like 10k mobile...and battery backup is really not good... It gives on one full charge only till evening... If you dont charge this in evening then phn will be die trust me im not kidding... So battery and camera performance should be improve and if you want this beuty in your hand then you can buy this phone... But dont expect more from bettery and camera",
            "rating": 4,
            "author": "Flipkart Customer",
            "title": "Worth the money"
        }
    ],
    [
        {
            "certBuyer": true,
            "helpful": 0,
            "text": "Very good performance",
            "rating": 5,
            "author": "SHIRIDI SAI BABA BANDARUPALLI",
            "title": "Worth every penny"
        }
    ],
    [
        {
            "certBuyer": true,
            "helpful": 0,
            "text": "Delivered with delay of two days.. but phone is just awesome...",
            "rating": 3,
            "author": "Rajeev Kumar",
            "title": "Good"
        }
    ],
    [
        {
            "certBuyer": true,
            "helpful": 0,
            "text": "Awesome phone",
            "rating": 5,
            "author": "Astik Rathod",
            "title": "Perfect product!"
        }
    ],
    [
        {
            "certBuyer": true,
            "helpful": 0,
            "text": "Awesome product ,more then i expected",
            "rating": 5,
            "author": "arvind kushwah",
            "title": "Awesome"
        }
    ],
    [
        {
            "certBuyer": true,
            "helpful": 0,
            "text": "As expected,there are 44 sensors in it.",
            "rating": 5,
            "author": "Sanjeeb Kumar Dubey",
            "title": "Super!"
        }
    ],
    [
        {
            "certBuyer": true,
            "helpful": 0,
            "text": "It's just awesome.",
            "rating": 5,
            "author": "Digvijay Gaikwad",
            "title": "Excellent"
        }
    ],
    [
        {
            "certBuyer": true,
            "helpful": 0,
            "text": "Diffect or faulty mobile",
            "rating": 1,
            "author": "Raju Bhoir ",
            "title": "Worst experience ever!"
        }
    ],
    [
        {
            "certBuyer": true,
            "helpful": 0,
            "text": "Best Moto device\nBut have a disappointment due to no led pulse notification hope Motorola will work on it and give some option in furture",
            "rating": 5,
            "author": "Flipkart Customer",
            "title": "Just wow!"
        }
    ],
    [
        {
            "certBuyer": true,
            "helpful": 0,
            "text": "Excellent phone,",
            "rating": 5,
            "author": "Flipkart Customer",
            "title": "Perfect product!"
        }
    ],
    [
        {
            "certBuyer": true,
            "helpful": 0,
            "text": "Superb osm phn camera was osm look also osm",
            "rating": 5,
            "author": "Ankush Goel",
            "title": "Brilliant"
        }
    ],
    [
        {
            "certBuyer": true,
            "helpful": 0,
            "text": "Nice",
            "rating": 5,
            "author": "Nikita Mandaniyan",
            "title": "Brilliant"
        }
    ],
    [
        {
            "certBuyer": true,
            "helpful": 0,
            "text": "One of the best for in 20K range. 5.2 inches fits perfectly in your hand. Looks premium. A feature rich for. Good battery backup.",
            "rating": 5,
            "author": "Ritesh Srivastav",
            "title": "Best in the market!"
        }
    ],
    [
        {
            "certBuyer": true,
            "helpful": 0,
            "text": "It is good product but must buy a back cover because it is too slippery",
            "rating": 4,
            "author": "naresh gadhvi",
            "title": "Good quality product"
        }
    ],
    [
        {
            "certBuyer": true,
            "helpful": 0,
            "text": "Good phone",
            "rating": 5,
            "author": "Aakash khandelwal",
            "title": "Worth every penny"
        }
    ],
    [
        {
            "certBuyer": true,
            "helpful": 0,
            "text": "Nice phone",
            "rating": 4,
            "author": "Flipkart Customer",
            "title": "Nice product"
        }
    ],
    [
        {
            "certBuyer": true,
            "helpful": 0,
            "text": "Worth it !",
            "rating": 5,
            "author": "Rushi Gawali",
            "title": "Awesome Phone!"
        }
    ],
    [
        {
            "certBuyer": true,
            "helpful": 0,
            "text": "I hate camera quality &amp; very bad offers because recently down price",
            "rating": 1,
            "author": "Purushottam Mandal",
            "title": "Bakwash"
        }
    ],
    [
        {
            "certBuyer": true,
            "helpful": 0,
            "text": "Overheating is an issue it became quite hot during charging and while using heavy application",
            "rating": 3,
            "author": "Ronald  Debnath",
            "title": "Fair"
        }
    ],
    [
        {
            "certBuyer": true,
            "helpful": 0,
            "text": "Looks super premium. Value for money. Go for it",
            "rating": 5,
            "author": "sirish  sonane",
            "title": "Must buy!"
        }
    ],
    [
        {
            "certBuyer": true,
            "helpful": 0,
            "text": "Phone is getting tomuch heat issue while in charge. And additional phone touch response is too much slow.please don't  buy..",
            "rating": 1,
            "author": "Rakesh",
            "title": "Just okay"
        }
    ],
    [
        {
            "certBuyer": true,
            "helpful": 0,
            "text": "Great experience awesome cam and design looks is super cool stylish luving it",
            "rating": 5,
            "author": "Naina Dixit",
            "title": "Worth every penny"
        }
    ],
    [
        {
            "certBuyer": true,
            "helpful": 0,
            "text": "Awesome phone but hybrid Sim slot disappointed me",
            "rating": 5,
            "author": "sumit",
            "title": "Terrific purchase"
        }
    ],
    [
        {
            "certBuyer": true,
            "helpful": 0,
            "text": "look is superb, Worst performance in camera",
            "rating": 1,
            "author": "Harish Pandiya",
            "title": "Utterly Disappointed"
        }
    ],
    [
        {
            "certBuyer": true,
            "helpful": 0,
            "text": "Flawless product but the sterio speaker sound is little low...",
            "rating": 1,
            "author": "Rahul  Burman",
            "title": "Good choice"
        }
    ],
    [
        {
            "certBuyer": true,
            "helpful": 0,
            "text": "Good smartphone.",
            "rating": 5,
            "author": "Soubhagya Ranjan",
            "title": "Simply awesome"
        }
    ],
    [
        {
            "certBuyer": true,
            "helpful": 0,
            "text": "Bad phone hanging very  issue",
            "rating": 1,
            "author": "Gaurav Arvind Sen",
            "title": "Excellent"
        }
    ],
    [
        {
            "certBuyer": true,
            "helpful": 0,
            "text": "Bad quality front cam",
            "rating": 1,
            "author": "G Ramesh",
            "title": "Useless product"
        }
    ],
    [
        {
            "certBuyer": true,
            "helpful": 0,
            "text": "excellent device but the speaker could be just a bit louder than it would be perfect",
            "rating": 5,
            "author": "Pratik De",
            "title": "Brilliant"
        }
    ],
    [
        {
            "certBuyer": true,
            "helpful": 0,
            "text": "Nice phone.... awesome. .......",
            "rating": 5,
            "author": "Flipkart Customer",
            "title": "Brilliant"
        }
    ],
    [
        {
            "certBuyer": true,
            "helpful": 0,
            "text": "Good mobile....",
            "rating": 4,
            "author": "princebawa bawa",
            "title": "Wonderful"
        }
    ],
    [
        {
            "certBuyer": true,
            "helpful": 0,
            "text": "Good handset",
            "rating": 4,
            "author": "Flipkart Customer",
            "title": "Delightful"
        }
    ],
    [
        {
            "certBuyer": true,
            "helpful": 0,
            "text": "Not worth of money",
            "rating": 3,
            "author": "Rohit  Deshmukh",
            "title": "Does the job"
        }
    ],
    [
        {
            "certBuyer": true,
            "helpful": 0,
            "text": "Nice phone",
            "rating": 5,
            "author": "Anubhav  kesarwani",
            "title": "Must buy!"
        }
    ],
    [
        {
            "certBuyer": true,
            "helpful": 0,
            "text": "Good product with instant delivery thank you flipkart...",
            "rating": 5,
            "author": "Vishal Kumar",
            "title": "Terrific"
        }
    ],
    [
        {
            "certBuyer": true,
            "helpful": 0,
            "text": "K not bad",
            "rating": 5,
            "author": "saket kumar",
            "title": "Must buy!"
        }
    ],
    [
        {
            "certBuyer": true,
            "helpful": 0,
            "text": "I guess after moto x 2nd generation, this is the very good phone moto has been launched.....",
            "rating": 5,
            "author": "Sapna Shaw",
            "title": "Fabulous!"
        }
    ],
    [
        {
            "certBuyer": true,
            "helpful": 0,
            "text": "Good product",
            "rating": 4,
            "author": "Naveen .d",
            "title": "Worth the money"
        }
    ],
    [
        {
            "certBuyer": true,
            "helpful": 0,
            "text": "Excellent phone..with great voice command features. Front and back camera is also good. Built in quality excellent. Premium look. The only thing is battery is ok can give a service of one day on full internet use. Overall m happy to have it.",
            "rating": 4,
            "author": "Ali Zaidi",
            "title": "Good quality product"
        }
    ],
    [
        {
            "certBuyer": true,
            "helpful": 0,
            "text": "Perfect phone!!!",
            "rating": 5,
            "author": "Mayank Awasthi",
            "title": "Awesome"
        }
    ],
    [
        {
            "certBuyer": true,
            "helpful": 0,
            "text": "Perfect mobile...... Rear and front Camera clarity absolutely fantastic.... Great one",
            "rating": 5,
            "author": "sree lakshmi ",
            "title": "Super!"
        }
    ],
    [
        {
            "certBuyer": true,
            "helpful": 0,
            "text": "After 20days My Review\nMobile Mark 9/10.....\nBuilt Quality is Awesome 10/10\nCamera Front 8/10,rear 9/10\nBattery is Not bad Not Good 9/10\nDisplay is Excellent 10/10\nSpeaker 10/10\nNetwork,Wifi connectivity 10/10\nPerformance 9/10 i playing Heavy games no lagging.....\nPremium look and many features...I love it",
            "rating": 5,
            "author": "boobalachandar r",
            "title": "Best in the market!"
        }
    ],
    [
        {
            "certBuyer": true,
            "helpful": 0,
            "text": "1. Premium Feel\n2. Smooth Operation\n3. Delicate because of both front and back are glass.\n4. Great cameras\n5. Superb screen\n6. Amazing audio\n All in all a beast from MOTOROLA under a good price bracket. I would surely recommend for this.",
            "rating": 5,
            "author": "Shubham Sah",
            "title": "Awesome"
        }
    ],
    [
        {
            "certBuyer": true,
            "helpful": 0,
            "text": "Good phone at this price segment...\ud83d\udc4d",
            "rating": 4,
            "author": "Flipkart Customer",
            "title": "Wonderful"
        }
    ],
    [
        {
            "certBuyer": true,
            "helpful": 0,
            "text": "It's is brilliant phone.. the battery backup is amazing ...Even works for 1.5 hr. In 1\u2105 battery..I liked it.",
            "rating": 5,
            "author": "Flipkart Customer",
            "title": "Terrific"
        }
    ],
    [
        {
            "certBuyer": true,
            "helpful": 0,
            "text": "Camera nd battry life is good\ud83d\udc49i like it\ud83d\udc48",
            "rating": 5,
            "author": "Geetesh Negi",
            "title": "Highly recommended"
        }
    ],
    [
        {
            "certBuyer": true,
            "helpful": 0,
            "text": "Phone is very good. For camera, i was expecting blurr option\n. other than that all ok with this phone...",
            "rating": 5,
            "author": "Flipkart Customer",
            "title": "Great product"
        }
    ],
    [
        {
            "certBuyer": true,
            "helpful": 0,
            "text": "Best in class",
            "rating": 5,
            "author": "Sourabh Ganapate",
            "title": "Simply awesome"
        }
    ],
    [
        {
            "certBuyer": true,
            "helpful": 0,
            "text": "Good product and in time delivery. And also in time replacement.",
            "rating": 5,
            "author": "nageswararao uppala",
            "title": "Wonderful"
        }
    ],
    [
        {
            "certBuyer": true,
            "helpful": 0,
            "text": "Awsm",
            "rating": 5,
            "author": "Rambali Singh",
            "title": "Excellent"
        }
    ],
    [
        {
            "certBuyer": true,
            "helpful": 0,
            "text": "Nice phone",
            "rating": 5,
            "author": "Babu Raj",
            "title": "Terrific purchase"
        }
    ],
    [
        {
            "certBuyer": true,
            "helpful": 0,
            "text": "Heating up while charging, depth effect not so good as expected from moto, in 32 gb varient only get 16 gb.",
            "rating": 2,
            "author": "Flipkart Customer",
            "title": "Expected a better product"
        }
    ],
    [
        {
            "certBuyer": true,
            "helpful": 0,
            "text": "Good phone...",
            "rating": 2,
            "author": "Abhilash  Desai",
            "title": "Could be way better"
        }
    ],
    [
        {
            "certBuyer": true,
            "helpful": 0,
            "text": "Aswm phone. I love moto ..",
            "rating": 5,
            "author": "Flipkart Customer",
            "title": "Worth every penny"
        }
    ],
    [
        {
            "certBuyer": true,
            "helpful": 0,
            "text": "So far so good. I liked the phone for its premium build and looks. A perfect midrange phone.",
            "rating": 4,
            "author": "Pradeesh M",
            "title": "Good quality product"
        }
    ],
    [
        {
            "certBuyer": true,
            "helpful": 0,
            "text": "Not so good, average quality...",
            "rating": 3,
            "author": "Flipkart Customer",
            "title": "Just okay"
        }
    ],
    [
        {
            "certBuyer": true,
            "helpful": 0,
            "text": "Excellent",
            "rating": 5,
            "author": "Ganuga Arun Kumar",
            "title": "Perfect product!"
        }
    ],
    [
        {
            "certBuyer": true,
            "helpful": 0,
            "text": "Awesome moto x4 like ever",
            "rating": 5,
            "author": "Mukesh Sharma",
            "title": "Must buy!"
        }
    ],
    [
        {
            "certBuyer": true,
            "helpful": 0,
            "text": "The beat delivery experience and also the product iss really awesome",
            "rating": 5,
            "author": "Abhishek Manerikar",
            "title": "Great product"
        }
    ],
    [
        {
            "certBuyer": true,
            "helpful": 0,
            "text": "Awesome mobile, battery is good,super quality camera",
            "rating": 5,
            "author": "Flipkart Customer",
            "title": "Wonderful"
        }
    ],
    [
        {
            "certBuyer": true,
            "helpful": 0,
            "text": "Great phone",
            "rating": 4,
            "author": "Sumit Kumar",
            "title": "Wonderful"
        }
    ],
    [
        {
            "certBuyer": true,
            "helpful": 0,
            "text": "Awesome phone",
            "rating": 5,
            "author": "Harsh Parmar",
            "title": "Perfect product!"
        }
    ],
    [
        {
            "certBuyer": true,
            "helpful": 0,
            "text": "Classic phone from Motorola, lightning fast delivery by Flipkart. Amazing camera, smooth functioning, fantastic Moto features. Sexiest phone by Motorola so far. Go ahead and purchase it.",
            "rating": 5,
            "author": "Flipkart Customer",
            "title": "Terrific"
        }
    ],
    [
        {
            "certBuyer": true,
            "helpful": 0,
            "text": "I took this phone on the very first day when it got launched. After using more than a week, I would strongly recommend this phone.\nComing to Pros:\n1. Fast Charging\n2. Screen Display is very sharp and crispy\n3. NO Lags\n4. Water Resistant\n5. Premium Look and you will found very classy when holding in your hands\n6. Camera - Not bad\n7. Processor - This phone is having a very strong processor, you can run multiple apps hassle free in background without any lags.\n\nThe only con which I found is :\n1. battery drains fast if you are using heavy apps, but you can quickly charge your phone with the help of dash charger.\n2. Earphone could be better\n\n\nOverall I found this phone is very classic and comes under descent budget. You can definitely go for this phone.",
            "rating": 5,
            "author": "Dhiraj Kiranbel",
            "title": "Just wow!"
        }
    ],
    [
        {
            "certBuyer": true,
            "helpful": 0,
            "text": "Nice motox4",
            "rating": 5,
            "author": "Flipkart Customer",
            "title": "Terrific purchase"
        }
    ],
    [
        {
            "certBuyer": true,
            "helpful": 0,
            "text": "overall good",
            "rating": 4,
            "author": "Pradeep P",
            "title": "Value-for-money"
        }
    ],
    [
        {
            "certBuyer": true,
            "helpful": 0,
            "text": "Amazing product i veryyy veryyy love itt",
            "rating": 5,
            "author": "Dhirendra Kumar",
            "title": "Perfect product!"
        }
    ],
    [
        {
            "certBuyer": true,
            "helpful": 0,
            "text": "Very nice product from Motorola in recent time's",
            "rating": 4,
            "author": "Nikhil Bandaru",
            "title": "Pretty good"
        }
    ],
    [
        {
            "certBuyer": true,
            "helpful": 0,
            "text": "Its perfect smartphone for those who shoot video and photography,  i am 1 of them , also like battery backup , 2.2 ghz processor very fast , super black look so premium .",
            "rating": 5,
            "author": "Asif Bloch",
            "title": "Worthless"
        }
    ],
    [
        {
            "certBuyer": true,
            "helpful": 0,
            "text": "Good phone but ram is already full in 3gb it take a 2.1 gb storage also full battery\u200b is not to much longer back camera is average . Selfish cam is good . Style is good",
            "rating": 3,
            "author": "D.Srinivas Reddy",
            "title": "Decent product"
        }
    ],
    [
        {
            "certBuyer": true,
            "helpful": 0,
            "text": "Phone is good, built quality is good. Picture fine not very good. Moto assist is useful app. Over all phone is good.",
            "rating": 4,
            "author": "Amit kumar",
            "title": "Nice product"
        }
    ],
    [
        {
            "certBuyer": true,
            "helpful": 0,
            "text": "Best camera",
            "rating": 5,
            "author": "Ujjawal  malik",
            "title": "Worth every penny"
        }
    ],
    [
        {
            "certBuyer": true,
            "helpful": 0,
            "text": "Good purchase and also Flipkart service satisfied",
            "rating": 4,
            "author": "Ram Prakash",
            "title": "Delightful"
        }
    ],
    [
        {
            "certBuyer": true,
            "helpful": 0,
            "text": "Awesome phone, camera is good, stock  google ui is awesome, wide angle camera and selfie cam is very good",
            "rating": 5,
            "author": "anuj yadav",
            "title": "Wonderful"
        }
    ],
    [
        {
            "certBuyer": true,
            "helpful": 0,
            "text": "First of all.. flipkart delivery time best \nComing on the phone\nIts jst awsm.... everything display ,camera etc\nBattery is also best .. nd turbo charger charges the phon in 1:15 hrs....and its waterproof\nSomewhat slippery bt manageable bt its gives only 15 gb free space in 32gb version\nNd one more thing no depth mode given in  front camera ...bt camera qualiy is awsm\nAfter all its best....premium phone",
            "rating": 5,
            "author": "Flipkart Customer",
            "title": "Classy product"
        }
    ],
    [
        {
            "certBuyer": true,
            "helpful": 0,
            "text": "Amazing phone. Loving it..",
            "rating": 5,
            "author": "Hiteshree Meshram",
            "title": "Best in the market!"
        }
    ],
    [
        {
            "certBuyer": true,
            "helpful": 0,
            "text": "Design and built is premium.battery is quite satisfactory. A little lagging issues. All over nice phone in this range.",
            "rating": 5,
            "author": "Yashodeep Patil",
            "title": "Terrific"
        }
    ],
    [
        {
            "certBuyer": true,
            "helpful": 0,
            "text": "Nice Product....",
            "rating": 5,
            "author": "Flipkart Customer",
            "title": "Simply awesome"
        }
    ],
    [
        {
            "certBuyer": true,
            "helpful": 0,
            "text": "Nice mobile so stylish n very good I'm happy to hv dis ty Flipkart...!!!",
            "rating": 4,
            "author": "Nidhika Vedgarbha",
            "title": "Value-for-money"
        }
    ],
    [
        {
            "certBuyer": true,
            "helpful": 0,
            "text": "Best in all",
            "rating": 5,
            "author": "Syed Faraz Moini",
            "title": "Simply awesome"
        }
    ],
    [
        {
            "certBuyer": true,
            "helpful": 0,
            "text": "Mobile overall ok.but battery backup very low..",
            "rating": 4,
            "author": "Peddi Laxmaiah",
            "title": "Wonderful"
        }
    ],
    [
        {
            "certBuyer": true,
            "helpful": 0,
            "text": "\u262e\ufe0f product",
            "rating": 5,
            "author": "Flipkart Customer",
            "title": "Awesome"
        }
    ],
    [
        {
            "certBuyer": true,
            "helpful": 0,
            "text": "Super phone ...\nCamera - Quick &amp; sharp even in the low light\nFront camera is also good\nBut back cameras are superb... wide angle focus is great..quicker than G5s+\nDisplay nice\nSpeed is great\nLooks- super specially the back look is awesome.",
            "rating": 5,
            "author": "Narendra Kumar",
            "title": "Great product"
        }
    ],
    [
        {
            "certBuyer": true,
            "helpful": 0,
            "text": "Awesome camera and Awesome In the Box Earphone.",
            "rating": 5,
            "author": "Raghwendra Rathod",
            "title": "Simply awesome"
        }
    ],
    [
        {
            "certBuyer": true,
            "helpful": 0,
            "text": "Good built quality and value for money (with good exchange offer)",
            "rating": 5,
            "author": "Srinivasan Subramaniam",
            "title": "Classy product"
        }
    ],
    [
        {
            "certBuyer": true,
            "helpful": 0,
            "text": "Best X series from Moto. Usage is great, hold feels very rich. Touch response, screen quatily etc are better. Worth an update for the current price tag + HDFC discount. Great delivery from flipkart got on the next day. \nFast charging is like a boon.",
            "rating": 5,
            "author": "NAKUL TIWARI",
            "title": "Excellent"
        }
    ],
    [
        {
            "certBuyer": true,
            "helpful": 0,
            "text": "Awesome phone",
            "rating": 5,
            "author": "Rahul Hada",
            "title": "Highly recommended"
        }
    ],
    [
        {
            "certBuyer": true,
            "helpful": 0,
            "text": "i m using this phone 2 days above...but when its comes to hotspot.or sharing with pc its shuddenly switchoff...idont knw why...",
            "rating": 4,
            "author": "Debu prasad Dalapati",
            "title": "Worth the money"
        }
    ],
    [
        {
            "certBuyer": true,
            "helpful": 0,
            "text": "Overall this moto X4 is awesome..\nBattery backup is good.\nCamera is too good.\nBuild quality is awesome.\n\nI give 4 \ud83c\udf1f because phone is hanging when shoot depth enabled photos...i hope it will solve in next update.",
            "rating": 4,
            "author": "Brij Kishor",
            "title": "Nice product"
        }
    ],
    [
        {
            "certBuyer": true,
            "helpful": 0,
            "text": "Phone is beast in this range look wao , speed amazing and Flipkart ka sath mind-blowing .",
            "rating": 5,
            "author": "Rohit Sharma",
            "title": "Must buy!"
        }
    ],
    [
        {
            "certBuyer": true,
            "helpful": 0,
            "text": "Great phone ,very smooth software experience and excellent build quality , worth buying. Also Flipkart shipping is fast.",
            "rating": 5,
            "author": "atharva Kulkarni",
            "title": "Great product"
        }
    ],
    [
        {
            "certBuyer": true,
            "helpful": 0,
            "text": "Good product",
            "rating": 4,
            "author": "Saurabh khetan",
            "title": "Very Good"
        }
    ],
    [
        {
            "certBuyer": true,
            "helpful": 0,
            "text": "PHN IS AWESOME BUT I BOUGHT 32GB VERSION INTERNAL STORAGE U GET IS 19GB THAT IS REALLY LESS MOTOROLA PLZ HELP OUT 32GB VERSION STORAGE IS LESS",
            "rating": 5,
            "author": "ashish sharma",
            "title": "Brilliant"
        }
    ],
    [
        {
            "certBuyer": true,
            "helpful": 0,
            "text": "Awesome product",
            "rating": 5,
            "author": "Ashis Ghosh",
            "title": "Awesome"
        }
    ],
    [
        {
            "certBuyer": true,
            "helpful": 0,
            "text": "Excellent Phone Thanks Moto",
            "rating": 5,
            "author": "Bhagirath Singh",
            "title": "Great product"
        }
    ],
    [
        {
            "certBuyer": true,
            "helpful": 0,
            "text": "Good looking phone",
            "rating": 5,
            "author": "Flipkart Customer",
            "title": "Nice looking"
        }
    ],
    [
        {
            "certBuyer": true,
            "helpful": 0,
            "text": "Happy with flipkart support. I had issue with WIFI connectivity. Prompty device was replaced",
            "rating": 4,
            "author": "Flipkart Customer",
            "title": "Good choice"
        }
    ],
    [
        {
            "certBuyer": true,
            "helpful": 0,
            "text": "Good Looking in this type of d fragments. Osm build quality. IP68 certified in this price.",
            "rating": 5,
            "author": "Kuldeep Rajkotiya",
            "title": "Classy product"
        }
    ],
    [
        {
            "certBuyer": true,
            "helpful": 0,
            "text": "Premium mobile nice to buy it",
            "rating": 4,
            "author": "Thasleem Ansari",
            "title": "Value-for-money"
        }
    ],
    [
        {
            "certBuyer": true,
            "helpful": 0,
            "text": "Great phone. Great cemera but slitly heat is there in back panel die to glass build hope they fix it in software update",
            "rating": 4,
            "author": "Rahul Rahul",
            "title": "Very Good"
        }
    ],
    [
        {
            "certBuyer": true,
            "helpful": 0,
            "text": "5 Star for the Implementation of this phone :\nLooking at reviews and pictures and even eatching the software experience on reviews dont justify the perfection it adds to your life comoared to any other phones which aren't flagship.\n\n____________________________\n\nI exchanged my 3 year old Galaxy S6 because of the feeble battery life after 3 years .\nThe only things i miss are the extreme high ppi and the speaker.\n____________________________\n Things I appreciate every now and then - \n1. Smooth display . Coming back to an IPS is not bad . This display isn't as bad and hey ! I dont miss s6 much unless I'm setting the dpi above 480.\nPlus Typing experience is the best on such a responsive smooth screen.\n2. Build Qulaity !!  IP68 not only makes it water proof but the glass aluminium sandwich is much above the general mid range quality.. Screams HIGH END !!\n3. I hate bezels on a phone and this has a lot of them on top and bottom but that looks strangely beautiful and the moto logo adds up to it.  (Side bezels aren't up to mark , I still dislike so much side bezels but hey ! The premium ness makes us ignore it)\n4. Battery Life !! 3000 mAh 1080p 5.2&quot; IPS and 630 CPU wasn't expected to give me 6h SOT with 70% on adaptive brightness even when brand new. The battery quality and optimization is good !  This is the first time I haven't turned motorola services , Google assistant and other always running services off for extracting even more juice . ( I never turned up the brigtness on my s6 due ti battery constraints spoiling the QHD experience).\n\n5. Software exoerience : Best thing about this phone ! No Moto was this good software wise . Better than all non flagship samsung/sony/Lg and  Xiaomi/lenovo original /one plus UI.  I'm not talking about beautiful or fluid interface but how small picky minimal factors baked perfectly actually make your life easier. \nGreat work Moto R&amp;D\n\n6. Moto Key and FPS - Superfast fingerprint sensor with great gestures and logs in every website using fps . Also integration is seamless like apple touch id.\n__________\n Bad Points :\n\n1. Speaker Gasket : After I took a shower with it , The speaker muffled pretty bad for 10 mins . Not expected for an IP68 device. \n\n2. Speaker quality and volume :  Noting in front of S6 . Any Brand 15k phone speakers would be comparable or better than this. Loudness is less.\n\n3. Camera app should be updated soon to make out most of the hardware.\n\n4. Motorola is still learing to sandwich curved glasses. All four corners have rough edges as if they are hand assembled. Nothing to cut points from build quality but it catches pocket lint and is rough to feel.\n\n_____________\n\nI'm going to keep it for 2 years",
            "rating": 5,
            "author": "gaurav raj",
            "title": "Mind-blowing purchase"
        }
    ],
    [
        {
            "certBuyer": true,
            "helpful": 0,
            "text": "looks wise and specs wise and cost wise perfect. but because of quick charge mobile can heat while charging.....and speaker and ear-peace both are same there is no separate speaker as like before moto's",
            "rating": 4,
            "author": "pradeep kumar",
            "title": "Good choice but missed the offers"
        }
    ],
    [
        {
            "certBuyer": true,
            "helpful": 0,
            "text": "Nice phone.. camera battery backup.. network etc good..",
            "rating": 5,
            "author": "Ashichandora Insan",
            "title": "Worth every penny"
        }
    ],
    [
        {
            "certBuyer": true,
            "helpful": 0,
            "text": "Good looking....I liked it...",
            "rating": 4,
            "author": "Kiran Kumar",
            "title": "Delightful"
        }
    ],
    [
        {
            "certBuyer": true,
            "helpful": 0,
            "text": "Awesome phone",
            "rating": 5,
            "author": "Flipkart Customer",
            "title": "Highly recommended"
        }
    ],
    [
        {
            "certBuyer": true,
            "helpful": 0,
            "text": "Good product",
            "rating": 5,
            "author": "Vivek",
            "title": "Classy product"
        }
    ],
    [
        {
            "certBuyer": true,
            "helpful": 0,
            "text": "phone is totaly executive class..\nEvery thing is better..",
            "rating": 5,
            "author": "Flipkart Customer",
            "title": "Must buy!"
        }
    ],
    [
        {
            "certBuyer": true,
            "helpful": 0,
            "text": "Great phone!",
            "rating": 5,
            "author": "HIMANSHU JAIN",
            "title": "Terrific"
        }
    ],
    [
        {
            "certBuyer": true,
            "helpful": 0,
            "text": "awesome phone with gud specs price is little bit high but phone loooks awsome good camera good sound out (only 1speaker output) you can expect a full view display in this pricerange but only get 5.2 full hd display its handy i like it. flipkart service was also awsome",
            "rating": 5,
            "author": "Ajmal Muhammed",
            "title": "Highly recommended"
        }
    ],
    [
        {
            "certBuyer": true,
            "helpful": 0,
            "text": "Phone looks in hand very premium and camera quality is awesome and super night mode is awesome but a con is the phone display colour is little dark",
            "rating": 4,
            "author": "mayank gupta",
            "title": "Value-for-money"
        }
    ],
    [
        {
            "certBuyer": true,
            "helpful": 0,
            "text": "Happy with delivery. Nice work by ekart. Customer service =2.1\nEkart work=5.0\nFlipcard offer=4.8\nMotox4=4.5",
            "rating": 4,
            "author": "Shripad Katrajkar",
            "title": "Really Nice"
        }
    ],
    [
        {
            "certBuyer": true,
            "helpful": 0,
            "text": "Its awesome. Booked on first night. As usual Flipkart delivery, got in next day. Impressive camera, desgin. The best part is IP68 water resistant feature in mid segment. This gonna be a game changer. In one word its a value for money phone. hellomoto",
            "rating": 5,
            "author": "Kashif Mohammad",
            "title": "Awesome"
        }
    ],
    [
        {
            "certBuyer": true,
            "helpful": 0,
            "text": "Awesome phone.no lag , nice camera,superb design n better battery back. Motorola did a nice work for this phone it is one of the best phone UNDER this category and best phone in 21000 there is lack of one and only one thing that Motorola has not provided OIS feature that is optical image stabilization feature except this everything is fine and this phone is excellent under it's category thank you Motorola and thank you thank you a lot to Flipkart for very fast delivery.I  ordered\u200b on 14th and I get it on 15th morning thanks a lot to Flipkart again.",
            "rating": 5,
            "author": "Flipkart Customer",
            "title": "Best in the market!"
        }
    ],
    [
        {
            "certBuyer": true,
            "helpful": 0,
            "text": "Superb product... Probably the best design ever made for a mid budget smartphone... Nothing has in common with previous X series except the name... Camera is decent in good lighting conditions but it degrades in low light... Sound is great and It has Ip68 certification you can be worry free carrying it around the rain... Top deal",
            "rating": 5,
            "author": "Debangshu Das",
            "title": "Best in the market!"
        }
    ],
    [
        {
            "certBuyer": true,
            "helpful": 0,
            "text": "A lil over priced. but overall a good phone. if u r looking for better dual camera go for Mi A1. Battery is small could have used bigger one",
            "rating": 3,
            "author": "Kumar  Dipankar",
            "title": "Does the job"
        }
    ],
    [
        {
            "certBuyer": true,
            "helpful": 0,
            "text": "Very nice . But only 1 thing not mention in phone description that if we use 2 SIM dn memory card cant use.\nSo memory card only apply while using 1SIM",
            "rating": 5,
            "author": "Shantanu Tyagi",
            "title": "Memory card problem but over all good phone"
        }
    ],
    [
        {
            "certBuyer": true,
            "helpful": 0,
            "text": "Very nice",
            "rating": 4,
            "author": "Shyam  Sundar",
            "title": "Nice product"
        }
    ],
    [
        {
            "certBuyer": true,
            "helpful": 0,
            "text": "A good one from Motorola.\n\nVery much impressive phone for the price. Stylishly built as well, unlike the other Moto phones.... Looks far better than what is seen in the pics. Worth buying.",
            "rating": 5,
            "author": "Prashanth Bikumandla",
            "title": "Terrific purchase"
        }
    ],
    [
        {
            "certBuyer": true,
            "helpful": 0,
            "text": "Awsm phn I just loved the mobile",
            "rating": 5,
            "author": "Banoth jeevan",
            "title": "Fabulous!"
        }
    ],
    [
        {
            "certBuyer": true,
            "helpful": 0,
            "text": "Just one word Perfect \nCamera perfect\nProcessor perfect\nAnd and looks defines perfection\nGreat work Moto best of yours and Thank you Flipkart for next day delivery and an unbelievable deal",
            "rating": 5,
            "author": "Ashish  Singh",
            "title": "Worth every penny"
        }
    ],
    [
        {
            "certBuyer": true,
            "helpful": 0,
            "text": "All can be fixed with software update, lets hope  Motorola would listen as we are paying the premium compared to g5s plus.\n\nStorage: system memory 13.5gb\nRam: 1.5gb available out of box \nCamera: shutter lag\nBattery: needs optimisation\nBloatware: give us an option to delete those what we don't want_ we have that right.",
            "rating": 4,
            "author": "sravan gadala",
            "title": "Value-for-money"
        }
    ],
    [
        {
            "certBuyer": true,
            "helpful": 0,
            "text": "Built quality is good \nCamra is osm\nTouch is good\nFast charger\nNice display but \nSome issue in Camra app\nStoarge  in 32 gb I get only have 16 gb that's not good also come hybrid Sim slot \ud83d\udc7f\ud83d\udc7f",
            "rating": 4,
            "author": "Flipkart Customer",
            "title": "Highly recommended"
        }
    ],
    [
        {
            "certBuyer": true,
            "helpful": 0,
            "text": "Good",
            "rating": 4,
            "author": "Amal K Stephen",
            "title": "Very Good"
        }
    ],
    [
        {
            "certBuyer": true,
            "helpful": 0,
            "text": "Downloading speed is great , look is sexy",
            "rating": 5,
            "author": "hrishabh dwivedi",
            "title": "Terrific"
        }
    ],
    [
        {
            "certBuyer": true,
            "helpful": 0,
            "text": "Hope I get the Android 8 update soon.",
            "rating": 4,
            "author": "R CHANDRASEKHAR NAIDU",
            "title": "Nice product"
        }
    ],
    [
        {
            "certBuyer": true,
            "helpful": 0,
            "text": "It is very good mobile but one desadvantage is their charger is different",
            "rating": 5,
            "author": "smd rafi",
            "title": "Worth every penny"
        }
    ],
    [
        {
            "certBuyer": true,
            "helpful": 0,
            "text": "Very good mobile phone and good camera",
            "rating": 5,
            "author": "hriday sharma",
            "title": "Worth every penny"
        }
    ],
    [
        {
            "certBuyer": true,
            "helpful": 0,
            "text": "Looks Premium, Feels Premium.....A smooth phone in almost every aspect....!\nWell done Moto....",
            "rating": 4,
            "author": "Sanket Rajgurav",
            "title": "Good choice"
        }
    ],
    [
        {
            "certBuyer": true,
            "helpful": 0,
            "text": "I have been facing Wifi connectivity issues.\nWifi keeps connecting n disconnnecting always.\nRest of the performance is good.",
            "rating": 3,
            "author": "Mohammed  Zafhar",
            "title": "Fair"
        }
    ],
    [
        {
            "certBuyer": true,
            "helpful": 10,
            "text": "I ordered this product on the day it has been launched and it got delivered the next day, I really appreciate Flipkart's delivery system. (5 * for that)\n\nNow to the Phone: As mentioned over the specifications, this phone has the best build quality for this price range with Nougat OS except for the  storage capacity. I ordered for 32 GB variant which has only ( 15.45 GB ) out of box and the worst part is , it has hybrid sim slot which doesn't serve my purpose as I use 2 sims. Of all these years to my knowledge, when you order for a 32 GB variant you might get between 23 to 25 GB usage out of 32 GB. Not sure if this issue specific to my mobile or all the mobiles.",
            "rating": 3,
            "author": "Leo Christopher",
            "title": "Unsatisfactory(due to storage capacity of mobile) else 5*"
        }
    ],
    [
        {
            "certBuyer": true,
            "helpful": 1,
            "text": "Nicely to deliver",
            "rating": 1,
            "author": "Flipkart Customer",
            "title": "Does the job"
        }
    ]
]