[
    [
        {
            "certBuyer": true,
            "helpful": 55,
            "text": "Great phone \ncamera is awesome\nsound is too gud\nresolution is as i expected\nAfter all everything work great..\nthanks",
            "rating": 5,
            "author": "Vikki Sinjali",
            "title": "Fits in hand Device"
        }
    ],
    [
        {
            "certBuyer": true,
            "helpful": 126,
            "text": "good",
            "rating": 5,
            "author": "Kishor Mahanta",
            "title": "Fabulous!"
        }
    ],
    [
        {
            "certBuyer": true,
            "helpful": 126,
            "text": "This is a good product",
            "rating": 5,
            "author": "Supratim Datta",
            "title": "Wonderful"
        }
    ],
    [
        {
            "certBuyer": true,
            "helpful": 16,
            "text": "I like Moto g 5s really design is impressive but only make me suspicious that is when we charge it, then its getting hotter",
            "rating": 5,
            "author": "Virender Singh",
            "title": "Brilliant"
        }
    ],
    [
        {
            "certBuyer": true,
            "helpful": 76,
            "text": "Amazing",
            "rating": 5,
            "author": "Piyush Thapa",
            "title": "Worth every penny"
        }
    ],
    [
        {
            "certBuyer": true,
            "helpful": 10,
            "text": "Everything is going good but Battery drains very fast",
            "rating": 5,
            "author": "Abhishek  Mohanty ",
            "title": "Worth every penny"
        }
    ],
    [
        {
            "certBuyer": true,
            "helpful": 14,
            "text": "The mobile is very hot during charging",
            "rating": 3,
            "author": "mahaveer nagar",
            "title": "Decent product"
        }
    ],
    [
        {
            "certBuyer": true,
            "helpful": 4,
            "text": "Good",
            "rating": 5,
            "author": "Prashant",
            "title": "Good quality product"
        }
    ],
    [
        {
            "certBuyer": true,
            "helpful": 6,
            "text": "Awesome phone",
            "rating": 5,
            "author": "neelu  jain",
            "title": "Worth every penny"
        }
    ],
    [
        {
            "certBuyer": true,
            "helpful": 16,
            "text": "Strongly suggest not to buy this product specially Manufactured by Flextronics Chennai. Most worst quantity and supplies are coming only defective items. Receiving items getting over heat.",
            "rating": 1,
            "author": "Flipkart Customer",
            "title": "Wasting of Money"
        }
    ],
    [
        {
            "certBuyer": true,
            "helpful": 8,
            "text": "Only drawback is that there is no native video calling option..you will have to rely on third party video calling apps. \nJio video calling doesn't work.\nOther than this phone is good. Performance is good.",
            "rating": 3,
            "author": "Mainoddin Jalgeri",
            "title": "Nice"
        }
    ],
    [
        {
            "certBuyer": true,
            "helpful": 6,
            "text": "Good...I have got my phn on tym..Thank u so much flipkart",
            "rating": 5,
            "author": "RAJAT KUMAR  PANDEY",
            "title": "Excellent"
        }
    ],
    [
        {
            "certBuyer": true,
            "helpful": 16,
            "text": "The product is value for money at all but handset Heating issue is there.\nMoto G5 plus is more cooler handset than G5S.  In G5S only front flash and rear camara is with extra 3Mp than G5 plus camera. but heating issue is there",
            "rating": 4,
            "author": "DEVENDRA VISPUTE",
            "title": "Good choice"
        }
    ],
    [
        {
            "certBuyer": true,
            "helpful": 4,
            "text": "Good",
            "rating": 4,
            "author": "W. V.  Joshna ",
            "title": "Wonderful"
        }
    ],
    [
        {
            "certBuyer": true,
            "helpful": 3,
            "text": "Nice product",
            "rating": 5,
            "author": "Deepak kumar kumawat",
            "title": "Simply awesome"
        }
    ],
    [
        {
            "certBuyer": true,
            "helpful": 2,
            "text": "Moto G5s is not good. Battery back up is very poor and very low product. Memory card is not separate function alternate against one sim. Over all Moto G5s is very bad",
            "rating": 2,
            "author": "Tarit Kumar Roy",
            "title": "Not good"
        }
    ],
    [
        {
            "certBuyer": true,
            "helpful": 2,
            "text": "Item was overheating  i need help",
            "rating": 2,
            "author": "Samit Mahapatra",
            "title": "Could be way better"
        }
    ],
    [
        {
            "certBuyer": true,
            "helpful": 2,
            "text": "The product is cool...n d service was gd enough...",
            "rating": 3,
            "author": "Flipkart Customer",
            "title": "Good"
        }
    ],
    [
        {
            "certBuyer": true,
            "helpful": 2,
            "text": "Good",
            "rating": 4,
            "author": "Flipkart Customer",
            "title": "Delightful"
        }
    ],
    [
        {
            "certBuyer": true,
            "helpful": 1,
            "text": "Good product....",
            "rating": 5,
            "author": "salim raja",
            "title": "Worth every penny"
        }
    ],
    [
        {
            "certBuyer": true,
            "helpful": 1,
            "text": "Good",
            "rating": 3,
            "author": "Hirok  Saikia",
            "title": "Nice"
        }
    ],
    [
        {
            "certBuyer": true,
            "helpful": 0,
            "text": "LED notification and cast screen not working..",
            "rating": 1,
            "author": "Flipkart Customer",
            "title": "Waste of money!"
        }
    ],
    [
        {
            "certBuyer": true,
            "helpful": 1,
            "text": "Moto G5s - &quot;VALUE-FOR-MONEY&quot; Smartphone...loved it... :)",
            "rating": 4,
            "author": "Prajakta Nagrare",
            "title": "Good choice"
        }
    ],
    [
        {
            "certBuyer": true,
            "helpful": 1,
            "text": "Moto is best",
            "rating": 4,
            "author": "Harpreet Singh",
            "title": "Good quality product"
        }
    ],
    [
        {
            "certBuyer": true,
            "helpful": 0,
            "text": "Worrest mobile heavy heating issue..",
            "rating": 2,
            "author": "sunil A",
            "title": "Slightly disappointed"
        }
    ],
    [
        {
            "certBuyer": true,
            "helpful": 1,
            "text": "Not working properly, network issue.. worst phone",
            "rating": 2,
            "author": "Flipkart Customer",
            "title": "Not good"
        }
    ],
    [
        {
            "certBuyer": true,
            "helpful": 1,
            "text": "I am not happy because the phone is heating on using net and where is orginal bill",
            "rating": 4,
            "author": "Flipkart Customer",
            "title": "Wonderful"
        }
    ],
    [
        {
            "certBuyer": true,
            "helpful": 0,
            "text": "Amount very to much",
            "rating": 1,
            "author": "Ajay C",
            "title": "Hated it!"
        }
    ],
    [
        {
            "certBuyer": true,
            "helpful": 1,
            "text": "Excellent",
            "rating": 5,
            "author": "Prashant Gage",
            "title": "Best in the market!"
        }
    ],
    [
        {
            "certBuyer": true,
            "helpful": 1,
            "text": "Good phone for reasonable price",
            "rating": 5,
            "author": "Abey Sushan",
            "title": "Best in the market!"
        }
    ],
    [
        {
            "certBuyer": true,
            "helpful": 1,
            "text": "Good product delivered , has excellent camera quality. Good speed and battery backup.",
            "rating": 4,
            "author": "Amit  Mukherjee",
            "title": "Delightful"
        }
    ],
    [
        {
            "certBuyer": true,
            "helpful": 1,
            "text": "Build quality is good.. Battery drain very fast but it's not a big issue... Performance is best.. Camera is good..  Overall superb phone...",
            "rating": 5,
            "author": "Dipak Rathod",
            "title": "Brilliant"
        }
    ],
    [
        {
            "certBuyer": true,
            "helpful": 1,
            "text": "Good phone but some fatures not acceptable please improve",
            "rating": 4,
            "author": "Raj halder",
            "title": "Value-for-money"
        }
    ],
    [
        {
            "certBuyer": true,
            "helpful": 1,
            "text": "I like it",
            "rating": 4,
            "author": "Flipkart Customer",
            "title": "Pretty good"
        }
    ],
    [
        {
            "certBuyer": true,
            "helpful": 1,
            "text": "Mobile gets heated up when kept for charging....rest everything is good.....nice mobile",
            "rating": 3,
            "author": "Flipkart Customer",
            "title": "Nice"
        }
    ],
    [
        {
            "certBuyer": true,
            "helpful": 1,
            "text": "Good one delivered before the mentioned date..",
            "rating": 5,
            "author": "Flipkart Customer",
            "title": "Wonderful"
        }
    ],
    [
        {
            "certBuyer": true,
            "helpful": 1,
            "text": "Nice",
            "rating": 5,
            "author": "Flipkart Customer",
            "title": "Super!"
        }
    ],
    [
        {
            "certBuyer": true,
            "helpful": 1,
            "text": "Good .... Soft",
            "rating": 5,
            "author": "Dibyendu Saha",
            "title": "Highly recommended"
        }
    ],
    [
        {
            "certBuyer": true,
            "helpful": 4,
            "text": "It's a iron for cloth",
            "rating": 1,
            "author": "Sanjay kumar Jaiswal",
            "title": "Did not meet expectations"
        }
    ],
    [
        {
            "certBuyer": true,
            "helpful": 2,
            "text": "Ya I am more satisfied by the product cause it's very smooth touch and finger print sensor is also very good camera is awesome which i felt but only one drawback is when it's connected to  WiFi the charge drains very soon it comes  only one day max otherwise it's an awesome product we can go for purchase of this phone",
            "rating": 5,
            "author": "Girish Yadwad",
            "title": "Decent product"
        }
    ],
    [
        {
            "certBuyer": true,
            "helpful": 2,
            "text": "it's don't has a dedicated slot for memory card.\noverall mobile is good.",
            "rating": 4,
            "author": "vaibhav  khare",
            "title": "Nice"
        }
    ],
    [
        {
            "certBuyer": true,
            "helpful": 3,
            "text": "Heat too much while charging .",
            "rating": 5,
            "author": "sahil kundu",
            "title": "Very poor"
        }
    ],
    [
        {
            "certBuyer": true,
            "helpful": 2,
            "text": "Plz dnt go fr it... If u use fr half an hour it becomes heat and it has got worst battery life...dnt go fr it",
            "rating": 1,
            "author": "Flipkart Customer",
            "title": "Utterly Disappointed"
        }
    ],
    [
        {
            "certBuyer": true,
            "helpful": 4,
            "text": "After 2 days usage I am posting this, Overall build quality excellent, battery drains 100% within half of the day in normal usage, camera not as expected evev Lenovo k6 power takes good photos.",
            "rating": 2,
            "author": "indirajith",
            "title": "Not good"
        }
    ],
    [
        {
            "certBuyer": true,
            "helpful": 1,
            "text": "Not bad",
            "rating": 4,
            "author": "Flipkart Customer",
            "title": "Good quality product"
        }
    ],
    [
        {
            "certBuyer": true,
            "helpful": 1,
            "text": "It is good but while charging it will be warm",
            "rating": 5,
            "author": "Flipkart Customer",
            "title": "Fabulous!"
        }
    ],
    [
        {
            "certBuyer": true,
            "helpful": 1,
            "text": "Not satisfied with the product this time, 5th time didn't expected this would happen... No battery and heating issue will charging...",
            "rating": 1,
            "author": "Mohammed Allauddin",
            "title": "Unsatisfactory"
        }
    ],
    [
        {
            "certBuyer": true,
            "helpful": 1,
            "text": "Not that much goof",
            "rating": 3,
            "author": "Flipkart Customer",
            "title": "Decent product"
        }
    ],
    [
        {
            "certBuyer": true,
            "helpful": 1,
            "text": "Nice phone  over all phone performance is good nice camera but  heating is problem in device",
            "rating": 4,
            "author": "JAYAN BALAJI",
            "title": "Delightful"
        }
    ],
    [
        {
            "certBuyer": true,
            "helpful": 2,
            "text": "The product was delivered in a bad packaging and thats the only reason for deducting one star. Coming to the mobile, we'll moto lives upto its expectation, great interface with good quality speakers and very handy to use. Not to big that it slips off your hand. Picture quality could have been better and i guess that has been solved in G5s plus. Apart from this it's worth buying the phone",
            "rating": 4,
            "author": "SOHAIL ASIF",
            "title": "Very Good"
        }
    ],
    [
        {
            "certBuyer": true,
            "helpful": 1,
            "text": "i use moto phone before but quality of this phone is not upto the mark i m buying new phone its bettery discharging faster than the old phone plus its say turbo charging but no fast charging at all and other issue with its heating while charging and front cemera is bad rear camera is ok   the main problem is bettry drain very fast..",
            "rating": 2,
            "author": "Flipkart Customer",
            "title": "disapointed"
        }
    ],
    [
        {
            "certBuyer": true,
            "helpful": 0,
            "text": "Nice phone.",
            "rating": 4,
            "author": "Flipkart Customer",
            "title": "Worth the money"
        }
    ],
    [
        {
            "certBuyer": true,
            "helpful": 0,
            "text": "It  is one of the best phone features are also good , I think it is a good phone in low price",
            "rating": 5,
            "author": "Shreyansh Shivam",
            "title": "Worth every penny"
        }
    ],
    [
        {
            "certBuyer": true,
            "helpful": 0,
            "text": "Good job .. Everything is perfect in this phone",
            "rating": 5,
            "author": "Flipkart Customer",
            "title": "Terrific"
        }
    ],
    [
        {
            "certBuyer": true,
            "helpful": 0,
            "text": "Phone is good but heating issue while charging\nDidn't faced same problem when I bought moto g2.",
            "rating": 4,
            "author": "ankit baranwal",
            "title": "Good quality product"
        }
    ],
    [
        {
            "certBuyer": true,
            "helpful": 0,
            "text": "Thank you Filipkart",
            "rating": 5,
            "author": "BULBUL SONOWAL",
            "title": "Terrific purchase"
        }
    ],
    [
        {
            "certBuyer": true,
            "helpful": 0,
            "text": "good phonemorning but network issue",
            "rating": 4,
            "author": "abhijit",
            "title": "Very Good"
        }
    ],
    [
        {
            "certBuyer": true,
            "helpful": 0,
            "text": "Nice",
            "rating": 4,
            "author": "Nayan Patel",
            "title": "Wonderful"
        }
    ],
    [
        {
            "certBuyer": true,
            "helpful": 0,
            "text": "Mobile s osm bt overheating can't use dat problem,plz gv d solution of overheating",
            "rating": 2,
            "author": "Flipkart Customer",
            "title": "Bad quality"
        }
    ],
    [
        {
            "certBuyer": true,
            "helpful": 0,
            "text": "Value for money.. Delivery was very quick.",
            "rating": 5,
            "author": "Ashit Patil",
            "title": "Worth every penny"
        }
    ],
    [
        {
            "certBuyer": true,
            "helpful": 0,
            "text": "Nice",
            "rating": 5,
            "author": "Sanwar  yadav ",
            "title": "Awesome"
        }
    ],
    [
        {
            "certBuyer": true,
            "helpful": 0,
            "text": "Good not best",
            "rating": 3,
            "author": "Lokesh kumar Meena",
            "title": "Nice"
        }
    ],
    [
        {
            "certBuyer": true,
            "helpful": 0,
            "text": "Phone heats up fast while using internet",
            "rating": 4,
            "author": "ATHUL S JAYAN",
            "title": "Wonderful"
        }
    ],
    [
        {
            "certBuyer": true,
            "helpful": 0,
            "text": "Good product happy",
            "rating": 5,
            "author": "Rushikesh  Surwase",
            "title": "Mind-blowing purchase"
        }
    ],
    [
        {
            "certBuyer": true,
            "helpful": 0,
            "text": "Phone is good except the cemara module popping out. This makes phone prone to scratches. Had intial hicupps with software. With latest updaates seems issue resolved. Who ever buys this phone strongly suggest to update phone immediately.",
            "rating": 4,
            "author": "Sreedhar Kumar",
            "title": "Pretty good"
        }
    ],
    [
        {
            "certBuyer": true,
            "helpful": 0,
            "text": "Nice",
            "rating": 5,
            "author": "Flipkart Customer",
            "title": "Excellent"
        }
    ],
    [
        {
            "certBuyer": true,
            "helpful": 0,
            "text": "Good product but bettry is not good",
            "rating": 4,
            "author": "Dhananjay Yadav",
            "title": "Nice product"
        }
    ],
    [
        {
            "certBuyer": true,
            "helpful": 0,
            "text": "While delivery time I didn't pick the delivery boy call for 4-times at the end, but that delivery boy exactly delivered the package for right timing and right place, hats of for that friend",
            "rating": 5,
            "author": "Raja",
            "title": "Wonderful"
        }
    ],
    [
        {
            "certBuyer": true,
            "helpful": 0,
            "text": "Worth of money , that's nice",
            "rating": 4,
            "author": "Diwakar Singh",
            "title": "Worth the money"
        }
    ],
    [
        {
            "certBuyer": true,
            "helpful": 0,
            "text": "Excellent...",
            "rating": 5,
            "author": "MOHAMMED FARAZ  KHAN",
            "title": "Great product"
        }
    ],
    [
        {
            "certBuyer": true,
            "helpful": 0,
            "text": "Very good",
            "rating": 4,
            "author": "Ranjay  Kumar",
            "title": "Delightful"
        }
    ],
    [
        {
            "certBuyer": true,
            "helpful": 0,
            "text": "Nice",
            "rating": 5,
            "author": "Flipkart Customer",
            "title": "Highly recommended"
        }
    ],
    [
        {
            "certBuyer": true,
            "helpful": 0,
            "text": "As usual Moto phones are good but camera quality of this phone is not so good as compared to other phones in the same price range.",
            "rating": 4,
            "author": "rishav  prasad",
            "title": "Really Nice"
        }
    ],
    [
        {
            "certBuyer": true,
            "helpful": 0,
            "text": "Very expensive poor quality",
            "rating": 3,
            "author": "Vijender Singh",
            "title": "Not very good"
        }
    ],
    [
        {
            "certBuyer": true,
            "helpful": 0,
            "text": "All is good but is there anything wrong with the vibration? it makes sound.",
            "rating": 4,
            "author": "Flipkart Customer",
            "title": "Wonderful"
        }
    ],
    [
        {
            "certBuyer": true,
            "helpful": 0,
            "text": "It's really good to have",
            "rating": 5,
            "author": "Ganga Bdr Chetry",
            "title": "Worth every penny"
        }
    ],
    [
        {
            "certBuyer": true,
            "helpful": 0,
            "text": "Thank you Flipkart Good product\nNicely working with smoothly",
            "rating": 5,
            "author": "Tushar Joshi",
            "title": "Must buy!"
        }
    ],
    [
        {
            "certBuyer": true,
            "helpful": 0,
            "text": "good",
            "rating": 3,
            "author": "Flipkart Customer",
            "title": "Does the job"
        }
    ],
    [
        {
            "certBuyer": true,
            "helpful": 0,
            "text": "It's a really good phone but social media apps like Snapchat and Instagram stops working frequently.",
            "rating": 4,
            "author": "Flipkart Customer",
            "title": "Very Good"
        }
    ],
    [
        {
            "certBuyer": true,
            "helpful": 0,
            "text": "Good",
            "rating": 4,
            "author": "Bhartendu Sonal",
            "title": "Very Good"
        }
    ],
    [
        {
            "certBuyer": true,
            "helpful": 0,
            "text": "Trustable company with best service before time... Keep it up Flipkart",
            "rating": 5,
            "author": "suresh joshi",
            "title": "Best Service"
        }
    ],
    [
        {
            "certBuyer": true,
            "helpful": 0,
            "text": "Delivery time very good",
            "rating": 5,
            "author": "Sourav Chakraborty",
            "title": "Super!"
        }
    ],
    [
        {
            "certBuyer": true,
            "helpful": 0,
            "text": "Nice.",
            "rating": 5,
            "author": "Bholu Singh",
            "title": "Perfect product!"
        }
    ],
    [
        {
            "certBuyer": true,
            "helpful": 0,
            "text": "Nice phone",
            "rating": 4,
            "author": "Flipkart Customer",
            "title": "Good quality product"
        }
    ],
    [
        {
            "certBuyer": true,
            "helpful": 0,
            "text": "Really good product in this range!",
            "rating": 5,
            "author": "soumadip mukherjee",
            "title": "Must buy!"
        }
    ],
    [
        {
            "certBuyer": true,
            "helpful": 0,
            "text": "Satisfactory !!!",
            "rating": 5,
            "author": "Shantanu Kadam",
            "title": "Worth every penny"
        }
    ],
    [
        {
            "certBuyer": true,
            "helpful": 0,
            "text": "Good Phone with enough memory. Camera is Superb. Speed is good. Excellent phone features. \n\nI had notification touch problem after 14 days of buying. I had to give service and after updating the software, touch problem got fine.",
            "rating": 4,
            "author": "Kasthuri",
            "title": "Really Nice"
        }
    ],
    [
        {
            "certBuyer": true,
            "helpful": 0,
            "text": "Great phone, very happy with the aluminium build quality, feels very good in your hand. it gives u a premium feel while using the phone.",
            "rating": 5,
            "author": "Akshay Anthony",
            "title": "Terrific purchase"
        }
    ],
    [
        {
            "certBuyer": true,
            "helpful": 0,
            "text": "I am very proud of you thanks Flipkart",
            "rating": 5,
            "author": "Tariq Khan",
            "title": "Just wow!"
        }
    ],
    [
        {
            "certBuyer": true,
            "helpful": 0,
            "text": "Superb marvelous",
            "rating": 5,
            "author": "Flipkart Customer",
            "title": "Awesome"
        }
    ],
    [
        {
            "certBuyer": true,
            "helpful": 0,
            "text": "I was in a hurry, and made a mistake deal about this product.",
            "rating": 4,
            "author": "Ambrish  Eshaan",
            "title": "Wonderful"
        }
    ],
    [
        {
            "certBuyer": true,
            "helpful": 0,
            "text": "Good phone",
            "rating": 5,
            "author": "Abhishek Singh",
            "title": "Terrific purchase"
        }
    ],
    [
        {
            "certBuyer": true,
            "helpful": 0,
            "text": "Gd performance but for camera lovers it's not suitable",
            "rating": 4,
            "author": "Anu baba Shaik",
            "title": "Good choice"
        }
    ],
    [
        {
            "certBuyer": true,
            "helpful": 0,
            "text": "Good product",
            "rating": 4,
            "author": "Obalesh.s Obalesh.s",
            "title": "Good quality product"
        }
    ],
    [
        {
            "certBuyer": true,
            "helpful": 0,
            "text": "Nice phone",
            "rating": 5,
            "author": "maina t",
            "title": "Terrific"
        }
    ],
    [
        {
            "certBuyer": true,
            "helpful": 0,
            "text": "Battery life is too low don't go for this phone",
            "rating": 3,
            "author": "Charitha  Gowda",
            "title": "Decent product"
        }
    ],
    [
        {
            "certBuyer": true,
            "helpful": 0,
            "text": "Very good phone,  classy look of the light gold,  smooth screen,  best feature is the quick charging of battery,  best in the price range and above all the guarantee of moto",
            "rating": 5,
            "author": "Flipkart Customer",
            "title": "Awesome"
        }
    ],
    [
        {
            "certBuyer": true,
            "helpful": 0,
            "text": "Nyc",
            "rating": 4,
            "author": "Bhushan  Dharpure",
            "title": "Good quality product"
        }
    ],
    [
        {
            "certBuyer": true,
            "helpful": 0,
            "text": "Not happy with the camera. It's so blurry. I just want to go for another one.",
            "rating": 3,
            "author": "Lokhum Yimchunger",
            "title": "Does the job"
        }
    ],
    [
        {
            "certBuyer": true,
            "helpful": 0,
            "text": "Nyz phone bt battery backup is low",
            "rating": 4,
            "author": "Rajath raju",
            "title": "Worth the money"
        }
    ],
    [
        {
            "certBuyer": true,
            "helpful": 0,
            "text": "Nice mobile",
            "rating": 4,
            "author": "Shanmugam M",
            "title": "Delightful"
        }
    ],
    [
        {
            "certBuyer": true,
            "helpful": 0,
            "text": "barely satisfied",
            "rating": 3,
            "author": "Flipkart Customer",
            "title": "Fair"
        }
    ],
    [
        {
            "certBuyer": true,
            "helpful": 0,
            "text": "Really superb",
            "rating": 5,
            "author": "SURESH BABU S",
            "title": "Mind-blowing purchase"
        }
    ],
    [
        {
            "certBuyer": true,
            "helpful": 0,
            "text": "Fast charging and good performance",
            "rating": 4,
            "author": "Vikram  Singh ",
            "title": "Value-for-money"
        }
    ],
    [
        {
            "certBuyer": true,
            "helpful": 0,
            "text": "Awesome",
            "rating": 5,
            "author": "Flipkart Customer",
            "title": "Just wow!"
        }
    ],
    [
        {
            "certBuyer": true,
            "helpful": 0,
            "text": "Great",
            "rating": 4,
            "author": "vaibhav sahoo",
            "title": "Worth the money"
        }
    ],
    [
        {
            "certBuyer": true,
            "helpful": 0,
            "text": "Satisfied with the product....",
            "rating": 5,
            "author": "Flipkart Customer",
            "title": "Excellent"
        }
    ],
    [
        {
            "certBuyer": true,
            "helpful": 0,
            "text": "Good one",
            "rating": 4,
            "author": "Flipkart Customer",
            "title": "Worth the money"
        }
    ],
    [
        {
            "certBuyer": true,
            "helpful": 0,
            "text": "Awesome Moto g5 s . Thanks Flipkart",
            "rating": 5,
            "author": "Sourav Saha",
            "title": "Great product"
        }
    ],
    [
        {
            "certBuyer": true,
            "helpful": 0,
            "text": "Awesome mobile....super fast delivery.....dilivered in only 30 hour",
            "rating": 5,
            "author": "omi kargwal",
            "title": "Highly recommended"
        }
    ],
    [
        {
            "certBuyer": true,
            "helpful": 0,
            "text": "Amazing phone. Worth to buy...",
            "rating": 5,
            "author": "Kazi Sirajuddin",
            "title": "Simply awesome"
        }
    ],
    [
        {
            "certBuyer": true,
            "helpful": 0,
            "text": "Good",
            "rating": 4,
            "author": "Flipkart Customer",
            "title": "Good quality product"
        }
    ],
    [
        {
            "certBuyer": true,
            "helpful": 0,
            "text": "Gud",
            "rating": 5,
            "author": "Naren Dran",
            "title": "Worth every penny"
        }
    ],
    [
        {
            "certBuyer": true,
            "helpful": 0,
            "text": "It's excellent...",
            "rating": 5,
            "author": "Flipkart Customer",
            "title": "Must buy!"
        }
    ],
    [
        {
            "certBuyer": true,
            "helpful": 0,
            "text": "Good",
            "rating": 5,
            "author": "Mariserla Sri ramulu naidu",
            "title": "Just wow!"
        }
    ],
    [
        {
            "certBuyer": true,
            "helpful": 0,
            "text": "Good one",
            "rating": 5,
            "author": "Dr.Vivek Pratap Singh",
            "title": "Great product"
        }
    ],
    [
        {
            "certBuyer": true,
            "helpful": 0,
            "text": "It very good mobile\nCamera quality is awesome",
            "rating": 5,
            "author": "PRANAY NEVE",
            "title": "Worth every penny"
        }
    ],
    [
        {
            "certBuyer": true,
            "helpful": 0,
            "text": "Simply superb awesome product from moto",
            "rating": 5,
            "author": "Kuntam Ashok Yld",
            "title": "Highly recommended"
        }
    ],
    [
        {
            "certBuyer": true,
            "helpful": 0,
            "text": "Very nice",
            "rating": 5,
            "author": "sujit Desai",
            "title": "Mind-blowing purchase"
        }
    ],
    [
        {
            "certBuyer": true,
            "helpful": 0,
            "text": "Ok",
            "rating": 3,
            "author": "Flipkart Customer",
            "title": "Nice"
        }
    ],
    [
        {
            "certBuyer": true,
            "helpful": 0,
            "text": "Very nice product...",
            "rating": 5,
            "author": "Dipan Kumar Das",
            "title": "Super!"
        }
    ],
    [
        {
            "certBuyer": true,
            "helpful": 0,
            "text": "Nic product",
            "rating": 5,
            "author": "Flipkart Customer",
            "title": "Classy product"
        }
    ],
    [
        {
            "certBuyer": true,
            "helpful": 0,
            "text": "Good there is nothing difference with 1st gen phone &amp; gs5",
            "rating": 4,
            "author": "NAVEEN KUMAR M R",
            "title": "Wonderful"
        }
    ],
    [
        {
            "certBuyer": true,
            "helpful": 0,
            "text": "Fine",
            "rating": 5,
            "author": "Ashish  Muniya",
            "title": "Wonderful"
        }
    ],
    [
        {
            "certBuyer": true,
            "helpful": 0,
            "text": "Excellent phone performance was greate",
            "rating": 5,
            "author": "Satish Jahagirdar",
            "title": "Brilliant"
        }
    ],
    [
        {
            "certBuyer": true,
            "helpful": 0,
            "text": "Awesome Moto g5s",
            "rating": 5,
            "author": "Jay patangia",
            "title": "Terrific purchase"
        }
    ],
    [
        {
            "certBuyer": true,
            "helpful": 0,
            "text": "Supbbb",
            "rating": 5,
            "author": "vikash sharma",
            "title": "Just wow!"
        }
    ],
    [
        {
            "certBuyer": true,
            "helpful": 0,
            "text": "Packing was intact but the pin to open sim slot is missing. Working fine so far",
            "rating": 4,
            "author": "Flipkart Customer",
            "title": "Worth the money"
        }
    ],
    [
        {
            "certBuyer": true,
            "helpful": 0,
            "text": "Nice product",
            "rating": 5,
            "author": "atish yadav",
            "title": "Highly recommended"
        }
    ],
    [
        {
            "certBuyer": true,
            "helpful": 0,
            "text": "Awesome product really nice phone.",
            "rating": 5,
            "author": "Deepak  Swain",
            "title": "Wonderful"
        }
    ],
    [
        {
            "certBuyer": true,
            "helpful": 0,
            "text": "Mobile is good.camera ok but charging time mobile is heating",
            "rating": 3,
            "author": "Divakara Dbr",
            "title": "Fair"
        }
    ],
    [
        {
            "certBuyer": true,
            "helpful": 0,
            "text": "Awesome.",
            "rating": 5,
            "author": "Vineeth Kutty",
            "title": "Awesome"
        }
    ],
    [
        {
            "certBuyer": true,
            "helpful": 0,
            "text": "Good product",
            "rating": 4,
            "author": "Flipkart Customer",
            "title": "Good choice"
        }
    ],
    [
        {
            "certBuyer": true,
            "helpful": 0,
            "text": "Good.",
            "rating": 4,
            "author": "Flipkart Customer",
            "title": "Value-for-money"
        }
    ],
    [
        {
            "certBuyer": true,
            "helpful": 0,
            "text": "this is good product...except not support to jio 2 jio video call.",
            "rating": 4,
            "author": "Deepak Kumar",
            "title": "Really Nice"
        }
    ],
    [
        {
            "certBuyer": true,
            "helpful": 0,
            "text": "Mobile is not with original packing. It was already opened by seller.....Repacked by seller(Not default Company Packed)...But Mobile received in good condition and working fine....",
            "rating": 3,
            "author": "Gyaneshwar Bhangale",
            "title": "Decent product"
        }
    ],
    [
        {
            "certBuyer": true,
            "helpful": 0,
            "text": "Aluminium body and Corning glass make this phone really good looking. Resolution is good. Android 7 - lovely.",
            "rating": 5,
            "author": "Sajal Rastogi",
            "title": "Build quality is finnnnnnnnnnnnnnnne!"
        }
    ],
    [
        {
            "certBuyer": true,
            "helpful": 0,
            "text": "Good buy",
            "rating": 4,
            "author": "Flipkart Customer",
            "title": "Worth the money"
        }
    ],
    [
        {
            "certBuyer": true,
            "helpful": 0,
            "text": "Heating problem  is to heigh.",
            "rating": 3,
            "author": "santosh joshi",
            "title": "Good"
        }
    ],
    [
        {
            "certBuyer": true,
            "helpful": 0,
            "text": "Good",
            "rating": 3,
            "author": "rekha vijay",
            "title": "Just okay"
        }
    ],
    [
        {
            "certBuyer": true,
            "helpful": 0,
            "text": "Good one....",
            "rating": 5,
            "author": "Manoj G Nandanam",
            "title": "Mind-blowing purchase"
        }
    ],
    [
        {
            "certBuyer": true,
            "helpful": 0,
            "text": "Fantastic",
            "rating": 5,
            "author": "siddarth syangden",
            "title": "Great product"
        }
    ],
    [
        {
            "certBuyer": true,
            "helpful": 0,
            "text": "Delivery Before Time...That's great.....",
            "rating": 5,
            "author": "Flipkart Customer",
            "title": "Just wow!"
        }
    ],
    [
        {
            "certBuyer": true,
            "helpful": 0,
            "text": "Received a defective product. When I use Airtel 4G sim even though it has full signal strength, when some body call it says switched off or not reachable.\nWhen I use the same Airtel 4G sim works flawlessly. I have changed the sim 2 times thinking that sim got damaged.",
            "rating": 1,
            "author": "Flipkart Customer",
            "title": "Very poor"
        }
    ],
    [
        {
            "certBuyer": true,
            "helpful": 0,
            "text": "Great value for money",
            "rating": 5,
            "author": "Mayank Bhosle",
            "title": "Great product"
        }
    ],
    [
        {
            "certBuyer": true,
            "helpful": 0,
            "text": "Product is good and dlevery is fast thanks tean",
            "rating": 5,
            "author": "Flipkart Customer",
            "title": "Classy product"
        }
    ],
    [
        {
            "certBuyer": true,
            "helpful": 0,
            "text": "Billa phone hoi",
            "rating": 5,
            "author": "Upamanyu Hazarika",
            "title": "Great product"
        }
    ],
    [
        {
            "certBuyer": true,
            "helpful": 0,
            "text": "Good one",
            "rating": 5,
            "author": "Kiran Maram",
            "title": "Just wow!"
        }
    ],
    [
        {
            "certBuyer": true,
            "helpful": 0,
            "text": "Amazing, loved it.",
            "rating": 5,
            "author": "Flipkart Customer",
            "title": "Classy product"
        }
    ],
    [
        {
            "certBuyer": true,
            "helpful": 0,
            "text": "Hi, it a wonderful phone.",
            "rating": 5,
            "author": "Dheeraj Yadav",
            "title": "Wonderful"
        }
    ],
    [
        {
            "certBuyer": true,
            "helpful": 5,
            "text": "It's overheating.. when I complaint in Flipkart they are also not helping... And replacement also not done...   Fake 10 days replacement policy..",
            "rating": 1,
            "author": "Dhananjay Yadav",
            "title": "Very poor"
        }
    ],
    [
        {
            "certBuyer": true,
            "helpful": 2,
            "text": "Very bad choice",
            "rating": 1,
            "author": "Flipkart Customer",
            "title": "Horrible"
        }
    ],
    [
        {
            "certBuyer": true,
            "helpful": 3,
            "text": "The product itself not been received only I got the empty box and still now there is no ryt solution for my prob from Flipkart",
            "rating": 1,
            "author": "Poun Raj",
            "title": "Hated it!"
        }
    ],
    [
        {
            "certBuyer": true,
            "helpful": 1,
            "text": "I am giveing delivery address at one place Flipkart delivered at one place..",
            "rating": 4,
            "author": "Flipkart Customer",
            "title": "Fair"
        }
    ],
    [
        {
            "certBuyer": true,
            "helpful": 1,
            "text": "Nice service,",
            "rating": 5,
            "author": "Pranav Kumbhar",
            "title": "Perfect product, upto mark and as expected."
        }
    ],
    [
        {
            "certBuyer": true,
            "helpful": 4,
            "text": "Direct video call is not possible.picture quality is not so good and battery performance is poor.I'm very disappointed on this product.Try to refund money but not refund it because in flipkart have no option to refund money for this set.",
            "rating": 1,
            "author": "Tapas Paul",
            "title": "Hated it!"
        }
    ],
    [
        {
            "certBuyer": true,
            "helpful": 0,
            "text": "First of all I would I would like to say that I used to be a huge fan of Moto phones. But since my last purchase of Moto g5s I observed some lag in the phone. specially while using the fingerprint sensor. I cant imagine a lag in a 4gb RAM phone. This firced me to think why people say that iPhone is the best. However I am using Moto only. Hoping this review would make any difference.",
            "rating": 3,
            "author": "Rishi Gaur",
            "title": "Lag while using finger print sensor"
        }
    ]
]