[
    [
        {
            "author": "DEVASHISH BABU",
            "certBuyer": true,
            "title": "Simply awesome",
            "text": "Too good set,i have used it 6 month and than,I have decided to give suggestions to other people who wants to purchase can purchase this one.",
            "rating": 5,
            "helpful": 30
        }
    ],
    [
        {
            "author": "Flipkart Customer",
            "certBuyer": true,
            "title": "Highly recommended",
            "text": "Sexy colour and worth 4 G",
            "rating": 5,
            "helpful": 40
        }
    ],
    [
        {
            "author": "Hemant Khatri",
            "certBuyer": false,
            "title": "Poor Photo Quality",
            "text": "This phone is not worth to be purchased. Battery takes 3 hours for charging, ear phones are of very low quality, Camera quality is not satisfactory.",
            "rating": 1,
            "helpful": 45
        }
    ],
    [
        {
            "author": "Ajay",
            "certBuyer": false,
            "title": "Awesome phone",
            "text": "Awesome phone ..luckily buy it ,great camera ,looks and performance ..worthy  of price ..",
            "rating": 5,
            "helpful": 20
        }
    ],
    [
        {
            "author": "Flipkart Customer",
            "certBuyer": true,
            "title": "Not recommended at all",
            "text": "Please don't buy this product it's such a money wastage",
            "rating": 1,
            "helpful": 2
        }
    ],
    [
        {
            "author": "Flipkart Customer",
            "certBuyer": true,
            "title": "Really Nice",
            "text": "Nice......",
            "rating": 4,
            "helpful": 0
        }
    ],
    [
        {
            "author": "Flipkart Customer",
            "certBuyer": true,
            "title": "Just okay",
            "text": "Its very beautiful",
            "rating": 3,
            "helpful": 0
        }
    ],
    [
        {
            "author": "Flipkart Customer",
            "certBuyer": true,
            "title": "Mind-blowing purchase",
            "text": "Battery backup is not up to the mark but overall it is good.",
            "rating": 5,
            "helpful": 0
        }
    ],
    [
        {
            "author": "AJITH KUMAR",
            "certBuyer": false,
            "title": "Don't waste your money",
            "text": "Lose of money on this mobile",
            "rating": 1,
            "helpful": 1
        }
    ],
    [
        {
            "author": "Anand  Gavekar",
            "certBuyer": true,
            "title": "Nice product",
            "text": "Best mobile in 4g speed",
            "rating": 4,
            "helpful": 0
        }
    ],
    [
        {
            "author": "Nitesh Kasera",
            "certBuyer": false,
            "title": "Does the job",
            "text": "Good",
            "rating": 3,
            "helpful": 0
        }
    ],
    [
        {
            "author": "Flipkart Customer",
            "certBuyer": true,
            "title": "Really Nice",
            "text": "Awesome!  Good look light weight only battery not last long but overall good",
            "rating": 4,
            "helpful": 1
        }
    ],
    [
        {
            "author": "R.Revathi Ramachandran",
            "certBuyer": true,
            "title": "Nice",
            "text": "Nice",
            "rating": 3,
            "helpful": 1
        }
    ],
    [
        {
            "author": "Amit Batra",
            "certBuyer": false,
            "title": "Best in the market!",
            "text": "Superb !!! Panasonic simply Japanese..",
            "rating": 5,
            "helpful": 0
        }
    ],
    [
        {
            "author": "Flipkart Customer",
            "certBuyer": true,
            "title": "Excellent",
            "text": "Good work i am totally satisfied with flipkart",
            "rating": 5,
            "helpful": 1
        }
    ],
    [
        {
            "author": "Flipkart Customer",
            "certBuyer": true,
            "title": "Worst experience ever!",
            "text": "I don't like this mobile phone very bad",
            "rating": 1,
            "helpful": 1
        }
    ],
    [
        {
            "author": "Flipkart Customer",
            "certBuyer": true,
            "title": "Useless product",
            "text": "Very poor in connecting to and persisting on mobile net though devices around it are working fine, on opening the device for the first time had received a message the storage card has been removed and on using few days  I found the device has been used before did find some other people nos on the phone .",
            "rating": 1,
            "helpful": 1
        }
    ],
    [
        {
            "author": "Flipkart Customer",
            "certBuyer": true,
            "title": "Excellent",
            "text": "Nice color.... Good phone",
            "rating": 5,
            "helpful": 0
        }
    ],
    [
        {
            "author": "Adesh Pawar",
            "certBuyer": true,
            "title": "Perfect product!",
            "text": "Nice product",
            "rating": 5,
            "helpful": 0
        }
    ],
    [
        {
            "author": "Flipkart Customer",
            "certBuyer": true,
            "title": "Delightful",
            "text": "Gud product",
            "rating": 4,
            "helpful": 0
        }
    ],
    [
        {
            "author": "Rukshar Shaikh",
            "certBuyer": true,
            "title": "Great product",
            "text": "A nice product....",
            "rating": 5,
            "helpful": 0
        }
    ],
    [
        {
            "author": "shaman nahar",
            "certBuyer": true,
            "title": "Must buy!",
            "text": "Good one",
            "rating": 5,
            "helpful": 0
        }
    ],
    [
        {
            "author": "Flipkart Customer",
            "certBuyer": true,
            "title": "Mind-blowing purchase",
            "text": "god delveary",
            "rating": 5,
            "helpful": 0
        }
    ],
    [
        {
            "author": "safayet sk",
            "certBuyer": true,
            "title": "Excellent",
            "text": "So Nice",
            "rating": 5,
            "helpful": 0
        }
    ],
    [
        {
            "author": "Flipkart Customer",
            "certBuyer": false,
            "title": "Awesome",
            "text": "Nice mobile.",
            "rating": 5,
            "helpful": 0
        }
    ],
    [
        {
            "author": "Aiswarya Pattnaik",
            "certBuyer": true,
            "title": "Waste of money!",
            "text": "Worst situation faced ever from any shopping site....Product not as per the specification provided..",
            "rating": 1,
            "helpful": 0
        }
    ],
    [
        {
            "author": "Flipkart Customer",
            "certBuyer": false,
            "title": "Worth every penny",
            "text": "We have a good product",
            "rating": 5,
            "helpful": 0
        }
    ],
    [
        {
            "author": "Saleem  Sherwani",
            "certBuyer": false,
            "title": "Terrible product",
            "text": "Internal memory is very low. The low storage problem occur. no more aaps can be downloaded. Total waste of money. If you buy new 4G handset so, you have to buy Lenovo vibe.",
            "rating": 1,
            "helpful": 0
        }
    ],
    [
        {
            "author": "richa sharma",
            "certBuyer": true,
            "title": "Panasonic Eluga I2 4g (Silver, 8 GB)",
            "text": "agr ye mobile return &replace nhi hua to main is site se kabhi bhi koi bhi shipping nhi krne wali or apne sbhi friends ko is site se shopping krne k liye inkaar krungi,ki wo is site se koi bhi shopping na kre.",
            "rating": 1,
            "helpful": 48
        }
    ],
    [
        {
            "author": "subin",
            "certBuyer": false,
            "title": "ELUGA I 2   NOT RECOMMEND FOR BUYING",
            "text": "NOT RECOMMENDED FOR PROFESSIONAL USE , UNLESS HAVE SECONDARY BATTERY OR  POWER BANK .\nBROUGHT THIS MODEL TWO DAYS BACK \n\nBATTERY IS GETTING DISCHARGED FAST , EVEN WHEN DATA AND CALLS ARE LESS .",
            "rating": 1,
            "helpful": 7
        }
    ],
    [
        {
            "author": "Midhun",
            "certBuyer": false,
            "title": "cheat",
            "text": "Hi friends, please be careful when you order with Flipkart. They are cheating their customers now...Be careful..go for some other reputed online store......",
            "rating": 1,
            "helpful": 4
        }
    ],
    [
        {
            "author": "Naresh Thumma",
            "certBuyer": true,
            "title": "Pretty good",
            "text": "Better from previous,but cam will be extend 2mp to 5 mp",
            "rating": 4,
            "helpful": 0
        }
    ],
    [
        {
            "author": "Flipkart Customer",
            "certBuyer": false,
            "title": "very bad",
            "text": "bakvas fone se",
            "rating": 1,
            "helpful": 0
        }
    ],
    [
        {
            "author": "Flipkart Customer",
            "certBuyer": false,
            "title": "Mind-blowing purchase",
            "text": "How to move app internal to sd card",
            "rating": 5,
            "helpful": 0
        }
    ],
    [
        {
            "author": "Flipkart Customer",
            "certBuyer": false,
            "title": "Worst experience ever!",
            "text": "Is there front camera or not",
            "rating": 1,
            "helpful": 0
        }
    ],
    [
        {
            "author": "Shobhit Saxena",
            "certBuyer": false,
            "title": "Terrible product",
            "text": "\u0915\u0948\u092e\u0930\u093e \u092c\u093f\u0932\u0915\u0941\u0932 \u092c\u0947\u0915\u093e\u0930 \u0939\u0948 \u0914\u0930 \u092b\u093c\u094b\u0928 \u0915\u0940 \u0938\u093e\u0909\u0902\u0921 \u092d\u0940 \u092c\u0939\u0941\u0924 \u0915\u092e \u0939\u0948\u0964",
            "rating": 1,
            "helpful": 0
        }
    ]
]