[
    [
        {
            "author": "Gautam Sinha",
            "certBuyer": true,
            "title": "just bought",
            "text": "phone is over all good,I personal like the backup part ( 5000 mAh battery )\nSome heating problem while charging, Available ROM is little low.\nRest everything is good for a budgeted phone.",
            "rating": 4,
            "helpful": 116
        }
    ],
    [
        {
            "author": "Arjun S Pai",
            "certBuyer": true,
            "title": "Best in the market!",
            "text": "Super nice budget phone",
            "rating": 5,
            "helpful": 112
        }
    ],
    [
        {
            "author": "Flipkart Customer",
            "certBuyer": true,
            "title": "most 3rd class ph i evr seen",
            "text": "wifi problem\nslw stwr\nbttery prblm",
            "rating": 1,
            "helpful": 60
        }
    ],
    [
        {
            "author": "Flipkart Customer",
            "certBuyer": true,
            "title": "Good but nothing fancy",
            "text": "Good product",
            "rating": 3,
            "helpful": 3
        }
    ],
    [
        {
            "author": "vatsallya lamgadey",
            "certBuyer": true,
            "title": "happy customer",
            "text": "phone quality is so good ..worth the money .. you even  get free gifts with  it..\nrecomended to all(5000mah battrey).",
            "rating": 5,
            "helpful": 3
        }
    ],
    [
        {
            "author": "srinath",
            "certBuyer": true,
            "title": "average product",
            "text": "pros - \n1. value for money\n2. 5 inch display - (HD display they say its bad)\n3. good for elders.\n4. handy.\n5. Battery is ok\n\ncons - \n1. camera vga\n2. not very fast, lags\n3. UI is not friendly.\n\nif ur looking for some performance - dont buy\noverall build quality is poor..",
            "rating": 3,
            "helpful": 6
        }
    ],
    [
        {
            "author": "Anand Singh",
            "certBuyer": true,
            "title": "Good choice",
            "text": "Pro:\n1. Made in India.\n2. Battery is good.\n3. Voice Clarity\n4. Signal latch is good\n\nCons:\n1. Sound of speaker & headset is bit low, so in noisy place very difficult to hear.\n2. Camera seems to be VGA. Its mentioned 8 MP, its really not.\n\n\nOverall it is 4.5 out of 5.\n\nMy rating and purchase of device was purely exact requirement. Battery backup and screen size greater than 4-inch.",
            "rating": 4,
            "helpful": 4
        }
    ],
    [
        {
            "author": "Brijesh Tiwari",
            "certBuyer": true,
            "title": "Does the job",
            "text": "If it supports 4g network too then it would be better",
            "rating": 3,
            "helpful": 2
        }
    ],
    [
        {
            "author": "Ganesh P",
            "certBuyer": true,
            "title": "A worth able product:",
            "text": "It is a decent look and design, excellent battery backup. most of the useful application are preinstalled. Also, the display and headset are nice. Now, I am waiting for another one.",
            "rating": 5,
            "helpful": 2
        }
    ],
    [
        {
            "author": "Prakriti Ranjan Sarkar",
            "certBuyer": true,
            "title": "good",
            "text": "battery power is very good, display ok, enough fast for less app users, speaker sound is a bit low, camera average, Overall good product",
            "rating": 4,
            "helpful": 2
        }
    ],
    [
        {
            "author": "Divakaran S",
            "certBuyer": true,
            "title": "Please dont buy",
            "text": "Please dont buy",
            "rating": 2,
            "helpful": 5
        }
    ],
    [
        {
            "author": "lokesh kiran",
            "certBuyer": true,
            "title": "Useless product",
            "text": "Worst phone YouTube chrome or any network based app not working",
            "rating": 1,
            "helpful": 3
        }
    ],
    [
        {
            "author": "sanjith krishna",
            "certBuyer": true,
            "title": "Nice Handset",
            "text": "I Liked it very much ...... \nThe phone is overall very good\nsmall heating problem is there while charging\nnice battery backup\nNice camera\nGood phone for this price...\nThanks to Flipkart.......",
            "rating": 4,
            "helpful": 2
        }
    ],
    [
        {
            "author": "Flipkart Customer",
            "certBuyer": true,
            "title": "Decent product",
            "text": "good",
            "rating": 3,
            "helpful": 0
        }
    ],
    [
        {
            "author": "Biju Abraham  Biju Abraham",
            "certBuyer": true,
            "title": "Fabulous!",
            "text": "good Product Thanks flip Kart very Nice",
            "rating": 5,
            "helpful": 1
        }
    ],
    [
        {
            "author": "Flipkart Customer",
            "certBuyer": true,
            "title": "Four Stars",
            "text": "Good battery life. Lasts for three or more days.",
            "rating": 4,
            "helpful": 1
        }
    ],
    [
        {
            "author": "Flipkart Customer",
            "certBuyer": true,
            "title": "Don't waste your money",
            "text": "Worst product.. Don't buy it",
            "rating": 1,
            "helpful": 1
        }
    ],
    [
        {
            "author": "Kaleeiswari balamurugan",
            "certBuyer": true,
            "title": "Awesome",
            "text": "Super mobile phone",
            "rating": 5,
            "helpful": 1
        }
    ],
    [
        {
            "author": "Flipkart Customer",
            "certBuyer": true,
            "title": "Does the job",
            "text": "Nice",
            "rating": 3,
            "helpful": 0
        }
    ],
    [
        {
            "author": "Flipkart Customer",
            "certBuyer": true,
            "title": "Pretty good",
            "text": "Phone ok for money... camera good...heating issues lie",
            "rating": 4,
            "helpful": 0
        }
    ],
    [
        {
            "author": "Prashant  Verma",
            "certBuyer": true,
            "title": "Wonderful",
            "text": "Very good battery pick up",
            "rating": 4,
            "helpful": 0
        }
    ],
    [
        {
            "author": "Flipkart Customer",
            "certBuyer": true,
            "title": "Good choice",
            "text": "Good products",
            "rating": 4,
            "helpful": 1
        }
    ],
    [
        {
            "author": "Mukesh kumar Singh",
            "certBuyer": true,
            "title": "Terrific",
            "text": "Battery will blow your mind fantastic phone if you are still interested in 3 G phone.",
            "rating": 5,
            "helpful": 1
        }
    ],
    [
        {
            "author": "Flipkart Customer",
            "certBuyer": true,
            "title": "Nice",
            "text": "Good phone",
            "rating": 5,
            "helpful": 0
        }
    ],
    [
        {
            "author": "prabhakar",
            "certBuyer": true,
            "title": "Value for money product",
            "text": "Product reaches on time. It worth the money. No issues so far.",
            "rating": 3,
            "helpful": 0
        }
    ],
    [
        {
            "author": "Subha Chakraborty",
            "certBuyer": true,
            "title": "Must buy!",
            "text": "Best mobile",
            "rating": 5,
            "helpful": 0
        }
    ],
    [
        {
            "author": "aman kumar",
            "certBuyer": true,
            "title": "Worth every penny",
            "text": "Good",
            "rating": 5,
            "helpful": 1
        }
    ],
    [
        {
            "author": "Flipkart Customer",
            "certBuyer": true,
            "title": "Best in the market!",
            "text": "Good",
            "rating": 1,
            "helpful": 0
        }
    ],
    [
        {
            "author": "Biswajit Paul",
            "certBuyer": true,
            "title": "Mind-blowing purchase",
            "text": "good phone in budget..",
            "rating": 5,
            "helpful": 0
        }
    ],
    [
        {
            "author": "jishnu shylan",
            "certBuyer": true,
            "title": "Value-for-money",
            "text": "Good for ph 4money",
            "rating": 4,
            "helpful": 0
        }
    ],
    [
        {
            "author": "Sagar Madachane",
            "certBuyer": true,
            "title": "Fair",
            "text": "It is a good product but it needs a bit of improvement in the speakerv\nand camera. Although Panasonic is not a brand that most of the people want to buy",
            "rating": 3,
            "helpful": 0
        }
    ],
    [
        {
            "author": "Sarita Sukumaran",
            "certBuyer": true,
            "title": "Terrific purchase",
            "text": "THe product was delivered on time and its features are quite good for its price.",
            "rating": 5,
            "helpful": 0
        }
    ],
    [
        {
            "author": "Kedari  Magadum ",
            "certBuyer": true,
            "title": "Nice",
            "text": "Not good",
            "rating": 3,
            "helpful": 0
        }
    ],
    [
        {
            "author": "Flipkart Customer",
            "certBuyer": true,
            "title": "Does the job",
            "text": "Mind blowing bettry backup",
            "rating": 1,
            "helpful": 0
        }
    ],
    [
        {
            "author": "javed  khan",
            "certBuyer": true,
            "title": "Worst experience ever!",
            "text": "Worst phone, overheating, charger not supporting. No refund at all after informing to flipkart.So pls avoid it.pls",
            "rating": 1,
            "helpful": 0
        }
    ],
    [
        {
            "author": "Flipkart Customer",
            "certBuyer": true,
            "title": "Simply awesome",
            "text": "Best",
            "rating": 5,
            "helpful": 0
        }
    ],
    [
        {
            "author": "Flipkart Customer",
            "certBuyer": true,
            "title": "Super!",
            "text": "NYC product",
            "rating": 5,
            "helpful": 1
        }
    ],
    [
        {
            "author": "Flipkart Customer",
            "certBuyer": true,
            "title": "Fair",
            "text": "Nice phone in this budget",
            "rating": 3,
            "helpful": 1
        }
    ],
    [
        {
            "author": "Flipkart Customer",
            "certBuyer": true,
            "title": "Fabulous!",
            "text": "very good product",
            "rating": 5,
            "helpful": 0
        }
    ],
    [
        {
            "author": "Santosh Birajdar",
            "certBuyer": true,
            "title": "Must buy!",
            "text": "I gifted this phone to my Dad, he is very happy. He is still don't believe I bought this good phone just for \u20b94500\nThank you OmniTechRetail for offering this for \u20b94500\nThank you flip kart for fast delivery\nDad happy, Me happy",
            "rating": 5,
            "helpful": 7
        }
    ],
    [
        {
            "author": "Asish Bag",
            "certBuyer": true,
            "title": "Superb Mobile Set",
            "text": "What a mobile phone set in less price.\nAwesome battery back up, very fast surfing, both front and rear cameras are good, sound is well enough, high LED flash, head phone is super, no heating problem, IPS Hd touch screen is good,.\nThanks to flipkart for delivering me in just 48hrs.\nI think I got one of the best 3G mobile handset in just Rs.4499/-, its original price printed on the box is Rs.7490/-.\nOverall it is a good quality smart phones by Panasonic in the Indian Market at a reasonable price made in India.",
            "rating": 5,
            "helpful": 8
        }
    ],
    [
        {
            "author": "Debarshi Sengupta",
            "certBuyer": true,
            "title": "Perfect product!",
            "text": "good, very good product.probably among first 2 or 3 of its range. Found nothing to complain of except slightly depressed sound, and ringtones. If you want my opinion, you can go for it without a second thought.",
            "rating": 5,
            "helpful": 3
        }
    ],
    [
        {
            "author": "Happy Fleet",
            "certBuyer": true,
            "title": "Satisfied",
            "text": "Its good at this price. Battery backup is as excellent.  \nit does heats up a little while charging but thats okay cause it has a 5V---1500 mA charger. Normal chargers can supply max 500mA current while this will draw more current.\nif you Charge your phone in switch off mode.... it will not heat up\nRest features are as expected.\nNot too many apps installed. Many built in apps can be uninstalled easily. \nInternal free space usable is 4.2 GB",
            "rating": 4,
            "helpful": 2
        }
    ],
    [
        {
            "author": "Ada A",
            "certBuyer": true,
            "title": "!Panasonic P75 WOW!",
            "text": "Panasonic P75 (4G Not Supported), is excellent product in less price, very good battery backup, smooth touch, excellent camera and display clarity, no lags, no heating issues, what else you expect in this price, Panasonic built quality is far far better than other low value high configuration mobiles. Gamer please avoid this as its only 1GB RAM, For day to day use very good product. Good Seller, Nice packaging, before time delivery, Thanks Flipkart!",
            "rating": 4,
            "helpful": 3
        }
    ],
    [
        {
            "author": "Flipkart Customer",
            "certBuyer": true,
            "title": "Good Phone",
            "text": "Good phone, price is a bit on higher side but if compare the quality of the phone then it is far better than other phones. And good for elders.",
            "rating": 4,
            "helpful": 1
        }
    ],
    [
        {
            "author": "Sawan Kanade",
            "certBuyer": true,
            "title": "Moderate",
            "text": "Product is very scratch in screen card so poor ..........",
            "rating": 1,
            "helpful": 1
        }
    ],
    [
        {
            "author": "Akosh Murali",
            "certBuyer": true,
            "title": "Delightful",
            "text": "battery backup is good\nSuperb phone",
            "rating": 4,
            "helpful": 1
        }
    ],
    [
        {
            "author": "Flipkart Customer",
            "certBuyer": true,
            "title": "Terrific purchase",
            "text": "It's shock me.\nBest smartphone in my life.\nSuperb.",
            "rating": 5,
            "helpful": 1
        }
    ],
    [
        {
            "author": "nilesh waghmare",
            "certBuyer": true,
            "title": "PANASONIC P75",
            "text": "Panasonic p75\n\nBattry backup is very good 5000Mah\nCamera clearity so gorgious rear camera 8Mp super shop with HDR captur \nAnd front 5Mp super selfie super clearity after this price\nThis handset 3G but Better internet & wifi experience",
            "rating": 5,
            "helpful": 1
        }
    ],
    [
        {
            "author": "Arnab Roy",
            "certBuyer": true,
            "title": "Worth the money",
            "text": "Please provide a 8GB micro SD card free with this cellphone. 4GB of user available data is killing this excellent phone (at this price point) otherwise.Just wanted to note that it has one of the best screens and cameras (daylight) under Rs 6k.",
            "rating": 4,
            "helpful": 1
        }
    ],
    [
        {
            "author": "Flipkart Customer",
            "certBuyer": true,
            "title": "Best in the market!",
            "text": "Good",
            "rating": 5,
            "helpful": 0
        }
    ],
    [
        {
            "author": "Flipkart Customer",
            "certBuyer": true,
            "title": "Classy product",
            "text": "Supeeeeer",
            "rating": 5,
            "helpful": 0
        }
    ],
    [
        {
            "author": "manoj  kotnala",
            "certBuyer": true,
            "title": "Really Nice",
            "text": "nice battry backup",
            "rating": 4,
            "helpful": 0
        }
    ],
    [
        {
            "author": "Flipkart Customer",
            "certBuyer": true,
            "title": "Could be way better",
            "text": "Nice",
            "rating": 2,
            "helpful": 0
        }
    ],
    [
        {
            "author": "jitender yadav",
            "certBuyer": true,
            "title": "Utterly Disappointed",
            "text": "Before buy check it's 3g phone and net speed is very poor battery is good but phone is not so good",
            "rating": 1,
            "helpful": 0
        }
    ],
    [
        {
            "author": "rahul kr",
            "certBuyer": true,
            "title": "Terrific",
            "text": "Very useful",
            "rating": 5,
            "helpful": 0
        }
    ],
    [
        {
            "author": "SIVARAJ S",
            "certBuyer": true,
            "title": "Good",
            "text": "Good",
            "rating": 3,
            "helpful": 0
        }
    ],
    [
        {
            "author": "Flipkart Customer",
            "certBuyer": true,
            "title": "Wonderful",
            "text": "Nice",
            "rating": 5,
            "helpful": 0
        }
    ],
    [
        {
            "author": "Flipkart Customer",
            "certBuyer": true,
            "title": "Good choice",
            "text": "Not bad",
            "rating": 4,
            "helpful": 0
        }
    ],
    [
        {
            "author": "Joypreet Anand",
            "certBuyer": true,
            "title": "Absolute rubbish!",
            "text": "It's a low end smart phone and that's pretty much it. Prolonged exposure to the screen will affect eyes due to resolution and display quality after a while. For other purposes, it's just perfect",
            "rating": 1,
            "helpful": 0
        }
    ],
    [
        {
            "author": "Flipkart Customer",
            "certBuyer": true,
            "title": "Horrible",
            "text": "Not good",
            "rating": 1,
            "helpful": 0
        }
    ],
    [
        {
            "author": "arvind kumar pandey",
            "certBuyer": true,
            "title": "Good",
            "text": "Happy",
            "rating": 3,
            "helpful": 0
        }
    ],
    [
        {
            "author": "chandan singh",
            "certBuyer": true,
            "title": "Expected a better product",
            "text": "Getting heat alot",
            "rating": 2,
            "helpful": 0
        }
    ],
    [
        {
            "author": "Flipkart Customer",
            "certBuyer": true,
            "title": "good",
            "text": "good mobile everting is good battery comes long time",
            "rating": 5,
            "helpful": 0
        }
    ],
    [
        {
            "author": "PRALOY  mahata",
            "certBuyer": true,
            "title": "Worth every penny",
            "text": "Good",
            "rating": 5,
            "helpful": 0
        }
    ],
    [
        {
            "author": "Flipkart Customer",
            "certBuyer": true,
            "title": "Value-for-money",
            "text": "Good phone awesome battery backup at least 2 day's work with",
            "rating": 4,
            "helpful": 0
        }
    ],
    [
        {
            "author": "Flipkart Customer",
            "certBuyer": true,
            "title": "Stopped working within 6 months",
            "text": "Stopped working within 6 months of purchase..still worst is no service centres nearby ..wat a pathetic phone ..cheap quality camera it's not even vga clarity .pls go fr some better ones",
            "rating": 1,
            "helpful": 0
        }
    ],
    [
        {
            "author": "Mohamed Sadique",
            "certBuyer": true,
            "title": "Delightful",
            "text": "Its ok",
            "rating": 4,
            "helpful": 0
        }
    ],
    [
        {
            "author": "tarun rawat",
            "certBuyer": true,
            "title": "Wonderful",
            "text": "Nice phone",
            "rating": 5,
            "helpful": 0
        }
    ],
    [
        {
            "author": "Sayed Nafis",
            "certBuyer": true,
            "title": "Just okay",
            "text": "Product is Good but operating is slow......",
            "rating": 3,
            "helpful": 0
        }
    ],
    [
        {
            "author": "Abhilash Sinha",
            "certBuyer": true,
            "title": "Just okay",
            "text": "Cheep &amp; best phone. Good for light use.  5000mAh Battery gives 30-35 hours backup which is great. Little bit you will be get disappointed from its camera quality.",
            "rating": 3,
            "helpful": 0
        }
    ],
    [
        {
            "author": "Nilesh Modhvadiya",
            "certBuyer": true,
            "title": "Unsatisfactory",
            "text": "Not good",
            "rating": 1,
            "helpful": 0
        }
    ],
    [
        {
            "author": "SAM",
            "certBuyer": true,
            "title": "Could be way better",
            "text": "The phone lags and screen stopped responding after 6 months of use. Not value for money, cheap product.",
            "rating": 2,
            "helpful": 0
        }
    ],
    [
        {
            "author": "Amiya Ghosh",
            "certBuyer": true,
            "title": "Slightly disappointed",
            "text": "Good.",
            "rating": 2,
            "helpful": 0
        }
    ],
    [
        {
            "author": "Dibyendu  Datta",
            "certBuyer": true,
            "title": "Great phone!",
            "text": "I have been using this phone since April 2017, and the phone still works perfectly, without any lag or stuttering! The camera quality is beautiful, and the flash is mighty, and the battery just doesn't go down!\nJust, the problem is that the battery cannot be removed, and also, there is only one service centre in Kolkata. I had to go there to clear dust from my camera lens, as it had been there from delivery. They did it for free too.",
            "rating": 5,
            "helpful": 0
        }
    ],
    [
        {
            "author": "Flipkart Customer",
            "certBuyer": true,
            "title": "Good choice",
            "text": "Everything is exellent instead of performance",
            "rating": 4,
            "helpful": 0
        }
    ],
    [
        {
            "author": "Flipkart Customer",
            "certBuyer": true,
            "title": "Terrific purchase",
            "text": "U can buy this phone for superbbbbbbbbb backup",
            "rating": 5,
            "helpful": 0
        }
    ],
    [
        {
            "author": "SANTOSHA SANTOSHA",
            "certBuyer": true,
            "title": "Simply awesome",
            "text": "super",
            "rating": 5,
            "helpful": 0
        }
    ],
    [
        {
            "author": "Chandrashekhar Newaskar",
            "certBuyer": true,
            "title": "Wonderful",
            "text": "Good",
            "rating": 5,
            "helpful": 0
        }
    ],
    [
        {
            "author": "akash ",
            "certBuyer": true,
            "title": "Classy product",
            "text": "Nice",
            "rating": 5,
            "helpful": 0
        }
    ],
    [
        {
            "author": "Dipankar  Roy",
            "certBuyer": true,
            "title": "Super!",
            "text": "Very good",
            "rating": 5,
            "helpful": 0
        }
    ],
    [
        {
            "author": "Saran Sidda",
            "certBuyer": true,
            "title": "Good quality product",
            "text": "Good for the cost",
            "rating": 4,
            "helpful": 0
        }
    ],
    [
        {
            "author": "Jeet rana",
            "certBuyer": true,
            "title": "good product",
            "text": "Good",
            "rating": 5,
            "helpful": 0
        }
    ],
    [
        {
            "author": "Arun Chandrasekaran ",
            "certBuyer": true,
            "title": "Wonderful",
            "text": "Worth for d money",
            "rating": 4,
            "helpful": 0
        }
    ],
    [
        {
            "author": "Flipkart Customer",
            "certBuyer": true,
            "title": "Very Good",
            "text": "Good but its 3g",
            "rating": 4,
            "helpful": 0
        }
    ],
    [
        {
            "author": "Samir Saha",
            "certBuyer": true,
            "title": "Just okay",
            "text": "Best battery backup phone at this range",
            "rating": 3,
            "helpful": 0
        }
    ],
    [
        {
            "author": "Flipkart Customer",
            "certBuyer": true,
            "title": "Really Nice",
            "text": "Best",
            "rating": 4,
            "helpful": 0
        }
    ],
    [
        {
            "author": "Glecks Sangma",
            "certBuyer": true,
            "title": "Nice product",
            "text": "Battry is good but picture guality is not good..",
            "rating": 4,
            "helpful": 0
        }
    ],
    [
        {
            "author": "Flipkart Customer",
            "certBuyer": true,
            "title": "Terrific purchase",
            "text": "Good product",
            "rating": 5,
            "helpful": 0
        }
    ],
    [
        {
            "author": "gogul",
            "certBuyer": true,
            "title": "Perfect product!",
            "text": "The mobile was very good and perfect for busy people and I don't recommend this for gamers",
            "rating": 5,
            "helpful": 0
        }
    ],
    [
        {
            "author": "RAJENDER",
            "certBuyer": true,
            "title": "Classy product",
            "text": "Excellent Mobile Phone with 5000mAh Battery under 5000 Budget.",
            "rating": 5,
            "helpful": 0
        }
    ],
    [
        {
            "author": "Nivetha Tamilselvan",
            "certBuyer": true,
            "title": "Good quality product",
            "text": "Good..",
            "rating": 4,
            "helpful": 0
        }
    ],
    [
        {
            "author": "jayant  shende",
            "certBuyer": true,
            "title": "Just okay",
            "text": "4gb rom is available for use",
            "rating": 3,
            "helpful": 0
        }
    ],
    [
        {
            "author": "Flipkart Customer",
            "certBuyer": true,
            "title": "Brilliant",
            "text": "Very very good there in no drawback",
            "rating": 5,
            "helpful": 0
        }
    ],
    [
        {
            "author": "Flipkart Customer",
            "certBuyer": true,
            "title": "Absolute rubbish!",
            "text": "Hitting problem",
            "rating": 1,
            "helpful": 0
        }
    ],
    [
        {
            "author": "amit sharma",
            "certBuyer": true,
            "title": "Battery ok.but phone is 3G not 4g.",
            "text": "Phone is ok but phone is 3G .phone  should be 4 g . \nBattery is very good .",
            "rating": 3,
            "helpful": 0
        }
    ],
    [
        {
            "author": "Kaviyarasu G",
            "certBuyer": true,
            "title": "Nice",
            "text": "Loud speaker very low sounds but otherwise ok",
            "rating": 3,
            "helpful": 0
        }
    ],
    [
        {
            "author": "Flipkart Customer",
            "certBuyer": true,
            "title": "Classy product",
            "text": "Nice",
            "rating": 5,
            "helpful": 0
        }
    ],
    [
        {
            "author": "jyoti dubey",
            "certBuyer": true,
            "title": "Great product",
            "text": "good handset. I gifted my mom and she is quite happy with the handset.",
            "rating": 5,
            "helpful": 0
        }
    ],
    [
        {
            "author": "VISHAL Gupta",
            "certBuyer": true,
            "title": "Pretty good",
            "text": "Ok",
            "rating": 4,
            "helpful": 0
        }
    ],
    [
        {
            "author": "Flipkart Customer",
            "certBuyer": true,
            "title": "Great product",
            "text": "Damn! Battery life is great!! And works good enough..",
            "rating": 5,
            "helpful": 0
        }
    ],
    [
        {
            "author": "Udhaya  Kumar",
            "certBuyer": true,
            "title": "Terrific purchase",
            "text": "its looks and functioning is very impressive comparing between 4g mobile",
            "rating": 5,
            "helpful": 0
        }
    ],
    [
        {
            "author": "Amit  Chandel",
            "certBuyer": true,
            "title": "Wonderful",
            "text": "Produced is awsome bettry becup awsome",
            "rating": 4,
            "helpful": 0
        }
    ],
    [
        {
            "author": "debasish mondal",
            "certBuyer": true,
            "title": "Super!",
            "text": "Good battery backup.",
            "rating": 5,
            "helpful": 0
        }
    ],
    [
        {
            "author": "bikz k",
            "certBuyer": true,
            "title": "Highly recommended",
            "text": "Excellent work",
            "rating": 5,
            "helpful": 0
        }
    ],
    [
        {
            "author": "Boban Anto",
            "certBuyer": true,
            "title": "Good choice",
            "text": "Unbelievable battery life.good performance",
            "rating": 4,
            "helpful": 0
        }
    ],
    [
        {
            "author": "Rajat Sharma",
            "certBuyer": true,
            "title": "Pretty good",
            "text": "Its nice..\nEverything is ok",
            "rating": 4,
            "helpful": 0
        }
    ],
    [
        {
            "author": "Akash  Gupta",
            "certBuyer": true,
            "title": "Awesome",
            "text": "This mobile is very Good.. So I am happy",
            "rating": 5,
            "helpful": 0
        }
    ],
    [
        {
            "author": "Suneel Siddamsetty",
            "certBuyer": true,
            "title": "Value-for-money",
            "text": "Good phone at this budget.. But still it's not 100%satisfactory... \nI bought on higher rate at 5100 2days back now its 4650 :(",
            "rating": 4,
            "helpful": 0
        }
    ],
    [
        {
            "author": "Govi J",
            "certBuyer": true,
            "title": "Good budget smartphone",
            "text": "Worth for the price",
            "rating": 4,
            "helpful": 0
        }
    ],
    [
        {
            "author": "vishnu raj  S",
            "certBuyer": true,
            "title": "Pretty good",
            "text": "Good product",
            "rating": 4,
            "helpful": 0
        }
    ],
    [
        {
            "author": "Pritam Ghosh",
            "certBuyer": true,
            "title": "Bad quality",
            "text": "Battery life is good.  But not satisfactory in performance.",
            "rating": 3,
            "helpful": 0
        }
    ],
    [
        {
            "author": "Rooben John Xavier ",
            "certBuyer": true,
            "title": "Dameged Product",
            "text": "When I switch on the phone, It gets hang.. I am not able to swipe the screen. Returned the product.. Pathetic one.. Do not go for it",
            "rating": 1,
            "helpful": 0
        }
    ],
    [
        {
            "author": "Flipkart Customer",
            "certBuyer": true,
            "title": "Absolute rubbish!",
            "text": "After 1 month Display not work",
            "rating": 1,
            "helpful": 0
        }
    ],
    [
        {
            "author": "Flipkart Customer",
            "certBuyer": true,
            "title": "Wonderful",
            "text": "It's good but chagering is too late and good processer this phone is good for middle class",
            "rating": 4,
            "helpful": 0
        }
    ],
    [
        {
            "author": "vishal kumar",
            "certBuyer": true,
            "title": "Very poor",
            "text": "Panasonic p75 charger adapter not supported",
            "rating": 1,
            "helpful": 0
        }
    ],
    [
        {
            "author": "Shrikant  Nagane",
            "certBuyer": true,
            "title": "Really Nice",
            "text": "Very nice mobile",
            "rating": 4,
            "helpful": 0
        }
    ],
    [
        {
            "author": "Flipkart Customer",
            "certBuyer": true,
            "title": "Super!",
            "text": "Good touch and awesome battery backup",
            "rating": 5,
            "helpful": 0
        }
    ],
    [
        {
            "author": "Tejpal Singh",
            "certBuyer": true,
            "title": "Horrible",
            "text": "Mobile is not good",
            "rating": 1,
            "helpful": 0
        }
    ],
    [
        {
            "author": "Flipkart Customer",
            "certBuyer": true,
            "title": "Wonderful",
            "text": "amazing product should buy",
            "rating": 5,
            "helpful": 0
        }
    ],
    [
        {
            "author": "Jitin  Patel",
            "certBuyer": true,
            "title": "nyc mobile",
            "text": "filipkart best option for mobile",
            "rating": 5,
            "helpful": 0
        }
    ],
    [
        {
            "author": "JWALAPATHI M",
            "certBuyer": true,
            "title": "Worthless",
            "text": "Battery damaged in just one month. Avoid buying this phone.",
            "rating": 1,
            "helpful": 0
        }
    ],
    [
        {
            "author": "Milankumar Patel",
            "certBuyer": true,
            "title": "Perfect product!",
            "text": "Good product at lowest price.",
            "rating": 5,
            "helpful": 0
        }
    ],
    [
        {
            "author": "edukondalu s",
            "certBuyer": true,
            "title": "Value-for-money",
            "text": "Nice mobile",
            "rating": 4,
            "helpful": 0
        }
    ],
    [
        {
            "author": "Flipkart Customer",
            "certBuyer": true,
            "title": "Very Good",
            "text": "Love to have this phone and very long life of battery",
            "rating": 4,
            "helpful": 0
        }
    ],
    [
        {
            "author": "Krishna  Buragohain",
            "certBuyer": true,
            "title": "Moderate",
            "text": "Not bed.just ok",
            "rating": 2,
            "helpful": 0
        }
    ],
    [
        {
            "author": "Flipkart Customer",
            "certBuyer": true,
            "title": "Just wow!",
            "text": "Very Good",
            "rating": 5,
            "helpful": 0
        }
    ],
    [
        {
            "author": "ANIL RAY",
            "certBuyer": true,
            "title": "great price",
            "text": "very nice mobile for this price.",
            "rating": 5,
            "helpful": 0
        }
    ],
    [
        {
            "author": "Ragul  krishna ",
            "certBuyer": true,
            "title": "Worth every penny",
            "text": "Awesome  product and goodness in safety you packing will be super",
            "rating": 5,
            "helpful": 0
        }
    ],
    [
        {
            "author": "Flipkart Customer",
            "certBuyer": true,
            "title": "Could be way better",
            "text": "Nyc",
            "rating": 2,
            "helpful": 0
        }
    ],
    [
        {
            "author": "Ada A",
            "certBuyer": true,
            "title": "!Again P75!",
            "text": "It's my second order within a week for Panasonic P75, good seller, Thank You Flipkart.",
            "rating": 4,
            "helpful": 0
        }
    ],
    [
        {
            "author": "Flipkart Customer",
            "certBuyer": true,
            "title": "Three Stars",
            "text": "Good",
            "rating": 3,
            "helpful": 0
        }
    ],
    [
        {
            "author": "Mohamammad  sayeed ",
            "certBuyer": true,
            "title": "Three Stars",
            "text": "Battery is very good...but internal memory is only 4gb usable",
            "rating": 3,
            "helpful": 0
        }
    ],
    [
        {
            "author": "prabhakarvullengala",
            "certBuyer": true,
            "title": "One Star",
            "text": "Worst mobile",
            "rating": 1,
            "helpful": 0
        }
    ],
    [
        {
            "author": "Siva Nantham",
            "certBuyer": true,
            "title": "Four Stars",
            "text": "Battery is good",
            "rating": 4,
            "helpful": 0
        }
    ],
    [
        {
            "author": "Flipkart Customer",
            "certBuyer": true,
            "title": "Three Stars",
            "text": "There is a problem in the mobile.that is ringtone is not adjust by memory card.the ringtone is only coming in mobile ringtones.The volume of mobile is low.",
            "rating": 3,
            "helpful": 0
        }
    ],
    [
        {
            "author": "soni kushwaha",
            "certBuyer": true,
            "title": "Four Stars",
            "text": "Its working fine till now.. No complaints... Budget smartphone",
            "rating": 4,
            "helpful": 0
        }
    ],
    [
        {
            "author": "Gandhi E",
            "certBuyer": true,
            "title": "Four Stars",
            "text": "Nice one. I really like",
            "rating": 4,
            "helpful": 0
        }
    ],
    [
        {
            "author": "rohit  Kamble",
            "certBuyer": true,
            "title": "Four Stars",
            "text": "Nice cell..lovely gifting option",
            "rating": 4,
            "helpful": 0
        }
    ],
    [
        {
            "author": "Ashok kumar",
            "certBuyer": true,
            "title": "Just okay",
            "text": "Nice mobile",
            "rating": 3,
            "helpful": 0
        }
    ],
    [
        {
            "author": "Manikantan Aarya",
            "certBuyer": true,
            "title": "Unsatisfactory",
            "text": "I bought the Mobile now Mobile touch not worked am returning",
            "rating": 1,
            "helpful": 0
        }
    ],
    [
        {
            "author": "Flipkart Customer",
            "certBuyer": true,
            "title": "Awesome",
            "text": "Very esse to use good look nice colour",
            "rating": 5,
            "helpful": 0
        }
    ],
    [
        {
            "author": "Flipkart Customer",
            "certBuyer": true,
            "title": "Simply awesome",
            "text": "Good phone",
            "rating": 5,
            "helpful": 0
        }
    ],
    [
        {
            "author": "RADHEY SAINI",
            "certBuyer": true,
            "title": "Nice phone",
            "text": "Well working",
            "rating": 4,
            "helpful": 0
        }
    ],
    [
        {
            "author": "anilkumar rb kumar",
            "certBuyer": true,
            "title": "Unsatisfactory",
            "text": "battery was poor",
            "rating": 1,
            "helpful": 0
        }
    ],
    [
        {
            "author": "Flipkart Customer",
            "certBuyer": true,
            "title": "Waste of money!",
            "text": "Very bed prudect, not good, west mony",
            "rating": 1,
            "helpful": 0
        }
    ],
    [
        {
            "author": "MAHARUDRA CHAKRABORTY",
            "certBuyer": true,
            "title": "Very poor",
            "text": "Mobile software is poor... Every time restart is needed to working it properly... For example wifi sometimes not working but when you restart it becomes normal...",
            "rating": 1,
            "helpful": 0
        }
    ],
    [
        {
            "author": "Madhav Aryal",
            "certBuyer": true,
            "title": "Not recommended at all",
            "text": "Mobile is very hote",
            "rating": 1,
            "helpful": 0
        }
    ],
    [
        {
            "author": "Akash purkait",
            "certBuyer": true,
            "title": "Really Nice",
            "text": "Amazing",
            "rating": 4,
            "helpful": 0
        }
    ],
    [
        {
            "author": "Flipkart Customer",
            "certBuyer": true,
            "title": "Worth every penny",
            "text": "So nice supper dilevry",
            "rating": 5,
            "helpful": 0
        }
    ],
    [
        {
            "author": "Flipkart Customer",
            "certBuyer": true,
            "title": "Really Nice",
            "text": "Internal space is low",
            "rating": 4,
            "helpful": 0
        }
    ],
    [
        {
            "author": "Selva Kumar",
            "certBuyer": true,
            "title": "Perfect product!",
            "text": "Good phone\ud83d\udc4d\ud83d\udc4d\ud83d\udc4c\ud83d\udc4c\ud83d\udc4c",
            "rating": 5,
            "helpful": 0
        }
    ],
    [
        {
            "author": "Alok Rai Customer",
            "certBuyer": true,
            "title": "Very slime",
            "text": "Very Android",
            "rating": 5,
            "helpful": 0
        }
    ],
    [
        {
            "author": "Meghna Roy",
            "certBuyer": true,
            "title": "Very Good",
            "text": "nice phone in low price..otg supported.. but headphone problem",
            "rating": 4,
            "helpful": 0
        }
    ],
    [
        {
            "author": "Raju Goud",
            "certBuyer": true,
            "title": "Simply awesome",
            "text": "Hiiii  Am. Using This mobile 1week....its simply superbbb Phone.... Amazing battery backup... Best budget phone ever",
            "rating": 5,
            "helpful": 0
        }
    ],
    [
        {
            "author": "Flipkart Customer",
            "certBuyer": true,
            "title": "Awesome",
            "text": "Nice.",
            "rating": 5,
            "helpful": 0
        }
    ],
    [
        {
            "author": "Flipkart Customer",
            "certBuyer": true,
            "title": "Worth every penny",
            "text": "Good one.\nNice battery backup",
            "rating": 5,
            "helpful": 0
        }
    ],
    [
        {
            "author": "GAGANDEEP  GILL",
            "certBuyer": true,
            "title": "Must buy!",
            "text": "Nice but battery backup weakness",
            "rating": 5,
            "helpful": 0
        }
    ],
    [
        {
            "author": "Flipkart Customer",
            "certBuyer": true,
            "title": "Nice",
            "text": "good",
            "rating": 5,
            "helpful": 0
        }
    ],
    [
        {
            "author": "Flipkart Customer",
            "certBuyer": true,
            "title": "Worth every penny",
            "text": "Good",
            "rating": 5,
            "helpful": 0
        }
    ],
    [
        {
            "author": "Mainak Dhar",
            "certBuyer": true,
            "title": "Highly recommended",
            "text": "Great product...",
            "rating": 5,
            "helpful": 0
        }
    ],
    [
        {
            "author": "Abhishek  Kapoor ",
            "certBuyer": true,
            "title": "Just wow!",
            "text": "Very good product compared to its price, fully satisfied. Timely delivery.",
            "rating": 5,
            "helpful": 0
        }
    ],
    [
        {
            "author": "Flipkart Customer",
            "certBuyer": true,
            "title": "Good",
            "text": "Old version technical problem",
            "rating": 3,
            "helpful": 0
        }
    ],
    [
        {
            "author": "Narendra Raikwar",
            "certBuyer": true,
            "title": "Wonderful",
            "text": "Best Mobile",
            "rating": 5,
            "helpful": 0
        }
    ],
    [
        {
            "author": "Flipkart Customer",
            "certBuyer": true,
            "title": "Perfect product!",
            "text": "Semma..... Awesome product in kart",
            "rating": 5,
            "helpful": 0
        }
    ],
    [
        {
            "author": "Avijit  Sarkar",
            "certBuyer": true,
            "title": "Good choice",
            "text": "Its a very basic smartphone and for basic users. If you are a advance user then dont go with this",
            "rating": 4,
            "helpful": 0
        }
    ],
    [
        {
            "author": "Manish Kumar",
            "certBuyer": true,
            "title": "Worth the money",
            "text": "Nice product",
            "rating": 4,
            "helpful": 0
        }
    ],
    [
        {
            "author": "Flipkart Customer",
            "certBuyer": true,
            "title": "Good Product",
            "text": "Good product in this range.",
            "rating": 3,
            "helpful": 0
        }
    ],
    [
        {
            "author": "Flipkart Customer",
            "certBuyer": true,
            "title": "Good one",
            "text": "Nice product....",
            "rating": 5,
            "helpful": 0
        }
    ],
    [
        {
            "author": "Abhilash Sinha",
            "certBuyer": true,
            "title": "Good",
            "text": "It is cheep & best 3G phone",
            "rating": 5,
            "helpful": 0
        }
    ],
    [
        {
            "author": "SANOJ. S",
            "certBuyer": true,
            "title": "Awesome",
            "text": "Super",
            "rating": 5,
            "helpful": 0
        }
    ],
    [
        {
            "author": "Sureshbabu KP",
            "certBuyer": true,
            "title": "nice product..",
            "text": "a nice product from panasonic, awsome battery backup.\na best phone for a normal user",
            "rating": 5,
            "helpful": 0
        }
    ],
    [
        {
            "author": "Pradhani Borgunde",
            "certBuyer": true,
            "title": "Fabulous!",
            "text": "Thank you Flipkart nice product.... Sale",
            "rating": 5,
            "helpful": 0
        }
    ],
    [
        {
            "author": "Flipkart Customer",
            "certBuyer": true,
            "title": "Classy product",
            "text": "Good",
            "rating": 5,
            "helpful": 0
        }
    ],
    [
        {
            "author": "Imran SK",
            "certBuyer": true,
            "title": "Classy product",
            "text": "Nice phone",
            "rating": 5,
            "helpful": 0
        }
    ],
    [
        {
            "author": "Flipkart Customer",
            "certBuyer": true,
            "title": "Just okay",
            "text": "Thank you flipkart",
            "rating": 3,
            "helpful": 0
        }
    ],
    [
        {
            "author": "Rahul Radhakrishnan",
            "certBuyer": true,
            "title": "Decent product",
            "text": "Good budget phone",
            "rating": 3,
            "helpful": 0
        }
    ],
    [
        {
            "author": "ASHOK SAINI",
            "certBuyer": true,
            "title": "Decent product",
            "text": "Slow working",
            "rating": 3,
            "helpful": 0
        }
    ],
    [
        {
            "author": "Govardhan Ummadisetty",
            "certBuyer": true,
            "title": "Wonderful",
            "text": "Good",
            "rating": 4,
            "helpful": 0
        }
    ],
    [
        {
            "author": "Gnanasekaran  E.R ",
            "certBuyer": true,
            "title": "Excellent Mobile",
            "text": "Excellent Mobile for cheapest price in india and very fast delivery from Flipkart. Thanks Flipkart.",
            "rating": 5,
            "helpful": 0
        }
    ],
    [
        {
            "author": "Flipkart Customer",
            "certBuyer": true,
            "title": "Pretty good",
            "text": "Value 4 money.best 4 avg user like aged group. Battery sooper.",
            "rating": 4,
            "helpful": 0
        }
    ],
    [
        {
            "author": "Dhiman Mondal",
            "certBuyer": true,
            "title": "Mind-blowing purchase",
            "text": "It's too gooodd",
            "rating": 5,
            "helpful": 0
        }
    ],
    [
        {
            "author": "Sharadchandra Kale",
            "certBuyer": true,
            "title": "Hated it!",
            "text": "Received Defective Product\nFlash not working\nToo slow charging\nHeating issue",
            "rating": 1,
            "helpful": 0
        }
    ],
    [
        {
            "author": "Anbu Mani",
            "certBuyer": true,
            "title": "Does the job",
            "text": "It  is Good",
            "rating": 3,
            "helpful": 0
        }
    ],
    [
        {
            "author": "Manjunath KADUR",
            "certBuyer": true,
            "title": "Simply awesome",
            "text": "Nice backip",
            "rating": 5,
            "helpful": 0
        }
    ],
    [
        {
            "author": "Rama Chandran",
            "certBuyer": true,
            "title": "mobile",
            "text": "Quality is very good....",
            "rating": 3,
            "helpful": 0
        }
    ],
    [
        {
            "author": "Pratap  Pawar",
            "certBuyer": true,
            "title": "Does the job",
            "text": "nice phone",
            "rating": 3,
            "helpful": 0
        }
    ],
    [
        {
            "author": "Mainak Bhattacharjee",
            "certBuyer": true,
            "title": "Bad product",
            "text": "This phone is very laggy,camera quality is very bad,battery backup is OK,some touch problems, apps can't be installed on external storage, internal storage is just 4.17 gb",
            "rating": 2,
            "helpful": 0
        }
    ],
    [
        {
            "author": "Bawng Upa",
            "certBuyer": true,
            "title": "Super!",
            "text": "Better phone compare to price.",
            "rating": 5,
            "helpful": 0
        }
    ],
    [
        {
            "author": "Flipkart Customer",
            "certBuyer": true,
            "title": "Simply awesome",
            "text": "Amazing mobile nice product.",
            "rating": 5,
            "helpful": 0
        }
    ],
    [
        {
            "author": "Rajesh Kumar  Rana",
            "certBuyer": true,
            "title": "Highly recommended",
            "text": "The product was same as i expected. I love flipkart because it's deliver very fast.",
            "rating": 5,
            "helpful": 0
        }
    ],
    [
        {
            "author": "Flipkart Customer",
            "certBuyer": true,
            "title": "Worth the money",
            "text": "Nice mobile Panasonic p75",
            "rating": 4,
            "helpful": 0
        }
    ],
    [
        {
            "author": "shubham mane",
            "certBuyer": true,
            "title": "Great product",
            "text": "good performance",
            "rating": 5,
            "helpful": 0
        }
    ],
    [
        {
            "author": "Flipkart Customer",
            "certBuyer": true,
            "title": "Just bought",
            "text": "Awesome phone!! Runs smoothly!! Full utilisation of my money!!",
            "rating": 5,
            "helpful": 0
        }
    ],
    [
        {
            "author": "vaishali mishra",
            "certBuyer": true,
            "title": "Excellent",
            "text": "NYC mobile nd overall gud.. Gud camera.. Awsm..thnku filipkart",
            "rating": 5,
            "helpful": 0
        }
    ],
    [
        {
            "author": "SHITIKSH Kumar ",
            "certBuyer": true,
            "title": "SHITIKSH",
            "text": "Good phone. Thank you Flipkart and thanks seller for this mobile. My mom like it . Thanks",
            "rating": 5,
            "helpful": 0
        }
    ],
    [
        {
            "author": "Flipkart Customer",
            "certBuyer": true,
            "title": "Nice product",
            "text": "Mobile not much attractive for looking but performance wise good. Battery is excellent.",
            "rating": 4,
            "helpful": 0
        }
    ],
    [
        {
            "author": "Flipkart Customer",
            "certBuyer": true,
            "title": "Decent product",
            "text": "Nice",
            "rating": 3,
            "helpful": 0
        }
    ],
    [
        {
            "author": "Roshan Dakua",
            "certBuyer": true,
            "title": "Classy product",
            "text": "Best budget phone with great battery life.\nCall quality is good,display looks vibrant but the camera is not good.\nAt a low budget  of 4K no other phone provides this much.",
            "rating": 5,
            "helpful": 0
        }
    ],
    [
        {
            "author": "Flipkart Customer",
            "certBuyer": true,
            "title": "Brilliant",
            "text": "Thanks for delightful service",
            "rating": 5,
            "helpful": 0
        }
    ],
    [
        {
            "author": "JaMiLuDDiN  Ansari",
            "certBuyer": true,
            "title": "Could be way better",
            "text": "Very nice",
            "rating": 2,
            "helpful": 0
        }
    ],
    [
        {
            "author": "Surya s",
            "certBuyer": true,
            "title": "Excellent",
            "text": "Nice Backup of 5000mah battery some one say it is bad Mobile    it is good nice",
            "rating": 5,
            "helpful": 0
        }
    ],
    [
        {
            "author": "Flipkart Customer",
            "certBuyer": true,
            "title": "Terrific purchase",
            "text": "Very good battery backup and great looking phone.\nBut charging is so late but nice ...\n Thanks flipkart",
            "rating": 5,
            "helpful": 0
        }
    ],
    [
        {
            "author": "ABDUL RAKIB MAZUMDER",
            "certBuyer": true,
            "title": "Classy product",
            "text": "Really awesome phone *** on this price wow hmmmmuuuaaa",
            "rating": 5,
            "helpful": 0
        }
    ],
    [
        {
            "author": " vishal  Bankar",
            "certBuyer": true,
            "title": "Must buy!",
            "text": "Superb battery bacup and best picture quality",
            "rating": 5,
            "helpful": 0
        }
    ],
    [
        {
            "author": "Flipkart Customer",
            "certBuyer": true,
            "title": "Fair",
            "text": "It doesn't meet to my expectation..!",
            "rating": 3,
            "helpful": 0
        }
    ],
    [
        {
            "author": "Flipkart Customer",
            "certBuyer": true,
            "title": "Mind-blowing purchase",
            "text": "Good product..super",
            "rating": 5,
            "helpful": 0
        }
    ],
    [
        {
            "author": "Flipkart Customer",
            "certBuyer": true,
            "title": "Super!",
            "text": "good product",
            "rating": 5,
            "helpful": 0
        }
    ],
    [
        {
            "author": "Anushree  Goswami ",
            "certBuyer": true,
            "title": "Nice",
            "text": "Nice",
            "rating": 3,
            "helpful": 0
        }
    ],
    [
        {
            "author": "Jagannath Munda",
            "certBuyer": true,
            "title": "Worst experience ever!",
            "text": "Good product..",
            "rating": 1,
            "helpful": 0
        }
    ],
    [
        {
            "author": "Praveen Jakhar",
            "certBuyer": true,
            "title": "Good",
            "text": "Good",
            "rating": 4,
            "helpful": 0
        }
    ],
    [
        {
            "author": "Ravi  sinha",
            "certBuyer": true,
            "title": "Wonderful",
            "text": "I like the phone",
            "rating": 4,
            "helpful": 0
        }
    ],
    [
        {
            "author": "OMKAR TIJARE",
            "certBuyer": true,
            "title": "Delightful",
            "text": "Too good",
            "rating": 4,
            "helpful": 0
        }
    ],
    [
        {
            "author": "Bhimsingh Sahu",
            "certBuyer": true,
            "title": "Very Good",
            "text": "Good phone",
            "rating": 4,
            "helpful": 0
        }
    ],
    [
        {
            "author": "linaraj kumar",
            "certBuyer": true,
            "title": "Great product",
            "text": "Really awesome tnq flipkart.....",
            "rating": 5,
            "helpful": 0
        }
    ],
    [
        {
            "author": "Flipkart Customer",
            "certBuyer": true,
            "title": "Bad quality",
            "text": "Really good one...!",
            "rating": 4,
            "helpful": 0
        }
    ],
    [
        {
            "author": "Narendra Singh",
            "certBuyer": true,
            "title": "Just wow!",
            "text": "Very good Ph in low budget. Features are good and camera quality is also very good.",
            "rating": 5,
            "helpful": 0
        }
    ],
    [
        {
            "author": "kumar aditya",
            "certBuyer": true,
            "title": "Unsatisfactory",
            "text": "Not good 3g phone",
            "rating": 1,
            "helpful": 0
        }
    ],
    [
        {
            "author": "Nagaraj Ponraj",
            "certBuyer": true,
            "title": "Just wow!",
            "text": "Just i am say one word awesome .....",
            "rating": 5,
            "helpful": 0
        }
    ],
    [
        {
            "author": "Rahul Kumar Sharma",
            "certBuyer": true,
            "title": "Delightful",
            "text": "Nice Deal from Flipkart in this price..Product also good. As if now device is working f9.",
            "rating": 4,
            "helpful": 0
        }
    ],
    [
        {
            "author": "sudhir sahani",
            "certBuyer": true,
            "title": "Terrific",
            "text": "It's good to use",
            "rating": 5,
            "helpful": 0
        }
    ],
    [
        {
            "author": "AMIT KUMAR",
            "certBuyer": true,
            "title": "Good quality product",
            "text": "best phone in budget",
            "rating": 4,
            "helpful": 0
        }
    ],
    [
        {
            "author": "Flipkart Customer",
            "certBuyer": true,
            "title": "Really Nice",
            "text": "Nice product, in this price. \nBut taking much time for charging.\nCamera is OK.",
            "rating": 4,
            "helpful": 0
        }
    ],
    [
        {
            "author": "Flipkart Customer",
            "certBuyer": true,
            "title": "Good quality product",
            "text": "better phone in this range",
            "rating": 4,
            "helpful": 0
        }
    ],
    [
        {
            "author": "Varun Budhia",
            "certBuyer": true,
            "title": "Waste of money!",
            "text": "Defective phone delivered by Flipkart. Flipkart is highly unprofessional and highly incompetent.",
            "rating": 1,
            "helpful": 0
        }
    ],
    [
        {
            "author": "sonu Bajju",
            "certBuyer": true,
            "title": "Pretty good",
            "text": "SPK sound is very poor",
            "rating": 4,
            "helpful": 0
        }
    ],
    [
        {
            "author": "Fadl Customer",
            "certBuyer": true,
            "title": "Wonderful",
            "text": "Super phone.\nBattery life 2days\nOnly getting 4gb internal memory.",
            "rating": 5,
            "helpful": 0
        }
    ],
    [
        {
            "author": "dwipendranath  dolai",
            "certBuyer": true,
            "title": "Worth the money",
            "text": "Great value for price",
            "rating": 4,
            "helpful": 0
        }
    ],
    [
        {
            "author": "Anurag Patel",
            "certBuyer": true,
            "title": "Does the job",
            "text": "Good product",
            "rating": 3,
            "helpful": 0
        }
    ],
    [
        {
            "author": "Flipkart Customer",
            "certBuyer": true,
            "title": "Delightful",
            "text": "Volume is very low",
            "rating": 4,
            "helpful": 0
        }
    ],
    [
        {
            "author": "Diwakar Meena",
            "certBuyer": true,
            "title": "Delightful",
            "text": "Excellent smartphone in this price band with good specs & display",
            "rating": 4,
            "helpful": 0
        }
    ],
    [
        {
            "author": "Samuel victor",
            "certBuyer": true,
            "title": "Just wow!",
            "text": "Wow!  Awesome product.  Wonderful battery.  Very cheap and worthful",
            "rating": 5,
            "helpful": 0
        }
    ],
    [
        {
            "author": "Prabha Karan",
            "certBuyer": true,
            "title": "Good choice",
            "text": "Very good product low budget",
            "rating": 4,
            "helpful": 0
        }
    ],
    [
        {
            "author": "Flipkart Customer",
            "certBuyer": true,
            "title": "Pretty good",
            "text": "I am happy with the product...",
            "rating": 4,
            "helpful": 0
        }
    ],
    [
        {
            "author": "Flipkart Customer",
            "certBuyer": true,
            "title": "Fabulous!",
            "text": "Its look is awesome and everything is good but the camera quality is soo poor",
            "rating": 5,
            "helpful": 0
        }
    ],
    [
        {
            "author": "Flipkart Customer",
            "certBuyer": true,
            "title": "Expected a better product",
            "text": "Awesome products",
            "rating": 2,
            "helpful": 0
        }
    ],
    [
        {
            "author": "Jitendra Sharma",
            "certBuyer": true,
            "title": "Wonderful",
            "text": "Sach a Nice product, fab",
            "rating": 5,
            "helpful": 0
        }
    ],
    [
        {
            "author": "Suresh Race",
            "certBuyer": true,
            "title": "Nice product",
            "text": "Charger level less than 15% flash light is not on",
            "rating": 4,
            "helpful": 0
        }
    ],
    [
        {
            "author": "Arvind Veer",
            "certBuyer": true,
            "title": "Must buy!",
            "text": "Good product as per comfortable price..",
            "rating": 5,
            "helpful": 0
        }
    ],
    [
        {
            "author": "Yarrgogula satyanarayana",
            "certBuyer": true,
            "title": "Highly recommended",
            "text": "4500 \u20b9/. 5'inches HD display , 1gb RAM, 8 GB internal and good quality camera. Very nice one.",
            "rating": 5,
            "helpful": 0
        }
    ],
    [
        {
            "author": "GURPREET SINGH Saini",
            "certBuyer": true,
            "title": "Good",
            "text": "Nice phone",
            "rating": 3,
            "helpful": 0
        }
    ],
    [
        {
            "author": "Flipkart Customer",
            "certBuyer": true,
            "title": "Good product",
            "text": "This product lack of  sound that's it.Every thinks super",
            "rating": 4,
            "helpful": 0
        }
    ],
    [
        {
            "author": "Tapas Routray",
            "certBuyer": true,
            "title": "Waste of money!",
            "text": "This product is not eligible to handle because it is hanging model.. But Flipkart is best online store Flipkart is helping me easy to buy and quickly refunded.thank you Flipkart for quick service . I give you 5 ***** not to Panasonic product......",
            "rating": 1,
            "helpful": 5
        }
    ],
    [
        {
            "author": "Pradeep  Gairola ",
            "certBuyer": true,
            "title": "Thanks Flipcart... The Real Indian.",
            "text": "I warmly thanks to Flipcart for fast delivery. I will review about the phone after few days use.",
            "rating": 5,
            "helpful": 2
        }
    ],
    [
        {
            "author": "Ansari asif  Ahmed ",
            "certBuyer": true,
            "title": "Don't waste your money",
            "text": "Last time I had purchased a laptop from this website and it had some technical problem. I hadn't recieved any support from flipkart people, when asked for a return. After that, recently I've purchased a cell phone, which has a technical problem too. Now lets see, whether this time i'll be disappointed like my previous experience, or will the issue be heard!!!\n Guys Kindly think twice  before shopping from flipkart \nTheir advertisments for \"EASY RETURNS\" and so on are all false !!!",
            "rating": 1,
            "helpful": 4
        }
    ],
    [
        {
            "author": "suresh suthar",
            "certBuyer": true,
            "title": "Fair",
            "text": "All will be fine my prodect and fast delivered..I accept Panasonic p75 mobile....so thankyou sir...\nHappy",
            "rating": 3,
            "helpful": 1
        }
    ],
    [
        {
            "author": "dr. aswal",
            "certBuyer": true,
            "title": "Simply awesome",
            "text": "On time",
            "rating": 5,
            "helpful": 1
        }
    ],
    [
        {
            "author": "NALLOLA  SUDHARSHAN",
            "certBuyer": true,
            "title": "Fabulous!",
            "text": "Nice experience of Flipkart services",
            "rating": 5,
            "helpful": 1
        }
    ],
    [
        {
            "author": "Rajan Panwar",
            "certBuyer": true,
            "title": "worth product and service",
            "text": "bad experience with flipkart.\ni ordered it and got it 3 days back. on the same day i lodged complain about it but no action taken till now.\ni'll give negative 5 rating out of 5 for this product. touch is not working, audio system is not working don't waste your money to buy this. very very disappointed",
            "rating": 1,
            "helpful": 5
        }
    ],
    [
        {
            "author": "Brajesh Kumar Singh",
            "certBuyer": true,
            "title": "Utterly Disappointed",
            "text": "Contacts are autodeleted.",
            "rating": 1,
            "helpful": 0
        }
    ],
    [
        {
            "author": "Flipkart Customer",
            "certBuyer": true,
            "title": "Bad",
            "text": "Not a 4g phone",
            "rating": 5,
            "helpful": 0
        }
    ],
    [
        {
            "author": "Santosh Kumar",
            "certBuyer": true,
            "title": "Horrible",
            "text": "No body should buy this mobile. It is worst mobile.",
            "rating": 1,
            "helpful": 0
        }
    ],
    [
        {
            "author": "Vaibhav Dubey",
            "certBuyer": true,
            "title": "Five Stars",
            "text": "Great Value for money smartphone.",
            "rating": 5,
            "helpful": 0
        }
    ],
    [
        {
            "author": "Nikunj  Patel",
            "certBuyer": true,
            "title": "Five Stars",
            "text": "Fantastic",
            "rating": 5,
            "helpful": 0
        }
    ],
    [
        {
            "author": "Devendra  Khere",
            "certBuyer": true,
            "title": "Five Stars",
            "text": "Very good",
            "rating": 5,
            "helpful": 0
        }
    ],
    [
        {
            "author": "Rakesh",
            "certBuyer": true,
            "title": "Five Stars",
            "text": "Good mobile",
            "rating": 5,
            "helpful": 0
        }
    ],
    [
        {
            "author": "Rohit Vajpayee",
            "certBuyer": true,
            "title": "Five Stars",
            "text": "Very good phone .....",
            "rating": 5,
            "helpful": 0
        }
    ],
    [
        {
            "author": "Anantha Kumar",
            "certBuyer": true,
            "title": "flipkart no enchanged",
            "text": "Waste",
            "rating": 1,
            "helpful": 0
        }
    ],
    [
        {
            "author": "Flipkart Customer",
            "certBuyer": true,
            "title": "Brilliant",
            "text": "Good Service",
            "rating": 5,
            "helpful": 0
        }
    ],
    [
        {
            "author": "Chiranjit Das",
            "certBuyer": true,
            "title": "Nice product",
            "text": "E Kart Services are Good",
            "rating": 4,
            "helpful": 0
        }
    ],
    [
        {
            "author": "Chandan  Goswami",
            "certBuyer": true,
            "title": "Wonderful",
            "text": "Certified on time delivery ...",
            "rating": 5,
            "helpful": 0
        }
    ],
    [
        {
            "author": "Flipkart Customer",
            "certBuyer": true,
            "title": "Horrible",
            "text": "I booked pansonic P75 thorugh flipkart. But i was delived a far cheaper phone of LYF, which i was never informed of. Although they took the price of panasonic p75 from mee. After i opened the packet i found the product to be a different one. And when i opt for replacement i was refused to have replacement since i had broken the seal. I was very disappointed. And i am never going to use flip kart for online shopping ever again.",
            "rating": 1,
            "helpful": 0
        }
    ],
    [
        {
            "author": "Dasharath Debbarma",
            "certBuyer": true,
            "title": "Mind-blowing purchase",
            "text": "Good Delivery",
            "rating": 5,
            "helpful": 0
        }
    ]
]