[
    [
        {
            "author": "Flipkart Customer",
            "certBuyer": false,
            "title": "Pretty good",
            "text": "I purchased this 27th DEC..2016. Everything is OK. Dual sim : 4G Volte + 4G Volte\nCamera : 13 mp + 5mp (Like as Samsung 8mp Rear camera, but OK..)\nBattery : Backup 14 hrs\nSensor: fingerprint is excellent\nRam: 3gb, which is better than other.. Not hanging\nROM : 16 GB with no hybrid slot.. Expandable up to 128 GB\nResolution: 720*\n\n(Headphone is too weak, screen only 5 inches.. If it is 5.5 inches than its better than the other smartphone under 10k rs)",
            "rating": 4,
            "helpful": 126
        }
    ],
    [
        {
            "author": "Ramesh B M",
            "certBuyer": false,
            "title": "5 star rating",
            "text": "Nice looking, good performance",
            "rating": 5,
            "helpful": 127
        }
    ],
    [
        {
            "author": "ram  kumaran",
            "certBuyer": true,
            "title": "Pretty good",
            "text": "Battery standby is poor",
            "rating": 4,
            "helpful": 115
        }
    ],
    [
        {
            "author": "Imran Teli",
            "certBuyer": true,
            "title": "Waste of money!",
            "text": "Plz plz plz not buy this phone\nVery bad phone.\nFull plastic phone and very bad.\n\nVery slow operating and no OTG support",
            "rating": 1,
            "helpful": 11
        }
    ],
    [
        {
            "author": "TUSHAR  RAJ ",
            "certBuyer": false,
            "title": "Wonderful",
            "text": "Nice looking phone..Using it without any hussle..",
            "rating": 4,
            "helpful": 28
        }
    ],
    [
        {
            "author": "Flipkart Custome",
            "certBuyer": true,
            "title": "best",
            "text": "Best",
            "rating": 5,
            "helpful": 4
        }
    ],
    [
        {
            "author": "Flipkart Customer",
            "certBuyer": false,
            "title": "Terrific purchase",
            "text": "Very nice mobile, perfect for daily usage, very stylish look",
            "rating": 5,
            "helpful": 14
        }
    ],
    [
        {
            "author": "RAVICHANDRA RATHOD",
            "certBuyer": true,
            "title": "Simply awesome",
            "text": "Superb quality assurance and worthful product",
            "rating": 5,
            "helpful": 2
        }
    ],
    [
        {
            "author": "Flipkart Customer",
            "certBuyer": true,
            "title": "Very Good",
            "text": "Good its best for new mobile users.\nCam is average ,battery is poor:on 4g 3 hours,good design and model.\nHeavy users better dont buy",
            "rating": 4,
            "helpful": 2
        }
    ],
    [
        {
            "author": "Flipkart Customer",
            "certBuyer": false,
            "title": "Wonderful",
            "text": "this mobile look is iphone",
            "rating": 5,
            "helpful": 2
        }
    ],
    [
        {
            "author": "Flipkart Customer",
            "certBuyer": true,
            "title": "Waste of money!",
            "text": "Flipcart I am not happy with you...this phone speaker are not playing properly sound are very bad... And poor camera quality, Heating issue and other wise the some  basic issue for this phon. But phone  looking very stylish.....so I not satisfied for this phone  and no refund policy  in this item... Why.... Guys looking  very   stickly and purchase to it.",
            "rating": 1,
            "helpful": 7
        }
    ],
    [
        {
            "author": "Flipkart Customer",
            "certBuyer": false,
            "title": "Good",
            "text": "This is a very good phone but rear camera is average. And front camera is to bad in low light. Finally I want to say this phone have front camera issue. Not for selfiee",
            "rating": 3,
            "helpful": 5
        }
    ],
    [
        {
            "author": "tukaram bhosale",
            "certBuyer": false,
            "title": "Terrible product",
            "text": "Copy. Cat.  Good copy of  I phone",
            "rating": 1,
            "helpful": 3
        }
    ],
    [
        {
            "author": "Flipkart Customer",
            "certBuyer": false,
            "title": "Great product",
            "text": "Best mobile the next-generation",
            "rating": 5,
            "helpful": 3
        }
    ],
    [
        {
            "author": "Muhammad Rafi",
            "certBuyer": true,
            "title": "Wonderful",
            "text": "Good prodect but display heat is a problem",
            "rating": 4,
            "helpful": 1
        }
    ],
    [
        {
            "author": "Flipkart Customer",
            "certBuyer": true,
            "title": "Bad quality",
            "text": "Camera good .Highly heating .Cannot use for half hour without heat",
            "rating": 2,
            "helpful": 1
        }
    ],
    [
        {
            "author": "SACHIN CHAVAN",
            "certBuyer": true,
            "title": "Mind-blowing purchase",
            "text": "Good Products..... \nHappy With Fast Service...\nThanks Flipkart",
            "rating": 5,
            "helpful": 0
        }
    ],
    [
        {
            "author": "Musab mohammad",
            "certBuyer": true,
            "title": "Nice product",
            "text": "All good after a long use its geting hot",
            "rating": 4,
            "helpful": 0
        }
    ],
    [
        {
            "author": "Flipkart Customer",
            "certBuyer": true,
            "title": "Bad times",
            "text": "Bad times",
            "rating": 3,
            "helpful": 1
        }
    ],
    [
        {
            "author": "yogesha yogesha",
            "certBuyer": true,
            "title": "Unsatisfactory",
            "text": "Flash light and camera problem",
            "rating": 1,
            "helpful": 1
        }
    ],
    [
        {
            "author": "pradeep kumar",
            "certBuyer": false,
            "title": "Terrible product",
            "text": "This is a good phone as long as there is a good  service centre",
            "rating": 1,
            "helpful": 1
        }
    ],
    [
        {
            "author": "Murugan Srinivasan ",
            "certBuyer": true,
            "title": "Nice",
            "text": "Super Product and the phone looks good \nBut poor camera quality",
            "rating": 3,
            "helpful": 1
        }
    ],
    [
        {
            "author": "Being  Abhishek",
            "certBuyer": true,
            "title": "Perfect product!",
            "text": "Nice product",
            "rating": 5,
            "helpful": 1
        }
    ],
    [
        {
            "author": "Flipkart Customer",
            "certBuyer": false,
            "title": "Must buy!",
            "text": "Very good nice look",
            "rating": 5,
            "helpful": 0
        }
    ],
    [
        {
            "author": "Flipkart Customer",
            "certBuyer": false,
            "title": "Classy product",
            "text": "Very nice look and perfect to daily use",
            "rating": 5,
            "helpful": 0
        }
    ],
    [
        {
            "author": "Akshat Tiwari",
            "certBuyer": false,
            "title": "Good quality product",
            "text": "Nice",
            "rating": 4,
            "helpful": 1
        }
    ],
    [
        {
            "author": "Vivek Patel",
            "certBuyer": false,
            "title": "Worse fone",
            "text": "Like it.. no any issue in fon... and not hanging at all",
            "rating": 5,
            "helpful": 6
        }
    ],
    [
        {
            "author": "Flipkart Customer",
            "certBuyer": false,
            "title": "Not good",
            "text": "Not a good phone becoz it aumatically off while using .....",
            "rating": 2,
            "helpful": 3
        }
    ],
    [
        {
            "author": "Flipkart Customer",
            "certBuyer": false,
            "title": "Terrific purchase",
            "text": "Bast mobail",
            "rating": 5,
            "helpful": 2
        }
    ],
    [
        {
            "author": "Sujeet Panda",
            "certBuyer": true,
            "title": "Worst experience ever!",
            "text": "Heating issue.....",
            "rating": 1,
            "helpful": 1
        }
    ],
    [
        {
            "author": "Rohit",
            "certBuyer": true,
            "title": "Unsatisfactory",
            "text": "Please don't go for it it's getting lot of hanging problem very wrost product I ever seen.....",
            "rating": 1,
            "helpful": 1
        }
    ],
    [
        {
            "author": "Ajmeri Khatun",
            "certBuyer": true,
            "title": "WORST AS EVER SEEN",
            "text": "this product is worst like a garbage and top of cherry once you buy this product from flipkart you cant return it ,this what i got to know from there care executives,please open eyes its all they cheating .",
            "rating": 1,
            "helpful": 1
        }
    ],
    [
        {
            "author": "Suraj Thapa",
            "certBuyer": true,
            "title": "Very Good",
            "text": "Nice phone but I face heating issue. And low battery back up",
            "rating": 4,
            "helpful": 0
        }
    ],
    [
        {
            "author": "Vishal  Yadav ",
            "certBuyer": true,
            "title": "Excellent",
            "text": "very nice product, i like it",
            "rating": 5,
            "helpful": 0
        }
    ],
    [
        {
            "author": "Flipkart Customer",
            "certBuyer": true,
            "title": "Good",
            "text": "Good",
            "rating": 4,
            "helpful": 0
        }
    ],
    [
        {
            "author": "Shatadru Roy",
            "certBuyer": true,
            "title": "Value-for-money",
            "text": "Good",
            "rating": 4,
            "helpful": 0
        }
    ],
    [
        {
            "author": "Anil VagadreCustomer",
            "certBuyer": true,
            "title": "Nice",
            "text": "Nice phone in this price thanks to flipcart",
            "rating": 5,
            "helpful": 0
        }
    ],
    [
        {
            "author": "Shiv subhram Sagar",
            "certBuyer": true,
            "title": "Worth the money",
            "text": "Nice product\n loved it...",
            "rating": 4,
            "helpful": 0
        }
    ],
    [
        {
            "author": "Vijay kumar Tyagi",
            "certBuyer": true,
            "title": "Great product",
            "text": "That product is very nice",
            "rating": 5,
            "helpful": 0
        }
    ],
    [
        {
            "author": "Asif Shaikh",
            "certBuyer": true,
            "title": "Terrific purchase",
            "text": "Time to time delivery",
            "rating": 5,
            "helpful": 0
        }
    ],
    [
        {
            "author": "Dhanus",
            "certBuyer": true,
            "title": "Worth the money",
            "text": "Nice phone",
            "rating": 4,
            "helpful": 0
        }
    ],
    [
        {
            "author": "Vikram Singh",
            "certBuyer": true,
            "title": "Could be way better",
            "text": "Bad performance phone",
            "rating": 2,
            "helpful": 0
        }
    ],
    [
        {
            "author": "Rehan Choudhary ",
            "certBuyer": true,
            "title": "Mind-blowing purchase",
            "text": "Best phone",
            "rating": 5,
            "helpful": 0
        }
    ],
    [
        {
            "author": "vikas Choudhary",
            "certBuyer": true,
            "title": "Great product",
            "text": "good cell phone...........value of money.....",
            "rating": 5,
            "helpful": 0
        }
    ],
    [
        {
            "author": "B. vinoth",
            "certBuyer": true,
            "title": "Good choice",
            "text": "Better camera ,\nBettery backup \ud83d\udc4c\ud83d\udc4c\ud83d\udc4c",
            "rating": 4,
            "helpful": 0
        }
    ],
    [
        {
            "author": "Athar Hussain",
            "certBuyer": true,
            "title": "Awesome",
            "text": "Nice",
            "rating": 5,
            "helpful": 0
        }
    ],
    [
        {
            "author": "Rakesh  Kumar",
            "certBuyer": true,
            "title": "Mind-blowing purchase",
            "text": "Nice phone",
            "rating": 5,
            "helpful": 0
        }
    ],
    [
        {
            "author": "Flipkart Customer",
            "certBuyer": true,
            "title": "Worthless",
            "text": "Camera is average . Battery backup is not good ..speaker and mic is not working ....worst phone",
            "rating": 1,
            "helpful": 0
        }
    ],
    [
        {
            "author": "NANDAKISHOR MAHALI",
            "certBuyer": true,
            "title": "Classy product",
            "text": "Good",
            "rating": 5,
            "helpful": 0
        }
    ],
    [
        {
            "author": "Muhammad Reja",
            "certBuyer": true,
            "title": "Perfect product!",
            "text": "Good quality",
            "rating": 5,
            "helpful": 0
        }
    ],
    [
        {
            "author": "Pritam Choudhary",
            "certBuyer": true,
            "title": "Best in the market!",
            "text": "Yes",
            "rating": 5,
            "helpful": 0
        }
    ],
    [
        {
            "author": "P.T. NANDHA KUMAR",
            "certBuyer": true,
            "title": "Classy product",
            "text": "Very good",
            "rating": 5,
            "helpful": 0
        }
    ],
    [
        {
            "author": "Flipkart Customer",
            "certBuyer": true,
            "title": "Excellent",
            "text": "Super mobile phone",
            "rating": 5,
            "helpful": 0
        }
    ],
    [
        {
            "author": "Sujith Kumar Ramachandran",
            "certBuyer": true,
            "title": "Unsatisfactory",
            "text": "Poor quality for money",
            "rating": 1,
            "helpful": 0
        }
    ],
    [
        {
            "author": "Drdps  Singh",
            "certBuyer": true,
            "title": "Pretty good",
            "text": "Nice looking phone. Great for start up .",
            "rating": 4,
            "helpful": 0
        }
    ],
    [
        {
            "author": "Ajay  Chaurasiya",
            "certBuyer": true,
            "title": "Brilliant",
            "text": "Good phone not hanging",
            "rating": 5,
            "helpful": 0
        }
    ],
    [
        {
            "author": "Satyajit  Modak",
            "certBuyer": true,
            "title": "Fabulous!",
            "text": "Good product.",
            "rating": 5,
            "helpful": 0
        }
    ],
    [
        {
            "author": "Olga Veronica  Raliang",
            "certBuyer": true,
            "title": "Excellent",
            "text": "Fantastic..... Superb.... Excellent.... \ud83d\udc4c\ud83d\udc4d",
            "rating": 5,
            "helpful": 0
        }
    ],
    [
        {
            "author": "Mohammad Abuzar",
            "certBuyer": true,
            "title": "Super!",
            "text": "Performance Issues",
            "rating": 1,
            "helpful": 0
        }
    ],
    [
        {
            "author": "Flipkart Customer",
            "certBuyer": true,
            "title": "Good choice",
            "text": "Great",
            "rating": 4,
            "helpful": 0
        }
    ],
    [
        {
            "author": "Flipkart Customer",
            "certBuyer": true,
            "title": "Best in the market!",
            "text": "thanks",
            "rating": 5,
            "helpful": 0
        }
    ],
    [
        {
            "author": "Manoj Mandal",
            "certBuyer": true,
            "title": "Nece",
            "text": "A nice phone in his price range",
            "rating": 5,
            "helpful": 0
        }
    ],
    [
        {
            "author": "Flipkart Customer",
            "certBuyer": true,
            "title": "Simply awesome",
            "text": "Good",
            "rating": 5,
            "helpful": 0
        }
    ],
    [
        {
            "author": "Flipkart Customer",
            "certBuyer": true,
            "title": "Wonderful",
            "text": "Gud full worth for every penny put only one thing is u should wake up the screen and use ur finger to open the lock",
            "rating": 5,
            "helpful": 0
        }
    ],
    [
        {
            "author": "mukti Patar",
            "certBuyer": true,
            "title": "Utterly Disappointed",
            "text": "Hanging item",
            "rating": 1,
            "helpful": 0
        }
    ],
    [
        {
            "author": "Rehan Reza",
            "certBuyer": true,
            "title": "Just okay",
            "text": "phone is also its  build condition is superb finger print is so fast only the camera is'nt good......Quality but at this this phone is superb...... Thank You Flip Kart",
            "rating": 3,
            "helpful": 0
        }
    ],
    [
        {
            "author": "Dadigiri Naresh",
            "certBuyer": true,
            "title": "Really Nice",
            "text": "Good delivered",
            "rating": 4,
            "helpful": 0
        }
    ],
    [
        {
            "author": "Flipkart Customer",
            "certBuyer": true,
            "title": "Just wow!",
            "text": "Good",
            "rating": 5,
            "helpful": 0
        }
    ],
    [
        {
            "author": "Flipkart Customer",
            "certBuyer": true,
            "title": "Super!",
            "text": "It a very good device thanks for Flipkart to delivered me to good phone",
            "rating": 1,
            "helpful": 0
        }
    ],
    [
        {
            "author": "Rakshith Vn",
            "certBuyer": true,
            "title": "Terrible product",
            "text": "It's not nice it is larger size",
            "rating": 1,
            "helpful": 0
        }
    ],
    [
        {
            "author": "Lalruatfela Tea",
            "certBuyer": true,
            "title": "Delightful",
            "text": "Good",
            "rating": 4,
            "helpful": 0
        }
    ],
    [
        {
            "author": "Arvind Purohit",
            "certBuyer": true,
            "title": "Brilliant",
            "text": "Very good Product at this price..",
            "rating": 5,
            "helpful": 0
        }
    ],
    [
        {
            "author": "Sharad  Kumar",
            "certBuyer": true,
            "title": "Worth every penny",
            "text": "Battery backup is not good as expected and camera is average !",
            "rating": 5,
            "helpful": 0
        }
    ],
    [
        {
            "author": "haider sayed",
            "certBuyer": true,
            "title": "Value-for-money",
            "text": "All attention Plz dont purchase any electronics Material from Flipkart becoz i have ordered this 2 smart phone and both have received in defective mode when i request for replacement the customer care person tells many types of rubbish settings but not ready to replace directly once again i m suggesting dont buy any electronics Material from Flipkart",
            "rating": 1,
            "helpful": 0
        }
    ],
    [
        {
            "author": "Bharat  Kishore N",
            "certBuyer": true,
            "title": "Simply awesome",
            "text": "Nice and best",
            "rating": 5,
            "helpful": 0
        }
    ],
    [
        {
            "author": "Priyanka Rohilla",
            "certBuyer": true,
            "title": "Worth every penny",
            "text": "Good",
            "rating": 5,
            "helpful": 0
        }
    ],
    [
        {
            "author": "Divya divya",
            "certBuyer": true,
            "title": "Nice product",
            "text": "Good performance",
            "rating": 4,
            "helpful": 0
        }
    ],
    [
        {
            "author": "Subhasish Roy",
            "certBuyer": true,
            "title": "Brilliant",
            "text": "Superb product....reliable...",
            "rating": 5,
            "helpful": 0
        }
    ],
    [
        {
            "author": "sunny Mishra",
            "certBuyer": true,
            "title": "nice looking n  great perform",
            "text": "Eluga prime like a i phone look so i m like. This",
            "rating": 4,
            "helpful": 0
        }
    ],
    [
        {
            "author": "manojkumar",
            "certBuyer": true,
            "title": "Four Stars",
            "text": "nice",
            "rating": 4,
            "helpful": 0
        }
    ],
    [
        {
            "author": "Flipkart Customer",
            "certBuyer": true,
            "title": "Four Stars",
            "text": "Good look.works good",
            "rating": 4,
            "helpful": 0
        }
    ],
    [
        {
            "author": "Flipkart Thanu Krishna Gogoi",
            "certBuyer": true,
            "title": "Worth every penny",
            "text": "Cool product I m loving it",
            "rating": 5,
            "helpful": 0
        }
    ],
    [
        {
            "author": "Flipkart Customer",
            "certBuyer": true,
            "title": "Just wow!",
            "text": "Super mobile and. Nice futures",
            "rating": 5,
            "helpful": 0
        }
    ],
    [
        {
            "author": "Flipkart Customer",
            "certBuyer": true,
            "title": "Slightly disappointed",
            "text": "Wel phone classy k..BT back panel very thin n icons \ud83d\udc47 ..in simple words average..",
            "rating": 3,
            "helpful": 0
        }
    ],
    [
        {
            "author": "piyush hazra ",
            "certBuyer": true,
            "title": "Awesome",
            "text": "its 1no mobile",
            "rating": 5,
            "helpful": 0
        }
    ],
    [
        {
            "author": "Karthi Kanna",
            "certBuyer": true,
            "title": "Waste of money!",
            "text": "Wrost product",
            "rating": 1,
            "helpful": 0
        }
    ],
    [
        {
            "author": "Sunil Kumar",
            "certBuyer": true,
            "title": "Fair",
            "text": "Nice phone with basic features",
            "rating": 3,
            "helpful": 0
        }
    ],
    [
        {
            "author": "Flipkart Customer",
            "certBuyer": false,
            "title": "Excellent",
            "text": "Good nice looking",
            "rating": 5,
            "helpful": 0
        }
    ],
    [
        {
            "author": "Imran  Solanki",
            "certBuyer": true,
            "title": "Good but nothing fancy",
            "text": "Good phone",
            "rating": 3,
            "helpful": 0
        }
    ],
    [
        {
            "author": "Ram kumaran",
            "certBuyer": false,
            "title": "Worth the money",
            "text": "Battery back is not good its 2500 amh.were 3500amh is OK for the mobile.head phone is not good.for this model there is no temper glass is available.",
            "rating": 4,
            "helpful": 0
        }
    ],
    [
        {
            "author": "Ram babu Gupta",
            "certBuyer": false,
            "title": "good phone",
            "text": "Battery backup not goodgood",
            "rating": 4,
            "helpful": 0
        }
    ],
    [
        {
            "author": "Flipkart Customer",
            "certBuyer": false,
            "title": "Highly recommended",
            "text": "Good but having lots of complaint on recievers",
            "rating": 5,
            "helpful": 0
        }
    ],
    [
        {
            "author": "anantkumar mutkule",
            "certBuyer": false,
            "title": "Really Nice",
            "text": "Nice looking mobile",
            "rating": 4,
            "helpful": 0
        }
    ],
    [
        {
            "author": "manikandan.m .c",
            "certBuyer": true,
            "title": "Horrible",
            "text": "Not bad",
            "rating": 1,
            "helpful": 0
        }
    ],
    [
        {
            "author": "Vadivazhagan Govindarasu",
            "certBuyer": true,
            "title": "Fabulous!",
            "text": "Mobile delivery and safety excellent",
            "rating": 5,
            "helpful": 0
        }
    ],
    [
        {
            "author": "Vinayak  Nayak",
            "certBuyer": true,
            "title": "Five Stars",
            "text": "Simply awsm ...",
            "rating": 5,
            "helpful": 0
        }
    ],
    [
        {
            "author": "Flipkart Customer",
            "certBuyer": true,
            "title": "Awesome",
            "text": "awesome service",
            "rating": 5,
            "helpful": 0
        }
    ]
]