[
    [
        {
            "author": "alok kumar behera",
            "certBuyer": true,
            "title": "Must buy!",
            "text": "Good product",
            "rating": 5,
            "helpful": 126
        }
    ],
    [
        {
            "author": "Babu Aman",
            "certBuyer": true,
            "title": "Value-for-money",
            "text": "really nice",
            "rating": 4,
            "helpful": 102
        }
    ],
    [
        {
            "author": "Meenu Jain",
            "certBuyer": true,
            "title": "Worthless",
            "text": "Very bad quality. Purchased on 16dec. Hanging and restarting.flipkart refused to refund.",
            "rating": 1,
            "helpful": 201
        }
    ],
    [
        {
            "author": "Churamani Kumar",
            "certBuyer": true,
            "title": "Pretty good",
            "text": "Nice phone.",
            "rating": 4,
            "helpful": 5
        }
    ],
    [
        {
            "author": "pooja Singh ",
            "certBuyer": true,
            "title": "Useless product",
            "text": "camera is very very very proo",
            "rating": 1,
            "helpful": 22
        }
    ],
    [
        {
            "author": "Flipkart Customer",
            "certBuyer": true,
            "title": "Don't waste your money",
            "text": "Not good protect",
            "rating": 1,
            "helpful": 4
        }
    ],
    [
        {
            "author": "Kishan  Gupta",
            "certBuyer": true,
            "title": "Value-for-money",
            "text": "Good product",
            "rating": 4,
            "helpful": 3
        }
    ],
    [
        {
            "author": "Mahadeb Das",
            "certBuyer": true,
            "title": "Good quality product",
            "text": "Simply good &amp; up to the mark.",
            "rating": 4,
            "helpful": 3
        }
    ],
    [
        {
            "author": "Skraj Soni",
            "certBuyer": true,
            "title": "Terrible product",
            "text": "Bad camera quality and bad battery not good mobile",
            "rating": 1,
            "helpful": 16
        }
    ],
    [
        {
            "author": "Flipkart Customer",
            "certBuyer": true,
            "title": "Great product",
            "text": "Good transport",
            "rating": 5,
            "helpful": 13
        }
    ],
    [
        {
            "author": "Santosh",
            "certBuyer": true,
            "title": "Nice product",
            "text": "Nice Product at the price @6748. \nFlipkart delivery was awesome i just got product in 2days of order.\nRegarding the mobile review ,looks of the phone is great..\nOnce i put insert  SMI1 port it was not detecting  any of the sim contacts so i copied the contacts to phone from sim port2 and re-installed the whatsapp then i see the contacts there in whatspp.\n\nOn the first day battery drained so fast thought its waste of moeny ,after discussing with Flipkart customer care ,i changed battery option to saver ,now the battery is going for 1.5Days with normall calls and basic whatspp.\n\n\n\nI am happy with this phone..and . I suggest to go for it...",
            "rating": 4,
            "helpful": 8
        }
    ],
    [
        {
            "author": "Satish Kumar",
            "certBuyer": true,
            "title": "Bad quality",
            "text": "Battery backup is bad \nCamera is not better \nLooks awesome",
            "rating": 2,
            "helpful": 29
        }
    ],
    [
        {
            "author": "Jasbir Singh",
            "certBuyer": true,
            "title": "Delightful",
            "text": "Nice",
            "rating": 4,
            "helpful": 10
        }
    ],
    [
        {
            "author": "Ameersha muhammed",
            "certBuyer": true,
            "title": "Simply awesome",
            "text": "Super item...I really like this but only battery problem. That's not a problem. Battery only standby 8hours... \ud83d\udd0b",
            "rating": 5,
            "helpful": 4
        }
    ],
    [
        {
            "author": "Medisetti  Govindaraju",
            "certBuyer": true,
            "title": "Nice phone but",
            "text": "At least 3000mah battery is better...",
            "rating": 4,
            "helpful": 2
        }
    ],
    [
        {
            "author": "Flipkart Customer",
            "certBuyer": true,
            "title": "Great product",
            "text": "Very good product as well as delivery as well as Sir",
            "rating": 5,
            "helpful": 2
        }
    ],
    [
        {
            "author": "Srinivas  Srinivas ",
            "certBuyer": true,
            "title": "Mind-blowing purchase",
            "text": "Good super",
            "rating": 5,
            "helpful": 2
        }
    ],
    [
        {
            "author": "Dhanaji Raut",
            "certBuyer": true,
            "title": "excellent",
            "text": "Excellent",
            "rating": 5,
            "helpful": 2
        }
    ],
    [
        {
            "author": "Raja sekar",
            "certBuyer": true,
            "title": "Product",
            "text": "Awesome",
            "rating": 4,
            "helpful": 2
        }
    ],
    [
        {
            "author": "KUMARESAN  Vijay",
            "certBuyer": true,
            "title": "Bad quality of camera and Query support not good",
            "text": "Very poor quality camera... its not good comparatively other Panasonic cameras... i raised return request the arranged one technical staff he visit only checked camera.. he simply side u took photo on sunlight it ill gud and he confirmed this type of Panasonic ill get this much poor quality only this reason Flipkart ill reject my return request without my knowledge... really im unhappy i ill through out this wast mobile and poor support from Flipkart... so pls wast ur money for this phone don't bye",
            "rating": 1,
            "helpful": 4
        }
    ],
    [
        {
            "author": "Ankur  Chaurasiya ",
            "certBuyer": true,
            "title": "Delightful",
            "text": "Camera is weak else good at this price.",
            "rating": 4,
            "helpful": 2
        }
    ],
    [
        {
            "author": "Flipkart Customer",
            "certBuyer": true,
            "title": "Don't waste your money",
            "text": "Damage  product send",
            "rating": 1,
            "helpful": 2
        }
    ],
    [
        {
            "author": "Flipkart Customer",
            "certBuyer": true,
            "title": "Really Nice",
            "text": "Osm",
            "rating": 4,
            "helpful": 1
        }
    ],
    [
        {
            "author": "Sagar  Gholap ",
            "certBuyer": true,
            "title": "Just wow!",
            "text": "Good",
            "rating": 5,
            "helpful": 0
        }
    ],
    [
        {
            "author": "Gajendra Singh",
            "certBuyer": true,
            "title": "Good",
            "text": "Phone is good quality app for use \nPhone is fastest use for internet\nBut Phone good not battery backup for use",
            "rating": 5,
            "helpful": 0
        }
    ],
    [
        {
            "author": "Flipkart Customer",
            "certBuyer": true,
            "title": "Ajit Kumar",
            "text": "Best",
            "rating": 5,
            "helpful": 0
        }
    ],
    [
        {
            "author": "Mr.Rubal Mehre",
            "certBuyer": true,
            "title": "Simply awesome",
            "text": "awsme product..performis so good",
            "rating": 5,
            "helpful": 0
        }
    ],
    [
        {
            "author": "Inzamamul Hoque",
            "certBuyer": true,
            "title": "Pretty good",
            "text": "I'm happy profomance not good \nBut 13mp camera is vary good \nDelivery dayla 4 day",
            "rating": 4,
            "helpful": 0
        }
    ],
    [
        {
            "author": "Rahul Kumar",
            "certBuyer": true,
            "title": "Wonderful",
            "text": "Good",
            "rating": 5,
            "helpful": 0
        }
    ],
    [
        {
            "author": "Flipkart Customer",
            "certBuyer": true,
            "title": "Wonderful",
            "text": "Nice phone",
            "rating": 4,
            "helpful": 0
        }
    ],
    [
        {
            "author": "Shahrukh  Siddiqui",
            "certBuyer": true,
            "title": "Classy product",
            "text": "Thank you so much Filfkart",
            "rating": 5,
            "helpful": 0
        }
    ],
    [
        {
            "author": "Tikam Singh  Maravi ",
            "certBuyer": true,
            "title": "Fabulous!",
            "text": "It's ossum",
            "rating": 5,
            "helpful": 0
        }
    ],
    [
        {
            "author": "soumen  paria",
            "certBuyer": true,
            "title": "Great product",
            "text": "Nice",
            "rating": 5,
            "helpful": 0
        }
    ],
    [
        {
            "author": "Yugank Singh",
            "certBuyer": true,
            "title": "Wonderful",
            "text": "Nice product",
            "rating": 4,
            "helpful": 0
        }
    ],
    [
        {
            "author": "Ajay Dhaka",
            "certBuyer": true,
            "title": "Brilliant",
            "text": "Good",
            "rating": 5,
            "helpful": 0
        }
    ],
    [
        {
            "author": "Vijay  Kumar",
            "certBuyer": true,
            "title": "Highly recommended",
            "text": "This is the best one..  Phone delivery is very fast",
            "rating": 5,
            "helpful": 0
        }
    ],
    [
        {
            "author": "sachin shukla",
            "certBuyer": true,
            "title": "Highly recommended",
            "text": "Good",
            "rating": 5,
            "helpful": 0
        }
    ],
    [
        {
            "author": "Raju Antiwal",
            "certBuyer": true,
            "title": "Excellent",
            "text": "Good product",
            "rating": 5,
            "helpful": 1
        }
    ],
    [
        {
            "author": "Shaik Himamvali",
            "certBuyer": true,
            "title": "Very poor",
            "text": "Worst phone I haven't seen like this phone before.\nHeating like Anything.",
            "rating": 1,
            "helpful": 1
        }
    ],
    [
        {
            "author": "Nitin Patil",
            "certBuyer": true,
            "title": "Super!",
            "text": "Good",
            "rating": 5,
            "helpful": 1
        }
    ],
    [
        {
            "author": "Deepak Chaudhary",
            "certBuyer": true,
            "title": "Terrific purchase",
            "text": "Good service very fast 1 day delivery",
            "rating": 5,
            "helpful": 1
        }
    ],
    [
        {
            "author": "Yogesh Fuke",
            "certBuyer": true,
            "title": "Terrific purchase",
            "text": "best",
            "rating": 5,
            "helpful": 1
        }
    ],
    [
        {
            "author": "Flipkart Customer",
            "certBuyer": true,
            "title": "Nice product",
            "text": "Sar havvy problems in mobile plz call me",
            "rating": 1,
            "helpful": 1
        }
    ],
    [
        {
            "author": "Flipkart Customer",
            "certBuyer": true,
            "title": "Must buy!",
            "text": "NYC products",
            "rating": 5,
            "helpful": 1
        }
    ],
    [
        {
            "author": "Abin scaria Scaria",
            "certBuyer": true,
            "title": "Super",
            "text": "Amazing",
            "rating": 5,
            "helpful": 1
        }
    ],
    [
        {
            "author": "Flipkart Customer",
            "certBuyer": true,
            "title": "Must buy!",
            "text": "Goooooood",
            "rating": 5,
            "helpful": 1
        }
    ],
    [
        {
            "author": "Flipkart Customer",
            "certBuyer": true,
            "title": "Hated it!",
            "text": "Worest mobile",
            "rating": 1,
            "helpful": 0
        }
    ],
    [
        {
            "author": "Lingaraj ",
            "certBuyer": true,
            "title": "Very poor",
            "text": "Very worst mobile heating and music sound very low don't buy this mobile friends.",
            "rating": 1,
            "helpful": 0
        }
    ],
    [
        {
            "author": "Flipkart Customer",
            "certBuyer": true,
            "title": "Best phone for price! Non-Chinese, made in india !",
            "text": "Best phone for this price, and probably only choice for non Chinese,  made in india phone. Very fast with loads of apps, battery life could be better ! May be even a software bug causing it. Camera is average! Company fitted Screen protector is waste, full of air bubbles due to incorrect fitting, Buy one along with phone. All in all 5 star for this price and specification.",
            "rating": 5,
            "helpful": 1
        }
    ],
    [
        {
            "author": "Flipkart Customer",
            "certBuyer": true,
            "title": "Very poor",
            "text": "Good product mobile hitting",
            "rating": 1,
            "helpful": 0
        }
    ],
    [
        {
            "author": "Rahul Ranawat",
            "certBuyer": true,
            "title": "Phone problem",
            "text": "Problem",
            "rating": 1,
            "helpful": 0
        }
    ],
    [
        {
            "author": "Flipkart Customer",
            "certBuyer": true,
            "title": "Moderate",
            "text": "Device front camera is low i give 2 star \nMusic system is very bad i give 0 star\nDevice look is good i give 4 star",
            "rating": 2,
            "helpful": 0
        }
    ],
    [
        {
            "author": "Yogesh kumar Suman",
            "certBuyer": true,
            "title": "Just okay",
            "text": "Product is not good hanging problems and camera is not good",
            "rating": 3,
            "helpful": 0
        }
    ],
    [
        {
            "author": "Jitun Jena",
            "certBuyer": true,
            "title": "Worthless",
            "text": "Very bad",
            "rating": 1,
            "helpful": 0
        }
    ],
    [
        {
            "author": "Flipkart Customer",
            "certBuyer": true,
            "title": "Highly recommended",
            "text": "Best mobile",
            "rating": 5,
            "helpful": 1
        }
    ],
    [
        {
            "author": "Dhananjaya Ambiga",
            "certBuyer": true,
            "title": "Worst experience ever!",
            "text": "Worst phone heating issue",
            "rating": 1,
            "helpful": 0
        }
    ],
    [
        {
            "author": "Flipkart",
            "certBuyer": true,
            "title": "There is problem",
            "text": "The phone is good and amazing the only problem is the sound....what a bad sound...but when u put earphone it is ok..so I am going to repair in Panasonic repair centre...camera is ok...like I phone",
            "rating": 1,
            "helpful": 0
        }
    ],
    [
        {
            "author": "Som Dolai",
            "certBuyer": true,
            "title": "Fair",
            "text": "Camera flash very bad quality and battery is very very poor",
            "rating": 3,
            "helpful": 0
        }
    ],
    [
        {
            "author": "Ayan Halder",
            "certBuyer": true,
            "title": "Don't waste your money",
            "text": "Bad,battery so long 3to 4hours charge.",
            "rating": 1,
            "helpful": 0
        }
    ],
    [
        {
            "author": "Flipkart Customer",
            "certBuyer": true,
            "title": "Moderate",
            "text": "Mobile heating",
            "rating": 2,
            "helpful": 0
        }
    ],
    [
        {
            "author": "sayyed faiyaz",
            "certBuyer": true,
            "title": "Unsatisfactory",
            "text": "Worst battery life and camera too\nNo value for money",
            "rating": 1,
            "helpful": 0
        }
    ],
    [
        {
            "author": "Ramakrishna Reddy",
            "certBuyer": true,
            "title": "Does the job",
            "text": "Very very bad battery I am so apset",
            "rating": 1,
            "helpful": 0
        }
    ],
    [
        {
            "author": "gopinathareddy boggete",
            "certBuyer": true,
            "title": "poor Signal receiving and heating issue",
            "text": "phone looks awesome,but signal receiving capacity poor, heating more,battery backup average",
            "rating": 2,
            "helpful": 0
        }
    ],
    [
        {
            "author": "Kamal Singh",
            "certBuyer": true,
            "title": "Don't waste your money",
            "text": "Verry bad product by painasic battery not good camera not good no refund option.",
            "rating": 1,
            "helpful": 0
        }
    ],
    [
        {
            "author": "Vikash Singh",
            "certBuyer": true,
            "title": "Great product",
            "text": "Awesome phone wow",
            "rating": 5,
            "helpful": 1
        }
    ],
    [
        {
            "author": "shyam prasad",
            "certBuyer": true,
            "title": "Utterly Disappointed",
            "text": "Battery drains fast from 100 to 20 in just 3 hours..without single phone made or data used. New sim inserted ..no activity.yet battery consumed , i for one would not recommend any purchase from flipkart as they are not even replacing the mobile despite several complaints. How can a new phone without SIM CARD or additional apps drain out from 100 to 30 % in span of 3-4 hours, My  other phones despite being loaded with some 15-20 apps drain slower. Left overnight the charge reduces from 100 to 95 only. In this case it comes down to 30 %.",
            "rating": 1,
            "helpful": 1
        }
    ],
    [
        {
            "author": "Tushar ranjan",
            "certBuyer": true,
            "title": "Nice phone",
            "text": "Nice phone at 7499 rupee",
            "rating": 5,
            "helpful": 1
        }
    ],
    [
        {
            "author": "YUVRAJ  JADHAV",
            "certBuyer": true,
            "title": "Delightful",
            "text": "Nice bought phone",
            "rating": 4,
            "helpful": 1
        }
    ],
    [
        {
            "author": "Ganesh Saini",
            "certBuyer": true,
            "title": "Delightful",
            "text": "Camera quality and toucg response is not good  so don't waste your money on it. I'd given 4 Star because of its awesome look and light weight and battery backup is enough for a day.",
            "rating": 4,
            "helpful": 3
        }
    ],
    [
        {
            "author": "Mukesh Bhardwaj",
            "certBuyer": true,
            "title": "Very poor",
            "text": "Worthless",
            "rating": 1,
            "helpful": 1
        }
    ],
    [
        {
            "author": "Rajan  Patel ",
            "certBuyer": true,
            "title": "Unsatisfactory",
            "text": "Very bad battery working and all parts is good",
            "rating": 1,
            "helpful": 1
        }
    ],
    [
        {
            "author": "Flipkart Customer",
            "certBuyer": true,
            "title": "Must buy!",
            "text": "Liked",
            "rating": 5,
            "helpful": 1
        }
    ],
    [
        {
            "author": "Flipkart Customer",
            "certBuyer": true,
            "title": "Worthless",
            "text": "Very Bad Camera quality Front And Back",
            "rating": 1,
            "helpful": 0
        }
    ],
    [
        {
            "author": "Reddy Prasad",
            "certBuyer": true,
            "title": "Waste of money!",
            "text": "Very bad phone and money vest charging verst phone",
            "rating": 1,
            "helpful": 0
        }
    ],
    [
        {
            "author": "Chaitanya Upadhye",
            "certBuyer": true,
            "title": "Just wow!",
            "text": "Nice..",
            "rating": 5,
            "helpful": 0
        }
    ],
    [
        {
            "author": "Hari Ram",
            "certBuyer": true,
            "title": "Very Good",
            "text": "Nice phone dispalay nice bute them is bad",
            "rating": 4,
            "helpful": 0
        }
    ],
    [
        {
            "author": "Flipkart Customer",
            "certBuyer": true,
            "title": "Perfect product!",
            "text": "Ok ram not",
            "rating": 5,
            "helpful": 0
        }
    ],
    [
        {
            "author": "Ganesh Mandal",
            "certBuyer": true,
            "title": "Great product",
            "text": "Product &amp;very nice",
            "rating": 5,
            "helpful": 0
        }
    ],
    [
        {
            "author": "Muhamad Raza",
            "certBuyer": true,
            "title": "Excellent",
            "text": "Very very good mobile",
            "rating": 5,
            "helpful": 0
        }
    ],
    [
        {
            "author": " Uttam mog",
            "certBuyer": true,
            "title": "good product",
            "text": "I like it",
            "rating": 5,
            "helpful": 0
        }
    ],
    [
        {
            "author": "pankaj choudhary",
            "certBuyer": true,
            "title": "Perfect product!",
            "text": "bad camera not 13mp",
            "rating": 5,
            "helpful": 0
        }
    ],
    [
        {
            "author": "Ali Ahmed",
            "certBuyer": true,
            "title": "Nice and Butyfull",
            "text": "Thanks",
            "rating": 5,
            "helpful": 0
        }
    ],
    [
        {
            "author": "Flipkart Customer",
            "certBuyer": true,
            "title": "Terrific purchase",
            "text": "Good phone... As per budget.. Paisa vasool",
            "rating": 5,
            "helpful": 0
        }
    ],
    [
        {
            "author": "pavan jangid",
            "certBuyer": true,
            "title": "Excellent",
            "text": "Batary is very poor",
            "rating": 5,
            "helpful": 0
        }
    ],
    [
        {
            "author": "sachin  kulkarni",
            "certBuyer": true,
            "title": "Worthless",
            "text": "Bad mobail",
            "rating": 1,
            "helpful": 0
        }
    ],
    [
        {
            "author": "Subhash  Kumar  ",
            "certBuyer": true,
            "title": "Excellent",
            "text": "This is the not best product",
            "rating": 5,
            "helpful": 0
        }
    ],
    [
        {
            "author": "Flipkart Customer",
            "certBuyer": true,
            "title": "Nice",
            "text": "This project is not very good pr good",
            "rating": 3,
            "helpful": 0
        }
    ],
    [
        {
            "author": "Flipkart Customer",
            "certBuyer": true,
            "title": "Utterly Disappointed",
            "text": "I am not happy in this phone because of his phone was proper not work",
            "rating": 1,
            "helpful": 0
        }
    ],
    [
        {
            "author": "Flipkart Customer",
            "certBuyer": true,
            "title": "Delightful",
            "text": "Very nice but Vodafone Internet not working",
            "rating": 4,
            "helpful": 0
        }
    ],
    [
        {
            "author": "Flipkart Customer",
            "certBuyer": true,
            "title": "Not recommended at all",
            "text": "Touch, feel and test are best method to purchase any product.  Dont trust a product with specification. No refund,  no return,  no replacement be careful before order.",
            "rating": 1,
            "helpful": 0
        }
    ],
    [
        {
            "author": "Flipkart Customer",
            "certBuyer": true,
            "title": "Useless product",
            "text": "Phone was good.. earphones is very bad..it's not working and just 10days old.can they replace it with new one?",
            "rating": 1,
            "helpful": 0
        }
    ],
    [
        {
            "author": "Sumit Khanra",
            "certBuyer": true,
            "title": "Super!",
            "text": "Thanks",
            "rating": 5,
            "helpful": 0
        }
    ],
    [
        {
            "author": "Subrata Mondal",
            "certBuyer": true,
            "title": "Utterly Disappointed",
            "text": "This phon is not good",
            "rating": 1,
            "helpful": 0
        }
    ],
    [
        {
            "author": "Sushil Kumar",
            "certBuyer": true,
            "title": "Good choice",
            "text": "Good",
            "rating": 4,
            "helpful": 0
        }
    ],
    [
        {
            "author": "surojit  malakar",
            "certBuyer": true,
            "title": "Pretty good",
            "text": "Best phone under 7500/-",
            "rating": 4,
            "helpful": 0
        }
    ],
    [
        {
            "author": "Flipkart Customer",
            "certBuyer": true,
            "title": "Unsatisfactory",
            "text": "i will give negative star if could do this. phone is hanging too much. fingerprint sensor doesnt work. i couldnt pick up phonecall bcz phone hangs everytime. i requested for return three times but flipkart rejected my request everytime. i will go in consumer court. its very disguting.",
            "rating": 1,
            "helpful": 0
        }
    ],
    [
        {
            "author": "PARTHASARATHI PATRA",
            "certBuyer": true,
            "title": "Best in the market!",
            "text": "Fine mobile",
            "rating": 5,
            "helpful": 0
        }
    ],
    [
        {
            "author": "Flipkart RAVIKUMAr.g",
            "certBuyer": true,
            "title": "Best in the market!",
            "text": "Good",
            "rating": 5,
            "helpful": 0
        }
    ],
    [
        {
            "author": "Flipkart Customer",
            "certBuyer": true,
            "title": "Wonderful",
            "text": "totally good function but camera's so good... quality is to poor",
            "rating": 4,
            "helpful": 0
        }
    ],
    [
        {
            "author": "montu saikia ",
            "certBuyer": true,
            "title": "Don't waste your money",
            "text": "My parsel raning to not happy",
            "rating": 1,
            "helpful": 0
        }
    ],
    [
        {
            "author": "Flipkart Customer",
            "certBuyer": true,
            "title": "Really Nice",
            "text": "Good phone",
            "rating": 1,
            "helpful": 0
        }
    ],
    [
        {
            "author": "Flipkart Customer",
            "certBuyer": true,
            "title": "Does the job",
            "text": "Yes good smart phone",
            "rating": 3,
            "helpful": 0
        }
    ],
    [
        {
            "author": "Mir Umer",
            "certBuyer": true,
            "title": "Very poor",
            "text": "Bakwaas....... mobile..... battery problem....... battery time is very low",
            "rating": 1,
            "helpful": 0
        }
    ],
    [
        {
            "author": "miraj ansari",
            "certBuyer": true,
            "title": "Brilliant",
            "text": "verry good",
            "rating": 5,
            "helpful": 0
        }
    ],
    [
        {
            "author": "Flipkart Customer",
            "certBuyer": true,
            "title": "Not recommended at all",
            "text": "Very slow process and heavy heat mobile mobile is very bad condition",
            "rating": 1,
            "helpful": 0
        }
    ],
    [
        {
            "author": "Flipkart Customer",
            "certBuyer": true,
            "title": "Brilliant",
            "text": "Nice phone",
            "rating": 5,
            "helpful": 0
        }
    ],
    [
        {
            "author": "Om Prakash Patel",
            "certBuyer": true,
            "title": "Terrible product",
            "text": "Not good product and wrost of money.",
            "rating": 1,
            "helpful": 0
        }
    ],
    [
        {
            "author": "Shameersha Pallickal",
            "certBuyer": true,
            "title": "Classy product",
            "text": "Nizz",
            "rating": 5,
            "helpful": 0
        }
    ],
    [
        {
            "author": "Nalabula Saisrinivasulu",
            "certBuyer": true,
            "title": "Great product",
            "text": "Pretty good \nBut apps like \nTez&amp;phonepe r not working",
            "rating": 5,
            "helpful": 0
        }
    ],
    [
        {
            "author": "Chandrashekar",
            "certBuyer": true,
            "title": "Waste of money!",
            "text": "Worst product ever",
            "rating": 1,
            "helpful": 0
        }
    ],
    [
        {
            "author": "SHIVA LIMBU",
            "certBuyer": true,
            "title": "Fabulous!",
            "text": "Just received today nice phone at this price 7499",
            "rating": 5,
            "helpful": 0
        }
    ],
    [
        {
            "author": "SHIVAM KUMAR ROY",
            "certBuyer": true,
            "title": "Great product",
            "text": "Nice Phone and osm betteri backup thanks",
            "rating": 5,
            "helpful": 0
        }
    ],
    [
        {
            "author": "usha mahato",
            "certBuyer": true,
            "title": "Highly recommended",
            "text": "Good phone , but battery backup is some good, and all well , its look is fanttttaaaastic......",
            "rating": 5,
            "helpful": 0
        }
    ],
    [
        {
            "author": "Flipkart Customer",
            "certBuyer": true,
            "title": "Unsatisfactory",
            "text": "Panasonic this one is worsty product",
            "rating": 1,
            "helpful": 0
        }
    ],
    [
        {
            "author": "Rajanna R Raj",
            "certBuyer": true,
            "title": "Terrific",
            "text": "Panasonic phone is not good automatic switch off &amp; automatic switch on.my shopping for the end good bye",
            "rating": 5,
            "helpful": 0
        }
    ],
    [
        {
            "author": "Chitta Ranjan Sahu",
            "certBuyer": true,
            "title": "Terrific",
            "text": "Awsm\ud83d\udc4c",
            "rating": 5,
            "helpful": 0
        }
    ],
    [
        {
            "author": "sachin  mudagul",
            "certBuyer": true,
            "title": "Really Nice",
            "text": "Super produced",
            "rating": 4,
            "helpful": 0
        }
    ],
    [
        {
            "author": "Amit  Singh",
            "certBuyer": true,
            "title": "Just wow!",
            "text": "Best",
            "rating": 5,
            "helpful": 0
        }
    ],
    [
        {
            "author": "Abhishek  Kumar",
            "certBuyer": true,
            "title": "Just Ok",
            "text": "Product is good, Camera ok, Battery is bit weak, Sometimes many applications malfunctions.\nOverall Ok",
            "rating": 4,
            "helpful": 0
        }
    ],
    [
        {
            "author": "Poona Ram Prajapat Nagaur",
            "certBuyer": true,
            "title": "Horrible",
            "text": "I  don&rsquo;t  like",
            "rating": 1,
            "helpful": 0
        }
    ],
    [
        {
            "author": "Sagar Senapati",
            "certBuyer": true,
            "title": "Best",
            "text": "Phone",
            "rating": 5,
            "helpful": 0
        }
    ],
    [
        {
            "author": "pawankumar jash",
            "certBuyer": true,
            "title": "Delightful",
            "text": "Nice",
            "rating": 4,
            "helpful": 0
        }
    ],
    [
        {
            "author": "Flipkart Customer",
            "certBuyer": true,
            "title": "Wonderful",
            "text": "Awsome phone thank you flipkart.....",
            "rating": 5,
            "helpful": 0
        }
    ],
    [
        {
            "author": "Flipkart Customer",
            "certBuyer": true,
            "title": "Fabulous!",
            "text": "I'm happy with this product",
            "rating": 5,
            "helpful": 0
        }
    ],
    [
        {
            "author": "Ajeet kumar Verma",
            "certBuyer": true,
            "title": "Mind-blowing purchase",
            "text": "Good",
            "rating": 5,
            "helpful": 0
        }
    ],
    [
        {
            "author": "mohamed  nowsath",
            "certBuyer": true,
            "title": "Just okay",
            "text": "its hybrid sim slot",
            "rating": 3,
            "helpful": 0
        }
    ],
    [
        {
            "author": "Prashant Tiwari",
            "certBuyer": true,
            "title": "Delightful",
            "text": "Nice",
            "rating": 4,
            "helpful": 0
        }
    ],
    [
        {
            "author": "Avinash kumar",
            "certBuyer": true,
            "title": "Simply awesome",
            "text": "Nice",
            "rating": 5,
            "helpful": 0
        }
    ],
    [
        {
            "author": "Ajay  Prasad",
            "certBuyer": true,
            "title": "Good",
            "text": "Product is average. The battery is not good and also it's not fast charger.",
            "rating": 3,
            "helpful": 0
        }
    ],
    [
        {
            "author": "TAPAS MANDAL",
            "certBuyer": true,
            "title": "Slightly disappointed",
            "text": "Thanks",
            "rating": 2,
            "helpful": 0
        }
    ],
    [
        {
            "author": "Juned  Khan ",
            "certBuyer": true,
            "title": "Waste of money!",
            "text": "Panasonic phone is not working properly.it is a chief branded company",
            "rating": 1,
            "helpful": 0
        }
    ],
    [
        {
            "author": "Flipkart Customer",
            "certBuyer": true,
            "title": "Simply awesome",
            "text": "Good",
            "rating": 5,
            "helpful": 0
        }
    ],
    [
        {
            "author": "Flipkart Customer",
            "certBuyer": true,
            "title": "Simply awesome",
            "text": "Good product",
            "rating": 5,
            "helpful": 0
        }
    ],
    [
        {
            "author": "Abhimanyu  Das",
            "certBuyer": true,
            "title": "Really Nice",
            "text": "No flipcover  in market. ..",
            "rating": 4,
            "helpful": 0
        }
    ],
    [
        {
            "author": "Flipkart Customer",
            "certBuyer": true,
            "title": "Nice",
            "text": "Nice phn",
            "rating": 3,
            "helpful": 0
        }
    ],
    [
        {
            "author": "Sk.meher  Ali",
            "certBuyer": true,
            "title": "Just okay",
            "text": "Very nice products",
            "rating": 3,
            "helpful": 0
        }
    ],
    [
        {
            "author": "Flipkart Customer",
            "certBuyer": true,
            "title": "Does the job",
            "text": "Just ok",
            "rating": 3,
            "helpful": 0
        }
    ],
    [
        {
            "author": "Sree Dhar",
            "certBuyer": true,
            "title": "Wonderful",
            "text": "Superrrrr superrrrr superrrrr",
            "rating": 5,
            "helpful": 0
        }
    ],
    [
        {
            "author": "kapil  Kumar ",
            "certBuyer": true,
            "title": "Waste of money!",
            "text": "Please don't buy panasonic elug 19 mobile phone ... Total vest of money .. phone Huang problem is very ... My money is total vest.. 7499.",
            "rating": 1,
            "helpful": 0
        }
    ],
    [
        {
            "author": "Flipkart Customer",
            "certBuyer": true,
            "title": "Fair",
            "text": "Poor battery life",
            "rating": 3,
            "helpful": 0
        }
    ],
    [
        {
            "author": "Flipkart Customer",
            "certBuyer": true,
            "title": "Nice product",
            "text": "Good p.",
            "rating": 4,
            "helpful": 0
        }
    ],
    [
        {
            "author": "akshay  brahmane",
            "certBuyer": true,
            "title": "Best in the market!",
            "text": "Nice phone",
            "rating": 5,
            "helpful": 0
        }
    ],
    [
        {
            "author": "Flipkart Customer",
            "certBuyer": true,
            "title": "Just okay",
            "text": "Battery is not good and also wifi connection problem otherwise set is good looking and set is light weight",
            "rating": 3,
            "helpful": 0
        }
    ],
    [
        {
            "author": "Flipkart Customer",
            "certBuyer": true,
            "title": "Hated it!",
            "text": "Very bad mobile don't waste of money",
            "rating": 1,
            "helpful": 0
        }
    ],
    [
        {
            "author": "Flipkart Customer",
            "certBuyer": true,
            "title": "Value-for-money",
            "text": "Very cool....",
            "rating": 4,
            "helpful": 0
        }
    ],
    [
        {
            "author": "prajwal yash",
            "certBuyer": true,
            "title": "Worth every penny",
            "text": "good ekart persons",
            "rating": 5,
            "helpful": 0
        }
    ],
    [
        {
            "author": "Flipkart Customer",
            "certBuyer": true,
            "title": "Unsatisfactory",
            "text": "bad",
            "rating": 1,
            "helpful": 0
        }
    ],
    [
        {
            "author": "Flipkart Customer",
            "certBuyer": true,
            "title": "Does the job",
            "text": "Super quality product",
            "rating": 1,
            "helpful": 0
        }
    ],
    [
        {
            "author": "Flipkart Customer",
            "certBuyer": true,
            "title": "Classy product",
            "text": "Awesome phone",
            "rating": 5,
            "helpful": 0
        }
    ],
    [
        {
            "author": "Harikrishna",
            "certBuyer": true,
            "title": "Super!",
            "text": "Thanks for u",
            "rating": 5,
            "helpful": 0
        }
    ],
    [
        {
            "author": "Flipkart Customer",
            "certBuyer": true,
            "title": "Good",
            "text": "Nice but not more",
            "rating": 3,
            "helpful": 0
        }
    ],
    [
        {
            "author": "Pradeep thakur",
            "certBuyer": true,
            "title": "Just wow!",
            "text": "Delivery is very fast.thanks for such a fast delivery.",
            "rating": 4,
            "helpful": 0
        }
    ],
    [
        {
            "author": "Praveen",
            "certBuyer": true,
            "title": "Wonderful",
            "text": "Good mobil nice product",
            "rating": 4,
            "helpful": 0
        }
    ],
    [
        {
            "author": "ajay rathore",
            "certBuyer": true,
            "title": "Terrific",
            "text": "Niiccce mobile at budget",
            "rating": 5,
            "helpful": 0
        }
    ],
    [
        {
            "author": "Flipkart Customer",
            "certBuyer": true,
            "title": "Mind-blowing purchase",
            "text": "Very good",
            "rating": 5,
            "helpful": 0
        }
    ],
    [
        {
            "author": "MANISH Kumar",
            "certBuyer": true,
            "title": "Good",
            "text": "Looks good and processing speed is also good.\nNot good for bulky processing and games",
            "rating": 3,
            "helpful": 0
        }
    ],
    [
        {
            "author": "Flipkart Customer",
            "certBuyer": true,
            "title": "Great product",
            "text": "Poor battery",
            "rating": 5,
            "helpful": 0
        }
    ],
    [
        {
            "author": "Mohit  Singh",
            "certBuyer": true,
            "title": "Brilliant",
            "text": "It's awesome",
            "rating": 5,
            "helpful": 0
        }
    ],
    [
        {
            "author": "Flipkart Customer",
            "certBuyer": true,
            "title": "Super!",
            "text": "Nice pic",
            "rating": 5,
            "helpful": 0
        }
    ],
    [
        {
            "author": "Ashish Kumar",
            "certBuyer": true,
            "title": "Just wow!",
            "text": "Great fast delivery and product is also good",
            "rating": 5,
            "helpful": 0
        }
    ],
    [
        {
            "author": "Flipkart Customer",
            "certBuyer": true,
            "title": "Must buy!",
            "text": "thanks",
            "rating": 5,
            "helpful": 0
        }
    ],
    [
        {
            "author": "Aman deep",
            "certBuyer": true,
            "title": "Loved it",
            "text": "Great phone in this range..",
            "rating": 5,
            "helpful": 0
        }
    ],
    [
        {
            "author": "Flipkart Customer",
            "certBuyer": true,
            "title": "Super!",
            "text": "good boy",
            "rating": 5,
            "helpful": 0
        }
    ],
    [
        {
            "author": "Suresh.h H",
            "certBuyer": true,
            "title": "Don't waste your money",
            "text": "This is not good quality phone let charging and battery getting discharge faster camera not good west this product don't buy this",
            "rating": 1,
            "helpful": 0
        }
    ],
    [
        {
            "author": "PRABIR KUMAR PANDA",
            "certBuyer": true,
            "title": "Very poor",
            "text": "Bad camera quality don't buy it if you want best camera.",
            "rating": 1,
            "helpful": 0
        }
    ],
    [
        {
            "author": "Flipkart Customer",
            "certBuyer": true,
            "title": "Wonderful",
            "text": "Great cost worthy product..",
            "rating": 4,
            "helpful": 0
        }
    ],
    [
        {
            "author": "Flipkart Customer",
            "certBuyer": true,
            "title": "Waste of money!",
            "text": "Worst product speaker not working properly",
            "rating": 1,
            "helpful": 0
        }
    ],
    [
        {
            "author": "RAHUL DWIVEDI",
            "certBuyer": true,
            "title": "Bad quality",
            "text": "not good policy",
            "rating": 2,
            "helpful": 0
        }
    ],
    [
        {
            "author": "Flipkart Customer",
            "certBuyer": true,
            "title": "Terrible product",
            "text": "I m not going to buy anything  from flip kart its a wastless app selling waste  iteams",
            "rating": 1,
            "helpful": 0
        }
    ],
    [
        {
            "author": "Umair Alam",
            "certBuyer": true,
            "title": "Classy product",
            "text": "Its a very fantastic phone i love its so much",
            "rating": 5,
            "helpful": 0
        }
    ],
    [
        {
            "author": "Flipkart Customer",
            "certBuyer": true,
            "title": "Terrific",
            "text": "Good",
            "rating": 5,
            "helpful": 0
        }
    ],
    [
        {
            "author": "Nagen Dash",
            "certBuyer": true,
            "title": "Screen got damaged",
            "text": "Can I get a new screen for this so I would be thankful to you",
            "rating": 3,
            "helpful": 0
        }
    ],
    [
        {
            "author": "Mohammad Danish",
            "certBuyer": true,
            "title": "Awesome",
            "text": "It's a very cheap and best mobile just like MI very easy to use and beautiful to look.",
            "rating": 5,
            "helpful": 0
        }
    ],
    [
        {
            "author": "vinod kumar",
            "certBuyer": true,
            "title": "Worth the money",
            "text": "Very good phone in this rate, I like it model, shape, phone",
            "rating": 4,
            "helpful": 0
        }
    ],
    [
        {
            "author": "ADITYA  MAURYA",
            "certBuyer": true,
            "title": "Classy product",
            "text": "Nice phone",
            "rating": 5,
            "helpful": 0
        }
    ],
    [
        {
            "author": "sandeep chaudhary",
            "certBuyer": true,
            "title": "nice",
            "text": "Phone",
            "rating": 5,
            "helpful": 0
        }
    ],
    [
        {
            "author": "Manvendra Varma",
            "certBuyer": true,
            "title": "Awesome",
            "text": "Good",
            "rating": 5,
            "helpful": 0
        }
    ],
    [
        {
            "author": "Paresh Bhagat",
            "certBuyer": true,
            "title": "Wonderful",
            "text": "Gr8 product to buy",
            "rating": 4,
            "helpful": 0
        }
    ],
    [
        {
            "author": "Sunil Kumar",
            "certBuyer": true,
            "title": "Very Good",
            "text": "Nyc good looking phone but camera is poor",
            "rating": 4,
            "helpful": 0
        }
    ],
    [
        {
            "author": "Deepak Divakar",
            "certBuyer": true,
            "title": "Does the job",
            "text": "This Mobile Phone Is Very Good\nIt's looks great nice features\nFantastic",
            "rating": 3,
            "helpful": 0
        }
    ],
    [
        {
            "author": "Prasanta Das",
            "certBuyer": true,
            "title": "Excellent",
            "text": "Good Mobile",
            "rating": 5,
            "helpful": 0
        }
    ],
    [
        {
            "author": "Lallu prasad Chauhan",
            "certBuyer": true,
            "title": "Terrific",
            "text": "Nice",
            "rating": 5,
            "helpful": 0
        }
    ],
    [
        {
            "author": "Flipkart Customer",
            "certBuyer": true,
            "title": "Awesome",
            "text": "Awesome mob",
            "rating": 5,
            "helpful": 0
        }
    ],
    [
        {
            "author": "Flipkart Customer",
            "certBuyer": true,
            "title": "Good choice",
            "text": "Good.. Suitable for primary person.... Who are using phones very little",
            "rating": 4,
            "helpful": 0
        }
    ],
    [
        {
            "author": "Flipkart Customer",
            "certBuyer": true,
            "title": "Wonderful",
            "text": "Nice looking phone",
            "rating": 5,
            "helpful": 0
        }
    ],
    [
        {
            "author": "Flipkart Customer",
            "certBuyer": true,
            "title": "Best in the market!",
            "text": "Nice",
            "rating": 5,
            "helpful": 0
        }
    ],
    [
        {
            "author": "AMIT KUMAR",
            "certBuyer": true,
            "title": "Mind-blowing purchase",
            "text": "Ok",
            "rating": 5,
            "helpful": 0
        }
    ],
    [
        {
            "author": "Sonu Ray",
            "certBuyer": true,
            "title": "Worth the money",
            "text": "Super",
            "rating": 4,
            "helpful": 0
        }
    ],
    [
        {
            "author": "Flipkart durga",
            "certBuyer": true,
            "title": "Mind-blowing purchase",
            "text": "nice",
            "rating": 5,
            "helpful": 0
        }
    ],
    [
        {
            "author": "Ravindra Pratap Singh",
            "certBuyer": true,
            "title": "Nice product",
            "text": "Very good product for this price but rear camera is not up to the mark",
            "rating": 4,
            "helpful": 0
        }
    ],
    [
        {
            "author": "Devendra Singh",
            "certBuyer": true,
            "title": "Brilliant",
            "text": "Satisfied by you, Thankyou.",
            "rating": 5,
            "helpful": 0
        }
    ],
    [
        {
            "author": "Flipkart Customer",
            "certBuyer": true,
            "title": "Just wow!",
            "text": "Good price  good quality",
            "rating": 5,
            "helpful": 0
        }
    ],
    [
        {
            "author": "Flipkart Customer",
            "certBuyer": true,
            "title": "Awesome",
            "text": "Thnks flipcut",
            "rating": 5,
            "helpful": 0
        }
    ],
    [
        {
            "author": "sambath balaji",
            "certBuyer": true,
            "title": "Does the job",
            "text": "Very nice mobile.",
            "rating": 3,
            "helpful": 0
        }
    ],
    [
        {
            "author": "Amul Bhosle",
            "certBuyer": true,
            "title": "Brilliant",
            "text": "Happy",
            "rating": 5,
            "helpful": 0
        }
    ],
    [
        {
            "author": "Mohammed  Nazeeb",
            "certBuyer": true,
            "title": "Just okay",
            "text": "Everything except Speaker is of Good Quality.\nWorst speaker ever seen in a smartphone.\nUPDATE: Replaced, and the new piece performs very well and speaker issue resolved.",
            "rating": 4,
            "helpful": 0
        }
    ],
    [
        {
            "author": "Mohanraj C",
            "certBuyer": true,
            "title": "Decent product",
            "text": "Good",
            "rating": 3,
            "helpful": 0
        }
    ],
    [
        {
            "author": "Flipkart Customer",
            "certBuyer": true,
            "title": "Pretty good",
            "text": "Camera is not good",
            "rating": 4,
            "helpful": 0
        }
    ],
    [
        {
            "author": "Ramij Raza",
            "certBuyer": true,
            "title": "Classy product",
            "text": "Till now product is well.. but sometimes loading slow..  lets see.. what will happen in future \ud83e\udd14",
            "rating": 5,
            "helpful": 0
        }
    ],
    [
        {
            "author": "IBAUDDIN  AHMED ",
            "certBuyer": true,
            "title": "Brilliant",
            "text": "GOOD",
            "rating": 5,
            "helpful": 0
        }
    ],
    [
        {
            "author": "Raju Raj",
            "certBuyer": true,
            "title": "Wonderful",
            "text": "Good mobile",
            "rating": 5,
            "helpful": 0
        }
    ],
    [
        {
            "author": "Flipkart Customer",
            "certBuyer": true,
            "title": "Good choice",
            "text": "Nice",
            "rating": 4,
            "helpful": 0
        }
    ],
    [
        {
            "author": "Flipkart CustNirmalaomer",
            "certBuyer": true,
            "title": "thanks",
            "text": "this poduct is well its have no any problem.thanks to give us this offer.",
            "rating": 3,
            "helpful": 0
        }
    ],
    [
        {
            "author": "Aniket Gurnule",
            "certBuyer": true,
            "title": "Good",
            "text": "Very good",
            "rating": 5,
            "helpful": 0
        }
    ],
    [
        {
            "author": "Flipkart Customer",
            "certBuyer": true,
            "title": "Awesome",
            "text": "Just awesome",
            "rating": 5,
            "helpful": 0
        }
    ],
    [
        {
            "author": "No.",
            "certBuyer": true,
            "title": "Fantastic",
            "text": "Smart product...\nDelivery also good...",
            "rating": 5,
            "helpful": 0
        }
    ],
    [
        {
            "author": "Flipkart Customer",
            "certBuyer": true,
            "title": "Mind-blowing purchase",
            "text": "Nice but before use set",
            "rating": 5,
            "helpful": 0
        }
    ],
    [
        {
            "author": "Mahesh prasad Niranjan",
            "certBuyer": true,
            "title": "Pretty good",
            "text": "Very good condition and price",
            "rating": 5,
            "helpful": 0
        }
    ],
    [
        {
            "author": "yogesh kumar",
            "certBuyer": true,
            "title": "Panasonic eluga i9",
            "text": "Nice product",
            "rating": 4,
            "helpful": 0
        }
    ],
    [
        {
            "author": "Tanvir Shedge",
            "certBuyer": true,
            "title": "Super!",
            "text": "Nice mobile",
            "rating": 5,
            "helpful": 0
        }
    ],
    [
        {
            "author": "Smruti ranjan  Sahoo",
            "certBuyer": true,
            "title": "Slightly disappointed",
            "text": "It not up to Mark, bettry back up very bad",
            "rating": 2,
            "helpful": 0
        }
    ],
    [
        {
            "author": "Flipkart Customer",
            "certBuyer": true,
            "title": "Awesome",
            "text": "Super pho and service",
            "rating": 5,
            "helpful": 0
        }
    ],
    [
        {
            "author": "Prem Kamal",
            "certBuyer": true,
            "title": "Simply awesome",
            "text": "nice phone",
            "rating": 5,
            "helpful": 0
        }
    ],
    [
        {
            "author": "V.Raja Raja",
            "certBuyer": true,
            "title": "Ok phone",
            "text": "Left side speaker working right side no working?",
            "rating": 1,
            "helpful": 0
        }
    ],
    [
        {
            "author": "AMOL AHIRE",
            "certBuyer": true,
            "title": "Waist of money",
            "text": "Bad product",
            "rating": 3,
            "helpful": 0
        }
    ],
    [
        {
            "author": "Sattu",
            "certBuyer": true,
            "title": "S",
            "text": "Very Low sound",
            "rating": 2,
            "helpful": 0
        }
    ],
    [
        {
            "author": "Mohd Nazim",
            "certBuyer": true,
            "title": "Must buy!",
            "text": "Thanks",
            "rating": 5,
            "helpful": 0
        }
    ],
    [
        {
            "author": "archit rathore",
            "certBuyer": true,
            "title": "Moderate",
            "text": "Hang mobile",
            "rating": 2,
            "helpful": 0
        }
    ],
    [
        {
            "author": "Flipkart Customer",
            "certBuyer": true,
            "title": "Brilliant",
            "text": "Okk",
            "rating": 5,
            "helpful": 0
        }
    ],
    [
        {
            "author": "Chandra Prakash Sharma",
            "certBuyer": true,
            "title": "Bad quality",
            "text": "Very bad phone",
            "rating": 2,
            "helpful": 0
        }
    ],
    [
        {
            "author": "Flipkart Custome",
            "certBuyer": true,
            "title": "Waste of Money",
            "text": "Camera is so durty like China phone and battery also not good and not refundable. Cheated first time very upset.",
            "rating": 1,
            "helpful": 0
        }
    ],
    [
        {
            "author": "Flipkart Customer",
            "certBuyer": true,
            "title": "Worthless",
            "text": "Bad",
            "rating": 1,
            "helpful": 0
        }
    ],
    [
        {
            "author": "PERATCHI SELVAM BALASUBRAMANIAN",
            "certBuyer": true,
            "title": "Not recommended at all",
            "text": "Not worth. Restarting automatically.\nGetting message like Google play stopped working.",
            "rating": 1,
            "helpful": 0
        }
    ],
    [
        {
            "author": "Niraj Singh",
            "certBuyer": true,
            "title": "Good",
            "text": "Ok bat never mind",
            "rating": 5,
            "helpful": 0
        }
    ],
    [
        {
            "author": "Ikram Khan",
            "certBuyer": true,
            "title": "Waste of money!",
            "text": "Very  very very bad mobile over heating &amp; battery draing fast from 1 day onwards very.  Bad",
            "rating": 1,
            "helpful": 0
        }
    ],
    [
        {
            "author": "Sange Dawa",
            "certBuyer": true,
            "title": "Perfect product!",
            "text": "Nice delivered, love u flipkart ur the only one best e-commerce site in India.",
            "rating": 5,
            "helpful": 0
        }
    ]
]