[
    [
        {
            "author": "Sandeepan das",
            "certBuyer": true,
            "title": "Excellent",
            "text": "Good",
            "rating": 5,
            "helpful": 0
        }
    ],
    [
        {
            "author": "Gopi Gowda",
            "certBuyer": true,
            "title": "Nice product",
            "text": "Good product",
            "rating": 4,
            "helpful": 0
        }
    ],
    [
        {
            "author": "Ramesh Nikam",
            "certBuyer": true,
            "title": "Horrible",
            "text": "Over size battery not charging, returned not confident if the replacement will work",
            "rating": 1,
            "helpful": 0
        }
    ]
]