[
    [
        {
            "author": "Maruthupandi Pandi",
            "helpful": 0,
            "certBuyer": true,
            "rating": 3,
            "title": "Fair",
            "text": "Good"
        }
    ],
    [
        {
            "author": "Vijay Lamani",
            "helpful": 0,
            "certBuyer": true,
            "rating": 5,
            "title": "Great product",
            "text": "Best product in this price"
        }
    ],
    [
        {
            "author": "Avijit sahani",
            "helpful": 0,
            "certBuyer": true,
            "rating": 4,
            "title": "Delightful",
            "text": "Rap useful.."
        }
    ],
    [
        {
            "author": "rishi kumar",
            "helpful": 0,
            "certBuyer": true,
            "rating": 5,
            "title": "Excellent",
            "text": "Very nice mobile"
        }
    ],
    [
        {
            "author": "manideep",
            "helpful": 0,
            "certBuyer": true,
            "rating": 5,
            "title": "Wonderful",
            "text": "Gud one n is very strong"
        }
    ]
]