[
    [
        {
            "text": "This mobile is Good condition",
            "author": "Flipkart Customer",
            "rating": 5,
            "title": "Must buy!",
            "helpful": 35,
            "certBuyer": true
        }
    ],
    [
        {
            "text": "Mobile is non metallic, as mentioned in the question they are saying its metallic but its completely not.\nRest cell phone is average quality.\n\nCompletely dissatisfied.",
            "author": "Devendra Ghag",
            "rating": 1,
            "title": "Don't waste your money",
            "helpful": 130,
            "certBuyer": true
        }
    ],
    [
        {
            "text": "Good working nice mobile",
            "author": "Flipkart Customer",
            "rating": 5,
            "title": "Highly recommended",
            "helpful": 34,
            "certBuyer": true
        }
    ],
    [
        {
            "text": "All functions are very good in this phone but for call sim selection is not available. Sim set already set for call. During call we can't select.",
            "author": "RAVINDERR SINGH ANAND",
            "rating": 3,
            "title": "Decent product",
            "helpful": 11,
            "certBuyer": true
        }
    ],
    [
        {
            "text": "Very very low sound of Ringtone",
            "author": "SANDIP KUMAR KAR",
            "rating": 2,
            "title": "Expected a better product",
            "helpful": 4,
            "certBuyer": true
        }
    ],
    [
        {
            "text": "Nice options",
            "author": "Mani Hari",
            "rating": 5,
            "title": "Worth every penny",
            "helpful": 7,
            "certBuyer": true
        }
    ],
    [
        {
            "text": "Nice product..",
            "author": "Flipkart Customer",
            "rating": 5,
            "title": "Terrific purchase",
            "helpful": 5,
            "certBuyer": true
        }
    ],
    [
        {
            "text": "Nice",
            "author": "Geeta Padavalkar",
            "rating": 4,
            "title": "Nice product",
            "helpful": 8,
            "certBuyer": true
        }
    ],
    [
        {
            "text": "Very good service... Very much satisfied..",
            "author": "Priyanka Das",
            "rating": 4,
            "title": "Good choice",
            "helpful": 2,
            "certBuyer": true
        }
    ],
    [
        {
            "text": "Nice",
            "author": "shivanshoo vishwakarma",
            "rating": 5,
            "title": "Perfect product!",
            "helpful": 2,
            "certBuyer": true
        }
    ],
    [
        {
            "text": "Good nice",
            "author": "Flipkart Customer",
            "rating": 4,
            "title": "Really Nice",
            "helpful": 2,
            "certBuyer": true
        }
    ],
    [
        {
            "text": "The ring tone volume is very low.",
            "author": "Flipkart Customer",
            "rating": 1,
            "title": "Not recommended at all",
            "helpful": 2,
            "certBuyer": true
        }
    ],
    [
        {
            "text": "Good",
            "author": "ajay choudhari",
            "rating": 5,
            "title": "Fabulous!",
            "helpful": 2,
            "certBuyer": true
        }
    ],
    [
        {
            "text": "Very good phone",
            "author": "Vijayakumar  M S ",
            "rating": 4,
            "title": "Pretty good",
            "helpful": 1,
            "certBuyer": true
        }
    ],
    [
        {
            "text": "Ok",
            "author": "Flipkart Customer",
            "rating": 5,
            "title": "Fabulous!",
            "helpful": 1,
            "certBuyer": true
        }
    ],
    [
        {
            "text": "Keypad buttons colors are discolored after two months.",
            "author": "Flipkart Customer",
            "rating": 2,
            "title": "Bad quality",
            "helpful": 1,
            "certBuyer": true
        }
    ],
    [
        {
            "text": "Nice product",
            "author": "narasinga rao  reddy",
            "rating": 5,
            "title": "Simply awesome",
            "helpful": 1,
            "certBuyer": true
        }
    ],
    [
        {
            "text": "Quite good.",
            "author": "Flipkart Customer",
            "rating": 2,
            "title": "Slightly disappointed",
            "helpful": 1,
            "certBuyer": true
        }
    ],
    [
        {
            "text": "Superb mobile",
            "author": "Veer Raju",
            "rating": 5,
            "title": "Terrific",
            "helpful": 1,
            "certBuyer": true
        }
    ],
    [
        {
            "text": "Good mobile",
            "author": "Amar Kumar",
            "rating": 5,
            "title": "Good phone",
            "helpful": 1,
            "certBuyer": true
        }
    ],
    [
        {
            "text": "4 stars because it makes a noise whch irritates me\nBut the mobile is an awsome mobile",
            "author": "Flipkart Customer",
            "rating": 4,
            "title": "Nice product",
            "helpful": 0,
            "certBuyer": true
        }
    ],
    [
        {
            "text": "Time consuming ,Faster delevery",
            "author": "Saravanan Marappan",
            "rating": 4,
            "title": "Delightful",
            "helpful": 0,
            "certBuyer": true
        }
    ],
    [
        {
            "text": "Phone is very nice,we reached that on time",
            "author": "Flipkart Customer",
            "rating": 5,
            "title": "Mind-blowing purchase",
            "helpful": 1,
            "certBuyer": true
        }
    ],
    [
        {
            "text": "Good product",
            "author": "Dildar  Khan",
            "rating": 5,
            "title": "Best in the market!",
            "helpful": 1,
            "certBuyer": true
        }
    ],
    [
        {
            "text": "Nice product",
            "author": "Susant  Nayak",
            "rating": 5,
            "title": "Simply awesome",
            "helpful": 0,
            "certBuyer": true
        }
    ],
    [
        {
            "text": "Worth the money",
            "author": "Thahir  Mohammed ",
            "rating": 5,
            "title": "Perfect",
            "helpful": 1,
            "certBuyer": true
        }
    ],
    [
        {
            "text": "Very nice",
            "author": "Pradeep tiwari ",
            "rating": 5,
            "title": "Great product",
            "helpful": 0,
            "certBuyer": true
        }
    ],
    [
        {
            "text": "Value for money. Good Phone with superb battery backup. Although I am using this phone for backup purpose and hardly use hope thats why it gives more than 7 days battery. Grt product.",
            "author": "SUBRATA DAS",
            "rating": 5,
            "title": "Simply awesome",
            "helpful": 0,
            "certBuyer": true
        }
    ],
    [
        {
            "text": "Delivered on time &amp; nice mobile from Samsung but a small disadvantage of this phone is it doesn't show the calling option by sim 1 or 2 we need to press the key for opting the sim and all other features are ok",
            "author": "T C DIVAKAR Divakar",
            "rating": 4,
            "title": "Wonderful",
            "helpful": 1,
            "certBuyer": true
        }
    ],
    [
        {
            "text": "Waste of money",
            "author": "jana rthanan",
            "rating": 1,
            "title": "Absolute rubbish!",
            "helpful": 1,
            "certBuyer": true
        }
    ],
    [
        {
            "text": "mobile is very good.... quality and aesthetically nice... but little on higher side in price... had it been in 2000 ..it would have been great",
            "author": "WildGhost",
            "rating": 4,
            "title": "Pretty good",
            "helpful": 1,
            "certBuyer": true
        }
    ],
    [
        {
            "text": "Super",
            "author": "Flipkart Customer",
            "rating": 2,
            "title": "Expected a better product",
            "helpful": 1,
            "certBuyer": true
        }
    ],
    [
        {
            "text": "Good phone&hellip;&hellip;&hellip;&hellip;&hellip;&hellip;",
            "author": "Flipkart Customer",
            "rating": 4,
            "title": "Good choice",
            "helpful": 0,
            "certBuyer": true
        }
    ],
    [
        {
            "text": "Realy superb mobile, FM clarity nice  on earphone",
            "author": "Flipkart Customer",
            "rating": 5,
            "title": "Wonderful",
            "helpful": 0,
            "certBuyer": true
        }
    ],
    [
        {
            "text": "Low volume, very slow process, bad camera quality only positive thing battery life is good",
            "author": "BALAKRISHNAN S",
            "rating": 3,
            "title": "Try other",
            "helpful": 0,
            "certBuyer": true
        }
    ],
    [
        {
            "text": "Awesome phnoe in this price...",
            "author": "rejina sk",
            "rating": 5,
            "title": "Classy product",
            "helpful": 0,
            "certBuyer": true
        }
    ],
    [
        {
            "text": "Value for money.",
            "author": "Soumyajit Paul",
            "rating": 5,
            "title": "Super!",
            "helpful": 0,
            "certBuyer": true
        }
    ],
    [
        {
            "text": "good phone but packing was poor",
            "author": "Flipkart Customer",
            "rating": 4,
            "title": "Pretty good",
            "helpful": 0,
            "certBuyer": true
        }
    ],
    [
        {
            "text": "Satisfactory",
            "author": "Flipkart Customer",
            "rating": 4,
            "title": "Good choice",
            "helpful": 0,
            "certBuyer": true
        }
    ],
    [
        {
            "text": "Very nice",
            "author": "kathiresh kani",
            "rating": 5,
            "title": "Best in the market!",
            "helpful": 0,
            "certBuyer": true
        }
    ],
    [
        {
            "text": "Good",
            "author": "ritesh kumar",
            "rating": 4,
            "title": "Good",
            "helpful": 0,
            "certBuyer": true
        }
    ],
    [
        {
            "text": "Very good product",
            "author": "Pawan Kumar Chilukuri",
            "rating": 5,
            "title": "Best in the market!",
            "helpful": 0,
            "certBuyer": true
        }
    ],
    [
        {
            "text": "Nice and good work in Flipkart",
            "author": "Vijendra  Reddy",
            "rating": 4,
            "title": "Really Nice",
            "helpful": 0,
            "certBuyer": true
        }
    ],
    [
        {
            "text": "Good",
            "author": "Flipkart Customer",
            "rating": 5,
            "title": "Awesome",
            "helpful": 0,
            "certBuyer": true
        }
    ],
    [
        {
            "text": "Good phone",
            "author": "Gajanand prajapat",
            "rating": 5,
            "title": "Great product",
            "helpful": 0,
            "certBuyer": true
        }
    ],
    [
        {
            "text": "Good Product",
            "author": "Flipkart Customer",
            "rating": 5,
            "title": "Highly recommended",
            "helpful": 0,
            "certBuyer": true
        }
    ],
    [
        {
            "text": "Super phone nice looking",
            "author": "Flipkart Customer",
            "rating": 5,
            "title": "Classy product",
            "helpful": 0,
            "certBuyer": true
        }
    ],
    [
        {
            "text": "Very nic",
            "author": "Flipkart Customer",
            "rating": 5,
            "title": "phn v nic pis",
            "helpful": 0,
            "certBuyer": true
        }
    ],
    [
        {
            "text": "Item delivered on given time and was good as mentioned on flipkart",
            "author": "keshav sharma",
            "rating": 5,
            "title": "fabulous",
            "helpful": 0,
            "certBuyer": true
        }
    ],
    [
        {
            "text": "Very good Phone in cheap price.",
            "author": "Subhojit Ghosh",
            "rating": 5,
            "title": "Brilliant",
            "helpful": 0,
            "certBuyer": true
        }
    ],
    [
        {
            "text": "Best",
            "author": "Flipkart Customer",
            "rating": 5,
            "title": "Just wow!",
            "helpful": 0,
            "certBuyer": true
        }
    ],
    [
        {
            "text": "Super keypad....",
            "author": "Sarvesh Waran",
            "rating": 4,
            "title": "Good choice",
            "helpful": 0,
            "certBuyer": true
        }
    ],
    [
        {
            "text": "Good product and right time delivery",
            "author": "K  Raju",
            "rating": 4,
            "title": "Wonderful",
            "helpful": 0,
            "certBuyer": true
        }
    ],
    [
        {
            "text": "Nice",
            "author": "Flipkart Customer",
            "rating": 5,
            "title": "Must buy!",
            "helpful": 0,
            "certBuyer": true
        }
    ],
    [
        {
            "text": "This phone is too vast vurst",
            "author": "Flipkart Customer",
            "rating": 1,
            "title": "Terrible product",
            "helpful": 0,
            "certBuyer": true
        }
    ],
    [
        {
            "text": "Good",
            "author": "Bhavesh Bhanushali",
            "rating": 4,
            "title": "Delightful",
            "helpful": 0,
            "certBuyer": true
        }
    ],
    [
        {
            "text": "Nice key board mobile. Worth my money value.",
            "author": "Pallab Roy",
            "rating": 4,
            "title": "Pretty good",
            "helpful": 0,
            "certBuyer": true
        }
    ],
    [
        {
            "text": "Superb phone must try",
            "author": "Suprabhat Chowdhury",
            "rating": 5,
            "title": "Simply awesome",
            "helpful": 0,
            "certBuyer": true
        }
    ],
    [
        {
            "text": "Very good metro mobile 350 Battery very good long life battery",
            "author": "Ravi  Shukla",
            "rating": 5,
            "title": "Awesome",
            "helpful": 0,
            "certBuyer": true
        }
    ],
    [
        {
            "text": "This phone is very good..",
            "author": "Sneha Biswas",
            "rating": 5,
            "title": "Great product",
            "helpful": 0,
            "certBuyer": true
        }
    ],
    [
        {
            "text": "Best Product",
            "author": "Gideon M",
            "rating": 3,
            "title": "Decent product",
            "helpful": 0,
            "certBuyer": true
        }
    ],
    [
        {
            "text": "very good packaging and well maintained. a very good product. But so late in delivery.",
            "author": "Amit Mondal ",
            "rating": 4,
            "title": "Value-for-money",
            "helpful": 0,
            "certBuyer": true
        }
    ],
    [
        {
            "text": "Awesome phone.....",
            "author": "Flipkart Customer",
            "rating": 5,
            "title": "Awesome",
            "helpful": 0,
            "certBuyer": true
        }
    ],
    [
        {
            "text": "not bad",
            "author": "Syed Kamal",
            "rating": 4,
            "title": "Worth the money",
            "helpful": 0,
            "certBuyer": true
        }
    ],
    [
        {
            "text": "Nice",
            "author": "JAY PRAKASH SINGH",
            "rating": 4,
            "title": "Value-for-money",
            "helpful": 0,
            "certBuyer": true
        }
    ],
    [
        {
            "text": "Good product looking nice...go for buy...",
            "author": "INDRANIL MONDAL",
            "rating": 3,
            "title": "Does the job",
            "helpful": 0,
            "certBuyer": true
        }
    ],
    [
        {
            "text": "Headphone Sound (listening song) is awesome...GREAT SAMSUNG",
            "author": "Anupam De",
            "rating": 5,
            "title": "Must buy!",
            "helpful": 0,
            "certBuyer": true
        }
    ],
    [
        {
            "text": "Nice",
            "author": "Flipkart Customer",
            "rating": 5,
            "title": "Awesome",
            "helpful": 0,
            "certBuyer": true
        }
    ],
    [
        {
            "text": "Excellent product and  sevice.",
            "author": "Flipkart Customer",
            "rating": 5,
            "title": "Worth every penny",
            "helpful": 0,
            "certBuyer": true
        }
    ],
    [
        {
            "text": "Good product",
            "author": "Amlan Ash",
            "rating": 5,
            "title": "Just wow!",
            "helpful": 0,
            "certBuyer": true
        }
    ],
    [
        {
            "text": "Excellent product",
            "author": "Suresh Ghosh",
            "rating": 5,
            "title": "Awesome",
            "helpful": 0,
            "certBuyer": true
        }
    ],
    [
        {
            "text": "Nice phone I like it",
            "author": "Mayank Pathak",
            "rating": 5,
            "title": "Fabulous!",
            "helpful": 0,
            "certBuyer": true
        }
    ],
    [
        {
            "text": "Super",
            "author": "M PREMKUMAR  M PREMKUMAR ",
            "rating": 5,
            "title": "Best in the market!",
            "helpful": 0,
            "certBuyer": true
        }
    ],
    [
        {
            "text": "Good",
            "author": "Ramesh Nare",
            "rating": 4,
            "title": "Good choice",
            "helpful": 0,
            "certBuyer": true
        }
    ],
    [
        {
            "text": "Super",
            "author": "am and anand",
            "rating": 5,
            "title": "Classy product",
            "helpful": 0,
            "certBuyer": true
        }
    ],
    [
        {
            "text": "Gifted to my mom .. it's nice product.",
            "author": "Flipkart Customer",
            "rating": 5,
            "title": "Terrific purchase",
            "helpful": 0,
            "certBuyer": true
        }
    ],
    [
        {
            "text": "Nice",
            "author": "Baby Jana",
            "rating": 4,
            "title": "Pretty good",
            "helpful": 0,
            "certBuyer": true
        }
    ],
    [
        {
            "text": "Great",
            "author": "Flipkart Customer",
            "rating": 4,
            "title": "Worth the money",
            "helpful": 0,
            "certBuyer": true
        }
    ],
    [
        {
            "text": "mobile is very good.good quality and  packing, Good Phone....",
            "author": "sanjeet  siddharth",
            "rating": 5,
            "title": "Simply awesome",
            "helpful": 0,
            "certBuyer": true
        }
    ],
    [
        {
            "text": "Poor sound quality! I am disappointed!",
            "author": "shreya ",
            "rating": 1,
            "title": "Did not meet expectations",
            "helpful": 0,
            "certBuyer": true
        }
    ],
    [
        {
            "text": "Awesome phone for normal use",
            "author": "UTTAM SIKDER",
            "rating": 5,
            "title": "Terrific",
            "helpful": 0,
            "certBuyer": true
        }
    ],
    [
        {
            "text": "Super",
            "author": "Pandi Meenal",
            "rating": 5,
            "title": "Super!",
            "helpful": 0,
            "certBuyer": true
        }
    ],
    [
        {
            "text": "Good product",
            "author": "Flipkart Customer",
            "rating": 5,
            "title": "Fabulous!",
            "helpful": 0,
            "certBuyer": true
        }
    ],
    [
        {
            "text": "Very good",
            "author": "Flipkart Customer",
            "rating": 5,
            "title": "Perfect product!",
            "helpful": 0,
            "certBuyer": true
        }
    ],
    [
        {
            "text": "Owsum May God Bless all",
            "author": "ROSHAN  SAHA",
            "rating": 5,
            "title": "Worth the money",
            "helpful": 0,
            "certBuyer": true
        }
    ],
    [
        {
            "text": "Worth buying the mobile",
            "author": "Flipkart Customer",
            "rating": 5,
            "title": "Great product",
            "helpful": 0,
            "certBuyer": true
        }
    ],
    [
        {
            "text": "Nice mobile",
            "author": "Flipkart Customer",
            "rating": 3,
            "title": "Nice",
            "helpful": 0,
            "certBuyer": true
        }
    ],
    [
        {
            "text": "Nice product.....",
            "author": "Ronald Rozario",
            "rating": 3,
            "title": "Decent product",
            "helpful": 0,
            "certBuyer": true
        }
    ],
    [
        {
            "text": "Very good phone in low price.",
            "author": "Vinay anand Verma",
            "rating": 5,
            "title": "Classy product",
            "helpful": 0,
            "certBuyer": true
        }
    ],
    [
        {
            "text": "Super jee",
            "author": "Flipkart Customer",
            "rating": 5,
            "title": "Worth every penny",
            "helpful": 0,
            "certBuyer": true
        }
    ],
    [
        {
            "text": "Verry good",
            "author": "Mukesh  Prajapati ",
            "rating": 5,
            "title": "Terrific purchase",
            "helpful": 0,
            "certBuyer": true
        }
    ],
    [
        {
            "text": "Fast delivery n good service",
            "author": "Flipkart Customer",
            "rating": 5,
            "title": "Worth every penny",
            "helpful": 0,
            "certBuyer": true
        }
    ],
    [
        {
            "text": "Worth mobile to price",
            "author": "Muthu krishnan",
            "rating": 4,
            "title": "Good mobile",
            "helpful": 0,
            "certBuyer": true
        }
    ],
    [
        {
            "text": "I am happy thanks",
            "author": "Don Siva",
            "rating": 5,
            "title": "Excellent",
            "helpful": 0,
            "certBuyer": true
        }
    ],
    [
        {
            "text": "Good",
            "author": "Prince Shyam",
            "rating": 5,
            "title": "Good and worth for money...",
            "helpful": 0,
            "certBuyer": true
        }
    ],
    [
        {
            "text": "Good",
            "author": "SANTOSH KUMAR",
            "rating": 5,
            "title": "Worth every penny",
            "helpful": 0,
            "certBuyer": true
        }
    ],
    [
        {
            "text": "awesom i like it......",
            "author": "Maninder Dahinwal",
            "rating": 5,
            "title": "Simply awesome",
            "helpful": 0,
            "certBuyer": true
        }
    ],
    [
        {
            "text": "Normal working low budget",
            "author": "B.V.Giridhar Customer",
            "rating": 3,
            "title": "Fair",
            "helpful": 0,
            "certBuyer": true
        }
    ],
    [
        {
            "text": "Not premium plastic body... Value for many u will get better feature phones in this range",
            "author": "Mohmmed Shadab Sayed",
            "rating": 4,
            "title": "Value for money",
            "helpful": 0,
            "certBuyer": true
        }
    ],
    [
        {
            "text": "Nice",
            "author": "Maharajan ",
            "rating": 3,
            "title": "Decent product",
            "helpful": 0,
            "certBuyer": true
        }
    ],
    [
        {
            "text": "Thanks for the update and for the record or",
            "author": "Ashish",
            "rating": 5,
            "title": "Awesome",
            "helpful": 0,
            "certBuyer": true
        }
    ],
    [
        {
            "text": "Good packing, Good Phone, Good performance..",
            "author": "Swamy Pandith",
            "rating": 5,
            "title": "Must buy!",
            "helpful": 0,
            "certBuyer": true
        }
    ],
    [
        {
            "text": "Amazing service I like it ur service",
            "author": "ALOK panigrahi",
            "rating": 5,
            "title": "Great product",
            "helpful": 0,
            "certBuyer": true
        }
    ],
    [
        {
            "text": "good one",
            "author": "Ramagya Mishra",
            "rating": 4,
            "title": "Really Nice",
            "helpful": 0,
            "certBuyer": true
        }
    ],
    [
        {
            "text": "Good",
            "author": "Pratima  Panchal ",
            "rating": 5,
            "title": "Good",
            "helpful": 0,
            "certBuyer": true
        }
    ],
    [
        {
            "text": "Good",
            "author": "Flipkart Customer",
            "rating": 4,
            "title": "Good quality product",
            "helpful": 0,
            "certBuyer": true
        }
    ],
    [
        {
            "text": "Nice",
            "author": "Flipkart Customer",
            "rating": 5,
            "title": "Awesome",
            "helpful": 0,
            "certBuyer": true
        }
    ],
    [
        {
            "text": "I bought it on 1st December..And it's working..I used 2days continuously without charging.",
            "author": "ARPITA BHATTACHARYA",
            "rating": 5,
            "title": "Classy product",
            "helpful": 0,
            "certBuyer": true
        }
    ],
    [
        {
            "text": "Good product in price",
            "author": "Mohan Sharma",
            "rating": 4,
            "title": "Delightful",
            "helpful": 0,
            "certBuyer": true
        }
    ],
    [
        {
            "text": "Nice product",
            "author": "Ashish Ranjan",
            "rating": 5,
            "title": "Great product",
            "helpful": 0,
            "certBuyer": true
        }
    ],
    [
        {
            "text": "Good  handset",
            "author": "Flipkart Customer",
            "rating": 5,
            "title": "Fabulous!",
            "helpful": 0,
            "certBuyer": true
        }
    ],
    [
        {
            "text": "Goog",
            "author": "HARISH  S",
            "rating": 5,
            "title": "nice mobile",
            "helpful": 0,
            "certBuyer": true
        }
    ],
    [
        {
            "text": "Excellent phone!\nBattery backup is good",
            "author": "Sumesh Verma",
            "rating": 5,
            "title": "Superb!",
            "helpful": 0,
            "certBuyer": true
        }
    ],
    [
        {
            "text": "Worth it.. sleek handy and long lasting power backup",
            "author": "Rupesh Kasar",
            "rating": 5,
            "title": "Super!",
            "helpful": 0,
            "certBuyer": true
        }
    ],
    [
        {
            "text": "Nice",
            "author": "koushik mondal",
            "rating": 5,
            "title": "Just wow!",
            "helpful": 0,
            "certBuyer": true
        }
    ],
    [
        {
            "text": "Super",
            "author": "Flipkart Customer",
            "rating": 3,
            "title": "Good",
            "helpful": 0,
            "certBuyer": true
        }
    ],
    [
        {
            "text": "Its a nice set...",
            "author": "Flipkart Customer",
            "rating": 4,
            "title": "Pretty good",
            "helpful": 0,
            "certBuyer": true
        }
    ],
    [
        {
            "text": "Good Mobile phone...",
            "author": "PANDYA DIVYANG",
            "rating": 5,
            "title": "Great product",
            "helpful": 0,
            "certBuyer": true
        }
    ],
    [
        {
            "text": "Best mobile at reasonable price",
            "author": "Praveen Vemuri",
            "rating": 5,
            "title": "Must buy!",
            "helpful": 0,
            "certBuyer": true
        }
    ],
    [
        {
            "text": "Super phone and backup is 3 days",
            "author": "satish kumar",
            "rating": 5,
            "title": "Brilliant",
            "helpful": 0,
            "certBuyer": true
        }
    ],
    [
        {
            "text": "Best mobile",
            "author": "TUSHAR MAHAJAN",
            "rating": 5,
            "title": "Terrific purchase",
            "helpful": 0,
            "certBuyer": true
        }
    ],
    [
        {
            "text": "Nice",
            "author": "Manoj Manu",
            "rating": 4,
            "title": "Really Nice",
            "helpful": 0,
            "certBuyer": true
        }
    ],
    [
        {
            "text": "Nice",
            "author": "jagat bohora",
            "rating": 5,
            "title": "Super!",
            "helpful": 0,
            "certBuyer": true
        }
    ],
    [
        {
            "text": "Good Product, but took a week to deliver",
            "author": "Rakesh Mishra",
            "rating": 5,
            "title": "Fabulous!",
            "helpful": 0,
            "certBuyer": true
        }
    ],
    [
        {
            "text": "Best product",
            "author": "Flipkart Customer",
            "rating": 5,
            "title": "Best in the market!",
            "helpful": 0,
            "certBuyer": true
        }
    ],
    [
        {
            "text": "Fantastic.",
            "author": "Flipkart Customer",
            "rating": 5,
            "title": "Fabulous!",
            "helpful": 0,
            "certBuyer": true
        }
    ],
    [
        {
            "text": "Good",
            "author": "Flipkart Customer",
            "rating": 1,
            "title": "Horrible",
            "helpful": 0,
            "certBuyer": true
        }
    ],
    [
        {
            "text": "Good quality",
            "author": "Sandip Mondal",
            "rating": 4,
            "title": "Pretty good",
            "helpful": 0,
            "certBuyer": true
        }
    ],
    [
        {
            "text": "Very good cell phone",
            "author": "Flipkart Customer",
            "rating": 4,
            "title": "Worth the money",
            "helpful": 0,
            "certBuyer": true
        }
    ],
    [
        {
            "text": "Long life samsung long lifeflipkart top quality phone       gopal dolui",
            "author": "Gopal  Dolui",
            "rating": 5,
            "title": "Just wow!",
            "helpful": 0,
            "certBuyer": true
        }
    ],
    [
        {
            "text": "Nice product.Quick delivery..Fully satisfied.Thank You!!!",
            "author": "Ayon Chanda",
            "rating": 5,
            "title": "Highly recommended",
            "helpful": 0,
            "certBuyer": true
        }
    ],
    [
        {
            "text": "It's good",
            "author": "Flipkart Customer",
            "rating": 4,
            "title": "Pretty good",
            "helpful": 0,
            "certBuyer": true
        }
    ],
    [
        {
            "text": "Good Battery back-up",
            "author": "Sunil Rajaput",
            "rating": 4,
            "title": "Good choice",
            "helpful": 0,
            "certBuyer": true
        }
    ],
    [
        {
            "text": "Good",
            "author": "Naman Khatwani",
            "rating": 5,
            "title": "Terrific purchase",
            "helpful": 0,
            "certBuyer": true
        }
    ],
    [
        {
            "text": "Excellent",
            "author": "Mukul  Anand ",
            "rating": 5,
            "title": "Just wow!",
            "helpful": 0,
            "certBuyer": true
        }
    ],
    [
        {
            "text": "Good Product",
            "author": "Vinod Podar",
            "rating": 5,
            "title": "Classy product",
            "helpful": 0,
            "certBuyer": true
        }
    ],
    [
        {
            "text": "Nice product , Good battery back-up.",
            "author": "Sangram  Sahoo",
            "rating": 5,
            "title": "Perfect product!",
            "helpful": 0,
            "certBuyer": true
        }
    ],
    [
        {
            "text": "Very good ....",
            "author": "ASWINEE KUMAR SAHOO",
            "rating": 5,
            "title": "Simply awesome",
            "helpful": 0,
            "certBuyer": true
        }
    ],
    [
        {
            "text": "Nice",
            "author": "Thenmozhi Gangasudan",
            "rating": 3,
            "title": "Fair",
            "helpful": 0,
            "certBuyer": true
        }
    ],
    [
        {
            "text": "Not so happy with the product...keep it up..\ud83d\udc4d",
            "author": "RISHABH DWIVEDI",
            "rating": 3,
            "title": "Satisfactory",
            "helpful": 0,
            "certBuyer": true
        }
    ],
    [
        {
            "text": "Sound quality  is very  very  poor....",
            "author": "Flipkart Customer",
            "rating": 1,
            "title": "Worst experience ever!",
            "helpful": 0,
            "certBuyer": true
        }
    ],
    [
        {
            "text": "Thanks",
            "author": "Romeo Vaz",
            "rating": 5,
            "title": "Perfect product!",
            "helpful": 0,
            "certBuyer": true
        }
    ],
    [
        {
            "text": "Thanks",
            "author": "Romeo Vaz",
            "rating": 5,
            "title": "Best in the market!",
            "helpful": 0,
            "certBuyer": true
        }
    ],
    [
        {
            "text": "Good product",
            "author": "Tathagata Bhowmick",
            "rating": 3,
            "title": "Fair",
            "helpful": 0,
            "certBuyer": true
        }
    ],
    [
        {
            "text": "NICE",
            "author": "Flipkart Customer",
            "rating": 5,
            "title": "Worth every penny",
            "helpful": 0,
            "certBuyer": true
        }
    ],
    [
        {
            "text": "Nice phone in that price range. Though battery is not giving up to that level. My old one is giving same as my new one. Description is showing metal back panel where it's worse plastic and price is also lilbit higher than other site. Using it for more than 3month.",
            "author": "Apurba  Sikder",
            "rating": 5,
            "title": "Brilliant",
            "helpful": 0,
            "certBuyer": true
        }
    ],
    [
        {
            "text": "Nice mobile wid dis rate, wid many options",
            "author": "hari prasath",
            "rating": 4,
            "title": "Really Nice",
            "helpful": 0,
            "certBuyer": true
        }
    ],
    [
        {
            "text": "Nice and original af.. awesome product",
            "author": "Akash Thakur",
            "rating": 5,
            "title": "Simply awesome",
            "helpful": 0,
            "certBuyer": true
        }
    ],
    [
        {
            "text": "nic ephone for non smart phone users",
            "author": "SUNITA AGARWAL",
            "rating": 4,
            "title": "Pretty good",
            "helpful": 0,
            "certBuyer": true
        }
    ],
    [
        {
            "text": "Good",
            "author": "Flipkart Customer",
            "rating": 5,
            "title": "Highly recommended",
            "helpful": 0,
            "certBuyer": true
        }
    ],
    [
        {
            "text": "Good phone",
            "author": "Madhu Bhupatiraji",
            "rating": 5,
            "title": "Best in the market!",
            "helpful": 0,
            "certBuyer": true
        }
    ],
    [
        {
            "text": "good",
            "author": "Jatindra kumar Acharya",
            "rating": 5,
            "title": "Highly recommended",
            "helpful": 0,
            "certBuyer": true
        }
    ],
    [
        {
            "text": "Best",
            "author": "MD RAJU MALLIK",
            "rating": 4,
            "title": "Pretty good",
            "helpful": 0,
            "certBuyer": true
        }
    ],
    [
        {
            "text": "Nice",
            "author": "Manohar",
            "rating": 3,
            "title": "Just okay",
            "helpful": 0,
            "certBuyer": true
        }
    ],
    [
        {
            "text": "Cool mobile",
            "author": "Srikanth",
            "rating": 5,
            "title": "Simply awesome",
            "helpful": 0,
            "certBuyer": true
        }
    ],
    [
        {
            "text": "This item was so good...",
            "author": "Arup Debnath",
            "rating": 5,
            "title": "Wonderful",
            "helpful": 0,
            "certBuyer": true
        }
    ],
    [
        {
            "text": "awesome product, good voice &amp; picture quality. Worth product",
            "author": "Prasad Pingle",
            "rating": 5,
            "title": "Mind-blowing purchase",
            "helpful": 0,
            "certBuyer": true
        }
    ],
    [
        {
            "text": "Screen is very short",
            "author": "Bansari Samanta",
            "rating": 3,
            "title": "Nice",
            "helpful": 0,
            "certBuyer": true
        }
    ],
    [
        {
            "text": "Nice product . I purchased this product for my father who want mobile with keypad. Best phone in keypad range.",
            "author": "Rakesh Patel",
            "rating": 4,
            "title": "Good quality product",
            "helpful": 0,
            "certBuyer": true
        }
    ],
    [
        {
            "text": "Good product",
            "author": "Sibasis Mohanty",
            "rating": 5,
            "title": "Just wow!",
            "helpful": 0,
            "certBuyer": true
        }
    ],
    [
        {
            "text": "bad",
            "author": "Flipkart Customer",
            "rating": 1,
            "title": "Unsatisfactory",
            "helpful": 0,
            "certBuyer": true
        }
    ],
    [
        {
            "text": "Product is ok still",
            "author": "Manikandan  Mani",
            "rating": 4,
            "title": "Good quality product",
            "helpful": 0,
            "certBuyer": true
        }
    ],
    [
        {
            "text": "Good",
            "author": "Sachin Kumar KP",
            "rating": 5,
            "title": "Excellent",
            "helpful": 0,
            "certBuyer": true
        }
    ],
    [
        {
            "text": "Excellent phone",
            "author": "Uday  Kumar ",
            "rating": 3,
            "title": "Samsung",
            "helpful": 0,
            "certBuyer": true
        }
    ],
    [
        {
            "text": "The product is very bad.",
            "author": "NIRUPAMA  MALLIK INSPECTOR OF POLICE ",
            "rating": 1,
            "title": "Very poor",
            "helpful": 0,
            "certBuyer": true
        }
    ],
    [
        {
            "text": "Normal usage fine product",
            "author": "Flipkart Customer",
            "rating": 2,
            "title": "Expected a better product",
            "helpful": 0,
            "certBuyer": true
        }
    ],
    [
        {
            "text": "Good battery back up. Bright display. Clear sound. Overall good feature phone.",
            "author": "ANIRUDDHA  PRADHAN",
            "rating": 5,
            "title": "Highly recommended",
            "helpful": 0,
            "certBuyer": true
        }
    ],
    [
        {
            "text": "Best bettary backup...... good boady..... impressive",
            "author": "Surya Prakash Kumawat",
            "rating": 5,
            "title": "Wonderful",
            "helpful": 0,
            "certBuyer": true
        }
    ],
    [
        {
            "text": "Very nice and good mobile",
            "author": "Shivraj Deshmukh",
            "rating": 4,
            "title": "Nice mobile",
            "helpful": 0,
            "certBuyer": true
        }
    ],
    [
        {
            "text": "Nice one....Good for the people who don't want to use smartphones.",
            "author": "Flipkart Customer",
            "rating": 4,
            "title": "Good choice",
            "helpful": 0,
            "certBuyer": true
        }
    ],
    [
        {
            "text": "It's budget phone",
            "author": "Pavan Tippshety",
            "rating": 5,
            "title": "Great product",
            "helpful": 0,
            "certBuyer": true
        }
    ],
    [
        {
            "text": "Too good",
            "author": "ASHIS KUMAR NAYAK",
            "rating": 5,
            "title": "Simply awesome",
            "helpful": 0,
            "certBuyer": true
        }
    ],
    [
        {
            "text": "Good phone, good battery backup and light weight",
            "author": "Flipkart Customer",
            "rating": 5,
            "title": "Must buy!",
            "helpful": 0,
            "certBuyer": true
        }
    ],
    [
        {
            "text": "Very good product and good quality",
            "author": "Flipkart Customer",
            "rating": 5,
            "title": "Highly recommended",
            "helpful": 0,
            "certBuyer": true
        }
    ],
    [
        {
            "text": "SAME AS ALWAYS, EXCELLENT PRODUCT.",
            "author": "ANIMESH SINGH RAJPUT",
            "rating": 5,
            "title": "Simply awesome",
            "helpful": 0,
            "certBuyer": true
        }
    ],
    [
        {
            "text": "Nice phone excellent",
            "author": "RAM VENKAT ",
            "rating": 5,
            "title": "Awesome",
            "helpful": 0,
            "certBuyer": true
        }
    ],
    [
        {
            "text": "Awesome",
            "author": "Gautam suresh",
            "rating": 5,
            "title": "Highly recommended",
            "helpful": 0,
            "certBuyer": true
        }
    ],
    [
        {
            "text": "nice phone, battery backup superb",
            "author": "Raj Pottavatri",
            "rating": 5,
            "title": "Classy product",
            "helpful": 0,
            "certBuyer": true
        }
    ],
    [
        {
            "text": "Very nice pic.",
            "author": "Flipkart Customer",
            "rating": 5,
            "title": "Fabulous!",
            "helpful": 0,
            "certBuyer": true
        }
    ],
    [
        {
            "text": "Best mobile charging was amazing....",
            "author": "Alludu Vijay",
            "rating": 5,
            "title": "Best in the market!",
            "helpful": 0,
            "certBuyer": true
        }
    ],
    [
        {
            "text": "Grt",
            "author": "Moumita  Som",
            "rating": 5,
            "title": "Must buy!",
            "helpful": 0,
            "certBuyer": true
        }
    ],
    [
        {
            "text": "Best",
            "author": "Padmanabha reddu",
            "rating": 5,
            "title": "Classy product",
            "helpful": 0,
            "certBuyer": true
        }
    ],
    [
        {
            "text": "Mobile is  sudden switch off .and same time suddenly on mobile.",
            "author": "Ranganath Ranganath",
            "rating": 2,
            "title": "Wonderful",
            "helpful": 0,
            "certBuyer": true
        }
    ],
    [
        {
            "text": "It is good",
            "author": "Subho",
            "rating": 3,
            "title": "Does the job",
            "helpful": 0,
            "certBuyer": true
        }
    ],
    [
        {
            "text": "Nice mobile",
            "author": "Gali Appala Reddy",
            "rating": 4,
            "title": "Fair",
            "helpful": 0,
            "certBuyer": true
        }
    ],
    [
        {
            "text": "Samsung mobile very good Mobile phones nice",
            "author": "Flipkart Customer",
            "rating": 5,
            "title": "Awesome",
            "helpful": 0,
            "certBuyer": true
        }
    ],
    [
        {
            "text": "Superb job Flipkart tq for your great service",
            "author": "Anand Kalyan",
            "rating": 5,
            "title": "Simply awesome",
            "helpful": 0,
            "certBuyer": true
        }
    ],
    [
        {
            "text": "It's really Great...........",
            "author": "Flipkart Customer",
            "rating": 5,
            "title": "Perfect product!",
            "helpful": 0,
            "certBuyer": true
        }
    ],
    [
        {
            "text": "Phone is very good",
            "author": "Maman  Singha",
            "rating": 5,
            "title": "Classy product",
            "helpful": 0,
            "certBuyer": true
        }
    ],
    [
        {
            "text": "Battery life better and good quality mobile\nThank you flip cart",
            "author": "Flipkart Customer",
            "rating": 5,
            "title": "Must buy!",
            "helpful": 0,
            "certBuyer": true
        }
    ],
    [
        {
            "text": "Nice product .",
            "author": "Vinod Shanbhag",
            "rating": 5,
            "title": "Just wow!",
            "helpful": 0,
            "certBuyer": true
        }
    ],
    [
        {
            "text": "Not good product hunging problem.",
            "author": "Sonu  Kumar",
            "rating": 1,
            "title": "Don't waste your money",
            "helpful": 0,
            "certBuyer": true
        }
    ],
    [
        {
            "text": "Nice",
            "author": "Zaheer Israr",
            "rating": 5,
            "title": "Good choice",
            "helpful": 0,
            "certBuyer": true
        }
    ],
    [
        {
            "text": "Back cover is non matelic but battery backup so very good warranty card not in my kit",
            "author": "Flipkart Customer",
            "rating": 4,
            "title": "Hated it!",
            "helpful": 0,
            "certBuyer": true
        }
    ],
    [
        {
            "text": "Good to handle",
            "author": "Sandesh Patil",
            "rating": 4,
            "title": "Pretty good",
            "helpful": 0,
            "certBuyer": true
        }
    ],
    [
        {
            "text": "Good",
            "author": "Flipkart Customer",
            "rating": 5,
            "title": "Perfect product!",
            "helpful": 0,
            "certBuyer": true
        }
    ],
    [
        {
            "text": "Good",
            "author": "Flipkart Customer",
            "rating": 5,
            "title": "Must buy!",
            "helpful": 0,
            "certBuyer": true
        }
    ],
    [
        {
            "text": "Ever I see bad product",
            "author": "Manoranjan Das",
            "rating": 1,
            "title": "Hated it!",
            "helpful": 0,
            "certBuyer": true
        }
    ],
    [
        {
            "text": "Nice",
            "author": "Elango Velayutham",
            "rating": 3,
            "title": "Great product",
            "helpful": 0,
            "certBuyer": true
        }
    ],
    [
        {
            "text": "Nokia 150 ds is better option...",
            "author": "Sudip Mukherjee",
            "rating": 5,
            "title": "Wonderful",
            "helpful": 0,
            "certBuyer": true
        }
    ],
    [
        {
            "text": "Nice",
            "author": "Flipkart Customer",
            "rating": 4,
            "title": "Delightful",
            "helpful": 0,
            "certBuyer": true
        }
    ],
    [
        {
            "text": "Nice phone",
            "author": "sasi kumar",
            "rating": 5,
            "title": "Must buy!",
            "helpful": 0,
            "certBuyer": true
        }
    ],
    [
        {
            "text": "It's really Great.....",
            "author": "Flipkart Customer",
            "rating": 5,
            "title": "Highly recommended",
            "helpful": 0,
            "certBuyer": true
        }
    ],
    [
        {
            "text": "Super mobile",
            "author": "SUBBAREDDY  THOTTI",
            "rating": 5,
            "title": "Excellent mobile",
            "helpful": 0,
            "certBuyer": true
        }
    ],
    [
        {
            "text": "Super",
            "author": "Flipkart Customer",
            "rating": 5,
            "title": "Highly recommended",
            "helpful": 0,
            "certBuyer": true
        }
    ],
    [
        {
            "text": "Superb",
            "author": "KASALA KRISHNA",
            "rating": 5,
            "title": "Fabulous!",
            "helpful": 0,
            "certBuyer": true
        }
    ],
    [
        {
            "text": "Good",
            "author": "srikanth. k",
            "rating": 5,
            "title": "Mind-blowing purchase",
            "helpful": 0,
            "certBuyer": true
        }
    ],
    [
        {
            "text": "Good!",
            "author": "Flipkart Customer",
            "rating": 5,
            "title": "Wonderful",
            "helpful": 0,
            "certBuyer": true
        }
    ],
    [
        {
            "text": "good",
            "author": "Flipkart Customer",
            "rating": 5,
            "title": "Awesome",
            "helpful": 0,
            "certBuyer": true
        }
    ],
    [
        {
            "text": "Good product.",
            "author": "Uday Paul",
            "rating": 4,
            "title": "Worth the money",
            "helpful": 0,
            "certBuyer": true
        }
    ],
    [
        {
            "text": "Im so happy",
            "author": "Flipkart Customer",
            "rating": 5,
            "title": "Best in the market!",
            "helpful": 0,
            "certBuyer": true
        }
    ],
    [
        {
            "text": "Features good, but sound low not good quality speaker",
            "author": "MD ILYAS",
            "rating": 3,
            "title": "Does the job",
            "helpful": 0,
            "certBuyer": true
        }
    ],
    [
        {
            "text": "Good",
            "author": "Harish Hari",
            "rating": 4,
            "title": "Value-for-money",
            "helpful": 0,
            "certBuyer": true
        }
    ],
    [
        {
            "text": "Verry good",
            "author": "Kumar Shivam",
            "rating": 5,
            "title": "Mind-blowing purchase",
            "helpful": 0,
            "certBuyer": true
        }
    ],
    [
        {
            "text": "Money waste",
            "author": "Tarun Sharma",
            "rating": 4,
            "title": "Very Good",
            "helpful": 0,
            "certBuyer": true
        }
    ],
    [
        {
            "text": "Sound quality not upto the mark",
            "author": "Mukesh Sawant",
            "rating": 1,
            "title": "Utterly Disappointed",
            "helpful": 0,
            "certBuyer": true
        }
    ],
    [
        {
            "text": "Good product but return request rejected by seller is very bad",
            "author": "Pradeep Kumar",
            "rating": 2,
            "title": "Bad quality",
            "helpful": 0,
            "certBuyer": true
        }
    ],
    [
        {
            "text": "Very good",
            "author": "Prosenjit Paul",
            "rating": 5,
            "title": "Highly recommended",
            "helpful": 0,
            "certBuyer": true
        }
    ],
    [
        {
            "text": "Good product",
            "author": "Flipkart Customer",
            "rating": 3,
            "title": "Fair",
            "helpful": 0,
            "certBuyer": true
        }
    ],
    [
        {
            "text": "Ring tone sound is very less.Rest of the features are ok.",
            "author": "Flipkart Customer",
            "rating": 4,
            "title": "Delightful",
            "helpful": 0,
            "certBuyer": true
        }
    ],
    [
        {
            "text": "Very nice",
            "author": "Sambit Parida",
            "rating": 2,
            "title": "Worth the money",
            "helpful": 0,
            "certBuyer": true
        }
    ],
    [
        {
            "text": "good price",
            "author": "purushottam poojari",
            "rating": 4,
            "title": "Wonderful",
            "helpful": 0,
            "certBuyer": true
        }
    ],
    [
        {
            "text": "Nice and friendly user",
            "author": "Flipkart Customer",
            "rating": 5,
            "title": "Great product",
            "helpful": 0,
            "certBuyer": true
        }
    ],
    [
        {
            "text": "Nice phone performance good worth for money",
            "author": "nithin  reddy",
            "rating": 5,
            "title": "Good",
            "helpful": 0,
            "certBuyer": true
        }
    ],
    [
        {
            "text": "Very fast delivery and best product without any damage",
            "author": "Flipkart Customer",
            "rating": 5,
            "title": "Just wow!",
            "helpful": 0,
            "certBuyer": true
        }
    ],
    [
        {
            "text": "Best one ......",
            "author": "Ajo John",
            "rating": 4,
            "title": "Nice keypad phone",
            "helpful": 0,
            "certBuyer": true
        }
    ],
    [
        {
            "text": "The Product is good",
            "author": "RAHUL BACHAR",
            "rating": 5,
            "title": "Terrific",
            "helpful": 0,
            "certBuyer": true
        }
    ],
    [
        {
            "text": "Good",
            "author": "Suresh",
            "rating": 5,
            "title": "Terrific",
            "helpful": 0,
            "certBuyer": true
        }
    ],
    [
        {
            "text": "After using only i came to now it's very useless product and within 1month keypad colour was totally gone. Even call details also not available.pls don't buy this phone..",
            "author": "Shiva M",
            "rating": 1,
            "title": "Simply awesome",
            "helpful": 0,
            "certBuyer": true
        }
    ],
    [
        {
            "text": "Good looking nice but cost is very high",
            "author": "Flipkart Customer",
            "rating": 4,
            "title": "Samsung metro 350",
            "helpful": 0,
            "certBuyer": true
        }
    ],
    [
        {
            "text": "good",
            "author": "srinadh chowdary",
            "rating": 4,
            "title": "Good quality product",
            "helpful": 0,
            "certBuyer": true
        }
    ],
    [
        {
            "text": "nice",
            "author": "Flipkart Customer",
            "rating": 5,
            "title": "Wonderful",
            "helpful": 0,
            "certBuyer": true
        }
    ],
    [
        {
            "text": "It's very nice phone with all basic features. Good value for money.",
            "author": "Asif Iqubal Khan",
            "rating": 5,
            "title": "Good choice",
            "helpful": 0,
            "certBuyer": true
        }
    ],
    [
        {
            "text": "good good nice nice",
            "author": "ManokFlipkart Customer",
            "rating": 5,
            "title": "Does the job",
            "helpful": 0,
            "certBuyer": true
        }
    ],
    [
        {
            "text": "v good",
            "author": "sivasubramaniam mu",
            "rating": 5,
            "title": "Classy product",
            "helpful": 0,
            "certBuyer": true
        }
    ],
    [
        {
            "text": "Very good",
            "author": "K.vijayakumar  Lakashna ",
            "rating": 5,
            "title": "Perfect product!",
            "helpful": 0,
            "certBuyer": true
        }
    ],
    [
        {
            "text": "Mobile volume is very slow",
            "author": "Navina Gawad",
            "rating": 3,
            "title": "Does the job",
            "helpful": 0,
            "certBuyer": true
        }
    ],
    [
        {
            "text": "Very nice super phone thanks",
            "author": "S.BASKAR",
            "rating": 5,
            "title": "Excellent",
            "helpful": 0,
            "certBuyer": true
        }
    ],
    [
        {
            "text": "Very nice mobile. Incoming Voice clarity is  good. Soft keypad. Good battery backup.",
            "author": "Flipkart Customer",
            "rating": 5,
            "title": "Simply awesome",
            "helpful": 0,
            "certBuyer": true
        }
    ],
    [
        {
            "text": "Good battery backup",
            "author": "Flipkart Customer",
            "rating": 4,
            "title": "Good quality product",
            "helpful": 0,
            "certBuyer": true
        }
    ],
    [
        {
            "text": "good device",
            "author": "Flipkart Customer",
            "rating": 5,
            "title": "Just wow!",
            "helpful": 0,
            "certBuyer": true
        }
    ],
    [
        {
            "text": "Nice mobile and on time delivery",
            "author": "Rupam Paul",
            "rating": 5,
            "title": "Fabulous!",
            "helpful": 0,
            "certBuyer": true
        }
    ],
    [
        {
            "text": "Good looks of this phone and features",
            "author": "akshay  raj",
            "rating": 4,
            "title": "Value-for-money",
            "helpful": 0,
            "certBuyer": true
        }
    ],
    [
        {
            "text": "Fantastic handset in feature phone category. Just amazing battery backup which lasts for at least 60 hours with average use. Worth to buy at this price.",
            "author": "Dilip Sangale",
            "rating": 5,
            "title": "Perfect product!",
            "helpful": 0,
            "certBuyer": true
        }
    ],
    [
        {
            "text": "very good looks, light weight, super battery service, camera is also good",
            "author": "Paramita Das",
            "rating": 5,
            "title": "Worth every penny",
            "helpful": 0,
            "certBuyer": true
        }
    ],
    [
        {
            "text": "I order Samsung b351 Gold colour. but deeiverd neviblue colour. But this phone is good and battery, sound, and looking is smart.",
            "author": "Nilkamal Khatua",
            "rating": 5,
            "title": "Mind-blowing purchase",
            "helpful": 0,
            "certBuyer": true
        }
    ],
    [
        {
            "text": "Great product,quick delivery but shll be appriciable if they accept card while delivery also.",
            "author": "Shubhajit  Das",
            "rating": 4,
            "title": "Nice product",
            "helpful": 0,
            "certBuyer": true
        }
    ],
    [
        {
            "text": "Perfect",
            "author": "Lovina Lobo",
            "rating": 5,
            "title": "Super!",
            "helpful": 0,
            "certBuyer": true
        }
    ],
    [
        {
            "text": "Good phone",
            "author": "Ramesh Pakalapati",
            "rating": 5,
            "title": "Excellent",
            "helpful": 0,
            "certBuyer": true
        }
    ],
    [
        {
            "text": "its worthy",
            "author": "Deepesh  Das ",
            "rating": 4,
            "title": "Wonderful",
            "helpful": 0,
            "certBuyer": true
        }
    ],
    [
        {
            "text": "Good mobile",
            "author": "A Jerome  Vimal ",
            "rating": 3,
            "title": "Decent product",
            "helpful": 0,
            "certBuyer": true
        }
    ],
    [
        {
            "text": "Thanks",
            "author": "Ramesh chandra Barik",
            "rating": 5,
            "title": "Best in the market!",
            "helpful": 0,
            "certBuyer": true
        }
    ],
    [
        {
            "text": "Nice product",
            "author": "Pankaj Choudhary",
            "rating": 4,
            "title": "Delightful",
            "helpful": 0,
            "certBuyer": true
        }
    ],
    [
        {
            "text": "Good product and Flipkart delivery is very good",
            "author": "Arun Kumar",
            "rating": 5,
            "title": "Good",
            "helpful": 0,
            "certBuyer": true
        }
    ],
    [
        {
            "text": "Very nic Thanks",
            "author": "Flipkart Customer",
            "rating": 5,
            "title": "Super!",
            "helpful": 0,
            "certBuyer": true
        }
    ],
    [
        {
            "text": "Excellent mobile",
            "author": "Flipkart Customer",
            "rating": 5,
            "title": "Excellent",
            "helpful": 0,
            "certBuyer": true
        }
    ],
    [
        {
            "text": "Satisfactory performance.",
            "author": "Animesh Das",
            "rating": 5,
            "title": "Brilliant",
            "helpful": 0,
            "certBuyer": true
        }
    ],
    [
        {
            "text": "good quality product",
            "author": "Somadula Venkata Ramana murthy",
            "rating": 4,
            "title": "Delightful",
            "helpful": 0,
            "certBuyer": true
        }
    ],
    [
        {
            "text": "It's really good",
            "author": "Flipkart Customer",
            "rating": 5,
            "title": "Best in the market!",
            "helpful": 0,
            "certBuyer": true
        }
    ],
    [
        {
            "text": "Good",
            "author": "Flipkart Customer",
            "rating": 5,
            "title": "Perfect product!",
            "helpful": 0,
            "certBuyer": true
        }
    ],
    [
        {
            "text": "good",
            "author": "gaurav  mahour ",
            "rating": 5,
            "title": "Terrific",
            "helpful": 0,
            "certBuyer": true
        }
    ],
    [
        {
            "text": "Owsm",
            "author": "Flipkart Customer",
            "rating": 5,
            "title": "Wonderful",
            "helpful": 0,
            "certBuyer": true
        }
    ],
    [
        {
            "text": "excellent",
            "author": "Suman Pal",
            "rating": 5,
            "title": "Worth every penny",
            "helpful": 0,
            "certBuyer": true
        }
    ],
    [
        {
            "text": "Nice best price...:)",
            "author": "Flipkart Customer",
            "rating": 5,
            "title": "Wonderful",
            "helpful": 0,
            "certBuyer": true
        }
    ],
    [
        {
            "text": "Nice phone",
            "author": "Flipkart Customer",
            "rating": 3,
            "title": "Decent product",
            "helpful": 0,
            "certBuyer": true
        }
    ],
    [
        {
            "text": "Verynice",
            "author": "Dasarijaya Saisurya",
            "rating": 5,
            "title": "Awesome",
            "helpful": 0,
            "certBuyer": true
        }
    ],
    [
        {
            "text": "Nice",
            "author": "Mallikarjuna Banakara",
            "rating": 4,
            "title": "Really Nice",
            "helpful": 0,
            "certBuyer": true
        }
    ],
    [
        {
            "text": "Supper",
            "author": "thejeswarreddy Devarinty",
            "rating": 5,
            "title": "Fabulous!",
            "helpful": 0,
            "certBuyer": true
        }
    ],
    [
        {
            "text": "Nice product",
            "author": "Waheed khan",
            "rating": 5,
            "title": "Terrific",
            "helpful": 0,
            "certBuyer": true
        }
    ],
    [
        {
            "text": "I think its a best phone because for small size its better I think u should buy this phone",
            "author": "Adarsh Customer",
            "rating": 3,
            "title": "Does the job",
            "helpful": 0,
            "certBuyer": true
        }
    ],
    [
        {
            "text": "Battery backup is very bad.",
            "author": "Flipkart Customer",
            "rating": 1,
            "title": "Battery performance",
            "helpful": 0,
            "certBuyer": true
        }
    ],
    [
        {
            "text": "Super phone",
            "author": "Flipkart Customer",
            "rating": 5,
            "title": "Wonderful",
            "helpful": 0,
            "certBuyer": true
        }
    ],
    [
        {
            "text": "Good luck on your website",
            "author": "Vasanth Kave",
            "rating": 5,
            "title": "Mind-blowing purchase",
            "helpful": 0,
            "certBuyer": true
        }
    ],
    [
        {
            "text": "Good",
            "author": "Flipkart Customer",
            "rating": 5,
            "title": "Terrific purchase",
            "helpful": 0,
            "certBuyer": true
        }
    ],
    [
        {
            "text": "I demand grey colour and i received black and white colour so i get only 1 star",
            "author": "Flipkart Customer",
            "rating": 1,
            "title": "Unsatisfactory",
            "helpful": 1,
            "certBuyer": true
        }
    ],
    [
        {
            "text": "bty 5working days",
            "author": "Manoj  Sharma ",
            "rating": 4,
            "title": "good  product",
            "helpful": 1,
            "certBuyer": true
        }
    ],
    [
        {
            "text": "I want to written my product",
            "author": "Flipkart Customer",
            "rating": 5,
            "title": "Super!",
            "helpful": 0,
            "certBuyer": true
        }
    ],
    [
        {
            "text": "Display panel not working soon after arrival of the product. Poor response from Samsung service. Very disappointed. Don't buy Samsung products.",
            "author": "Ravishankar Rajendran",
            "rating": 1,
            "title": "Simply waste.",
            "helpful": 0,
            "certBuyer": true
        }
    ],
    [
        {
            "text": "Flipcart return policy not BETTER.",
            "author": "Navdeep  Singh ",
            "rating": 1,
            "title": "Very poor",
            "helpful": 0,
            "certBuyer": true
        }
    ],
    [
        {
            "text": "Nice products, thanks Filip kart",
            "author": "Amar nath  Jha",
            "rating": 5,
            "title": "Terrific",
            "helpful": 0,
            "certBuyer": true
        }
    ],
    [
        {
            "text": "Superb, it's faster than earlier.",
            "author": "Flipkart Customer",
            "rating": 5,
            "title": "Brilliant",
            "helpful": 0,
            "certBuyer": true
        }
    ],
    [
        {
            "text": "Thanks Flipkart",
            "author": "SURAJ Pradhan",
            "rating": 5,
            "title": "Highly recommended",
            "helpful": 0,
            "certBuyer": true
        }
    ]
]