[
    [
        {
            "text": "Best one so for ....go for it ...its more than worth...excellent display ...functions normally",
            "author": "AAKEEL AHMAD",
            "rating": 5,
            "title": "Worth every penny",
            "helpful": 166,
            "certBuyer": true
        }
    ],
    [
        {
            "text": "Nice phone everseen",
            "author": "santosh borate",
            "rating": 5,
            "title": "Simply awesome",
            "helpful": 100,
            "certBuyer": true
        }
    ],
    [
        {
            "text": "Great",
            "author": "Tanushree  Bhattacharya ",
            "rating": 5,
            "title": "Wonderful",
            "helpful": 15,
            "certBuyer": true
        }
    ],
    [
        {
            "text": "Great product",
            "author": "Flipkart Customer",
            "rating": 5,
            "title": "Terrific purchase",
            "helpful": 133,
            "certBuyer": true
        }
    ],
    [
        {
            "text": "Everything fine camera little ok .but still running marshmallow 6.1  nougat update still not received not satisfied.",
            "author": "Dominic Prabhakar",
            "rating": 4,
            "title": "Good choice",
            "helpful": 46,
            "certBuyer": true
        }
    ],
    [
        {
            "text": "Its osm and gives best experience",
            "author": "vishal kumar",
            "rating": 4,
            "title": "Really Nice",
            "helpful": 81,
            "certBuyer": true
        }
    ],
    [
        {
            "text": "How are yousupposed to cancel the request if I am facing the issue. This is rediculous ! My phone is getting turned off 6 times a day without any reason and flipkart is rejecting the request ? What for is you replacement policy alive then ?",
            "author": "Vishwas Shrivastava",
            "rating": 1,
            "title": "Worst experience !",
            "helpful": 50,
            "certBuyer": true
        }
    ],
    [
        {
            "text": "phone is awesome. camera is awesome. very fast charging. or sound is good but not upto the mark. and battery 3300mah is not sufficient for this phone i think co will provide more battery like 4000mah.....5000mah.and  you can use only one sim1  another sim2 slot for memory card either use  \n another sim 2 only. you can not use both the memory card or sim 2",
            "author": "deepak chhatri",
            "rating": 5,
            "title": "Worth every penny",
            "helpful": 368,
            "certBuyer": true
        }
    ],
    [
        {
            "text": "The back side of phone where samsung is written went off in 1 week",
            "author": "Flipkart Customer",
            "rating": 1,
            "title": "Expected a better product",
            "helpful": 3,
            "certBuyer": true
        }
    ],
    [
        {
            "text": "I got it just in 3 days.fantastic product",
            "author": "Yogeshwae Parmar",
            "rating": 5,
            "title": "Must buy!",
            "helpful": 3,
            "certBuyer": true
        }
    ],
    [
        {
            "text": "Great for the price. Good looking phone. Delivered on time",
            "author": "Aseem  Sood ",
            "rating": 5,
            "title": "Good buy",
            "helpful": 5,
            "certBuyer": true
        }
    ],
    [
        {
            "text": "Camera very bad",
            "author": "Flipkart Customer",
            "rating": 3,
            "title": "ok mobile",
            "helpful": 10,
            "certBuyer": true
        }
    ],
    [
        {
            "text": "Good product with one big disadvantage of front camera.. front camera is like VGA camera.. if u r a selfie lover, don't buy it..",
            "author": "Dheeraj  Kumar",
            "rating": 4,
            "title": "Really Nice",
            "helpful": 14,
            "certBuyer": true
        }
    ],
    [
        {
            "text": "I love flipkart... Item delivered within 24hours... Nyc  product",
            "author": "bipin kedare",
            "rating": 5,
            "title": "NYC product",
            "helpful": 4,
            "certBuyer": true
        }
    ],
    [
        {
            "text": "One of the best mobile.",
            "author": "SHEIKH SAJAD",
            "rating": 5,
            "title": "Perfect product!",
            "helpful": 4,
            "certBuyer": true
        }
    ],
    [
        {
            "text": "Worth money. Camera is good",
            "author": "shetty harish nagaraj",
            "rating": 5,
            "title": "Perfect product!",
            "helpful": 4,
            "certBuyer": true
        }
    ],
    [
        {
            "text": "Samsumg lived upto his name. Battery is really good. Its better then 4000 mah battery on chinese phone. Ui is smooth. There r some bloatware but they dont get in the way. Metal body is slippery.but when u r buying 24k phone u will obiously buy a good back cover. Phone heat up during charging but doesnt heat during use.i am heavy user but not a gamer so dont know about game use. for me it was best choise to replace moto x play.",
            "author": "Shailesh  Tiwari",
            "rating": 5,
            "title": "Simply awesome",
            "helpful": 14,
            "certBuyer": true
        }
    ],
    [
        {
            "text": "don't waste money camera performance is very bad",
            "author": "VEERABHADRA RAO K",
            "rating": 1,
            "title": "Not recommended at all",
            "helpful": 8,
            "certBuyer": true
        }
    ],
    [
        {
            "text": "Very disappointing camera for this price. I purchased this and after few clicks with the camera, found that the camera is bad. Performs very bad in low light. When we zoom, the picture quality gets worse. Image looks like a water color painting. I compared it with my Lenovo X3 vibe by taking the same shot in both the mobiles and found that X3 vibe is way better. Tried it with honor 6x which is also good. This is seriously disappointing. I paid 25K and this is what I get in return.  Under 20K mobiles perform way better. \n\nI tried for refund or exchange for some other model. The technical service person paid a visit. He says that only after zooming so much, it becomes like that. But my question is, then why advertise it as 16 MP camera. It much be advertised as vga camera.\n\nThey have rejected my refund/exchange request. Guess I have to throw the phone away. This will be my last order in Flipkart. Bye bye.",
            "author": "Flipkart Customer",
            "rating": 1,
            "title": "Terrible product",
            "helpful": 60,
            "certBuyer": true
        }
    ],
    [
        {
            "text": "1. Screen is terrific , one of the best in this price range, cudos  to samsung for super amoled display, auto brightness sensor is very fast\n2.Design is super slim . You will appreciate  it surely when u pick this device up\n3.battery back up- easily lasts a day in moderate to heavy use, surely better than one plus 3t\n4.camera - very good in normal lighting condition, but  at night/ artificial lighting condition image is not up to the mark, oneplust 3t gets advantage here\n5. Fine,loud enough, but if you listen to music through loudspeaker a lot then one plus 3t is better having more clarity\n6. So far running on android 6.0 , hope to get 7.0 soon\nConclusion - if music through loud speaker and low light photography is not your concern you should definitely buy this phone at this price range",
            "author": "Deeganta Ghorai",
            "rating": 4,
            "title": "Very good phone with minor setbacks",
            "helpful": 13,
            "certBuyer": true
        }
    ],
    [
        {
            "text": "phone is really good and super fast delivery by flipkart",
            "author": "Akshat  sharma",
            "rating": 5,
            "title": "best one",
            "helpful": 2,
            "certBuyer": true
        }
    ],
    [
        {
            "text": "Excellent phone with superb build quality\nCamera Good\nBody awesome\nDisplay superb\nSound good\nHandling good\nLightining speed\nAnd no heating and battery drainage even if u are a heavy user\nPerfect stuff just go for it",
            "author": "Hari Krishnan",
            "rating": 4,
            "title": "Value-for-money",
            "helpful": 2,
            "certBuyer": true
        }
    ],
    [
        {
            "text": "Awesome phone in 25000",
            "author": "Rekha  Ombale",
            "rating": 5,
            "title": "Brilliant",
            "helpful": 2,
            "certBuyer": true
        }
    ],
    [
        {
            "text": "Very Good Phone.",
            "author": "SHOME",
            "rating": 5,
            "title": "Good phone",
            "helpful": 2,
            "certBuyer": true
        }
    ],
    [
        {
            "text": "Awesome look and features, camera also nice",
            "author": "Flipkart Customer",
            "rating": 4,
            "title": "Worth the money",
            "helpful": 2,
            "certBuyer": true
        }
    ],
    [
        {
            "text": "Finger Sansor probalms hai in device's and good profomenes  . Good lookes great metal body perfect. And camera profomenes superup",
            "author": "Hament Shankhla",
            "rating": 4,
            "title": "Just okay",
            "helpful": 11,
            "certBuyer": true
        }
    ],
    [
        {
            "text": "screen problem pls change prodouct",
            "author": "Flipkart Customer",
            "rating": 1,
            "title": "Worthless",
            "helpful": 3,
            "certBuyer": true
        }
    ],
    [
        {
            "text": "The phone is superb but camera quality need to be improved as the pixels breaking down when zooming the image..rest all very good",
            "author": "G DINESH BABU",
            "rating": 4,
            "title": "Worth the money",
            "helpful": 3,
            "certBuyer": true
        }
    ],
    [
        {
            "text": "Phone performance is good but camera quality is somewhat OK as compared to oppo quality if camera oppo camera has nice quality as compared to Samsung otherwise this phone is fantastic and superb",
            "author": "Anil Anilkumar",
            "rating": 4,
            "title": "Value-for-money",
            "helpful": 10,
            "certBuyer": true
        }
    ],
    [
        {
            "text": "Nice",
            "author": "Pankaj  Ghosh",
            "rating": 5,
            "title": "Great product",
            "helpful": 2,
            "certBuyer": true
        }
    ],
    [
        {
            "text": "everything is good and ok I am satisfied this product",
            "author": "Aakash Singh",
            "rating": 5,
            "title": "Great product",
            "helpful": 2,
            "certBuyer": true
        }
    ],
    [
        {
            "text": "Good",
            "author": "Ashok Kumar",
            "rating": 5,
            "title": "Simply awesome",
            "helpful": 1,
            "certBuyer": true
        }
    ],
    [
        {
            "text": "Good",
            "author": "Flipkart Customer",
            "rating": 5,
            "title": "Simply awesome",
            "helpful": 0,
            "certBuyer": true
        }
    ],
    [
        {
            "text": "Nice phone delivery time is best",
            "author": "Sahil",
            "rating": 5,
            "title": "Excellent",
            "helpful": 1,
            "certBuyer": true
        }
    ],
    [
        {
            "text": "Ok",
            "author": "Flipkart Customer",
            "rating": 5,
            "title": "Terrific",
            "helpful": 0,
            "certBuyer": true
        }
    ],
    [
        {
            "text": "Excellent",
            "author": "RAKESH ROY",
            "rating": 5,
            "title": "Terrific purchase",
            "helpful": 0,
            "certBuyer": true
        }
    ],
    [
        {
            "text": "So far good , just second day and it's going good very smart charger. Charged very fast .good display .camera is let down other wise If you don't care about camera a good phone with Samsung brand name",
            "author": "Kapil Raj",
            "rating": 4,
            "title": "Delightful",
            "helpful": 0,
            "certBuyer": true
        }
    ],
    [
        {
            "text": "Nice",
            "author": "jeya chandran  rajamani",
            "rating": 4,
            "title": "Value-for-money",
            "helpful": 1,
            "certBuyer": true
        }
    ],
    [
        {
            "text": "Bad product with bad services",
            "author": "Flipkart Customer",
            "rating": 1,
            "title": "Very poor",
            "helpful": 0,
            "certBuyer": true
        }
    ],
    [
        {
            "text": "Nice mobile",
            "author": "naresh b.",
            "rating": 5,
            "title": "Wonderful",
            "helpful": 0,
            "certBuyer": true
        }
    ],
    [
        {
            "text": "Worth for your money !",
            "author": "Sandeep R",
            "rating": 5,
            "title": "Terrific",
            "helpful": 0,
            "certBuyer": true
        }
    ],
    [
        {
            "text": "Good",
            "author": "Girish Shetty",
            "rating": 5,
            "title": "Highly recommended",
            "helpful": 0,
            "certBuyer": true
        }
    ],
    [
        {
            "text": "Very nice product\nI love it so much ......",
            "author": "Flipkart Customer",
            "rating": 5,
            "title": "Simply awesome",
            "helpful": 0,
            "certBuyer": true
        }
    ],
    [
        {
            "text": "Ok",
            "author": "Anil kumar",
            "rating": 3,
            "title": "Just okay",
            "helpful": 0,
            "certBuyer": true
        }
    ],
    [
        {
            "text": "Excellent",
            "author": "Flipkart Customer",
            "rating": 4,
            "title": "Worth the money",
            "helpful": 0,
            "certBuyer": true
        }
    ],
    [
        {
            "text": "good",
            "author": "Chandveer singh",
            "rating": 5,
            "title": "Perfect product!",
            "helpful": 0,
            "certBuyer": true
        }
    ],
    [
        {
            "text": "4 out of 5",
            "author": "Safwan Shaikh",
            "rating": 4,
            "title": "Mobile phone",
            "helpful": 0,
            "certBuyer": true
        }
    ],
    [
        {
            "text": "Nice handset excellent battery backup",
            "author": "Vivek Ananda ",
            "rating": 5,
            "title": "Best in the market!",
            "helpful": 0,
            "certBuyer": true
        }
    ],
    [
        {
            "text": "Excellent",
            "author": "Arun.r Arun",
            "rating": 5,
            "title": "Terrific purchase",
            "helpful": 0,
            "certBuyer": true
        }
    ],
    [
        {
            "text": "Hi this mob is nice but I was surprised to know that this mobile is available around 1000 rs less (without bargaining) in market with back cover and glass cover .",
            "author": "MANOJ SONI ANUPAM KUMAR",
            "rating": 3,
            "title": "Nice",
            "helpful": 1,
            "certBuyer": true
        }
    ],
    [
        {
            "text": "This product is very beautiful. Awesome graphic &amp; sound",
            "author": "Biswajit Mukherjee",
            "rating": 5,
            "title": "Terrific purchase",
            "helpful": 0,
            "certBuyer": true
        }
    ],
    [
        {
            "text": "Excellent and Good To use I Will Recommend To Evry1",
            "author": "JANIPASHA MOHAMMAD",
            "rating": 5,
            "title": "Awesome",
            "helpful": 0,
            "certBuyer": true
        }
    ],
    [
        {
            "text": "Worth buying....",
            "author": "Samuel Betes",
            "rating": 5,
            "title": "Mind-blowing purchase",
            "helpful": 0,
            "certBuyer": true
        }
    ],
    [
        {
            "text": "NICE",
            "author": "Flipkart Customer",
            "rating": 5,
            "title": "Great product",
            "helpful": 0,
            "certBuyer": true
        }
    ],
    [
        {
            "text": "Very pathetic phone ,not turning on after one month",
            "author": "Flipkart Customer",
            "rating": 1,
            "title": "Pathetic Samsung",
            "helpful": 0,
            "certBuyer": true
        }
    ],
    [
        {
            "text": "Thanks clipart for timely delivery...",
            "author": "Umesh  verma",
            "rating": 5,
            "title": "Wonderful",
            "helpful": 0,
            "certBuyer": true
        }
    ],
    [
        {
            "text": "Good",
            "author": "Pankaj Bhandari",
            "rating": 5,
            "title": "Brilliant",
            "helpful": 0,
            "certBuyer": true
        }
    ],
    [
        {
            "text": "Nice phone, beautiful design, work great, camera is best (use pro modes) nice performance,",
            "author": "Sudarshan Kirnale",
            "rating": 4,
            "title": "Worth the money",
            "helpful": 0,
            "certBuyer": true
        }
    ],
    [
        {
            "text": "Very Nice Phone...",
            "author": "Ajay  Dasari",
            "rating": 4,
            "title": "Value-for-money",
            "helpful": 0,
            "certBuyer": true
        }
    ],
    [
        {
            "text": "Good Phone",
            "author": "Bodhiswatta Ghosh",
            "rating": 5,
            "title": "Simply awesome",
            "helpful": 1,
            "certBuyer": true
        }
    ],
    [
        {
            "text": "Good product great price",
            "author": "Rohit Muralidharan",
            "rating": 5,
            "title": "Mind-blowing purchase",
            "helpful": 1,
            "certBuyer": true
        }
    ],
    [
        {
            "text": "Awesome product",
            "author": "sweta sucharita",
            "rating": 5,
            "title": "Excellent",
            "helpful": 1,
            "certBuyer": true
        }
    ],
    [
        {
            "text": "Thanks",
            "author": "Leela granites pvt ltd",
            "rating": 5,
            "title": "Excellent",
            "helpful": 1,
            "certBuyer": true
        }
    ],
    [
        {
            "text": "Nice phone",
            "author": "HARSH PUNDIR",
            "rating": 5,
            "title": "Super!",
            "helpful": 0,
            "certBuyer": true
        }
    ],
    [
        {
            "text": "Extraordinary",
            "author": "Flipkart Customer",
            "rating": 5,
            "title": "Must buy!",
            "helpful": 0,
            "certBuyer": true
        }
    ],
    [
        {
            "text": "Slick n stylish design, great performance. Highly recommend.\n\nGo for it....",
            "author": "Ravi Rao",
            "rating": 4,
            "title": "Pretty good",
            "helpful": 1,
            "certBuyer": true
        }
    ],
    [
        {
            "text": "Great product",
            "author": "Tanmoy Chattaraj",
            "rating": 5,
            "title": "Terrific",
            "helpful": 1,
            "certBuyer": true
        }
    ],
    [
        {
            "text": "Ok",
            "author": "murthy V",
            "rating": 5,
            "title": "Terrible product",
            "helpful": 1,
            "certBuyer": true
        }
    ],
    [
        {
            "text": "Good luck",
            "author": "Muniraj Reddy",
            "rating": 5,
            "title": "Must buy!",
            "helpful": 1,
            "certBuyer": true
        }
    ],
    [
        {
            "text": "Good",
            "author": "Srujan kumar",
            "rating": 3,
            "title": "Fair",
            "helpful": 1,
            "certBuyer": true
        }
    ],
    [
        {
            "text": "Ok",
            "author": "ZUBAIR AHMED",
            "rating": 5,
            "title": "Excellent",
            "helpful": 0,
            "certBuyer": true
        }
    ],
    [
        {
            "text": "Charger is not working properly defective charger",
            "author": "naveen madhira",
            "rating": 1,
            "title": "Worthless",
            "helpful": 3,
            "certBuyer": true
        }
    ],
    [
        {
            "text": "Sooper phone camera good sound quality good battery charging 100% is in 30 minutes",
            "author": "Flipkart Customer",
            "rating": 5,
            "title": "Simply awesome",
            "helpful": 3,
            "certBuyer": true
        }
    ],
    [
        {
            "text": "I got faulty phone. Back button is inoperative",
            "author": "Flipkart Customer",
            "rating": 1,
            "title": "Did not meet expectations",
            "helpful": 3,
            "certBuyer": true
        }
    ],
    [
        {
            "text": "Excellent Mobile",
            "author": "Farooq  Razvi",
            "rating": 5,
            "title": "Excellent",
            "helpful": 2,
            "certBuyer": true
        }
    ],
    [
        {
            "text": "Good very well",
            "author": "Flipkart Customer",
            "rating": 5,
            "title": "Super!",
            "helpful": 1,
            "certBuyer": true
        }
    ],
    [
        {
            "text": "Poor after sell service.",
            "author": "Pranit",
            "rating": 2,
            "title": "Could be way better",
            "helpful": 1,
            "certBuyer": true
        }
    ],
    [
        {
            "text": "A must buy phone ....Thank you Samsung and ofcourse Flipkart \ud83d\udc4d",
            "author": "Bhupesh",
            "rating": 5,
            "title": "Great product",
            "helpful": 1,
            "certBuyer": true
        }
    ],
    [
        {
            "text": "Good product",
            "author": "JiTeNdRa KuMaR",
            "rating": 4,
            "title": "Delightful",
            "helpful": 1,
            "certBuyer": true
        }
    ],
    [
        {
            "text": "Very good mobile",
            "author": "Flipkart Customer",
            "rating": 4,
            "title": "Really Nice",
            "helpful": 0,
            "certBuyer": true
        }
    ],
    [
        {
            "text": "Good",
            "author": "ajay kumar",
            "rating": 5,
            "title": "Simply awesome",
            "helpful": 0,
            "certBuyer": true
        }
    ],
    [
        {
            "text": "Amazing phone. Very nice . Value for money \ud83d\udc4d",
            "author": "prashant srivastava",
            "rating": 5,
            "title": "Worth every penny",
            "helpful": 0,
            "certBuyer": true
        }
    ],
    [
        {
            "text": "Nice phone",
            "author": "Manish Tanwar",
            "rating": 5,
            "title": "Great product",
            "helpful": 0,
            "certBuyer": true
        }
    ],
    [
        {
            "text": "Best mobile .......\nNice performance \nBest battery backup \n1 class r.f camera \nWonder display",
            "author": "Jayanti  Zinzala ",
            "rating": 5,
            "title": "Wonderful",
            "helpful": 0,
            "certBuyer": true
        }
    ],
    [
        {
            "text": "Nice phone",
            "author": "RAMESH koli",
            "rating": 5,
            "title": "Worth every penny",
            "helpful": 0,
            "certBuyer": true
        }
    ],
    [
        {
            "text": "Very good",
            "author": "NAWAZ MIRZA",
            "rating": 5,
            "title": "Must buy!",
            "helpful": 0,
            "certBuyer": true
        }
    ],
    [
        {
            "text": "Nice Look and Easy to use.Sound are too Good.",
            "author": "Govardhan Solanki",
            "rating": 5,
            "title": "Good Phone For Cheapest Price",
            "helpful": 0,
            "certBuyer": true
        }
    ],
    [
        {
            "text": "Gud..",
            "author": "Flipkart Customer",
            "rating": 5,
            "title": "Excellent",
            "helpful": 0,
            "certBuyer": true
        }
    ],
    [
        {
            "text": "Product is awesome but battery back very poor....\nThan u flipkart for fast delivery...",
            "author": "Dablu Suman ",
            "rating": 4,
            "title": "Just wow!",
            "helpful": 0,
            "certBuyer": true
        }
    ],
    [
        {
            "text": "Very good .....slim....",
            "author": "Mahesh Moharana",
            "rating": 5,
            "title": "Fabulous!",
            "helpful": 0,
            "certBuyer": true
        }
    ],
    [
        {
            "text": "I bought c7 pro on dec 2017 .I useing this last month it's works amazing  supebbbbb....",
            "author": "Flipkart Customer",
            "rating": 5,
            "title": "Highly recommended",
            "helpful": 0,
            "certBuyer": true
        }
    ],
    [
        {
            "text": "Very good delivery service",
            "author": "SWADESH TOMAR",
            "rating": 5,
            "title": "Super!",
            "helpful": 0,
            "certBuyer": true
        }
    ],
    [
        {
            "text": "Excellent but not in android version",
            "author": "Dheeraj Kranthi",
            "rating": 5,
            "title": "Great product",
            "helpful": 0,
            "certBuyer": true
        }
    ],
    [
        {
            "text": "Thanks for delivering the product in time.",
            "author": "sujit singh",
            "rating": 4,
            "title": "Nice product",
            "helpful": 0,
            "certBuyer": true
        }
    ],
    [
        {
            "text": "This is very good mobile.Camera excellent..",
            "author": "Swapnil Sadkar",
            "rating": 5,
            "title": "Excellent",
            "helpful": 0,
            "certBuyer": true
        }
    ],
    [
        {
            "text": "I am not satisfied this product.",
            "author": "Flipkart Customer",
            "rating": 2,
            "title": "Not good",
            "helpful": 0,
            "certBuyer": true
        }
    ],
    [
        {
            "text": "Nice one",
            "author": "Flipkart Customer",
            "rating": 5,
            "title": "Wonderful",
            "helpful": 0,
            "certBuyer": true
        }
    ],
    [
        {
            "text": "Perfect product......the best looking samsung phone so far......thanks samsung for doing away with the flashy silvery touch buttons and home key borders.....the navy blue color metal finish and sleekness is awsm.....",
            "author": "SACHIN SAINI",
            "rating": 5,
            "title": "Simply awesome",
            "helpful": 0,
            "certBuyer": true
        }
    ],
    [
        {
            "text": "Best smartphone in this mid range segment. Excellent performance with absolutely fluid experience with no issues at all, using it for more than 2 months. \nFew cons would be ;\n1. Old Marshmellow OS (need to be upgraded to Oreo)\n2. Though it has NFC support Samsung pay is absent.\n3. Camera suffers bit in low lighting condition\n\nOtherwise excellent product.",
            "author": "Samir Pathak",
            "rating": 4,
            "title": "Pretty good",
            "helpful": 0,
            "certBuyer": true
        }
    ],
    [
        {
            "text": "Good produc",
            "author": "Flipkart Customer",
            "rating": 4,
            "title": "Good choice",
            "helpful": 0,
            "certBuyer": true
        }
    ],
    [
        {
            "text": "Good",
            "author": "Flipkart Customer",
            "rating": 5,
            "title": "Just wow!",
            "helpful": 0,
            "certBuyer": true
        }
    ],
    [
        {
            "text": "Very nice product",
            "author": "Flipkart Customer",
            "rating": 5,
            "title": "Mind-blowing purchase",
            "helpful": 0,
            "certBuyer": true
        }
    ],
    [
        {
            "text": "Awesome phone. Worth the money",
            "author": "Sunita Pillai",
            "rating": 5,
            "title": "Perfect product!",
            "helpful": 0,
            "certBuyer": true
        }
    ],
    [
        {
            "text": "Device is amazing I liked Samsung",
            "author": "Kishan B Kathayat ",
            "rating": 5,
            "title": "Terrific purchase",
            "helpful": 0,
            "certBuyer": true
        }
    ],
    [
        {
            "text": "Super",
            "author": "Flipkart Customer",
            "rating": 5,
            "title": "Perfect product!",
            "helpful": 0,
            "certBuyer": true
        }
    ],
    [
        {
            "text": "Very nice and delivery good.",
            "author": "Praneeth Gujjeti",
            "rating": 5,
            "title": "Best in the market!",
            "helpful": 0,
            "certBuyer": true
        }
    ],
    [
        {
            "text": "Good mobile !",
            "author": "Balu Saladi",
            "rating": 5,
            "title": "Super!",
            "helpful": 0,
            "certBuyer": true
        }
    ],
    [
        {
            "text": "Delivered within 24hrs ... Good job Flipkart",
            "author": "Naveed Ahmed",
            "rating": 4,
            "title": "Wonderful",
            "helpful": 0,
            "certBuyer": true
        }
    ],
    [
        {
            "text": "Nice",
            "author": "minsu sm",
            "rating": 5,
            "title": "Must buy!",
            "helpful": 0,
            "certBuyer": true
        }
    ],
    [
        {
            "text": "Good",
            "author": "Sita ram",
            "rating": 5,
            "title": "Best in the market!",
            "helpful": 0,
            "certBuyer": true
        }
    ],
    [
        {
            "text": "Nice",
            "author": "NISHANT  SINGH",
            "rating": 5,
            "title": "Great product",
            "helpful": 0,
            "certBuyer": true
        }
    ],
    [
        {
            "text": "Not nice",
            "author": "Flipkart Customer",
            "rating": 1,
            "title": "Terrible product",
            "helpful": 0,
            "certBuyer": true
        }
    ],
    [
        {
            "text": "Good one",
            "author": "praveen Reddy&#39;z",
            "rating": 5,
            "title": "Mind-blowing purchase",
            "helpful": 0,
            "certBuyer": true
        }
    ],
    [
        {
            "text": "Good",
            "author": "kuldeep shrivastav",
            "rating": 5,
            "title": "Best in the market!",
            "helpful": 0,
            "certBuyer": true
        }
    ],
    [
        {
            "text": "Gd product",
            "author": "Flipkart Customer n",
            "rating": 5,
            "title": "Nice",
            "helpful": 0,
            "certBuyer": true
        }
    ],
    [
        {
            "text": "good",
            "author": "Aryan  Arora ",
            "rating": 5,
            "title": "Must buy!",
            "helpful": 0,
            "certBuyer": true
        }
    ],
    [
        {
            "text": "Flipkart giving me duplicate product and they are denied refund my money",
            "author": "manash Mallick",
            "rating": 1,
            "title": "Waste of money!",
            "helpful": 31,
            "certBuyer": true
        }
    ],
    [
        {
            "text": "Dear team your deliver 1st product is reappearing .Why you deliver reappearing product?\nThan I'm return and you replace this item.now product is good",
            "author": "Chandan Bera",
            "rating": 5,
            "title": "Could be way better",
            "helpful": 0,
            "certBuyer": true
        }
    ],
    [
        {
            "text": "Dilever in 1 day",
            "author": "Flipkart Customer",
            "rating": 5,
            "title": "Terrific purchase",
            "helpful": 0,
            "certBuyer": true
        }
    ]
]