[
    [
        {
            "rating": 5,
            "title": "Perfect product!",
            "helpful": 57,
            "author": "Flipkart Customer",
            "text": "Super better sound best 5.1 I recommend",
            "certBuyer": true
        }
    ],
    [
        {
            "rating": 5,
            "title": "Terrific",
            "helpful": 23,
            "author": "Mugesh Kumar p",
            "text": "Good..but speaker wires is vert short..",
            "certBuyer": false
        }
    ],
    [
        {
            "rating": 5,
            "title": "Fabulous!",
            "helpful": 31,
            "author": "suresh sundaram",
            "text": "Last 3years back i bought the sony home theatre. Its amazing. Very good sound quality. Excellent.",
            "certBuyer": false
        }
    ],
    [
        {
            "rating": 5,
            "title": "Terrific purchase",
            "helpful": 36,
            "author": "Shubham Phondekar",
            "text": "Sony?\nBest product....& sound clarity..\nWith all features loaded....\nAwesome product in 25k ...",
            "certBuyer": false
        }
    ],
    [
        {
            "rating": 3,
            "title": "TV must support HDMI ARC for better ouptput",
            "helpful": 34,
            "author": "Keyur Parekh",
            "text": "Please check your TV has HDMI ARC, otherwise you will not be able to get actual effect of this system.",
            "certBuyer": false
        }
    ],
    [
        {
            "rating": 5,
            "title": "Just wow!",
            "helpful": 3,
            "author": "praveen David",
            "text": "This product is awesome.....go ahead ... only for music lovers",
            "certBuyer": true
        }
    ],
    [
        {
            "rating": 5,
            "title": "Highly recommended",
            "helpful": 3,
            "author": "Charan Teja",
            "text": "Super with 5.1 dts sound",
            "certBuyer": true
        }
    ],
    [
        {
            "rating": 5,
            "title": "Terrific",
            "helpful": 27,
            "author": "Rajdeep  Datta ",
            "text": "Best home theatre I have ever seen in 26k I also have a home theatre of sony it price was 10500 and when I brought that I was very very happy so good sound and bass was amazing after that for my another room I have to buy a home theatre I brought this then I was feeling like I throw my old one this was the best so go for it",
            "certBuyer": false
        }
    ],
    [
        {
            "rating": 5,
            "title": "Brilliant",
            "helpful": 1,
            "author": "Flipkart Customer",
            "text": "Superb .... Product",
            "certBuyer": true
        }
    ],
    [
        {
            "rating": 4,
            "title": "Value-for-money",
            "helpful": 1,
            "author": "Shailendra Jagtap",
            "text": "Excellent",
            "certBuyer": true
        }
    ],
    [
        {
            "rating": 5,
            "title": "Best in the market!",
            "helpful": 0,
            "author": "Flipkart Customer",
            "text": "Outstanding product",
            "certBuyer": true
        }
    ],
    [
        {
            "rating": 5,
            "title": "Excellent",
            "helpful": 0,
            "author": "Devki  Nandan",
            "text": "Nice sound",
            "certBuyer": true
        }
    ],
    [
        {
            "rating": 5,
            "title": "Excellent",
            "helpful": 0,
            "author": "Mani Veera",
            "text": "what a fast delivery! amazing FK and fantastic effects of SONY BDV- E3200.",
            "certBuyer": true
        }
    ],
    [
        {
            "rating": 5,
            "title": "Value-for-money",
            "helpful": 0,
            "author": "Augustin  Jose ",
            "text": "Good one, need some manual settings options like equaliser. :)",
            "certBuyer": true
        }
    ],
    [
        {
            "rating": 5,
            "title": "Classy product",
            "helpful": 0,
            "author": "Dalip Kataria",
            "text": "Amazing home theater",
            "certBuyer": true
        }
    ],
    [
        {
            "rating": 5,
            "title": "Great product",
            "helpful": 0,
            "author": "sivakumar Raja",
            "text": "awesome sound but wired",
            "certBuyer": true
        }
    ],
    [
        {
            "rating": 4,
            "title": "Good quality product",
            "helpful": 1,
            "author": "Devendra kumar mishra",
            "text": "Good product with great features",
            "certBuyer": true
        }
    ],
    [
        {
            "rating": 4,
            "title": "Worth the money",
            "helpful": 1,
            "author": "Flipkart Customer",
            "text": "This is a very good product.Sound is very best.I enjoying the sound & music.",
            "certBuyer": false
        }
    ],
    [
        {
            "rating": 5,
            "title": "Best in the market!",
            "helpful": 1,
            "author": "Vetri  Venthan ",
            "text": "Very nicely",
            "certBuyer": false
        }
    ],
    [
        {
            "rating": 5,
            "title": "Perfect product!",
            "helpful": 9,
            "author": "Aditya Varshney",
            "text": "One of the best electronic  product i have ever bought .. tatasky  sounds changed after connecting this system with optical cable able to get true 5.1 sounds bass awesome. Made my television really smart with this wifi system Cons wired system no equaliser",
            "certBuyer": true
        }
    ],
    [
        {
            "rating": 5,
            "title": "Great product",
            "helpful": 11,
            "author": "Ravi Malekar",
            "text": "Bought a sony non smart tv. R412D non smart. So had no option but to buy a smart home theater system. The tv was so good I thought of going for a sony system. Bought this and guess what guys it's a bomb. Amazing sound output. Bass is amazing does not tremble even at higher frequencies. Beautiful design. Branded first class product. Internet. Bluetooth. Dvd. Hd and blu ray. USB option amazing over all expirece. Guys remember your tv needs to have a Hdmi arc port for video out put. And let the home theater take care of the audio. Once again. Amazing product!!! Love it",
            "certBuyer": false
        }
    ],
    [
        {
            "rating": 5,
            "title": "Just wow!",
            "helpful": 2,
            "author": "Raj Ahamed",
            "text": "Awesome home theater",
            "certBuyer": false
        }
    ],
    [
        {
            "rating": 5,
            "title": "Super!",
            "helpful": 7,
            "author": "rupesh rokade",
            "text": "I purchase this home theater from reliance digi not from flipkart bt belive me frnds its awasome its really smooth bass crystal clear voice if u fan of bluray dvds then this hometheater is perfect for ur home buy its playing all audio format except dolby atoms,dolby digital plus",
            "certBuyer": false
        }
    ],
    [
        {
            "rating": 5,
            "title": "Highly recommended",
            "helpful": 1,
            "author": "Flipkart Customer",
            "text": "Good .. but  badluck is purchase product in flippkart...  There is no return option in flippkart even unsatisfie with product.",
            "certBuyer": true
        }
    ],
    [
        {
            "rating": 5,
            "title": "Mind-blowing purchase",
            "helpful": 1,
            "author": "Flipkart Customer",
            "text": "beautiful home theater",
            "certBuyer": false
        }
    ],
    [
        {
            "rating": 5,
            "title": "Must buy!",
            "helpful": 1,
            "author": "Manoj",
            "text": "Perfect HT for Home & Hotels. \n\nPros: \nPowerful 1000 watts RMS & simple to connect with multiple connectivity features like. Bluetooth , USB, Disks, RCA input, optical input, LAN connectivity, WiFi input, wireless display, single HDMI Output, antenna for Radio, Built in Internet browser etc.\n\nCons: \n1: Single HDMI output\n2: Predefined equalizer options\n3: Passive Subwoofer but very effective",
            "certBuyer": true
        }
    ],
    [
        {
            "rating": 1,
            "title": "Don't waste your money",
            "helpful": 1,
            "author": "Flipkart Customer",
            "text": "Not wirless",
            "certBuyer": true
        }
    ],
    [
        {
            "rating": 5,
            "title": "Great product",
            "helpful": 0,
            "author": "Flipkart Customer",
            "text": "Amazing product. Dont worry about bass control it will give you what you want. Dts neo6 provides surround for almost all files. Try some trance you will have goosebumps.",
            "certBuyer": true
        }
    ],
    [
        {
            "rating": 5,
            "title": "Classy product",
            "helpful": 0,
            "author": "Ajay Neredukomma",
            "text": "Great sound quality , worth to buy it",
            "certBuyer": true
        }
    ],
    [
        {
            "rating": 5,
            "title": "Brilliant",
            "helpful": 0,
            "author": "Meenakshi Sundaram S C",
            "text": "Nice sound quality. But the Bass is not adjustable. Bass is auto adjusted based on the Sound mode we select. Worth the money !",
            "certBuyer": true
        }
    ],
    [
        {
            "rating": 5,
            "title": "Brilliant",
            "helpful": 0,
            "author": "Mukesh Suthar",
            "text": "Awesome, Suparb sounds Quality,  excellent bass",
            "certBuyer": true
        }
    ],
    [
        {
            "rating": 3,
            "title": "Nice",
            "helpful": 7,
            "author": "Vivek  Soni ",
            "text": "Exchange offer hai to reply me",
            "certBuyer": false
        }
    ],
    [
        {
            "rating": 4,
            "title": "Pretty good",
            "helpful": 2,
            "author": "akshath  v",
            "text": "Ll dis work with oly blue ray dad's or full hd is ok???",
            "certBuyer": false
        }
    ],
    [
        {
            "rating": 5,
            "title": "Fabulous!",
            "helpful": 2,
            "author": "Flipkart Customer",
            "text": "Blue tooth connectivity hai???",
            "certBuyer": false
        }
    ],
    [
        {
            "rating": 2,
            "title": "Met some expectations",
            "helpful": 2,
            "author": "Flipkart Customer",
            "text": "Doesn't ship to mumbai",
            "certBuyer": false
        }
    ],
    [
        {
            "rating": 1,
            "title": "Waste of money",
            "helpful": 6,
            "author": "Sarbojit  Karmakar",
            "text": "Faltu produced hai. Mat lo",
            "certBuyer": false
        }
    ],
    [
        {
            "rating": 1,
            "title": "Useless product",
            "helpful": 5,
            "author": "manash mallick",
            "text": "Maine retail store se Liya hai bahut faltu hai.mat lena",
            "certBuyer": false
        }
    ]
]