[
    [
        {
            "rating": 5,
            "title": "Mind-blowing purchase",
            "helpful": 198,
            "author": "Flipkart Customer",
            "text": "It has been 8 days using Xperia XZ and great performance,  great camera.  Superb phone",
            "certBuyer": false
        }
    ],
    [
        {
            "rating": 5,
            "title": "Great product",
            "helpful": 18,
            "author": "Dr.Prashant Mahajan",
            "text": "ONLY CONSIDER REVIEWS OF CERTIFIED BUYERS .. rest are paid to say good or curse the product..!!",
            "certBuyer": false
        }
    ],
    [
        {
            "rating": 5,
            "title": "Fabulous!",
            "helpful": 117,
            "author": "debashis roy",
            "text": "One of the best camera phone in the market \nLooking sexxxxxy, one of the best Sony flagship",
            "certBuyer": false
        }
    ],
    [
        {
            "rating": 5,
            "title": "Perfect product!",
            "helpful": 154,
            "author": "Rj Amar",
            "text": "Powerful Fone! Excellent Camera & Battery1",
            "certBuyer": false
        }
    ],
    [
        {
            "rating": 5,
            "title": "Fabulous!",
            "helpful": 28,
            "author": "Abhishek Singh",
            "text": "Attractive design better look better camera Awesome phone from sony better than iphone and Samsung",
            "certBuyer": false
        }
    ],
    [
        {
            "rating": 5,
            "title": "Mind-blowing purchase",
            "helpful": 77,
            "author": "Dr R RAJA MURUGAN ",
            "text": "Xperia xz... Great phone from Sony",
            "certBuyer": false
        }
    ],
    [
        {
            "rating": 5,
            "title": "Brilliant",
            "helpful": 19,
            "author": "Flipkart Customer",
            "text": "superb phone...better than s7!",
            "certBuyer": false
        }
    ],
    [
        {
            "rating": 5,
            "title": "Terrific purchase",
            "helpful": 14,
            "author": "Harish Raja",
            "text": "Sony is Sony. Pure Class.",
            "certBuyer": false
        }
    ],
    [
        {
            "rating": 5,
            "title": "Excellent",
            "helpful": 6,
            "author": "Koushik Das",
            "text": "I love Xperia.  Sony fulfil my expectations",
            "certBuyer": false
        }
    ],
    [
        {
            "rating": 5,
            "title": "Must buy!",
            "helpful": 10,
            "author": "dr manish pratap singh",
            "text": "Classy nad eligant",
            "certBuyer": true
        }
    ],
    [
        {
            "rating": 1,
            "title": "Waste of money!",
            "helpful": 18,
            "author": "Krishna  dhakad ",
            "text": "Phone is tooo  good and stylish but the problem is that flipkart is not given real products and given damaged item .....so please guys buy this phone in markets not online",
            "certBuyer": false
        }
    ],
    [
        {
            "rating": 4,
            "title": "4K Resolution",
            "helpful": 14,
            "author": "Krishna Chaitanya B",
            "text": "Expected 4K resolution at this price from sony",
            "certBuyer": false
        }
    ],
    [
        {
            "rating": 4,
            "title": "Delightful",
            "helpful": 4,
            "author": "Flipkart Customer",
            "text": "Phone is good but price is too high",
            "certBuyer": false
        }
    ],
    [
        {
            "rating": 5,
            "title": "Must buy!",
            "helpful": 4,
            "author": "Fayaz Sadam",
            "text": "Camera phone",
            "certBuyer": false
        }
    ],
    [
        {
            "rating": 5,
            "title": "Sony is the best",
            "helpful": 4,
            "author": "Kiran Pyboina",
            "text": "Excellent and stylish phone...no lag and heat issues",
            "certBuyer": false
        }
    ],
    [
        {
            "rating": 5,
            "title": "Terrific",
            "helpful": 12,
            "author": "Murali Chrishna",
            "text": "Forest Blue!!! \nBest phone from Sony..!! !\nGot it today from Reliance Digital for 48489",
            "certBuyer": false
        }
    ],
    [
        {
            "rating": 5,
            "title": "Terrific",
            "helpful": 11,
            "author": "Flipkart Customer",
            "text": "A successful flagship by sony in recent times \n1.display \nSimply stunning display sharp and vibrant crisp \n2.camera \nNot comparable to iPhones camera by pretty good to s7 \n3.performances\nNo lag even on large games tried nova3 Morten Kombat x etc \n4.heating\nNo beating issues so far no heating as other Z series were\n5.built \nSimply great and premium look on hand fit in great for one hand use \n6.price \nNow a little over priced but better buy for 40k",
            "certBuyer": false
        }
    ],
    [
        {
            "rating": 5,
            "title": "Fabulous!",
            "helpful": 35,
            "author": "Vinamr Mahajan",
            "text": "Sony is killing it Recently!!!!!Using both Iphone 6S and Xperia Xz but guess what Xperia wows me everytime and I cant imagine that a android phone can provide better experience and better feel than Apple!!!!!",
            "certBuyer": false
        }
    ],
    [
        {
            "rating": 1,
            "title": "Very poor",
            "helpful": 39,
            "author": "Flipkart Customer",
            "text": "It's only and one problem that sony slashing it products price frequently. At the time of launch Xz price was around 50k,but after 6months it slashed around 10k, which is not pretty good for existing Xz customers.Now it is a superb phone in 40k price segment.",
            "certBuyer": false
        }
    ],
    [
        {
            "rating": 5,
            "title": "Awesome",
            "helpful": 3,
            "author": "Flipkart Customer",
            "text": "Awesome phone..",
            "certBuyer": false
        }
    ],
    [
        {
            "rating": 5,
            "title": "amazing phone",
            "helpful": 3,
            "author": "Loveneet singh Dhiman",
            "text": "great specs some features xz provides like rgb laser focus no brand provide that\nsimply amazing phone  premium feel and looks\n<3",
            "certBuyer": false
        }
    ],
    [
        {
            "rating": 5,
            "title": "Worth every penny",
            "helpful": 3,
            "author": "Rajasekhar Reddy Avula",
            "text": "This specification is very good details",
            "certBuyer": false
        }
    ],
    [
        {
            "rating": 5,
            "title": "Excellent",
            "helpful": 19,
            "author": "Flipkart Customer",
            "text": "Using it for 7 days..\nsuperb phone..\ngreat looks..it looks different and unique..\ndisplay is excellent..almost like an amoled with excellent black level..\nperformance is extra ordinary...UI is buttery smooth even though only 3 gb of ram(thats sony for u) and its clearly superior than s7 in performance department!\nbattery backup is good\n\nonly drawback is the camera..sure it improved a lot from the previous Z series but still in low light galaxy s7, iPhone 7's images does a better job but in board daylight no other phone can beat Xperia XZ. .for me low light cam is only con about this phone..\n\ninitially I feel this is slightly overpriced but now after the price cut its a great deal!!\nand definitely better than OnePlus 3T and overall better phone than s7!.\nif u have budget just go for it!!",
            "certBuyer": false
        }
    ],
    [
        {
            "rating": 5,
            "title": "Excellent",
            "helpful": 4,
            "author": "Flipkart Customer",
            "text": "One of the best better than s7 edge .must buy this phone",
            "certBuyer": false
        }
    ],
    [
        {
            "rating": 5,
            "title": "Just wow!",
            "helpful": 4,
            "author": "Flipkart Customer",
            "text": "Great phone..... Thanks sony for the wonderful device",
            "certBuyer": false
        }
    ],
    [
        {
            "rating": 5,
            "title": "Perfect product!",
            "helpful": 2,
            "author": "limhathung ezung",
            "text": "It's simply sony what can u say\u263a\ufe0f",
            "certBuyer": true
        }
    ],
    [
        {
            "rating": 5,
            "title": "Worth every penny",
            "helpful": 2,
            "author": "Flipkart Customer",
            "text": "Great.... go for it!",
            "certBuyer": false
        }
    ],
    [
        {
            "rating": 5,
            "title": "Excellent",
            "helpful": 2,
            "author": "Flipkart Customer",
            "text": "No words, excellent performance.....",
            "certBuyer": false
        }
    ],
    [
        {
            "rating": 5,
            "title": "Very good product...",
            "helpful": 3,
            "author": "Souvik Mandal",
            "text": "I am also big fan of the sony brand. Sony's mobile is better than i phone and samsung mobile. It has been 30 days using sony xperia xz(platinum) and great performance. It is one of the best mobile's phone in this prices in the world. Xz camera's is also very good and very impressive. It has been no heating problem, no lag and no hang. Xz batteries backup is superb in normal 2 days and it's adaptive charging is very advantage's. I have bought this mobile's phone on march, 2017 on flipkart store. It is my great experience........",
            "certBuyer": true
        }
    ],
    [
        {
            "rating": 3,
            "title": "Good but nothing fancy",
            "helpful": 11,
            "author": "Ravi Baghel",
            "text": "By my opinion, This is best sony phone so far. But bit expensive. If you are seeking a phone under 50k,  then you should go for samsung s7 edge. Else htc 10. But for sony fans this is best phone ever.  Getting best camera(front and rear), best user interface, good display and latest specs. But even giving latest specs, this phone doesn't score well on antutu benchmark. \nAnd yes the SOUND part, sound isn't that great. But holding the handset in hands feels like a premium part. I like the phone,  i love using it's interface. Only thing to say is overpriced. 3GB ram is thing to be considered.",
            "certBuyer": false
        }
    ],
    [
        {
            "rating": 3,
            "title": "Good",
            "helpful": 2,
            "author": "Jay Kumar pati",
            "text": "At this cost .Sony should have included 4GB ram  and 128 GB internal memory . Other specs like Camera which is theee best camera in the world .",
            "certBuyer": false
        }
    ],
    [
        {
            "rating": 5,
            "title": "Must buy!",
            "helpful": 2,
            "author": "anup bharadwaj",
            "text": "Super phone",
            "certBuyer": false
        }
    ],
    [
        {
            "rating": 5,
            "title": "Awesome",
            "helpful": 2,
            "author": "Flipkart Customer",
            "text": "Excellent Fine! better then S7 edge!",
            "certBuyer": false
        }
    ],
    [
        {
            "rating": 5,
            "title": "Perfect product!",
            "helpful": 2,
            "author": "Flipkart Customer",
            "text": "Super",
            "certBuyer": false
        }
    ],
    [
        {
            "rating": 4,
            "title": "Nice product",
            "helpful": 2,
            "author": "Gopinath Damodaran ",
            "text": "Look good sexy Sony xperia xz",
            "certBuyer": false
        }
    ],
    [
        {
            "rating": 5,
            "title": "Classy product",
            "helpful": 0,
            "author": "Flipkart Customer",
            "text": "One of the best phones in the market! Under rated! Stamina mode is a boon! My battery stands for a day with stamina mode on! Camera is a killer! Loved it!",
            "certBuyer": true
        }
    ],
    [
        {
            "rating": 5,
            "title": "Terrific",
            "helpful": 1,
            "author": "pervez italia",
            "text": "best looking sony till date, even thought the 3gb ram seems dated, it doesnt perform that way, day to day tasks are handled well, processor doesnt heat up..",
            "certBuyer": true
        }
    ],
    [
        {
            "rating": 5,
            "title": "Fabulous!",
            "helpful": 0,
            "author": "Nitin  Rawat",
            "text": "Osome wosome!!",
            "certBuyer": true
        }
    ],
    [
        {
            "rating": 5,
            "title": "Highly recommended",
            "helpful": 0,
            "author": "prashant ranjan",
            "text": "Awsum phone..  M loving it..:)",
            "certBuyer": true
        }
    ],
    [
        {
            "rating": 5,
            "title": "Awesooom Product!",
            "helpful": 0,
            "author": "Flipkart Customer",
            "text": "Awesooom Product!",
            "certBuyer": true
        }
    ],
    [
        {
            "rating": 5,
            "title": "Excellent",
            "helpful": 0,
            "author": "Flipkart Customer",
            "text": "Awesome app",
            "certBuyer": true
        }
    ],
    [
        {
            "rating": 5,
            "title": "Terrific purchase",
            "helpful": 0,
            "author": "Remya Krishna",
            "text": "Awesome",
            "certBuyer": true
        }
    ],
    [
        {
            "rating": 5,
            "title": "nice",
            "helpful": 1,
            "author": "Ajay Bola",
            "text": "Nice",
            "certBuyer": false
        }
    ],
    [
        {
            "rating": 5,
            "title": "Brilliant",
            "helpful": 1,
            "author": "Arvind Kumar Sharda",
            "text": "Fantastic product. Keep up the good work.",
            "certBuyer": true
        }
    ],
    [
        {
            "rating": 4,
            "title": "Value-for-money",
            "helpful": 0,
            "author": "smspraveen",
            "text": "Nice",
            "certBuyer": false
        }
    ],
    [
        {
            "rating": 4,
            "title": "Very Good",
            "helpful": 1,
            "author": "Lalitha bakarapu",
            "text": "More cost m low battery",
            "certBuyer": false
        }
    ],
    [
        {
            "rating": 5,
            "title": "Just wow!",
            "helpful": 0,
            "author": "Flipkart Customer",
            "text": "The most preferred mobile in Sony and also best phone",
            "certBuyer": false
        }
    ],
    [
        {
            "rating": 5,
            "title": "Awesome",
            "helpful": 0,
            "author": "Mohd Nawazish",
            "text": "Awesome",
            "certBuyer": false
        }
    ],
    [
        {
            "rating": 5,
            "title": "Best camera",
            "helpful": 1,
            "author": "Flipkart Customer",
            "text": "Super camera",
            "certBuyer": false
        }
    ],
    [
        {
            "rating": 3,
            "title": "Good",
            "helpful": 0,
            "author": "Flipkart Customer",
            "text": "Super phone",
            "certBuyer": false
        }
    ],
    [
        {
            "rating": 5,
            "title": "Fabulous!",
            "helpful": 0,
            "author": "Abhishek Singh",
            "text": "Best phone best quality please drop the price my Budget is 35000 pls drop the price the price is very high pls drop the price minimum 35000",
            "certBuyer": false
        }
    ],
    [
        {
            "rating": 5,
            "title": "Brilliant",
            "helpful": 0,
            "author": "inam ansari",
            "text": "Nice phone",
            "certBuyer": false
        }
    ],
    [
        {
            "rating": 5,
            "title": "Perfect product!",
            "helpful": 0,
            "author": "Anurag Singh",
            "text": "Great phone. The best from Sony lobby",
            "certBuyer": true
        }
    ],
    [
        {
            "rating": 5,
            "title": "Great product",
            "helpful": 1,
            "author": "Flipkart Customer",
            "text": "Good phone",
            "certBuyer": false
        }
    ],
    [
        {
            "rating": 5,
            "title": "Classy product",
            "helpful": 1,
            "author": "HIRA PRASAD",
            "text": "Nice",
            "certBuyer": false
        }
    ],
    [
        {
            "rating": 3,
            "title": "Above-average product",
            "helpful": 1,
            "author": "Sumon  Baisya ",
            "text": "Is it comes with quick charger",
            "certBuyer": false
        }
    ],
    [
        {
            "rating": 5,
            "title": "Best in the market!",
            "helpful": 0,
            "author": "Flipkart Customer",
            "text": "Nyc phn",
            "certBuyer": false
        }
    ],
    [
        {
            "rating": 5,
            "title": "Excellent",
            "helpful": 0,
            "author": "Flipkart Customer",
            "text": "Superb camera, excellent performance",
            "certBuyer": false
        }
    ],
    [
        {
            "rating": 5,
            "title": "Perfect product!",
            "helpful": 0,
            "author": "Flipkart Customer",
            "text": "A superb and extraordinary phone in all Sony phones",
            "certBuyer": false
        }
    ],
    [
        {
            "rating": 5,
            "title": "Brilliant",
            "helpful": 0,
            "author": "Flipkart Customer",
            "text": "Best Fone In this Price!",
            "certBuyer": false
        }
    ],
    [
        {
            "rating": 5,
            "title": "Super!",
            "helpful": 1,
            "author": "Prakash Reddy",
            "text": "Nice good phone",
            "certBuyer": false
        }
    ],
    [
        {
            "rating": 5,
            "title": "Terrific",
            "helpful": 1,
            "author": "Sunil kumar Bordia",
            "text": "Superb ! No doubt Sony in mobile phone a excellent brand.",
            "certBuyer": false
        }
    ],
    [
        {
            "rating": 5,
            "title": "Simply awesome",
            "helpful": 1,
            "author": "Flipkart Customer",
            "text": "Ok",
            "certBuyer": false
        }
    ],
    [
        {
            "rating": 5,
            "title": "Classy product",
            "helpful": 1,
            "author": "Junaid Nishar",
            "text": "Amazing phone best of sony",
            "certBuyer": false
        }
    ],
    [
        {
            "rating": 5,
            "title": "GREAT PHONE",
            "helpful": 1,
            "author": "KANGABAM KRISHNA KUMAR",
            "text": "BEST PHONE !EXCELLENT",
            "certBuyer": false
        }
    ],
    [
        {
            "rating": 5,
            "title": "Best phone",
            "helpful": 1,
            "author": "Gopinath N",
            "text": "I have bought this phone dec-2016, It is the phone for game lovers and movie viewers. Good battary life, as per now best perfromance. camra is also good",
            "certBuyer": false
        }
    ],
    [
        {
            "rating": 5,
            "title": "Classy product",
            "helpful": 1,
            "author": "Flipkart Customer",
            "text": "Perfect Fone!",
            "certBuyer": false
        }
    ],
    [
        {
            "rating": 5,
            "title": "Just wow!",
            "helpful": 1,
            "author": "Flipkart Customer",
            "text": "Excellent fone !",
            "certBuyer": false
        }
    ],
    [
        {
            "rating": 4,
            "title": "Good quality product",
            "helpful": 0,
            "author": "Bharat  Parte",
            "text": "Please provide discount/ offer \n\nSo I will buy",
            "certBuyer": false
        }
    ],
    [
        {
            "rating": 5,
            "title": "Highly recommended",
            "helpful": 0,
            "author": "vasanth",
            "text": "only disadvantage. no radio and ir",
            "certBuyer": false
        }
    ],
    [
        {
            "rating": 5,
            "title": "Must buy!",
            "helpful": 0,
            "author": "MANIKANDAN NALLAMUTHU",
            "text": "Good",
            "certBuyer": false
        }
    ],
    [
        {
            "rating": 5,
            "title": "Just wow!",
            "helpful": 1,
            "author": "Vijay Parihar",
            "text": "Nice one",
            "certBuyer": false
        }
    ],
    [
        {
            "rating": 5,
            "title": "Super!",
            "helpful": 1,
            "author": "Ankit sen",
            "text": "Awesome phone fells almost like stock Android best phone from sony specially camera........love.",
            "certBuyer": false
        }
    ],
    [
        {
            "rating": 5,
            "title": "AWSMMMMMMMMM!!!!!",
            "helpful": 0,
            "author": "Flipkart Customer",
            "text": "best phone in the world",
            "certBuyer": false
        }
    ],
    [
        {
            "rating": 5,
            "title": "Fabulous!",
            "helpful": 0,
            "author": "Saurabh Dhaul",
            "text": "Bought it from Sony centre..Premium looking phone as well as performance",
            "certBuyer": false
        }
    ],
    [
        {
            "rating": 5,
            "title": "Simply awesome",
            "helpful": 1,
            "author": "vasanth",
            "text": "awesome phone",
            "certBuyer": false
        }
    ],
    [
        {
            "rating": 5,
            "title": "Fabulous!",
            "helpful": 1,
            "author": "Flipkart Customer",
            "text": "Wow",
            "certBuyer": false
        }
    ],
    [
        {
            "rating": 5,
            "title": "Simply awesome",
            "helpful": 4,
            "author": "ashu singh",
            "text": "Sony is Sony product believe that Sony product. Sony is very big brand in world. And Sony camera or sound quality is excellent",
            "certBuyer": false
        }
    ],
    [
        {
            "rating": 2,
            "title": "Not good",
            "helpful": 3,
            "author": "Vaenkata nathan",
            "text": "Nice phone and offers great performance and great camera quality but the price for this colour is very high....",
            "certBuyer": false
        }
    ],
    [
        {
            "rating": 4,
            "title": "Value-for-money",
            "helpful": 3,
            "author": "mohammed umer",
            "text": "Sony phones are sexiest phones ever in the market ...yeah itz a fact that their specs are nt that great for the price but u won't regreat after buying sony phone becoz of itz premium looks and good performance ....",
            "certBuyer": false
        }
    ],
    [
        {
            "rating": 4,
            "title": "Great camera, music player and screen",
            "helpful": 8,
            "author": "samarth c",
            "text": "Used this phone for few weeks now, \nPros:\nScreen -> excellent\nCamera -> great on well lit conditions, above average on low light\nBattery -> one day of normal use. Quick charge is a big advantage\nOS -> actually very fast, don't go with the \"only 3gb of ram\" idea, the phone delivers better than some 4 gb phones\nPhysical Dimensions -> good for most users but on the thicker side when you compare it phones of the same value.\n\nCons:\n1. speaker volume is low, you wont be able to listen to videos when your outside\n2. the boot up takes a very long time\n3. even though the image clarity is good, i don't see a great advantage in images over the iphone or samsung s7",
            "certBuyer": true
        }
    ],
    [
        {
            "rating": 5,
            "title": "Just wow!",
            "helpful": 5,
            "author": "jai shankar",
            "text": "Hi all, \n\nLet me brief about my experience with xz. If you compare s7 vs xz, this is pretty good deal. On the long run Sony will never disappoint you and that I can tell from my experience with note5 for about 1 year. Sony build quality is all time reliable and feels premium with flagship phones. \nHere are few pros n cons of xz\nPros:\nPremium build quality\nNever lags even with 3gb ram\nCamera in low light is awesome, if you know how to handle manual modes\nSound clarity is uncompromised\nPerfect fit for 1 hand operation. \nBattery runs smooth for a day without any hassle with 2900mah\nCons:\nBit pricy, but that's acceptable if u compare to other non premium phones and compare their build quality with xz. \n3gb on paper might make you think, but it's sufficient to run the operations smooth. \nHybrid sim slot if you looking for both dual sim and memory card feature.",
            "certBuyer": false
        }
    ],
    [
        {
            "rating": 4,
            "title": "Pretty good",
            "helpful": 3,
            "author": "Adarsha N Nayak",
            "text": "I have just gone through the features overall good except battery.bcoz i have used phones like Lenovo, redmi,moto.\nIn this price they would have been added more battery life atleast 3500mah is sufficient&that hybrid slot is very annoying,we want our gorgeous looking xperia with a 5.0 inch display without hybrid sim,so that we can enjoy more space,efficient&convenient handling...",
            "certBuyer": false
        }
    ],
    [
        {
            "rating": 1,
            "title": "Very poor",
            "helpful": 3,
            "author": "Flipkart Customer",
            "text": "Till this time sony companies dont understand how to build a user mobile in right price",
            "certBuyer": false
        }
    ],
    [
        {
            "rating": 5,
            "title": "Super Phone",
            "helpful": 3,
            "author": "Vikramjeet Singh",
            "text": "The phone is super awesome. Definitely it feels like that you are holding the flagship set of one of the top brands (SONY). It has got a very premium look much different from all the smartphone designs available in the market as of now. Its like an IPhone when it used to be an IPhone, i mean not much of the crowd would buy or would afford this phone, but who will own it will feel the worth. Best ever phone SONY has released till date..",
            "certBuyer": false
        }
    ],
    [
        {
            "rating": 4,
            "title": "Good choice",
            "helpful": 1,
            "author": "Manoj Kumar.S.V",
            "text": "Worst mobile phone",
            "certBuyer": false
        }
    ],
    [
        {
            "rating": 4,
            "title": "Really Nice",
            "helpful": 1,
            "author": "Susmit Sarkar",
            "text": "It's awesome.I fell a new world with this.The first one is its camera.4K Video I fell and like to seems morning.5. 2Inch not bad.And Displa,Performance all kind of that very charming",
            "certBuyer": false
        }
    ],
    [
        {
            "rating": 5,
            "title": "Amazing wonderful !!!",
            "helpful": 1,
            "author": "Flipkart Customer",
            "text": "Amazing my Sony Xperia xz  !! It look !! Super fast battery !! Best camera photographer!!! Best Bravia !! Discount 15000rs nice offer full !! I am happy !!",
            "certBuyer": false
        }
    ],
    [
        {
            "rating": 1,
            "title": "Very poor",
            "helpful": 10,
            "author": "CHANDRA MITRA",
            "text": "Worst ever phone...sound volume is too low...canot hear what the caller is saying so low sound..basically of no use...such a costly phone..!!.I had experia X2 before it was one of the best phones",
            "certBuyer": false
        }
    ],
    [
        {
            "rating": 5,
            "title": "Wonderful",
            "helpful": 3,
            "author": "Flipkart Customer",
            "text": "Superb and brilliant phone.....if u are looking for iphone7 then dont go for iphone7.. This beast handset even beats iphone7 and the cost of iphone7 is twice of xz......and xz provides much better smoother performance..... Go for it blindly",
            "certBuyer": false
        }
    ],
    [
        {
            "rating": 5,
            "title": "A hot shot in the market!",
            "helpful": 3,
            "author": "Flipkart Customer",
            "text": "This phone is the best purchase at its price. The camera quality is equivalent to that of samsung flagships as well as google pixel and apple i phone 7 (not sure about double camera feature of 7 plus). The phone is smooth as never before. The added sony angle gives you a feel of a premium customer. The phone body is quite good, with a unique design and a premium feel to it. Moreover the front camera is too good, better than the pixel.\nThe battery lasts for a day and a half if used extensively.\n And, for the icing of the cake, the High Resolution Music feature shows its colours when you listen for quite sometime with a compatible hi-res listening device (a ldac speaker or hi-res headphones). The product is highly recommended if your budget is 40-50k for a phone.",
            "certBuyer": false
        }
    ],
    [
        {
            "rating": 1,
            "title": "Utterly Disappointed",
            "helpful": 2,
            "author": "Mithun Boloor",
            "text": "Really bad",
            "certBuyer": true
        }
    ],
    [
        {
            "rating": 1,
            "title": "Waste of money!",
            "helpful": 1,
            "author": "Carl Dsouza",
            "text": "Bad... Keeps on heating up in spite of the fact that the technician testing",
            "certBuyer": true
        }
    ],
    [
        {
            "rating": 2,
            "title": "Not good",
            "helpful": 2,
            "author": "Flipkart Customer",
            "text": "Not good",
            "certBuyer": false
        }
    ],
    [
        {
            "rating": 1,
            "title": "Horrible",
            "helpful": 0,
            "author": "Flipkart Customer",
            "text": "The worst Sony phone ever. The one star is because there is no zero star. Performance is bad right from day one",
            "certBuyer": true
        }
    ],
    [
        {
            "rating": 5,
            "title": "Worth every penny",
            "helpful": 0,
            "author": "Muhammed Unais",
            "text": "Very good performance, so far. This phone has run above my expectations",
            "certBuyer": true
        }
    ],
    [
        {
            "rating": 5,
            "title": "xperia xz dual",
            "helpful": 0,
            "author": "SIMA  DATTA",
            "text": "Very very good product .sound 7/10, display 9/10, call reception 10/10,  software performance 9/10....flipkart performance  10/10 for Agartala\nEkart for Agartala=9/10.......................arghya ranjan patwari 16/6/17",
            "certBuyer": true
        }
    ],
    [
        {
            "rating": 5,
            "title": "Brilliant",
            "helpful": 0,
            "author": "Mohammad Rahman",
            "text": "Excellent phone with great carmera, music and quick software updates and timely monthly security matches. No other manufacturer can match it's service.",
            "certBuyer": true
        }
    ],
    [
        {
            "rating": 1,
            "title": "Terrible product",
            "helpful": 0,
            "author": "Gourab Chakraborty",
            "text": "Speaker Sound is too low. Can'nt hear in a moderate noisy place. In call volume is also very low. Extremely difficult to hear in noisy streets. Bought it in an exchange offer, so can't return also.",
            "certBuyer": true
        }
    ],
    [
        {
            "rating": 1,
            "title": "Faulty Product",
            "helpful": 0,
            "author": "Camillus Pancras",
            "text": "I have received a faulty product, it is not connecting to network on any networks. Stuck with this product with out doing anything with this product",
            "certBuyer": true
        }
    ],
    [
        {
            "rating": 5,
            "title": "Excellent",
            "helpful": 0,
            "author": "Flipkart Customer",
            "text": "Wow",
            "certBuyer": false
        }
    ],
    [
        {
            "rating": 5,
            "title": "Best in the market!",
            "helpful": 0,
            "author": "prabhat ranjan pandey",
            "text": "Awesome..",
            "certBuyer": false
        }
    ],
    [
        {
            "rating": 3,
            "title": "Fair",
            "helpful": 0,
            "author": "Flipkart Customer",
            "text": "Good product",
            "certBuyer": false
        }
    ],
    [
        {
            "rating": 5,
            "title": "Fabulous!",
            "helpful": 0,
            "author": "Flipkart Customer",
            "text": "The best",
            "certBuyer": false
        }
    ],
    [
        {
            "rating": 4,
            "title": "Delightful",
            "helpful": 8,
            "author": "Asif Mansuri",
            "text": "I am confused between 3 phones Sony zx or Sony z5 premium or Samsung s7. Guys plz suggest... And how about one plus 3t?",
            "certBuyer": false
        }
    ],
    [
        {
            "rating": 5,
            "title": "Worth every penny",
            "helpful": 3,
            "author": "Narender  Kumar ",
            "text": "Mast phone h",
            "certBuyer": false
        }
    ],
    [
        {
            "rating": 5,
            "title": "Awesome",
            "helpful": 2,
            "author": "Kennedy  K",
            "text": "Hi friends, anyone let me know about the battery backup... It's has only 2900mah is that OK?",
            "certBuyer": false
        }
    ],
    [
        {
            "rating": 5,
            "title": "Perfect product!",
            "helpful": 5,
            "author": "Flipkart Customer",
            "text": "Excellent...Mind blowing.......Superb camera,Cool look, awsome display....Great battery life (2900mah  battery rocks like 4000mah)....I love and trust the brand SONY.GO FOR IT......,\ud83d\udc4d\ud83d\udc4d Super fast TALGO courier service from Flipcart and seller....",
            "certBuyer": true
        }
    ],
    [
        {
            "rating": 4,
            "title": "Good quality product",
            "helpful": 3,
            "author": "BHUVANAGIRI Sivaprakasam",
            "text": "Mobile MRP is 41,990 Flipkart shows fake as 49'999",
            "certBuyer": false
        }
    ],
    [
        {
            "rating": 1,
            "title": "Very Bad experience in flipkart first Time",
            "helpful": 11,
            "author": "Krish",
            "text": "I got the phone. I am too exited to see the phone. After open and switch on the phone it is not started at all. it getting charged when we insert the sim it is heating like any thing. When I am trying to return the phone I am getting only replace option. No return option.",
            "certBuyer": true
        }
    ],
    [
        {
            "rating": 5,
            "title": "Best in the market!",
            "helpful": 2,
            "author": "Shidharth Smart",
            "text": "Is it supports volte type for calls?",
            "certBuyer": false
        }
    ],
    [
        {
            "rating": 5,
            "title": "Worth every penny",
            "helpful": 0,
            "author": "Flipkart Customer",
            "text": "Fast delivery and good phone.",
            "certBuyer": true
        }
    ],
    [
        {
            "rating": 4,
            "title": "Very Good",
            "helpful": 0,
            "author": "Flipkart Customer",
            "text": "In India ...price is to high......I can't buy,",
            "certBuyer": false
        }
    ],
    [
        {
            "rating": 5,
            "title": "Worst experience",
            "helpful": 10,
            "author": "Flipkart Customer",
            "text": "Worst customer service I have ever seen",
            "certBuyer": true
        }
    ],
    [
        {
            "rating": 1,
            "title": "Horrible",
            "helpful": 31,
            "author": "Ankit prajapati",
            "text": "Kya ye phone heat ? hota hai plz mujhe reply kare jyaada se jyaada log jinke paas handset hai mujhe ye set kharidna hai but ye pata karna hai ye heat hota hai ya nahi",
            "certBuyer": false
        }
    ],
    [
        {
            "rating": 1,
            "title": "Absolute rubbish!",
            "helpful": 4,
            "author": "smit suthar ",
            "text": "its too much higher price who can buy this one.??  see in market of all branded companies gives features in at least half price or it should price around 20000.",
            "certBuyer": false
        }
    ],
    [
        {
            "rating": 1,
            "title": "Waste of money!",
            "helpful": 0,
            "author": "Krishna Kumar N",
            "text": "Phone was good but flipkart dealing is very bad",
            "certBuyer": true
        }
    ],
    [
        {
            "rating": 3,
            "title": "About LED Flash",
            "helpful": 0,
            "author": "Nagaraj Kokkari",
            "text": "Front is no led flash",
            "certBuyer": false
        }
    ],
    [
        {
            "rating": 5,
            "title": "Awesome looks!!",
            "helpful": 0,
            "author": "Sajied Ahmed",
            "text": "I have heard that this phone is not provided with a earphone and also it is only provided with a normal charger that is UCH20 but not UCH12 ,which is a fast charger. Please answer me!",
            "certBuyer": false
        }
    ]
]