[
    [
        {
            "rating": 5,
            "title": "Simply awesome",
            "helpful": 34,
            "author": "Dr R RAJA MURUGAN ",
            "text": "Best Android phone",
            "certBuyer": true
        }
    ],
    [
        {
            "rating": 5,
            "title": "Simply awesome",
            "helpful": 8,
            "author": "sonu kumar",
            "text": "Good Work",
            "certBuyer": true
        }
    ],
    [
        {
            "rating": 3,
            "title": "Does the job",
            "helpful": 16,
            "author": "ssk",
            "text": "Not worth for the price.. It can be taken for half of this price.nothing so great about this that you pay so much.",
            "certBuyer": true
        }
    ],
    [
        {
            "rating": 3,
            "title": "Decent product",
            "helpful": 4,
            "author": "Aadil  Shoaib ",
            "text": "In this age of Bezelless phones this phone lags behind. Experience with the phone \ud83d\udcf1 itself is good but it seems out of fashion.",
            "certBuyer": true
        }
    ]
]