[
    [
        {
            "rating": 5,
            "title": "Awesome",
            "helpful": 47,
            "author": "Yogesh Sahu",
            "text": "This phone gives me a option to record any movement in super slow motion which is remarkably good and unique in the industry, this feature we can get in high end video cameras.\n\nBattery life is good and since it lasts day long  i need not to care about it or carrying a power bank.\n\nWith the Gorrila glass on front i need not to hide the screen clarity with any screen protector. \n\nIts waterproof (IP65/68) and i can be careless handling the device. I love Sony",
            "certBuyer": false
        }
    ],
    [
        {
            "rating": 5,
            "title": "Excellent",
            "helpful": 90,
            "author": "Flipkart Customer",
            "text": "Break through in smartphone camera!  960 frames per second can't imagine the magic it delivers!  Just go for it!",
            "certBuyer": false
        }
    ],
    [
        {
            "rating": 5,
            "title": "Incredible phn as compare 2 s7 egdge",
            "helpful": 142,
            "author": "Flipkart Customer",
            "text": "Incredible phn as compare 2 s7 edge",
            "certBuyer": false
        }
    ],
    [
        {
            "rating": 5,
            "title": "Fabulous!",
            "helpful": 626,
            "author": "Suparno  Das",
            "text": "Best camera phone as compare to iPhone 7plus ...iPhone have only the capacity to take slow mo video at 240fps but sony have 960fps ......It can beat any camera phone.....my Favorite smartphone is now Sony Xperia xzs",
            "certBuyer": false
        }
    ],
    [
        {
            "rating": 5,
            "title": "Classy product",
            "helpful": 31,
            "author": "Kartik Sai Vadithiya",
            "text": "Best one from Sony \nI'm loving it",
            "certBuyer": true
        }
    ],
    [
        {
            "rating": 5,
            "title": "Terrific",
            "helpful": 25,
            "author": "Srikanth  Krishnakar",
            "text": "High class product with appreciable battery\u200b. Perhaps one should go use it before commenting.\n\nNice product !",
            "certBuyer": false
        }
    ],
    [
        {
            "rating": 5,
            "title": "Terrific purchase",
            "helpful": 6,
            "author": "Rj Amar",
            "text": "One of the Best Smartphone \ud83d\udc4c",
            "certBuyer": false
        }
    ],
    [
        {
            "rating": 5,
            "title": "Excellent",
            "helpful": 11,
            "author": "Dhanraj Prakash",
            "text": "Once again Sony win the heart of people's. This the marvel from Sony, above all smart phone in the world.\n\nThanks to Sony for the lovely product.\n\nMadly waiting for Sony XZ Premium.\n\nWe love Sony.",
            "certBuyer": false
        }
    ],
    [
        {
            "rating": 5,
            "title": "Classy product",
            "helpful": 67,
            "author": "Dr R RAJA MURUGAN ",
            "text": "Excellent phone... Display is gorgeous and the phone is lag free. Camera is great.. Slo mo video is amazing... Those people who commented without buying, cheap Chinese for you... Like no other, Sony... Xperia'nce the best.",
            "certBuyer": true
        }
    ],
    [
        {
            "rating": 4,
            "title": "Very Good",
            "helpful": 11,
            "author": "Flipkart Customer",
            "text": "Everything is pretty impressive except the front firing speakers which are very low and the earphone supplied in the box is the cheapest quality found in market.",
            "certBuyer": true
        }
    ],
    [
        {
            "rating": 5,
            "title": "Classy product",
            "helpful": 97,
            "author": "PIYALI  SEN",
            "text": "Brought from local store.    So happy\n\nI have both s7 edge and xzs.   But personally I love xzs. ........bcoz of amazing screen quality, camera Specially front camera,better ui than Samsung's ui .....",
            "certBuyer": false
        }
    ],
    [
        {
            "rating": 5,
            "title": "great",
            "helpful": 3,
            "author": "Prakash Ash",
            "text": "Great mobile",
            "certBuyer": false
        }
    ],
    [
        {
            "rating": 5,
            "title": "Brilliant",
            "helpful": 3,
            "author": "Rupesh Kumar",
            "text": "Wow feelings with super slow motion video recording and perfect design.",
            "certBuyer": false
        }
    ],
    [
        {
            "rating": 5,
            "title": "Perfect product!",
            "helpful": 3,
            "author": "Flipkart Customer",
            "text": "It's phone with Slow motion video capture.. Must have phone..",
            "certBuyer": false
        }
    ],
    [
        {
            "rating": 5,
            "title": "Want to buy",
            "helpful": 5,
            "author": "Ch jesu jayaram",
            "text": "Likes good but thinking about price",
            "certBuyer": false
        }
    ],
    [
        {
            "rating": 5,
            "title": "Wonderful",
            "helpful": 5,
            "author": "Flipkart Customer",
            "text": "Unique SmartPhone High Quality Camera & Build Quality!",
            "certBuyer": false
        }
    ],
    [
        {
            "rating": 5,
            "title": "Brilliant",
            "helpful": 6,
            "author": "Dewanand Kumar",
            "text": "Great smartphone with great camera and design wise, 960fps is really fantastic. But price should be RS 42000.  Overall camera centric phone,  luv it.",
            "certBuyer": false
        }
    ],
    [
        {
            "rating": 2,
            "title": "Ok",
            "helpful": 2,
            "author": "Flipkart Customer",
            "text": "Spr",
            "certBuyer": true
        }
    ],
    [
        {
            "rating": 5,
            "title": "Classy product",
            "helpful": 2,
            "author": "Mihir  Dabke",
            "text": "The review about the product \nIt is a no nonsense phone \nClean \nFast \nDoes the job as defined well \nHeavy \nStrong \nSolid \nAs expected performance \nLittle over priced,",
            "certBuyer": true
        }
    ],
    [
        {
            "rating": 5,
            "title": "Bought phone",
            "helpful": 2,
            "author": "Flipkart Customer",
            "text": "Awesome experience with this phone really very fast speed on browsing nd multitasking... Nice phone \nSlow mo King... Really...",
            "certBuyer": false
        }
    ],
    [
        {
            "rating": 5,
            "title": "Great product",
            "helpful": 2,
            "author": "Flipkart Customer",
            "text": "Sony show his power of camera technologies",
            "certBuyer": false
        }
    ],
    [
        {
            "rating": 5,
            "title": "Worth every penny",
            "helpful": 17,
            "author": "Deepak Singh Chauhan",
            "text": "Today I have purchased my Xperia XZs and I thing I want to say \"Truly awesome\", best smartphone I have ever used in terms of best camera, best performance without hanging problem and best display....  Simply wow thanks to SONY...",
            "certBuyer": false
        }
    ],
    [
        {
            "rating": 5,
            "title": "Must buy!",
            "helpful": 3,
            "author": "Nishant Bhatt",
            "text": "Excellent phone",
            "certBuyer": false
        }
    ],
    [
        {
            "rating": 5,
            "title": "Excellent Product",
            "helpful": 3,
            "author": "Lalit Gupta",
            "text": "Excellent product with wonderful camera features. Super slow motion is a wow feature and one must use this phone to understand it completely.\nNone of the competition is offering such a high end camera in a smartphone. Design is also premium and  stylish.",
            "certBuyer": false
        }
    ],
    [
        {
            "rating": 4,
            "title": "Value-for-money",
            "helpful": 12,
            "author": "Prasannakumar kt",
            "text": "I'm not a Sony fan..but as expected..   One of best products from Sony...battery is good and camera performance and finger print sensor is superb.  One of things which I  genuinely  dint like is regarding the loudspeaker... Volume is too low to be heard which is not expected with Sony speakers... Secondly the phone reboots frequently especially on sim change!!!",
            "certBuyer": true
        }
    ],
    [
        {
            "rating": 3,
            "title": "Good",
            "helpful": 29,
            "author": "Hariesh Selva",
            "text": "Great phone with good specs but with a horrible price... \n\nIf the price was around 30k it would have bean a best deal.!",
            "certBuyer": false
        }
    ],
    [
        {
            "rating": 5,
            "title": "Brilliant",
            "helpful": 20,
            "author": "Kishore Sahoo",
            "text": "Great product from Sony, the quality of camera is awesome. Love it. Ultra slow motion video recording gives me movies feelings. Touch quality uncomperable with Samsung s7edge. Best touch feelings with best battery life. Love the product from Sony",
            "certBuyer": false
        }
    ],
    [
        {
            "rating": 5,
            "title": "Awesome",
            "helpful": 30,
            "author": "Flipkart Customer",
            "text": "Pros:\n1. Magical feel of slow-mo video.\n2. Lovely design.\n3. High ROM and RAM don't allow the phone to lag.\n4. So smooth performance.\n5. Best camera\n6. 2900 mAh battery works like 3500 mAh.\n\nThe camera of this phone can proudly say to oppo and vivo and other Chinese phones that come and compete with me for the quality and camera performance..Then the Chinese smartphones will say - \"Sorry Sony! I can't compete with you. I quit!\n\nXperia xzs camera can only compete with Samsung galaxy s7/s8/iPhone 7. \n\nCons: High price. Although it's a Premium smartphone of Sony so you can't do anything with this..\nIf it your budget is 50k then go for it. Because it has more features than Samsung and iPhone.",
            "certBuyer": false
        }
    ],
    [
        {
            "rating": 5,
            "title": "Simply awesome",
            "helpful": 5,
            "author": "Sangeeth Mk",
            "text": "i have bought the Xperia XZs from Affordia (Flipkart Assured Seller) @ Rs.37980 cash on delivery. today (6 Nov 2017) i get the device,  the product shipping was quickly, and the packaging was great.. i got April 2017 manufacturing date box. inside the box there is Mh-750 earphone , UHC-12 type c Quick Charge 3.0 Charger. i have mentioned these because when i try to buy this item i didn't get any idea what's inside the box.. it's not good to explain phone specs here because everyone comes here after watching many reviews in my guess*... there is no pre applied screen guard comes with phone so you should order a screen guard if you need it.. i bought tempered glass for it. but it looks ugly when i apply it to screen. without tempered glass it was good.. but i recommend tempered glass because there is curved type screen glass* in Xperia XZs, so there is more chance to break display. \n \nWhat's Inside the Box\n\n1)QC 3.0 Charger\n2)MH-750 Earphone with Extra Additional Different Type Buds\n3) Type C Cable\n\nItem that doesn't comes with box\n\n1)Pre Applied Screen Guard\n2)Type C to Micro USB or OTG\n3)I expect i will get EX750 :p just joking..",
            "certBuyer": true
        }
    ],
    [
        {
            "rating": 5,
            "title": "Audio output has its ups and downs",
            "helpful": 5,
            "author": "rohit dalal",
            "text": "The Sony Xperia XZs delivered excellently clean output when used with an active external amplifier, getting top marks across the board. Its output loudness was above average so it\u2019s a very decent performance overall.\n\nClarity degradation caused by headphones is very reasonable too - a very well contained hike in stereo crosstalk and a little intermodulation distortion is all we got. However add the drop in loudness which was only average and you get a less than perfect performance. Pretty good, mind you, but certainly not among the best out there.\n\nTest\tFrequency response\tNoise level\tDynamic range\tTHD\tIMD + Noise\tStereo crosstalk\nSony Xperia XZs\t+0.01, -0.02\t-93.5\t93.3\t0.0042\t0.0092\t-92.7\nSony Xperia XZs (headphones attached)\t+0.12, -0.32\t-92.6\t93.2\t0.0072\t0.219\t-67.0\nLG G6\t+0.01, -0.02\t-93.3\t93.3\t0.0059\t0.0095\t-94.4\nLG G6 (headphones attached)\t+0.01, -0.02\t-93.4\t93.4\t0.0067\t0.020\t-56.3\nHuawei P10\t+0.01, -0.04\t-93.0\t94.8\t0.0019\t0.0080\t-93.5\nHuawei P10 (headphones attached)\t+0.25, -0.02\t-92.7\t93.0\t0.192\t0.175\t-59.5\nGoogle Pixel\t+0.02, -0.03\t-93.0\t93.0\t0.0045\t0.0086\t-92.6\nGoogle Pixel (headphones attached)\t+0.22, -0.03\t-92.7\t92.7\t0.0054\t0.129\t-50.9\nApple iPhone 7\t+0.06, -0.10\t-92.4\t92.3\t0.0015\t0.0093\t-80.9\nApple iPhone 7 (headphones attached)\t+0.03, -0.11\t-92.3\t92.3\t0.0011\t0.012\t-77.0\nSamsung Galaxy S7\t+0.01, -0.04\t-92.5\t92.6\t0.0027\t0.0078\t-92.7\nSamsung Galaxy S7 (headphones)\t+0.05, -0.05\t-91.9\t92.1\t0.0044\t0.063\t-73.4\nSony Xperia XZs frequency response\nSony Xperia XZs frequency response",
            "certBuyer": false
        }
    ],
    [
        {
            "rating": 4,
            "title": "Very Good",
            "helpful": 14,
            "author": "Anand D",
            "text": "Prebooked this mobile in Flipkart and received 16th April. Flipkart should improve its delivery network. The product was not delivered even after 3 days of delivery notification message from Flipkart. I contacted es the delivery office and collector of my own. Only 1 star for Flipkart delivery system. Disappointed....\n\nBy the way, the mobile is good. Loved it very much.\nThe good things from my point of view are:\nBuild quality is excellent with ALKALEIDO metal, which its strong and bears any fall down. \nDisplay quality is excellent. Unmatching. \nCamera app has lots of inbuilt filters. Out door picture quality is excellent where as indoor and low light photos are just avergage. \nMulti tasking is awesome. Handles too many heavy apps without any difficult. Overal performance is satisfactory. \nWater resistance gives no fear of dirts or getting wet. \nThe down side is:\nBattery lasts for only one day of average using. Aggressive years need charger or power bank handy. \nLoud speaker output is very low, must be because of water resistance. But thanks to Sony for the gift, the Bluetooth speaker, substitutes the loud speaker. \nCamera app getting heat frequently and shuts down often. Hence unable to shoot long videos. Screen goes dull when camera is on. \nThe device is heating like other phones when you use it aggressively. \nLittle more expensive. \n\nBottom line:\nOverall, its a best mobile. Smooth performance, good build, decent camera, wonderful display. You can believe Sony....",
            "certBuyer": true
        }
    ],
    [
        {
            "rating": 4,
            "title": "Good choice",
            "helpful": 1,
            "author": "Amol Bendmali",
            "text": "Heating problem..",
            "certBuyer": true
        }
    ],
    [
        {
            "rating": 5,
            "title": "Simply awesome",
            "helpful": 1,
            "author": "Shalabh Maheshwari",
            "text": "Awesome phone.. Best processor, camera, touch. No lagging and heating problem is resolved.",
            "certBuyer": true
        }
    ],
    [
        {
            "rating": 5,
            "title": "Perfect product!",
            "helpful": 0,
            "author": "Mohanram Sharma",
            "text": "Awesome",
            "certBuyer": true
        }
    ],
    [
        {
            "rating": 4,
            "title": "Really Nice",
            "helpful": 0,
            "author": "SIMA  DATTA",
            "text": "Very very user-friendly phone",
            "certBuyer": true
        }
    ],
    [
        {
            "rating": 5,
            "title": "Great product",
            "helpful": 1,
            "author": "Flipkart Customer",
            "text": "Good looking and very strong phone.",
            "certBuyer": true
        }
    ],
    [
        {
            "rating": 5,
            "title": "Great product",
            "helpful": 1,
            "author": "Flipkart Customer",
            "text": "Excellent gadget!!",
            "certBuyer": true
        }
    ],
    [
        {
            "rating": 5,
            "title": "Awesome",
            "helpful": 1,
            "author": "Flipkart Customer",
            "text": "It's brilliant camera sony can standup",
            "certBuyer": false
        }
    ],
    [
        {
            "rating": 5,
            "title": "Perfect product!",
            "helpful": 1,
            "author": "Raj",
            "text": "Exllent phone and awsome camra..",
            "certBuyer": false
        }
    ],
    [
        {
            "rating": 5,
            "title": "Best in the market!",
            "helpful": 1,
            "author": "Flipkart Customer",
            "text": "Nice phone.. Superb slo mo.. Nice camera \nSuperb speed phone..",
            "certBuyer": false
        }
    ],
    [
        {
            "rating": 5,
            "title": "BEST SLOW MOTION EVER",
            "helpful": 0,
            "author": "Flipkart Customer",
            "text": "Awesome slow-mo \nHey XZ have a wonderful 960p slom motion even i have not seen this type of slo mo in camera also.....",
            "certBuyer": false
        }
    ],
    [
        {
            "rating": 5,
            "title": "Great product",
            "helpful": 0,
            "author": "Vimlesh Rajak ",
            "text": "Wow amazing phone. \nWorld super slow motion video recording 960Fps with motion eye camera \ud83c\udfa5",
            "certBuyer": false
        }
    ],
    [
        {
            "rating": 5,
            "title": "Worth every penny",
            "helpful": 1,
            "author": "Flipkart Customer",
            "text": "Best device I have ever seen",
            "certBuyer": false
        }
    ],
    [
        {
            "rating": 5,
            "title": "Great product",
            "helpful": 0,
            "author": "HEMANT SURVE",
            "text": "Awesome mobile with great features & performance...",
            "certBuyer": false
        }
    ],
    [
        {
            "rating": 5,
            "title": "Highly recommended",
            "helpful": 0,
            "author": "Flipkart Customer",
            "text": "World's 1st smartphone with super slow motion video 960f/s.....amazing performance,awesome camera,stlish design\ud83d\udc4d\ud83d\udc4d\ud83d\udc4d \ud83e\udd17\ud83e\udd17\ud83e\udd17\ud83e\udd17",
            "certBuyer": false
        }
    ],
    [
        {
            "rating": 5,
            "title": "Perfect product!",
            "helpful": 0,
            "author": "Nishant Bhatt",
            "text": "Wonderful product",
            "certBuyer": false
        }
    ],
    [
        {
            "rating": 5,
            "title": "Worth every penny",
            "helpful": 1,
            "author": "Vimlesh Rajak ",
            "text": "It's super phone world \ud83c\udf0d first phone 960Fps super slow motion video recording with eye \ud83d\udc41 motion camera",
            "certBuyer": false
        }
    ],
    [
        {
            "rating": 5,
            "title": "Worth every penny",
            "helpful": 0,
            "author": "Flipkart Customer",
            "text": "Slow motion camera a trend setter and simply superb.",
            "certBuyer": false
        }
    ],
    [
        {
            "rating": 5,
            "title": "Classy product",
            "helpful": 1,
            "author": "Flipkart Customer",
            "text": "Excellent mobile launch by Sony.  960FPS and motion eye in camera is simply wow of this product which makes this model unique among all the competition available.",
            "certBuyer": false
        }
    ],
    [
        {
            "rating": 5,
            "title": "Awesome",
            "helpful": 1,
            "author": "Flipkart Customer",
            "text": "Best Phone Ever",
            "certBuyer": false
        }
    ],
    [
        {
            "rating": 5,
            "title": "Terrific",
            "helpful": 0,
            "author": "Prabhat",
            "text": "Excellent mobile with excellent features",
            "certBuyer": false
        }
    ],
    [
        {
            "rating": 3,
            "title": "Just okay",
            "helpful": 0,
            "author": "anil bhadera",
            "text": "Phone is good but rate is high",
            "certBuyer": false
        }
    ],
    [
        {
            "rating": 5,
            "title": "Classy product",
            "helpful": 0,
            "author": "prabhat ranjan pandey",
            "text": "Awesome..Sony can only do this.. Awesome build quality..",
            "certBuyer": false
        }
    ],
    [
        {
            "rating": 5,
            "title": "Simply awesome",
            "helpful": 0,
            "author": "Flipkart Customer",
            "text": "great product from Sony. Slow motion effect was simply amazing.",
            "certBuyer": false
        }
    ],
    [
        {
            "rating": 5,
            "title": "Simply awesome",
            "helpful": 0,
            "author": "vipul",
            "text": "Excellent super slow motion camera.....beautiful design",
            "certBuyer": false
        }
    ],
    [
        {
            "rating": 5,
            "title": "Brilliant",
            "helpful": 1,
            "author": "Sudhir Sharma",
            "text": "Excellent phone.. outstanding camera quality.. loved the super slow motion feature..",
            "certBuyer": false
        }
    ],
    [
        {
            "rating": 5,
            "title": "Super slow motion video recording",
            "helpful": 1,
            "author": "vikas malik",
            "text": "This phone gives me a option to record any movement in super slow motion which is remarkably good and unique in the industry, this feature we can get in high end video cameras.\n\nBattery life is good and since it lasts day long  i need not to care about it or carrying a power bank.\n\nWith the Gorrila glass on front i need not to hide the screen clarity with any screen protector. \n\nIts waterproof (IP65/68) and i can be careless handling the device.",
            "certBuyer": false
        }
    ],
    [
        {
            "rating": 5,
            "title": "Terrific",
            "helpful": 1,
            "author": "Flipkart Customer",
            "text": "Super slow motion with 960 fps ultimate",
            "certBuyer": false
        }
    ],
    [
        {
            "rating": 5,
            "title": "Mind-blowing purchase",
            "helpful": 5,
            "author": "Charles Chacko",
            "text": "It is a very nice looking phone.I got this phone as a gift.their interface is very good.aound quality and picture quality awesome. Camera excellent.their experience is way to better than Samsung.and they could compete with apple too. All round a nice flagship phone",
            "certBuyer": false
        }
    ],
    [
        {
            "rating": 5,
            "title": "best camera ever",
            "helpful": 4,
            "author": "rohit dalal",
            "text": "The Sony Xperia XZs turned out a great flagship in spite of a few caveats here and there. We published our review on Friday and it has been under the spotlight ever since. Many people showed interest in the device and quite a few expressed their opinions and concerns. And we thank you for that!\n\nSony Xperia XZs review\nWe noticed one particular review chapter to be gathering unusually big attention - our low-light camera samples - and so we decided to make an in-depth follow up on that.\n\nWhat we usually do for our low-light test is shoot the urban landscape from our office balcony. We would take one handheld sample, then we'd use a tripod, and if available - we would snap a long-exposure photo. That's what we do with the rest of the phones and that's what we did with the Xperia XZs.\n\nOur readers became curios about the uninspiring Xperia XZs low-light samples and eventually the discussion gathered traction. We monitored our feedback, so we took the Xperia XZs for another spin at night and the results are in.\n\nThe first batch of samples shows how the Xperia XZs performs at capturing different scenes at night when you shoot hand-held, using the onscreen shutter to reduce shake as much as possible, and relying on Superior Auto mode.\n\nThe samples are hardly the greatest around, with plenty of detail lost to heavy-handed noise reduction, which ironically isn't doing all that good of a job of masking the noise itself. Not it's not a terrible performance by any means, but it's one that's lagging behind the vast majority of competitors.\n\nSony Xperia XZs low-light landscapes - Sony Xperia XZs review Sony Xperia XZs low-light landscapes - Sony Xperia XZs review Sony Xperia XZs low-light landscapes - Sony Xperia XZs review Sony Xperia XZs low-light landscapes - Sony Xperia XZs review\nSony Xperia XZs low-light landscapes\n\nThen we pointed the Xperia XZs towards buildings and the camera handled the scenes well. There is enough detail, and while the ISO could have been lower (and thus the noise levels), the pictures turned out very pleasant and with nice contrast.\n\nSony Xperia XZs low-light close-ups - Sony Xperia XZs review Sony Xperia XZs low-light close-ups - Sony Xperia XZs review Sony Xperia XZs low-light close-ups - Sony Xperia XZs review Sony Xperia XZs low-light close-ups - Sony Xperia XZs review\nSony Xperia XZs low-light close-ups\n\nSwitching to Manual mode allows you to choose a lower ISO setting, adjust the focus, the shutter speed, and the exposure compensation. And if you could stabilize the phone with a tripod or use a wall or a railing for support, you can get even better samples.\n\nThe lower ISO setting you choose, the lower shutter speed you'd need. Here are a few low-light samples shot at ISO 100 and 1s shutter speed, which is the slowest the Xperia XZs will go.\n\nSony Xperia XZs low-light samples shot at 1s shutter speed - Sony Xperia XZs review Sony Xperia XZs low-light samples shot at 1s shutter speed - Sony Xperia XZs review Sony Xperia XZs low-light samples shot at 1s shutter speed - Sony Xperia XZs review Sony Xperia XZs low-light samples shot at 1s shutter speed - Sony Xperia XZs review\nSony Xperia XZs low-light samples shot at 1s shutter speed\n\nOf course, if you don't have a tripod for 1s speed, you can go with an object for a support and still use a shutter speed of 1/32s, 1/8s or 1/4s.\n\nSony Xperia XZs lowlight: 1/8s sample - Sony Xperia XZs review Sony Xperia XZs lowlight: 1/32s sample - Sony Xperia XZs review Sony Xperia XZs lowlight: 1/4s sample - Sony Xperia XZs review Sony Xperia XZs lowlight: 1/4s sample - Sony Xperia XZs review\nSony Xperia XZs lowlight: 1/8s sample \u2022 1/32s sample \u2022 1/4s sample \u2022 1/4s sample\n\nWe know the high resolution of 19MP may give the wrong impression of the Xperia XZs low-light capabilities, so we took a few 12MP samples with the iPhone 7 and the Xperia XZs for comparison.\n\nThe iPhone 7 images are less noisy, but keep in mind that it lowered the shutter speed to 1/5s, which may result in blurry images. Camera shake is an issue and while the optical stabilization helps a bit there, there's nothing it can do about moving objects. And the iPhone images lack the lively colors and contrast of the Xperia XZs, so it's not completely one-sided even with that in mind.\n\nApple iPhone 7 - Sony Xperia XZs review Apple iPhone 7 - Sony Xperia XZs review Apple iPhone 7 - Sony Xperia XZs review \nApple iPhone 7\n\nSony Xperia XZs - Sony Xperia XZs review Sony Xperia XZs - Sony Xperia XZs review Sony Xperia XZs - Sony Xperia XZs review \nSony Xperia XZs\n\nFinally, we tried the single LED flash at the back of the Xperia XZs. We shot the scene at about 2m distance, and the LED flash didn't seem powerful enough to add that much extra light to the frame. Still, the XZs made good use of the little bit of light it got and improved notably in terms of detail and noise, without comprising the while balance.",
            "certBuyer": false
        }
    ],
    [
        {
            "rating": 5,
            "title": "Excellent",
            "helpful": 2,
            "author": "Flipkart Customer",
            "text": "Phone is very good and stylish design in my hme town I bought first mobile \ud83d\udcf1 luv u sony camera \ud83d\udcf8 extra ordinary super slow motion awesome luv u Sony",
            "certBuyer": false
        }
    ],
    [
        {
            "rating": 1,
            "title": "Unsatisfactory",
            "helpful": 21,
            "author": "Flipkart Customer",
            "text": "Too costly. 30k is enough for this phone",
            "certBuyer": false
        }
    ],
    [
        {
            "rating": 4,
            "title": "Terrible product",
            "helpful": 7,
            "author": "Haris Sunasra",
            "text": "I purchased at Rs49990. Want to sell it just Rs44000 if anybody want it call me eight eight six six three two three eight six four. New and unused.",
            "certBuyer": true
        }
    ],
    [
        {
            "rating": 4,
            "title": "Very Good",
            "helpful": 1,
            "author": "Mehul Jadhav",
            "text": "Super cool phone with one cons \nThat is highly priced",
            "certBuyer": false
        }
    ],
    [
        {
            "rating": 5,
            "title": "Terrific purchase",
            "helpful": 1,
            "author": "Flipkart Customer",
            "text": "Best smart phone in the industry.\nAmazing Camera quality with superb design.\nCombination of quality, reliability and uniqueness. \nMust buy product.",
            "certBuyer": false
        }
    ],
    [
        {
            "rating": 2,
            "title": "Could be way better",
            "helpful": 11,
            "author": "Rohit Gupta",
            "text": "Sony fooling us too expensive with old processor give at least SD 835 at least",
            "certBuyer": false
        }
    ],
    [
        {
            "rating": 1,
            "title": "Worthless",
            "helpful": 14,
            "author": "Ravinder Singh",
            "text": "Very costly mobile and camera quality is bad",
            "certBuyer": false
        }
    ],
    [
        {
            "rating": 1,
            "title": "One Star",
            "helpful": 3,
            "author": "Berlin Siro bell",
            "text": "Worst mobile in. World",
            "certBuyer": true
        }
    ],
    [
        {
            "rating": 1,
            "title": "Worthless",
            "helpful": 2,
            "author": "Flipkart Customer",
            "text": "Worst mobile don't buy anything from here it's not getting on and camera glass broken worst customer service don't buy this model in this prise better to go for Apple 7 it's not worth of 50k",
            "certBuyer": true
        }
    ],
    [
        {
            "rating": 1,
            "title": "One Star",
            "helpful": 2,
            "author": "Flipkart Customer",
            "text": "This very bad openion of this mobile mobile was good but speaker sound quality was very low audio sound not lowed totally low then mobile price was very high so don't buy this mobile lose your mony 50000rs",
            "certBuyer": true
        }
    ],
    [
        {
            "rating": 5,
            "title": "Wonderful",
            "helpful": 0,
            "author": "RINOTH M",
            "text": "Super \ud83d\udc4c",
            "certBuyer": true
        }
    ],
    [
        {
            "rating": 5,
            "title": "Worth every penny",
            "helpful": 0,
            "author": "SUMAN MAITI",
            "text": "Owesome phone",
            "certBuyer": true
        }
    ],
    [
        {
            "rating": 5,
            "title": "Simply awesome",
            "helpful": 0,
            "author": "Flipkart Customer",
            "text": "Thank you flip kart, amazing product. Best phone, even better than I phone 7",
            "certBuyer": true
        }
    ],
    [
        {
            "rating": 5,
            "title": "Best in the market!",
            "helpful": 0,
            "author": "pradeep",
            "text": "Just go for it",
            "certBuyer": false
        }
    ],
    [
        {
            "rating": 5,
            "title": "Great product",
            "helpful": 0,
            "author": "Flipkart Customer",
            "text": "I like it 960fps sony proof he is the best technologie in cameras .",
            "certBuyer": false
        }
    ],
    [
        {
            "rating": 5,
            "title": "Awesome",
            "helpful": 0,
            "author": "Flipkart Customer",
            "text": "Super slow motion and super wow expression with 960fps",
            "certBuyer": false
        }
    ],
    [
        {
            "rating": 5,
            "title": "Great Smartphone of Xperia",
            "helpful": 0,
            "author": "Flipkart Customer",
            "text": "Amazing Phone Slow Motion Recording Is Too Good.Great Innovation Of Xperia..",
            "certBuyer": false
        }
    ],
    [
        {
            "rating": 5,
            "title": "Wonderful",
            "helpful": 0,
            "author": "Flipkart Customer",
            "text": "This is nice phone with good features.\nBest camera phone with good RAM and internal memory.",
            "certBuyer": false
        }
    ],
    [
        {
            "rating": 5,
            "title": "Must buy!",
            "helpful": 0,
            "author": "Rakesh Karn",
            "text": "Amazing phone with excellent camera quality....Slow motion feature is awesome....worth it to buy this phone in 49990/-",
            "certBuyer": false
        }
    ],
    [
        {
            "rating": 5,
            "title": "Super!",
            "helpful": 0,
            "author": "Flipkart Customer",
            "text": "Awesome product",
            "certBuyer": false
        }
    ],
    [
        {
            "rating": 5,
            "title": "Terrific purchase",
            "helpful": 0,
            "author": "Arnab Roy",
            "text": "Excellent Phone with Beautiful Camera and Design, Slow Motion Feature is just Awesome. Really a Great Phone.",
            "certBuyer": false
        }
    ],
    [
        {
            "rating": 5,
            "title": "Fabulous!",
            "helpful": 0,
            "author": "Arnab Roy",
            "text": "Excellent Phone with Beautiful Camera and Design, Slow Motion Feature is just Awesome. Really a Great Phone.",
            "certBuyer": false
        }
    ],
    [
        {
            "rating": 5,
            "title": "Must buy!",
            "helpful": 0,
            "author": "Arnab Roy",
            "text": "Excellent Phone with Beautiful Camera and Design, Slow Motion Feature is just Awesome. Really a Great Phone.",
            "certBuyer": false
        }
    ],
    [
        {
            "rating": 5,
            "title": "Simply awesome",
            "helpful": 5,
            "author": "Abhishek Singh",
            "text": "Pls drop the price of xperia xzs 35000 to 40000 so i will order it pls drop",
            "certBuyer": false
        }
    ],
    [
        {
            "rating": 1,
            "title": "Faalthu Reviews for this faaltho flagship.",
            "helpful": 22,
            "author": "Chand Basha",
            "text": "Full of fake reviews.\nNo certified buyers. Don't whether its doing by Flipkart or Seller.",
            "certBuyer": false
        }
    ],
    [
        {
            "rating": 5,
            "title": "Hated it!",
            "helpful": 7,
            "author": "Navdeep Tuli",
            "text": "No one has purchased the phone but are giving fake reviews. Flipkart should see this and remove those reviews. If any genuine user is here, please tell your experience about the phone.",
            "certBuyer": false
        }
    ]
]