[
    [
        {
            "rating": 5,
            "title": "Super!",
            "helpful": 174,
            "author": "Soumo Mazumdar",
            "text": "Still now it's awesome. Battery is 2700mah but charged fast. Camera and pic quality is exceptional. Thanks Sony for dis phone.",
            "certBuyer": true
        }
    ],
    [
        {
            "rating": 5,
            "title": "Excellent",
            "helpful": 126,
            "author": "Aniket Chakrwarty",
            "text": "Thanks for this Its really Incredible",
            "certBuyer": true
        }
    ],
    [
        {
            "rating": 4,
            "title": "Really Nice",
            "helpful": 171,
            "author": "Madhu Chandra C J",
            "text": "Super Mobile..!!! Being old customer of SONY mobile, i liked this model very much.. :)",
            "certBuyer": true
        }
    ],
    [
        {
            "rating": 5,
            "title": "Getting that premium feeling....",
            "helpful": 7,
            "author": "Athul  George ",
            "text": "I bought the gold one... It looks extremely elegent\nThe sound is loud enough and crystal clear (its a Sony) \nThe display is massive \nFull hd is crystal clear and its clarity is higher than those of\nOther full hd phones.. Its like quad hd\nThe processor is fast enough for ur daily tasks and gaming\nThe cameras are main highlights \nRear camera photos are super \nFront cam with flash and ois is the best \nThe battery even though 2700mah stretches out full day on moderate usage\nBuild quality is top notch \nThnks for reading my review.. Hope it helped\nOne of the best under 30k\nU can go for this blindly... Its a SONY AFTER ALL....",
            "certBuyer": true
        }
    ],
    [
        {
            "rating": 5,
            "title": "Worth every penny",
            "helpful": 7,
            "author": "Flipkart Customer",
            "text": "Good premium mobile",
            "certBuyer": true
        }
    ],
    [
        {
            "rating": 1,
            "title": "Terrible product",
            "helpful": 16,
            "author": "Manoj  Kumar ",
            "text": "Plz don't buy any mobile from Flipkart because we buy Sony Xperia xa1 ultra Sony, but we received intransit damage. Flipkart confirmed that we will resolve your issue before 1 January 2018. Now Flipkart 10 days replacement days had left and our request also canceled. Now 24000/ lost of money. This is bad experience with Flipkart. \nThis is my humble request with Flipkart senior Plz give me a new xa1 ultra mobile.",
            "certBuyer": true
        }
    ],
    [
        {
            "rating": 5,
            "title": "Wonderful",
            "helpful": 16,
            "author": "ashwani gulia",
            "text": "Finally a gap of 1 yr back to Sony.\nphone is really far better then others in same segment. especially other Chinese products.\ncamera is just awesome.\nthe way you mentioned power charger took only 1 hour for battery doesn't happen but manageable.\nmobile network is really great at some point depends on your network availability.\ni am a consistent customer of Sony since 2003.\ni am happy with it.",
            "certBuyer": true
        }
    ],
    [
        {
            "rating": 5,
            "title": "Terrific purchase",
            "helpful": 5,
            "author": "Sathiya Seelan",
            "text": "XA 1 ULTRA, good phone. After using ten days, I write this. Go for it. Awesome features and performance. Thanks to flip cart for the quick delivery.",
            "certBuyer": true
        }
    ],
    [
        {
            "rating": 5,
            "title": "Awesome",
            "helpful": 5,
            "author": "Mujahid Ali",
            "text": "Very happy :) Camera Music Touch and Feel everything is awesome \ud83d\udc4d",
            "certBuyer": true
        }
    ],
    [
        {
            "rating": 4,
            "title": "Very Good",
            "helpful": 5,
            "author": "Flipkart Customer",
            "text": "Excellent",
            "certBuyer": true
        }
    ],
    [
        {
            "rating": 5,
            "title": "Simply awesome",
            "helpful": 4,
            "author": "Surajit das ",
            "text": "Mobile battery low",
            "certBuyer": true
        }
    ],
    [
        {
            "rating": 5,
            "title": "Highly recommended",
            "helpful": 6,
            "author": "PRASHANT SOPAN  AHIRE....",
            "text": "Exllent..... Really cool",
            "certBuyer": true
        }
    ],
    [
        {
            "rating": 4,
            "title": "Delightful",
            "helpful": 3,
            "author": "Flipkart Customer",
            "text": "Product is good and not heavy.only cons is camera takes little more time focus the object",
            "certBuyer": true
        }
    ],
    [
        {
            "rating": 4,
            "title": "Classy product",
            "helpful": 3,
            "author": "Flipkart Customer",
            "text": "Lack of call recorder, voice recorder and file explorer",
            "certBuyer": true
        }
    ],
    [
        {
            "rating": 5,
            "title": "Must buy!",
            "helpful": 8,
            "author": "Jagadeesh Kalesan",
            "text": "Good phone great features... A word of advice when choosing the color of the phone please never ever ever buy the gold color.. It has a very cheap quality look.  Choose only the black color.",
            "certBuyer": true
        }
    ],
    [
        {
            "rating": 5,
            "title": "No Comparable",
            "helpful": 171,
            "author": "Flipkart Customer",
            "text": "Performance is excellent. No more comparable to other products. Finger print sensor is one area where it is lacking. apart from that Sony is always Sony.\nAm happy that only premium customers use Sony so that the product are in hands of premium people.",
            "certBuyer": true
        }
    ],
    [
        {
            "rating": 5,
            "title": "Just wow!",
            "helpful": 4,
            "author": "Flipkart Customer",
            "text": "Thanks",
            "certBuyer": true
        }
    ],
    [
        {
            "rating": 5,
            "title": "Excellent",
            "helpful": 3,
            "author": "Flipkart Customer",
            "text": "Flipkart love you and thank you so much for this phone.. Awesome phone being old customer of Sony it's really to good super phone thank you Sony you too.. \u2764\ufe0f",
            "certBuyer": true
        }
    ],
    [
        {
            "rating": 5,
            "title": "Simply awesome",
            "helpful": 2,
            "author": "Animesh  Bera ",
            "text": "Awesome product by Sony xperia.",
            "certBuyer": true
        }
    ],
    [
        {
            "rating": 5,
            "title": "Mind-blowing purchase",
            "helpful": 2,
            "author": "Mansimrat",
            "text": "Great product.. Worth purchasing",
            "certBuyer": true
        }
    ],
    [
        {
            "rating": 4,
            "title": "Nice product",
            "helpful": 1,
            "author": "rajesh choppa",
            "text": "Big size mobile",
            "certBuyer": true
        }
    ],
    [
        {
            "rating": 5,
            "title": "Terrific",
            "helpful": 1,
            "author": "Partha  Singha",
            "text": "Excellent product. It's awesome. Camera, Battery, Resolution etc.  all is incredible \ud83d\udc4c",
            "certBuyer": true
        }
    ],
    [
        {
            "rating": 5,
            "title": "Simply awesome",
            "helpful": 1,
            "author": "Flipkart Customer",
            "text": "Good",
            "certBuyer": true
        }
    ],
    [
        {
            "rating": 5,
            "title": "excellent",
            "helpful": 0,
            "author": "Anjali Nair",
            "text": "Got today... This phone is so nice... I m a sony Xperia user... N sony is the best one especially this phone so good... Everything is best in this... Just go for it",
            "certBuyer": true
        }
    ],
    [
        {
            "rating": 5,
            "title": "Best in the market!",
            "helpful": 0,
            "author": "Panneer Selvam",
            "text": "Good service,,, Good product",
            "certBuyer": true
        }
    ],
    [
        {
            "rating": 3,
            "title": "Does the job",
            "helpful": 1,
            "author": "Piyush Vegda",
            "text": "This product very bad condition my phone mobile data not working about 7 days",
            "certBuyer": true
        }
    ],
    [
        {
            "rating": 5,
            "title": "Super!",
            "helpful": 1,
            "author": "Flipkart Customer",
            "text": "I proud to be a customer of sony",
            "certBuyer": true
        }
    ],
    [
        {
            "rating": 5,
            "title": "Great product",
            "helpful": 1,
            "author": "Nitish Jha",
            "text": "Excellent phone everything is beautiful thanks for xperia and thanks for Flipcart because delivered by 2 day",
            "certBuyer": true
        }
    ],
    [
        {
            "rating": 4,
            "title": "Wonderful",
            "helpful": 1,
            "author": "JITHINRAJ C C",
            "text": "good product",
            "certBuyer": true
        }
    ],
    [
        {
            "rating": 5,
            "title": "Brilliant",
            "helpful": 0,
            "author": "PANKAJ BHUYAN",
            "text": "Terrific ,the look is very charming",
            "certBuyer": true
        }
    ],
    [
        {
            "rating": 5,
            "title": "Awesome",
            "helpful": 1,
            "author": "Abhilash T.R",
            "text": "Outstanding mobile",
            "certBuyer": true
        }
    ],
    [
        {
            "rating": 5,
            "title": "Just wow!",
            "helpful": 0,
            "author": "Afsal M.A",
            "text": "Nice mobile",
            "certBuyer": true
        }
    ],
    [
        {
            "rating": 4,
            "title": "Very Good",
            "helpful": 0,
            "author": "Flipkart Customer",
            "text": "Good mobile",
            "certBuyer": true
        }
    ],
    [
        {
            "rating": 4,
            "title": "super",
            "helpful": 0,
            "author": "Rama mohan rao Kadiyam",
            "text": "Good mobile",
            "certBuyer": true
        }
    ],
    [
        {
            "rating": 5,
            "title": "Perfect product!",
            "helpful": 0,
            "author": "Flipkart Customer",
            "text": "very nice",
            "certBuyer": true
        }
    ],
    [
        {
            "rating": 5,
            "title": "Simply awesome",
            "helpful": 1,
            "author": "siddharth ghosh",
            "text": "Awesome Purchase. Loving it.",
            "certBuyer": true
        }
    ],
    [
        {
            "rating": 5,
            "title": "Perfect product!",
            "helpful": 2,
            "author": "Sourabh Sontakke",
            "text": "Best phone...",
            "certBuyer": true
        }
    ],
    [
        {
            "rating": 1,
            "title": "Worthless",
            "helpful": 9,
            "author": "Tui Henry",
            "text": "This phone battery draining down so fast... Can I exchange it...",
            "certBuyer": true
        }
    ],
    [
        {
            "rating": 1,
            "title": "Not recommended at all",
            "helpful": 6,
            "author": "Ganesh Kumar",
            "text": "Worst Product. Not recommended to buy. This quality is very very poor. Headset is not working properly. Flipkart team response is very very poor. Saying that they will repay 500 for headset. IS THAT WE CAN BUY SONY HEADSET FOR 500. never ever buy this. Better not to buy mobiles in Flipkart",
            "certBuyer": true
        }
    ],
    [
        {
            "rating": 4,
            "title": "Good quality product",
            "helpful": 2,
            "author": "vijay neelakandan",
            "text": "Sony xperia xa 1 ultra in mobile phone is camera good condition. But heading issues  this mobile. Very bad",
            "certBuyer": true
        }
    ],
    [
        {
            "rating": 1,
            "title": "Did not meet expectations",
            "helpful": 1,
            "author": "Lalitha B",
            "text": "Hanging issue",
            "certBuyer": true
        }
    ],
    [
        {
            "rating": 4,
            "title": "Good choice",
            "helpful": 1,
            "author": "Pakkeer Mytheen",
            "text": "Nice but bit slow in capturing pictures",
            "certBuyer": true
        }
    ],
    [
        {
            "rating": 1,
            "title": "Don't waste your money",
            "helpful": 3,
            "author": "sunee tha",
            "text": "Not bad",
            "certBuyer": true
        }
    ],
    [
        {
            "rating": 1,
            "title": "Very poor",
            "helpful": 2,
            "author": "Vasava  Kalpeshkumar",
            "text": "Nice",
            "certBuyer": true
        }
    ],
    [
        {
            "rating": 4,
            "title": "Value-for-money",
            "helpful": 0,
            "author": "Flipkart Customer",
            "text": "Superb.....",
            "certBuyer": true
        }
    ],
    [
        {
            "rating": 5,
            "title": "Mind-blowing purchase",
            "helpful": 0,
            "author": "Swarnendu Das",
            "text": "Awesome phone",
            "certBuyer": true
        }
    ],
    [
        {
            "rating": 5,
            "title": "Terrific",
            "helpful": 0,
            "author": "Flipkart Customer",
            "text": "Baad product",
            "certBuyer": true
        }
    ],
    [
        {
            "rating": 5,
            "title": "Terrific",
            "helpful": 0,
            "author": "Kenneth  Lazrado",
            "text": "This was my first mid range phone and the user interface is sooo good... Camera is superb and the phone is an eye catcher...the delivery of the phone was timely by flipkart... Thank you flipkart...",
            "certBuyer": true
        }
    ],
    [
        {
            "rating": 5,
            "title": "Best in the market!",
            "helpful": 0,
            "author": "Flipkart Customer",
            "text": "Good",
            "certBuyer": true
        }
    ],
    [
        {
            "rating": 2,
            "title": "Useless product",
            "helpful": 0,
            "author": "Shibin",
            "text": "Set very bad over heat and plzzz replace",
            "certBuyer": true
        }
    ],
    [
        {
            "rating": 4,
            "title": "Good choice",
            "helpful": 0,
            "author": "Mopidevi  Vengalarao ",
            "text": "Good delivery and nice",
            "certBuyer": true
        }
    ],
    [
        {
            "rating": 5,
            "title": "Worth every penny",
            "helpful": 0,
            "author": "MOHIT SHARMA",
            "text": "mind blowing phone.",
            "certBuyer": true
        }
    ],
    [
        {
            "rating": 5,
            "title": "Mind-blowing purchase",
            "helpful": 0,
            "author": "Sudha Pulipyata",
            "text": "Good",
            "certBuyer": true
        }
    ],
    [
        {
            "rating": 5,
            "title": "Awesome",
            "helpful": 0,
            "author": "Flipkart Customer",
            "text": "Nice product",
            "certBuyer": true
        }
    ],
    [
        {
            "rating": 5,
            "title": "Fabulous!",
            "helpful": 0,
            "author": "Niyati Singhal",
            "text": "This phone is best... No comments can be written about it..",
            "certBuyer": true
        }
    ],
    [
        {
            "rating": 4,
            "title": "Sony",
            "helpful": 0,
            "author": "Amol Mhamane",
            "text": "Good",
            "certBuyer": true
        }
    ],
    [
        {
            "rating": 5,
            "title": "Awesome",
            "helpful": 0,
            "author": "Nitish Bhole",
            "text": "It's awesome... SONY always been an awesome. Bought in August and it's working Great.",
            "certBuyer": true
        }
    ],
    [
        {
            "rating": 2,
            "title": "Bad quality",
            "helpful": 0,
            "author": "Rubal Gupta",
            "text": "Its speaker at the bottom or the sound device itself inside the phone has started failing in sound output. The screen has become shaky and freezes a lot of times. Not expected from Sony!!!!",
            "certBuyer": true
        }
    ],
    [
        {
            "rating": 4,
            "title": "Perfect product!",
            "helpful": 0,
            "author": "Chinna  K",
            "text": "Packing was good but battery drying very fast.. And not having good clarity for this amount...this is totally heat",
            "certBuyer": true
        }
    ],
    [
        {
            "rating": 5,
            "title": "Highly recommended",
            "helpful": 0,
            "author": "Sandeep  Singh",
            "text": "Wonderful",
            "certBuyer": true
        }
    ],
    [
        {
            "rating": 5,
            "title": "Terrific",
            "helpful": 0,
            "author": "Amit Sharma",
            "text": "Excellent ph.",
            "certBuyer": true
        }
    ],
    [
        {
            "rating": 4,
            "title": "Value-for-money",
            "helpful": 0,
            "author": "Zulfiqar Faras",
            "text": "Nice product",
            "certBuyer": true
        }
    ],
    [
        {
            "rating": 5,
            "title": "Brilliant",
            "helpful": 0,
            "author": "Flipkart Customer",
            "text": "Good",
            "certBuyer": true
        }
    ],
    [
        {
            "rating": 1,
            "title": "Worst experience ever!",
            "helpful": 0,
            "author": "Sanjana  Biswas",
            "text": "Ph battery back up us very poor...",
            "certBuyer": true
        }
    ],
    [
        {
            "rating": 5,
            "title": "Perfect product!",
            "helpful": 0,
            "author": "Avtar singh",
            "text": "I love it",
            "certBuyer": true
        }
    ],
    [
        {
            "rating": 4,
            "title": "Good quality product",
            "helpful": 0,
            "author": "Sadish S",
            "text": "I am using and love this phone for this price range",
            "certBuyer": true
        }
    ],
    [
        {
            "rating": 5,
            "title": "Bad quality",
            "helpful": 0,
            "author": "Mrityunjoy Chakraborty",
            "text": "Thanks",
            "certBuyer": true
        }
    ],
    [
        {
            "rating": 5,
            "title": "Terrific",
            "helpful": 15,
            "author": "SUBRATA NANDY",
            "text": "I received the set todar the 4th Aug,17 at 10 am lot of thanks to flipkart & now I need Hard copy of the set through my mail ID.......happy evening",
            "certBuyer": true
        }
    ],
    [
        {
            "rating": 5,
            "title": "Five Stars",
            "helpful": 35,
            "author": "SHAJAHAN M",
            "text": "Excellent...",
            "certBuyer": true
        }
    ],
    [
        {
            "rating": 5,
            "title": "Five Stars",
            "helpful": 57,
            "author": "Dewanshu singh",
            "text": "Best selfie and rear camera perfomance and screen quality excellent.",
            "certBuyer": true
        }
    ],
    [
        {
            "rating": 1,
            "title": "Did not meet expectations",
            "helpful": 12,
            "author": "Flipkart Customer",
            "text": "First time I received a damaged product and I was return and replace Again I received the damage product.  very poor",
            "certBuyer": true
        }
    ],
    [
        {
            "rating": 5,
            "title": "Simply awesome",
            "helpful": 0,
            "author": "\u00daj \u00c9l",
            "text": "Hvy",
            "certBuyer": true
        }
    ],
    [
        {
            "rating": 1,
            "title": "Don't waste your money",
            "helpful": 2,
            "author": "Flipkart Customer",
            "text": "Camera quality of back cam is too poor. Also exhange offer was applied so d produxt cannot be returned whicb is not right.  So another unhappy customer you hav on your list.",
            "certBuyer": true
        }
    ]
]