[
    [
        {
            "rating": 5,
            "title": "Just Superb!",
            "helpful": 406,
            "author": "Mustansir Rohawala",
            "text": "Got my hands on the handset yesterday, using it since 24 hrs, Its a stunning device \nthe chrome model is just awesome, will post another review after using for a few days,\n\nFlipkart service was bad this time, didnt receive the product on time, but 5 stars for the phone definitely",
            "certBuyer": true
        }
    ],
    [
        {
            "rating": 1,
            "title": "Waste of money!",
            "helpful": 402,
            "author": "Flipkart Customer",
            "text": "Worst , guy's pls don't buy the phone from flipcart . It's all used and defective products which they sell at low prices.pls don't fall for there cheating offers. I bought Sony Xperia Z5 and it's totally defective mobile and Not used for a week",
            "certBuyer": true
        }
    ],
    [
        {
            "rating": 5,
            "title": "Terrific",
            "helpful": 8,
            "author": "Subarna  Adhikary",
            "text": "The best camera quality in this smart phone,and display is awesome really it's 4K and very smooth.",
            "certBuyer": true
        }
    ],
    [
        {
            "rating": 5,
            "title": "Getting that PREMIUM feeling",
            "helpful": 220,
            "author": "Nikhil Prim",
            "text": "Have been using this phone now for almost a week.\nThe Pros:\n*Stunning design. The chrome version looks extremely stylish & classy\n*Brilliant display. Its a 4K panel after all. Crisp & Vivid\n*Great battery life. Not reached the 2 day battery life mark yet as claimed by Sony but with medium to moderate usage it definitely is possible to achieve that feat. Phone on standby doesn't eat too much battery. Also the bundled fast charger takes no time in charging up the phone, almost the rate of 1% (slightly higher) per min rate of charging\n*Awesome camera. Fast auto-focus nd very good in most lighting conditions. The additional downloadable camera apps are good fun for some creativity\n* Next to no bloatware. It did come with some pre-installed apps like clean master, AVG antivirus,hungama play and a few games but all of them can be uninstalled. There are also the pre-loaded Sony apps which you can chose to use or not use. All in all quite clean.\n* Pre-Launch offers. The pre-launch offers from HDFC along with the freebies like the smart cover, quick charger and (the absolutely awesome) noise cancelling bluetooth headset were good way to get some really quality (and really useful) freebies. Have already talked about the fast charger earlier. Even an added screen protector in the box.\n* Waterproof & Dustproof. Ofcourse all xperia's now are. Nd that's an amazing thing to have, especially on those rainy days trying to call a cab.\n* No over heating issues. The snapdragon 810 is powerful and coupled with 3GB RAM performance is buttery smooth. All phones heat up. So does this but no issue of performance being affected. \n* No unwieldy port covers. Only one port cover on the right hand side housing the dual sim (rarity in flagships!!) slot and micro sd card slot (also unfortunately becoming a rarity nw) for expanding storage upto 2TB. With 4K video recording you'll need all the memory you can get. Not to forget than 32GB onboard storage, out of which almost 10GB is used by the android UI. The 3.5mm headset jack & charging port are uncovered. Yet, the device retains its water & dust resistance. Awesome.\n\nNd Now for sm CONS as well. No phone is perfect after all\n* Phone is quite slippery. As you would expect from an all glass constructed phone. A cover/ case could alleviate that problem.\n* Phone is quite big. A large 5.5 inch screen phone. Its definitely phablet territory. Ppl with small hands might find it a little to difficult to use. Hand gymnastics required.\n* No USB type C. The  new industrial standard for the future isn't present.So no reversible cable\n* No wireless charging\n* UI needs an overhaul. I like the simplicity of sony's UI but, it is starting to show its age. It's also not bundled with the latest version of android i.e. 6.0 marshmallow. Still runs android 5.1.1. However, a software update to 6.0 isn;t very far. Sony has an excellent track record for keeping their phones up to date at the earliest. Also heard that the entire UI is getting a refresh. So that's going to help as there are occasional stutters & delays in the system.\n\nAll in all an AWESOME phone. Befits the Premium moniker in my opinion. Have been a long time user of sony phones (this is my 6th sony phone in a row, stretching all the way back to the Sony Ericsson days). Extremely pleased with it. Slightly pricey, I do admit but...premium quality always comes with a premium price.\n\nOn a side note, flipkart delivery was very good. Delivered before the tentative delivery date given on pre-order. However, strange that delivery wasn't available to a place like Noida. Hence, had to get it delivered to a friend's place in Gurgaon. A city like Noida should be serviceable to a company as big as Flipkart.",
            "certBuyer": true
        }
    ],
    [
        {
            "rating": 5,
            "title": "Premium as they say",
            "helpful": 66,
            "author": "Mithun Asok",
            "text": "got my hands on it yesterday... wonderfull piece of electronics it is... great camera... great perfomence...",
            "certBuyer": true
        }
    ],
    [
        {
            "rating": 5,
            "title": "Great product",
            "helpful": 5,
            "author": "ABHISHEK KUMAR SINGH",
            "text": "Just a one word...\nSONY- MAKE BELIEVE",
            "certBuyer": true
        }
    ],
    [
        {
            "rating": 1,
            "title": "Product MIsmatch",
            "helpful": 35,
            "author": "Jony S",
            "text": "Don't buy this from BlackberryStores, They are selling E6833 instead of E6883.\nE6833 doesn't support Indian VoLTE.",
            "certBuyer": true
        }
    ],
    [
        {
            "rating": 5,
            "title": "Classy product",
            "helpful": 9,
            "author": "Puneet Prabhakar",
            "text": "The best of Sony in a smartphone! \nIntroducing world first 4K smartphone!",
            "certBuyer": true
        }
    ],
    [
        {
            "rating": 2,
            "title": "worst experiance",
            "helpful": 20,
            "author": "Manoj Kumar",
            "text": "Overheating problem",
            "certBuyer": true
        }
    ],
    [
        {
            "rating": 5,
            "title": "Superb. Xperia z5 premium kn low price",
            "helpful": 6,
            "author": "Vasanth Yenumula",
            "text": "Thank you flipkart and ghe seller....great product .. sealed and brandnew ... only one word i m happy",
            "certBuyer": true
        }
    ],
    [
        {
            "rating": 4,
            "title": "About Headset",
            "helpful": 12,
            "author": "Vikash Chauhan ",
            "text": "Sony provide MDR-EX31BN (rs-5490.00)\nbut filipkart sent MH 750 ( rs-400)model of headset why it is",
            "certBuyer": true
        }
    ],
    [
        {
            "rating": 5,
            "title": "Phone has great look.....",
            "helpful": 3,
            "author": "Suham",
            "text": "Ekart delivered the phone before the estimated time (before 2 days) and the phone has a great look beautiful finishing and quality was good.",
            "certBuyer": true
        }
    ],
    [
        {
            "rating": 1,
            "title": "Waste of money!",
            "helpful": 39,
            "author": "Viswanadh Varma",
            "text": "Recently 2days back I have purchased this product, it has heating issues like over heating.camera is 23 megapixel but it has utter worst clarity,even my old phone 5mega pixel is getting better images.dont buy this product,more important thing they will not return ur money even the product is not working.just they will replace. Let's see after replacing the product I have to check the product quality. I will put an another review after replacing my product.",
            "certBuyer": true
        }
    ],
    [
        {
            "rating": 1,
            "title": "Waste of money!",
            "helpful": 16,
            "author": "Sam Sam",
            "text": "Box was not sealed.... Send me used product....",
            "certBuyer": true
        }
    ],
    [
        {
            "rating": 1,
            "title": "Worthless",
            "helpful": 31,
            "author": "Brijesh Patel",
            "text": "Back glass is fragile and not repairable as per Sony. Below are the questions out of which not a single Sony is able to reply. Buy it at your own risk. Don't expect any support from Sony. Below is my email to Sony which is having no specific reply. Ask these questions before buying this device please.\n\nDear Sir,\n\nI am having Xperia Z5 Premium Dual Mobile bought on 24th Match 2017. Now its almost 2 month i am using this mobile.\n\nPlease note this e-mail i have just wrote to make you understand your policies and not for any kind of expectation from Sony.\n\nThis mobile has fallen from 500 mm above on the floor and back glass is broken. Phone is absolutely fine and working. I already had lamination Film on the back so there is no other issue on the phone.\n\nSince it is broken i had a thought of replace back glass since it is broken. I have contacted Sunrise Service center where i got reply as below as per your policy:\n\n1. This is a flagship Mobile\n2. Since it is a flagship mobile it can  not be repaired anywhere in Ahmedabad.\n3. This phone is not repairable. Even battery is not possible to replace. \n4. I have following Options:\n- I can deposite this phone to service centre and they will send this phone to the service centre outside where this facility is there for replace glass. This will take minimum 1 month and maximum 45 Days.\n- I can pay 33% of Today's Mobile cost and I will get this mobile replaced with new one with Guarantee of 90 Days (3 Months)\n- I ca pay 50% of Today's Mobile cost and I will get new Mobile replaced with new One with Guarantee of 1 Year.\n\nI had then talk to your customer care executive at Helpline Number. He talked to your service center and replied the same.\n\nThen he Transferred phone to your senior executive and again he replied the same.\n\nThis is a preface of this e-mail.\n\nI have following questions as a customer:\n\n- If this is a flagship mobile why services available are so delayed. If there is no service center in whole state of Gujarat what is the advantage of Flagship Phone?\n- How it can be convenient to send Phone for 30 to 45 Days for replacement of back glass? Replacement of glass is a job of maximum 30 minutes for any brand available in market. Cost also for replacement of glass varies from Rs. 800 to Rs. 1500 for any brand prevailing in the market.\n- What way it is user friendly?\n- Why such premium flagship phone is not repairable?\n- How options of replacement of Phone are justified? If i pay 33% of Phone Amount it is almost more than Rs. 10000 which is just for replacement of back glass. That too is with Guarantee of 90 Days, where the fact is that still 10 months remains in existing guarantee. How cost of back cover more than Rs. 10000 justified and also sacrifice of 7 months guarantee? Does it mean once this phone fall from hand will cost more than Rs. 10000 and balance guarantee?\n- What are the basis of paying 50% of Phone Value and again if it falls from hand will endup in the same situation?\n- Does it mean that once this phone is dropped from hand, have to go for replacement of handset?\n- Is back of this phone is not very fragile? If it is fragile, why no facility to change/ replace it same day and that too at reasonable cost? Reasonable i mean with the comparison of any premium brand? Or Sony is really out of the world product which is unmatched as far as repair or maintenance cost?\n- This Phone is claimed Water Resistant and dust and weather proof. It just broke on the back with nominal shock! Is all claims cosmetic?\n- What way your system is taking care of convenience of customer? Does it claimed customer friendly at all?\n\nNow with all these questions if at all i have to choose any of the option what option should i choose? If i have to spare unjustified time and amount what reason make me to stick on Sony Product? With this experience definitely I lost trust from Sony as a Brand. All feedback and suggestions and solutions explained are to only your convenience and one sided without any counter thought of customers convenience.",
            "certBuyer": true
        }
    ],
    [
        {
            "rating": 5,
            "title": "SONY Z5 PREMIUM  best fast attractive",
            "helpful": 13,
            "author": "suraj saraswat",
            "text": "SONY Z5 PREMIUM  It is best camera\nvery quick & fast result ,very attractive colours\nlittle costly but it is: sony\" so buy it without any hesitation if you can afford it",
            "certBuyer": true
        }
    ],
    [
        {
            "rating": 1,
            "title": "Absolute rubbish!",
            "helpful": 3,
            "author": "PrinceNarendra Bondre",
            "text": "This is not seal box pack pic\nThis is open handset\nScreen guard is already used (scratches on installed screen garud)\nHeadset and charger is also used......\nBox is dirty not clean \nFlipkart this is not acceptable from your site\nThis is very poor experience 1st time in history",
            "certBuyer": true
        }
    ],
    [
        {
            "rating": 5,
            "title": "Outstanding",
            "helpful": 2,
            "author": "KAMALESH MALLADI",
            "text": "Fabulous product  ..... Everything was excellent , much better than its previous z2&z3+",
            "certBuyer": true
        }
    ],
    [
        {
            "rating": 5,
            "title": "Best Phone",
            "helpful": 2,
            "author": "Akash Dubey",
            "text": "Really the best Of Sony",
            "certBuyer": true
        }
    ],
    [
        {
            "rating": 5,
            "title": "Worth every penny",
            "helpful": 2,
            "author": "Flipkart Customer",
            "text": "It is a nice phone",
            "certBuyer": true
        }
    ],
    [
        {
            "rating": 1,
            "title": "Unsatisfactory",
            "helpful": 19,
            "author": "MANASA MOHAN",
            "text": "This is not good mobile,  Sony Xperia good,  suppliers not bad, please remove this supplier, \nPls remove,",
            "certBuyer": true
        }
    ],
    [
        {
            "rating": 5,
            "title": "Highly recommended",
            "helpful": 3,
            "author": "Rituraj Patar",
            "text": "Nice ph\n. Certainly.. 806ppi, bt u wont see any diffrence with other z series dispay.. If cmpared to z3+ or z2. But ph is manufactured in 2015 december",
            "certBuyer": true
        }
    ],
    [
        {
            "rating": 5,
            "title": "Nice",
            "helpful": 1,
            "author": "Sarang Sharma",
            "text": "Great phone",
            "certBuyer": true
        }
    ],
    [
        {
            "rating": 1,
            "title": "Waste of money!",
            "helpful": 2,
            "author": "Flipkart Customer",
            "text": "Its been 7th month now, purchased from flipkart, the headphone jack is gone, not working anymore,",
            "certBuyer": true
        }
    ],
    [
        {
            "rating": 5,
            "title": "Must buy!",
            "helpful": 1,
            "author": "KALYAN KUMAR PALWAI",
            "text": "Great phone in this price range. Every thing is awesome camera, display, confort, extra feture water proof. I have already tested by washing the phone under tap. Only the thing which lags behind is the battery and ring volume. Except these the phone is awesome.",
            "certBuyer": true
        }
    ],
    [
        {
            "rating": 4,
            "title": "Four Stars",
            "helpful": 1,
            "author": "sourabrata khutia",
            "text": "Main problem of this phone is Heating issue. It heats like a heater. Secondly battery backup is not so good. Otherwise camera, display and sound quality is more than my expectations.",
            "certBuyer": true
        }
    ],
    [
        {
            "rating": 4,
            "title": "Really Nice",
            "helpful": 1,
            "author": "Amit Mirdha",
            "text": "Mobile conditions is great no others problem.",
            "certBuyer": true
        }
    ],
    [
        {
            "rating": 1,
            "title": "Useless product",
            "helpful": 2,
            "author": "Flipkart Customer",
            "text": "Pathetic speakers . Don't believe flipkarts replacement guarantee statement... THEY DONT .....ALL IN ALL BETTER NOT BUY THIS PHONE.",
            "certBuyer": true
        }
    ],
    [
        {
            "rating": 5,
            "title": "Super!",
            "helpful": 2,
            "author": "Flipkart Customer",
            "text": "Awesome",
            "certBuyer": true
        }
    ],
    [
        {
            "rating": 4,
            "title": "Wonderful",
            "helpful": 2,
            "author": "Ranjith R",
            "text": "Awesome nice phone",
            "certBuyer": true
        }
    ],
    [
        {
            "rating": 5,
            "title": "Terrific purchase",
            "helpful": 3,
            "author": "Shanker Singh",
            "text": "I am using this phone for last ten days. Just a awesome phone.  You can purchase without any hesitation. This is my third Sony mobile. Masterpiece by Sony.",
            "certBuyer": true
        }
    ],
    [
        {
            "rating": 4,
            "title": "Really Nice",
            "helpful": 2,
            "author": "Abhi Jeet",
            "text": "Nys phone... Good packaging by flipkart and early delivery... Though d manufacturing date z of 2015, bt still d handset seems to work perfectly fine... Normal heating issues of sony still continues...  But overall itz an awesome phone... :-)",
            "certBuyer": true
        }
    ],
    [
        {
            "rating": 5,
            "title": "Best in the market!",
            "helpful": 1,
            "author": "Flipkart Customer",
            "text": "Good",
            "certBuyer": true
        }
    ],
    [
        {
            "rating": 1,
            "title": "Absolute rubbish!",
            "helpful": 0,
            "author": "siddharth jain",
            "text": "Very disappointing phone.\nNot this we expect from sony",
            "certBuyer": true
        }
    ],
    [
        {
            "rating": 1,
            "title": "Mind-blowing purchase",
            "helpful": 0,
            "author": "Flipkart Customer",
            "text": "it is a damaged phone",
            "certBuyer": true
        }
    ],
    [
        {
            "rating": 1,
            "title": "Very poor",
            "helpful": 0,
            "author": "Bipradeb Mondal",
            "text": "Poor products dont't buy any one.  Damage product sell.  \nHeadphone charger damage",
            "certBuyer": true
        }
    ],
    [
        {
            "rating": 5,
            "title": "Great product",
            "helpful": 0,
            "author": "Dr.Manthan Patel",
            "text": "I kept mobile...\n\nProblem was solved by me. \n\nIt's minor... \n\nNo need to replace it..\n\n\nThanking you...",
            "certBuyer": true
        }
    ],
    [
        {
            "rating": 3,
            "title": "Does the job",
            "helpful": 1,
            "author": "Vaithiyanathan V A",
            "text": "Fantastic display and camera is really good but gets heated quickly",
            "certBuyer": true
        }
    ],
    [
        {
            "rating": 5,
            "title": "Worth every penny",
            "helpful": 0,
            "author": "Flipkart Customer",
            "text": "Awesome phones.... Very happy about it..... Worth every penny of it.\n\nHad some problem recently... Had to go to customer care. Realized that the retailer hadn't raised the bill. I don't know why. So it took some time as they had to convert the bill in warranty period.\nHeartiest request, as soon as you sell the product of high value,  please raise the bill.",
            "certBuyer": true
        }
    ],
    [
        {
            "rating": 5,
            "title": "Classy product",
            "helpful": 0,
            "author": "sandeep singh brahia",
            "text": "VERY FAST DELIEVERY ,FRESH MOBILE NOT FROM AGING STOCK",
            "certBuyer": true
        }
    ],
    [
        {
            "rating": 5,
            "title": "Fabulous!",
            "helpful": 1,
            "author": "Prem Shravan",
            "text": "The best phone I've ever had... You don't want to hear anything more about this.... Cause this is the most premium phone Sony has ever made",
            "certBuyer": true
        }
    ],
    [
        {
            "rating": 4,
            "title": "Delightful",
            "helpful": 1,
            "author": "Shrishail Chougala",
            "text": "Very Good",
            "certBuyer": true
        }
    ],
    [
        {
            "rating": 5,
            "title": "Worth every penny",
            "helpful": 1,
            "author": "karshan  Karetha",
            "text": "Good",
            "certBuyer": true
        }
    ],
    [
        {
            "rating": 5,
            "title": "Must buy!",
            "helpful": 0,
            "author": "Flipkart Customer",
            "text": "Loving it",
            "certBuyer": true
        }
    ],
    [
        {
            "rating": 5,
            "title": "Great product",
            "helpful": 0,
            "author": "pawan soni",
            "text": "This product is good and very good service flipcart",
            "certBuyer": true
        }
    ],
    [
        {
            "rating": 4,
            "title": "Really Nice",
            "helpful": 1,
            "author": "Swarnendu Das",
            "text": "I am not Giving 5 star because of the Poor delivery of the Ekart.. Seriously I got the product after the 2 deadline dates... But thanks to Flipkart for this awesome product loved it..",
            "certBuyer": true
        }
    ],
    [
        {
            "rating": 5,
            "title": "Best in the market!",
            "helpful": 1,
            "author": "Flipkart Customer",
            "text": "Great gadget...lots of fun and games",
            "certBuyer": true
        }
    ],
    [
        {
            "rating": 4,
            "title": "Delightful",
            "helpful": 1,
            "author": "Flipkart Customer",
            "text": "Awesome product",
            "certBuyer": true
        }
    ],
    [
        {
            "rating": 5,
            "title": "Great product",
            "helpful": 0,
            "author": "Flipkart Customer",
            "text": "Nice features",
            "certBuyer": true
        }
    ],
    [
        {
            "rating": 5,
            "title": "Terrific purchase",
            "helpful": 0,
            "author": "Flipkart Customer",
            "text": "Hi Product was delivered as per the committed time lines Thanks Flipacart\nThe Mobile is also very good",
            "certBuyer": true
        }
    ],
    [
        {
            "rating": 4,
            "title": "Very Good",
            "helpful": 0,
            "author": "Amit Rohit",
            "text": "Tysm flipkart",
            "certBuyer": true
        }
    ],
    [
        {
            "rating": 5,
            "title": "Simply awesome",
            "helpful": 0,
            "author": "Samaresh kumar singh Singh",
            "text": "The products is very good to use",
            "certBuyer": true
        }
    ],
    [
        {
            "rating": 5,
            "title": "Excellent",
            "helpful": 0,
            "author": "kehar singh",
            "text": "Its a good phone",
            "certBuyer": true
        }
    ],
    [
        {
            "rating": 4,
            "title": "Worth the money",
            "helpful": 0,
            "author": "Abhinandan Mankar",
            "text": "Awesome mobile worth it!!!",
            "certBuyer": true
        }
    ],
    [
        {
            "rating": 5,
            "title": "Perfect product!",
            "helpful": 1,
            "author": "Flipkart Customer",
            "text": "Excellent phone. I love this phone very much.",
            "certBuyer": true
        }
    ],
    [
        {
            "rating": 5,
            "title": "Simply awesome",
            "helpful": 0,
            "author": "Kalyan kumar Kumar",
            "text": "Super",
            "certBuyer": true
        }
    ],
    [
        {
            "rating": 5,
            "title": "Worth every penny",
            "helpful": 4,
            "author": "Naveen Sharma",
            "text": "Superb piece of work from Sony,\nSeller sent me an opened box but phone was totally intact, so I don't have problem with that.\nCamera of the phone is not as I expected (because of 23mp) it to be but still a good camera.\nBattery and charger of the phone is extraordinary.\nDisplay is awesome as its 4k.\nA great design look solid and robust literally drooling.\nOverall a great waterproof phone in 35k price.",
            "certBuyer": true
        }
    ],
    [
        {
            "rating": 2,
            "title": "Met some expectations",
            "helpful": 6,
            "author": "himapavan Pulivarthi",
            "text": "Bought mobile a week ago, first of all... I am totally upset with battery... As per the specs it has to come two days, not even one day juice remains.... I am a very big fan of Sony products... I hope this will be resolved soon",
            "certBuyer": true
        }
    ],
    [
        {
            "rating": 2,
            "title": "Overpriced",
            "helpful": 2,
            "author": "raju  das",
            "text": "Awsome display quality but over hitting issu not solv",
            "certBuyer": true
        }
    ],
    [
        {
            "rating": 5,
            "title": "Brilliant",
            "helpful": 6,
            "author": "Flipkart Customer",
            "text": "From last complete one year i was doing research on smart phones. After spending almost 56k on smart phones like apple samsung. I am satisfied only with this phone. A beast ph. 2 days backup. On 4k recordings this phone is legend. On 4k battry drains fast but still phone survive at least for a day. Ph. Screen is 4k so it is very clear there is still no comparison related to this phons screen. Sound is hd too. Front camera and back camera can work in dim light. It u are selfie lover this phone can also create a picture story of your all selfies when ever you want. After loading almost 87 apps and 15 games with 128gb memory card there is no lag. I am using this phone for developing apps. Official work too still there is no problem at all. After 6 times updation process i got nogat 7.0 in this phone automatically. Nice phone. I recommend this phone ti you too coz its sony unmatchable and unbeatable cliarity and sound you will get in this preimum phone.",
            "certBuyer": true
        }
    ],
    [
        {
            "rating": 1,
            "title": "Not recommended at all",
            "helpful": 4,
            "author": "NAVEEN TOM",
            "text": "Look like sexy phone, but too much heat, so i returned my z5.\nFor reducing heat i kept my z5 in freezer...",
            "certBuyer": true
        }
    ],
    [
        {
            "rating": 5,
            "title": "Awesome",
            "helpful": 7,
            "author": "Mohanlal Tp",
            "text": "It is premium on price and looks. The 4K resolution is imagenery, and cameras are only normal. Received with lollipop. Then how this price? Anyhow can meet and adjusted if atleast android 7 is included in this price. Otherwise premium is OK and working nice. I will not feel regret if android 7 is released to premium.",
            "certBuyer": true
        }
    ],
    [
        {
            "rating": 2,
            "title": "Met some expectations",
            "helpful": 2,
            "author": "Balwant Yadava",
            "text": "Network was not stable.",
            "certBuyer": true
        }
    ],
    [
        {
            "rating": 4,
            "title": "Good choice",
            "helpful": 4,
            "author": "Praveen Kumar",
            "text": "Mobile heats up if u use hardly and while using camera also but performance is good and battery backup is better for 4k display ,4k resolution display only in video and album app only not in other apps but viewd as fhd.gaming experience is also good,battery take to full charge 1hr 20 min.mobile needed more updates.",
            "certBuyer": true
        }
    ],
    [
        {
            "rating": 5,
            "title": "Worth every penny",
            "helpful": 3,
            "author": "Abhiram RPK",
            "text": "Little heating issues, sometimes the fingerprint reader is not sensing finger properly. These are the minor defects. On the other side spectacular smartphone display and camera quality is excellent. thumbs-up to SONY",
            "certBuyer": true
        }
    ],
    [
        {
            "rating": 5,
            "title": "Awesome",
            "helpful": 1,
            "author": "Harjinder Singh",
            "text": "Very good and factory sealed new piece of SONY XPERIA PREMIUM DUAL MOBILE PHONE CHROME COLOUR received at reasonable price. very good seller, good dealing, early shipment, need to improve in packaging the product which are so costly.",
            "certBuyer": true
        }
    ],
    [
        {
            "rating": 5,
            "title": "BEST PHONE",
            "helpful": 1,
            "author": "VIPUL SUDEWAD",
            "text": "ONE OF THE BEST CAMERA PHONE FROM SONY\nAND THANKS FOR THE SELLER ALSO FOR FAST SHIPPING",
            "certBuyer": true
        }
    ],
    [
        {
            "rating": 4,
            "title": "Awesome",
            "helpful": 3,
            "author": "Anmol Dixit",
            "text": "Xperia Z5 premium give you really premium feel specially Crome edition...Worth buying at this price.. Overall performance is good no lagging problem on heavy gaming. I have installed high graphics games like Nfs Most wanted, Gta San andreas, Asphalt 8 Etc. All runs like butter floating on hot pan :) Camera is just awesome but... Only it have heating issue but you don't have to worry much about it.. Z5 premium have cooling system.. Battery backup is really good and quick charge works great in just 30 min battery charged upto 60%...I am bit disappointed because I got mobile with tiny scratch on back side...",
            "certBuyer": true
        }
    ],
    [
        {
            "rating": 3,
            "title": "Bit costly but worth it",
            "helpful": 2,
            "author": "Nadeem Noor Azad",
            "text": "The product no doubt is good purchase to have . \nFlipkart on the other delivered it on time with some inconvenience as they need only phone number and the rest details like pin code and address is just for name sake.\nComing back to product the texture of the phone is superb camera no doubt Sony no one can challenge . Screen size is little small as compared to the actual size of mobile and another thing to be noted is that the mobile is too thick to carry it in pocket . Coming to camera features excellent picture quality superb zoom.\nSound once again sony no competition.",
            "certBuyer": true
        }
    ],
    [
        {
            "rating": 2,
            "title": "Expected a better product",
            "helpful": 1,
            "author": "Flipkart Customer",
            "text": "Dont buy it company claims 2 day battery life but it doesnt giving even one day battery life on sstamina mode and on 0% brightness also some times its impossible to make calls .. Feeling disappointed shame on you flipkart",
            "certBuyer": true
        }
    ],
    [
        {
            "rating": 1,
            "title": "Heater bomb in hand.",
            "helpful": 3,
            "author": "Flipkart Customer",
            "text": "I was using iPhone 5s from the past 8 months I was loving it.\nOne fine day I saw a video in YouTube showing top 5 best camera phone on the world.from then I have started saving money to buy this masterpiece only for camera finally my dream came true I bought today with 15 percent charge in it.i have connected charger immediately after half an hour I saw it increased only by 4 percent.omg hell with it anyway I wanted to see the most awaited camera 23mp oh god I felt my iPhone was 200 percent better than it and front 5mp looks like 2000 rs camera phone.\nAfter all I just put a return request.\nNo update in os\nNo battery performance \nNo camera\nFull too heat\nHeavy to handle\nLate charge\nMoney goneeeee....\nI won't buy Sony in my entire life again.\nFrom a true Sony lover",
            "certBuyer": true
        }
    ],
    [
        {
            "rating": 1,
            "title": "Useless product",
            "helpful": 1,
            "author": "Flipkart Customer",
            "text": "Phone is not good at camera and performance",
            "certBuyer": true
        }
    ],
    [
        {
            "rating": 4,
            "title": "Sonu bhai",
            "helpful": 0,
            "author": "Balkishun  anuragi",
            "text": "Nice product...display and camera quality is ausome..",
            "certBuyer": true
        }
    ],
    [
        {
            "rating": 1,
            "title": "Worthless",
            "helpful": 0,
            "author": "Flipkart Customer",
            "text": "This product is not new one flipkart cheating dont buy any thing on this flipkart useless selling duplicate item's",
            "certBuyer": true
        }
    ],
    [
        {
            "rating": 5,
            "title": "Excellent",
            "helpful": 0,
            "author": "Junaid Raza",
            "text": "Fantastic phone, bit expensive.",
            "certBuyer": true
        }
    ],
    [
        {
            "rating": 1,
            "title": "Not worth",
            "helpful": 0,
            "author": "Flipkart Customer",
            "text": "Completely outdated phone, waste of money",
            "certBuyer": true
        }
    ],
    [
        {
            "rating": 4,
            "title": "Worth the money",
            "helpful": 0,
            "author": "REHAN MATEEN",
            "text": "Phone is awesome specially the chrome ,the only problem is the battery backup,",
            "certBuyer": true
        }
    ],
    [
        {
            "rating": 5,
            "title": "Perfect product!",
            "helpful": 0,
            "author": "KISHOR KRISHNA",
            "text": "AN AWESOME EXPERIENCE:)\nI got this lovely z5 chrome on 25th of September2017.Since last 50!days, it's performing pleasantly and smoothly. :)..thanks flipcart for such an economical and quality deal that put my dream phone \ud83d\udcf1 in my hand.",
            "certBuyer": true
        }
    ],
    [
        {
            "rating": 3,
            "title": "Decent product",
            "helpful": 0,
            "author": "Saurabh Yadav",
            "text": "all good but battery is disappointing",
            "certBuyer": true
        }
    ],
    [
        {
            "rating": 5,
            "title": "Worth every penny",
            "helpful": 0,
            "author": "Sougrakpam Chitrasen",
            "text": "Till now there is no problem at all,its about 2 months that i have bought this phone.",
            "certBuyer": true
        }
    ],
    [
        {
            "rating": 5,
            "title": "Super!",
            "helpful": 0,
            "author": "RJ Kannan",
            "text": "Nothing improves better than XZ...\n\nThank you Sony.",
            "certBuyer": true
        }
    ],
    [
        {
            "rating": 4,
            "title": "Delightful",
            "helpful": 0,
            "author": "ARUNENDU BISWAS",
            "text": "Nice Phone and stylish but heating issue",
            "certBuyer": true
        }
    ],
    [
        {
            "rating": 5,
            "title": "Best in the market!",
            "helpful": 0,
            "author": "Aravind Balagopal",
            "text": "Good product and genuine seller.",
            "certBuyer": true
        }
    ],
    [
        {
            "rating": 5,
            "title": "Simply awesome",
            "helpful": 0,
            "author": "Rahul kumar Raj",
            "text": "Good quality",
            "certBuyer": true
        }
    ],
    [
        {
            "rating": 5,
            "title": "Five Stars",
            "helpful": 0,
            "author": "Flipkart Customer",
            "text": "Excellent mobile ...\nAnd Great delivery service by FLIPKART.......\nTHANKS @@@@@@ SONY .......",
            "certBuyer": true
        }
    ],
    [
        {
            "rating": 3,
            "title": "Premium Phone (but not Brilliant)",
            "helpful": 0,
            "author": "Deepak Gole",
            "text": "Excellent: Design, Built, Camera & Look.\nVery Good: Courier & Packing quality.\nGood: Accessorises (Earphone & Screen guard)\nBad: When we start-up the phone you got too many updates notifications 2-3 days will goes in phone Update.\nVery Bad: \"Battery\" If watching 4K Video of YouTube up to 15-25 min then phone will heating & battery goes down from 100% to 70%.\nWorst: \"Crome\" finish, The backside of this phone is not protected from scratches, and One Power Bank is Must to buy after you buy this phone.\nIN SHORT\n\"You will got a Premium & Luxury Phone but its not a Brilliant\"",
            "certBuyer": true
        }
    ],
    [
        {
            "rating": 4,
            "title": "Four Stars",
            "helpful": 0,
            "author": "Ravindranath Sutar",
            "text": "Great phone. Great camera quality.",
            "certBuyer": true
        }
    ],
    [
        {
            "rating": 5,
            "title": "Must buy!",
            "helpful": 0,
            "author": "Mahim Tagai",
            "text": "The best phone ever used.\nCamera is amazing, but heated alot during 4k video",
            "certBuyer": true
        }
    ],
    [
        {
            "rating": 5,
            "title": "Excellent",
            "helpful": 0,
            "author": "PrinceNarendra Bondre",
            "text": "Premium means Premium\nSony z 5 Premium is superb handset\nThanks flipcart for fast and secure delivery \ud83d\udc4d\ud83d\udc4d\ud83d\udc4d\ud83d\udc4c\ud83d\udc4c\ud83d\udc4c\ud83d\udc4c",
            "certBuyer": true
        }
    ],
    [
        {
            "rating": 4,
            "title": "Nice product",
            "helpful": 0,
            "author": "Nishank  shukla",
            "text": "Nice",
            "certBuyer": true
        }
    ],
    [
        {
            "rating": 5,
            "title": "Terrific purchase",
            "helpful": 0,
            "author": "Flipkart Customer",
            "text": "Supar phone",
            "certBuyer": true
        }
    ],
    [
        {
            "rating": 5,
            "title": "Terrific",
            "helpful": 0,
            "author": "Flipkart Customer",
            "text": "Nice",
            "certBuyer": true
        }
    ],
    [
        {
            "rating": 5,
            "title": "Super!",
            "helpful": 0,
            "author": "SnehaL verma",
            "text": "Best camera phone. \nGreat performance.\nOne of the.. Best phone.",
            "certBuyer": true
        }
    ],
    [
        {
            "rating": 4,
            "title": "So far so good.",
            "helpful": 0,
            "author": "Subhra Jyoti Mandal",
            "text": "Happy with the product. I should leave three negative comments for future buyers and it is fact.\n(a) Poor built quality.\n(b) Heating is an issue.\n(c)  Glossy back is repulsive.",
            "certBuyer": true
        }
    ],
    [
        {
            "rating": 5,
            "title": "Perfect product!",
            "helpful": 0,
            "author": "Lochan Raja",
            "text": "amazing phone super fast",
            "certBuyer": true
        }
    ],
    [
        {
            "rating": 5,
            "title": "Awesome",
            "helpful": 0,
            "author": "Flipkart Customer",
            "text": "Osm phine",
            "certBuyer": true
        }
    ],
    [
        {
            "rating": 5,
            "title": "Great product",
            "helpful": 0,
            "author": "Naba Kumar MAITY",
            "text": "I'm using this phone at least 10 days. The phone is awesome. Battery life is good. Camera is excellent. I get android latest update 7.1.1 yesterday.",
            "certBuyer": true
        }
    ],
    [
        {
            "rating": 5,
            "title": "Awesome",
            "helpful": 0,
            "author": "Flipkart Customer",
            "text": "Best phone ever",
            "certBuyer": true
        }
    ],
    [
        {
            "rating": 5,
            "title": "Terrific purchase",
            "helpful": 0,
            "author": "PANKAJ  Rana",
            "text": "nice product",
            "certBuyer": true
        }
    ],
    [
        {
            "rating": 5,
            "title": "Simply awesome",
            "helpful": 0,
            "author": "Flipkart Customer",
            "text": "The product was delivered on time and received in very good condition. Happy with the service",
            "certBuyer": true
        }
    ],
    [
        {
            "rating": 4,
            "title": "Very Good",
            "helpful": 0,
            "author": "Naveen Tomar",
            "text": "good",
            "certBuyer": true
        }
    ],
    [
        {
            "rating": 5,
            "title": "Simply awesome",
            "helpful": 0,
            "author": "shiva prasad",
            "text": "One of the best phone in this range, worth buying now",
            "certBuyer": true
        }
    ],
    [
        {
            "rating": 5,
            "title": "Brilliant",
            "helpful": 0,
            "author": "Flipkart Customer",
            "text": "The phone is awsm but the seller is a cheater don't buy it frm blackberry stores i repeat never",
            "certBuyer": true
        }
    ],
    [
        {
            "rating": 3,
            "title": "Just okay",
            "helpful": 0,
            "author": "Prasoon Sinha",
            "text": "Battery drain very fast and phone gets heat up.. Not worth of price",
            "certBuyer": true
        }
    ],
    [
        {
            "rating": 4,
            "title": "Good!!! U can buy it if you are Sony lover!!!",
            "helpful": 0,
            "author": "SOURAV SARKAR",
            "text": "Good but price is still high!!!!!  & everything is ok.",
            "certBuyer": true
        }
    ],
    [
        {
            "rating": 5,
            "title": "Not useful",
            "helpful": 0,
            "author": "rajiv chavda",
            "text": "Not useful mobile",
            "certBuyer": true
        }
    ],
    [
        {
            "rating": 5,
            "title": "Great product",
            "helpful": 0,
            "author": "sumit teke",
            "text": "Best in its class device.\n\nI am a big fan of sony i think its my 7th sony phone.\n\n\nSeller is also good, priduct got delivered in just two days.",
            "certBuyer": true
        }
    ],
    [
        {
            "rating": 4,
            "title": "If You Love Sony then it will be perfect.",
            "helpful": 0,
            "author": "Somnath Ghosh",
            "text": "After some day use , i will tale you only cons.\nA. After use 4g internet and camera aps it will HEAT a bit , thats not like you. And the bad thing that you don't have a first charging . So what you want its depend upon you.",
            "certBuyer": true
        }
    ],
    [
        {
            "rating": 5,
            "title": "Just wow!",
            "helpful": 0,
            "author": "hussain shaik",
            "text": "Tihs awesome thank you filkart",
            "certBuyer": true
        }
    ],
    [
        {
            "rating": 3,
            "title": "Delightful",
            "helpful": 0,
            "author": "mamata tripathy",
            "text": "I am using this product since 6 months back.one of the most important issue is i have paid Rs.34.990 to flipfcart for price of this product.after 4moths of using this product my phone is sleep down  from my hand with in 2feet distance from height and then display of this phone immediately out of order.then i contact the service centre,repair and paid Rs.12.537 for this which was not under warranty.so i recommend not to buy this phone.",
            "certBuyer": true
        }
    ],
    [
        {
            "rating": 4,
            "title": "Good quality product",
            "helpful": 0,
            "author": " Uma Maheswar Rao Seethapathi",
            "text": "it's  very nice  product and early delivery inspired me......thank you for your cooperation....",
            "certBuyer": true
        }
    ],
    [
        {
            "rating": 1,
            "title": "Met Expectations",
            "helpful": 0,
            "author": "Liya G",
            "text": "Pathetic phone firstly had charging problem so replaced phone now its not even a month it is giving audio problem and even after answering call ppl not able to hear me nor i can hear them.. Horrible phone",
            "certBuyer": true
        }
    ],
    [
        {
            "rating": 5,
            "title": "Perfect product!",
            "helpful": 0,
            "author": "Raghava Krishna",
            "text": "Deadly product",
            "certBuyer": true
        }
    ],
    [
        {
            "rating": 5,
            "title": "Worth every penny",
            "helpful": 0,
            "author": "Ramesh Kumar. V. G.",
            "text": "Good phone.",
            "certBuyer": true
        }
    ],
    [
        {
            "rating": 1,
            "title": "Wonderful",
            "helpful": 7,
            "author": "Saagar Bhasin",
            "text": "Worst experience ever.. Already placed return request.",
            "certBuyer": true
        }
    ],
    [
        {
            "rating": 5,
            "title": "My first sony xperia mobile z5 premium",
            "helpful": 10,
            "author": "Trivikram",
            "text": "Awesome picture clarity with clear detail even after zooming into pictures. Superb built quality...Thanks Sony...:)\n\nIf anyone think that the display has not much brightness then its not true...Go to Display settings and disable Adaptive brightness...you will observe bright screen...:)\n\nComing from an Apple user!!!\n\nFlipkart delivery service was poor this time...delayed by 3 days...was suppose to get this super device on 10th Nov, but received on 13th after following up with flipkart customer service.\n\nNote: My rating is for only z5 premium phone.",
            "certBuyer": true
        }
    ],
    [
        {
            "rating": 1,
            "title": "Very poor",
            "helpful": 5,
            "author": "Ravi Prakash",
            "text": "Very embarrassing..... Headphone not received\nFlipkart very poor service you play with the feeling of customer\nNot recommend to buy product as gift",
            "certBuyer": true
        }
    ],
    [
        {
            "rating": 1,
            "title": "Waste of money!",
            "helpful": 8,
            "author": "Flipkart Customer",
            "text": "Horrible experience..I bought this phone for my husband from Omni Tech retail on 06th Feb 2017..Within 19 days of purchase the phone has gone dead inspire of being used with utmost care..Absolutely nothing appearing on the screen..Although it's covered under warranty but I have to run about to the sony authorized centre's for its replacement..Very upset with Flipkart for offering such 3rd grade retailers..",
            "certBuyer": true
        }
    ],
    [
        {
            "rating": 1,
            "title": "Good",
            "helpful": 10,
            "author": "Pritom Das Gupta",
            "text": "The is no usb data cable in the packet, and phone imei number and packet imei number is not match, so i can't understand this phone send me is that Real or Copy...",
            "certBuyer": true
        }
    ],
    [
        {
            "rating": 1,
            "title": "SONY Xperia Z5 Premium Dual",
            "helpful": 11,
            "author": "Flipkart Customer",
            "text": "The product sent to us was a very old product with packaging date as December 2015 .\nSince the product has inbuilt battery, and its a 2 year old product, 100% battery is draining out completely in 2 hours time.\nVery bad experience with the seller and flipkart.",
            "certBuyer": true
        }
    ],
    [
        {
            "rating": 5,
            "title": "Fabulous!",
            "helpful": 2,
            "author": "Muzammil Pasha",
            "text": "Thank you flipkart",
            "certBuyer": true
        }
    ],
    [
        {
            "rating": 1,
            "title": "delivered an already used product",
            "helpful": 3,
            "author": "Shravan nani",
            "text": "worst experience ever, delivered an already used product,its defective one  overheating...and saying this is flipkart assured product.. shame on u flipkart for encouraging these  fraud seller(omnitech retail)",
            "certBuyer": true
        }
    ],
    [
        {
            "rating": 5,
            "title": "I am Loving It. :)",
            "helpful": 4,
            "author": "Anant Sharma",
            "text": "Awesome phone from sony.........................................................................\n.\n\n\n\n\n\n\n\n\n\n\n\n\n\n.........................................\n......................",
            "certBuyer": true
        }
    ],
    [
        {
            "rating": 2,
            "title": "Premium but bad performance...not a good phone...",
            "helpful": 6,
            "author": "HARIKRISHNAN S",
            "text": "Premium and feel is good. But the main problem is overheating. It's back is metal so all the heat generated will be felt. Also the Snapdragon 810 has the problem of overheating. Snapdragon 810 was itself a flop due to this. I had asked for replacement and the replacement product also had the same problem. Also the battery drains too quickly... Fast charging is not that fast. The camera is also not good. I got the refund. Thank you Flipkart for fast refund... I love Flipkart and I will buy only from Flipkart because the customer service is superb..",
            "certBuyer": true
        }
    ],
    [
        {
            "rating": 1,
            "title": "Did not meet expectations",
            "helpful": 2,
            "author": "Dagudu Venkatesh",
            "text": "Too worst don't purchase it in flip kart. Worst service by flipkart. Product also bad. Don't purchase costly products in flipkart. Thank you..... This review may help you.....",
            "certBuyer": true
        }
    ],
    [
        {
            "rating": 3,
            "title": "Nice",
            "helpful": 2,
            "author": "Abhay Prasad",
            "text": "It was Flipkart assured, but I have received the product with broken seal, what is the meaning of assurerance by Flipkart",
            "certBuyer": true
        }
    ],
    [
        {
            "rating": 5,
            "title": "Five Stars",
            "helpful": 1,
            "author": "Arindam Maity",
            "text": "Not bad......good product",
            "certBuyer": true
        }
    ],
    [
        {
            "rating": 1,
            "title": "Utterly Disappointed",
            "helpful": 1,
            "author": "AVINASH KUMAR",
            "text": "Most of Pieces r defective.  n flipkart not taking any responses",
            "certBuyer": true
        }
    ],
    [
        {
            "rating": 1,
            "title": "Waste of money!",
            "helpful": 0,
            "author": "Flipkart Customer",
            "text": "Maybe send old phone for me, front camera very worst hanging problem please help me my money is waste...",
            "certBuyer": true
        }
    ],
    [
        {
            "rating": 5,
            "title": "Best in the market!",
            "helpful": 1,
            "author": "Love  Sharma",
            "text": "Hood customers service by flipkart",
            "certBuyer": true
        }
    ],
    [
        {
            "rating": 4,
            "title": "Timely delivery and the phone was good",
            "helpful": 0,
            "author": "Suham",
            "text": "Ekart delivered the phone on time in 2 days and the phone looked pretty good.",
            "certBuyer": true
        }
    ],
    [
        {
            "rating": 5,
            "title": "Just wow!",
            "helpful": 5,
            "author": "Flipkart Customer",
            "text": "Wow awesome.but icant get my warranty what I do.phone just awesome.good working.I get this phn in 2 days before and check the sony care apps in this phone they are telling warranty 3-1-2017.I cnt understand .filpcart not issues the warranty period properly .no entries in warranty pepper.what I do??",
            "certBuyer": true
        }
    ],
    [
        {
            "rating": 1,
            "title": "Worthless",
            "helpful": 1,
            "author": "rahim khan",
            "text": "Very bad service.. Don't ever try to book online through flipkart. They sell  all the worst product  and after that don't even try to refund your money",
            "certBuyer": true
        }
    ],
    [
        {
            "rating": 1,
            "title": "Not recommended at all",
            "helpful": 1,
            "author": "Sagar K",
            "text": "They have given used phone. I need replacement of new phone.",
            "certBuyer": true
        }
    ],
    [
        {
            "rating": 1,
            "title": "the phone is superb but flipkart started cheating",
            "helpful": 35,
            "author": "Paresh Bhinde",
            "text": "this is the first experience of getting cheated by Flipkart. In the offers section it was mentioned that we will receive a Smart cover along with the phone but flipkart didn't provide us with any cover, said sorry for this. Sorry doesn't help, I would like to know if you can't give an item which you have mentioned on the page, then why do you put it in first place.Rating is about flipkart service not about the phone.",
            "certBuyer": true
        }
    ]
]