[
    [
        {
            "rating": 5,
            "title": "beast of camera phones",
            "helpful": 65,
            "author": "yoganand n",
            "text": "My favourites while selection were iphones 6s, galaxy s6 edge, g4, one m9 plus.\n \nPros:\n1)\tCamera: z5's 23mp produces 100% pure natural colours in daytime. Its photo quality in auto mode is the best for daytime photos. Its wide lens produces very accurate images of objects even 35-40 metres away, as it got lossless image processing tech.  I was bit worried the small flash won\u2019t help even a bit for night photography. But Z5 produces marvellous images even in too low light (even in 20% of lighting). I compared my friends 6s, s6 with z5, and both can\u2019t even match to 50% of this phones quality. This phone is the most best for wildlife photography. Took this phone for my friend\u2019s wedding, and a highly reputed photographer from Bangalore who was doing the wedding coverage was amazed at z5\u2019s camera quality after he clicked some pictures. Its 4k recording is beast. Did 10mins of 4k recording with phone getting light warm (not hot). Get some image samples from internet and verify yourself. 10/10\n2)\tBuild: Very Premium build. Never compare z5\u2019s  build with others. The phone gets warm on heavy usage, because of its tight packaging. It cools off immediately  as it got heat pipes and thermal paste applied over processor. 10/10\n3)\tBattery: The phone was discharging very fast after 1st charge. Lasted only one day (may be due to firmware update). On 2nd charge, watched movie for 2.5 hours, listened to music for 4 hours, browsed for around 2 hrs, took around 9-10 snaps with flash and had a talk time of almost 45 mins, But phone had discharged to only 47 %. Battery lasts easily a day even on heavy usage.  On slightly above normal usage it lasts 1.5 -2 days. 10/10\n4)\tColour: I bought graphite black. In image it seems to be dull coloured. But in real, black is awesome. Even gold is awesome. \n5)\tSound: Phone got dual speaker both at the top and bottom (front of phone). The sound is very crisp and bass effect is good. Due to the speakers, the phone size is bigger.10/10\n6)\tDisplay: The display is too crisp compared to other phones of same size. And colours are natural (10/10).\n7)\tPerformance:  Since my first usage, none of the apps ever hanged. Played all high end games, but after playing for around 20mins, the phone gets warm to hot. But it cools down quickly once app is exited. Don\u2019t go with benchmarking as this is a 3gb model. 9/10\n\nCons:\n1)\tOnly while updating phone for the first time, it heats up a lot.\n2)\t Phone gets warm (not hot) on heavy usage.\n3)\tPricy but not too pricy when taken its feature into consideration. If govt reduces tax the phone might cost less.",
            "certBuyer": true
        }
    ],
    [
        {
            "rating": 5,
            "title": "My seven days with this phone",
            "helpful": 52,
            "author": "Kamal Kishore",
            "text": "Following are my observations/views:\n1 Dual sim ( dual sim option is rare in High end phones in India) ( i bought because of this)\n2 Premium look\n3 Heats up (it is made airtight for waterproofing) Software updates may improve heating issues\n4 Ringer is not so high. ( in traffic we may miss ringtones) Not an issue\n5 Battery lasts for one day only even with 2G network ( may be improved by updates)\n6 At software level features are not large as compared to Samsung phones of same level\n7 23 MP camera. (It has G Lens) It is not as great. 16 MP cameras from other phones may have good result over this.\n8 It has dual sterio speakers ( top and bottom)\n9 Sound quality is good.\n10 Finger sensor works great. (at present we can not use app lock that uses finger sensor in this phone) However Android 6 (Marshmallow) will have finger sensor in OS. So third party application will be available \n I will update my new experiences soon\n\nSecond Update:\nI have been using Xperia Z5 Dual for the last 9 months:\n\n1. Marshmallow has opened its finger sensor to many third party applications. ( I am using Lockdown Pro for apps lock)\n2. Battery lasts longer now. \n3. Ringer loudness is sufficient.\n4. Camera quality is also increased.\n5 Heating issue is not much.\n\nAs as whole phone is worth to buy ( price also slashed). It looks quite premium in hand. \nI dont like four corners of the phone. These are of polycarbonate. The edges of corners from the back of the phone has given off their golden color.",
            "certBuyer": false
        }
    ],
    [
        {
            "rating": 4,
            "title": "One week with xperia z5 dual",
            "helpful": 8,
            "author": "Nigel Fernandes",
            "text": "First of all flipkart did a great job with the delivery of this product. Placed the order and received the product on the same day.\n\nHere are my reviews after using this phone for almost a week\n\n-The phone is superfast. I haven't felt any kind of lag or slowdown yet even while multitasking and having almost all the apps open in the background.\n- The rear camera is the best sony has come up with so far. The autofocus is really really fast. Takes amazing pics however still struggles in low light. \n-The front camera could do a lot better. Being a 5mp sensor it doesn't do that much justice plus it takes a second or two to actually capture after u have clicked, so u will need to stay still for somtime.\n-The battery lasts for about 10-12 hrs on heavy usage and for upto a day and half on moderate use. Takes about 1.5 hrs for a full charge from 0-100%. \n-The phone does heat up while charging or playing games but i guess thats quite common on all the z series. Nothing to worry according to sony.\n- The dual speakers will give u a sharp and crisp sound while playing music and it is loud enough so u wont miss a call even in heavy traffic.\n- The phone does have a premium look and feels rich in the hand however its quite slippery and needs to be handled carefully. Fixed myself with a grip case which does take away the look of the phone.\n- The fingerprint sensor is very fast and accurate however it wont register your print even if your finger is a lil bit wet. Not a problem you can still unlock it by entering a pin.\n- As far as the waterproof part goes i wont be taking this phone for a swim as sony has made some changes on their website with regards to the IP 65/68. They might not take any responsibility for damages if u completely submerge your phone in water. Also it needs to be kept away from salt water, chlorinated water and liquids such as drinks. Where does the waterproof part that they advertise so much about apply then. \n\nHope you guys find this review useful. Will be posting another one later. Need some more time to fully exploit the other features.",
            "certBuyer": true
        }
    ],
    [
        {
            "rating": 5,
            "title": "The Best Premium Phone Ever - The Pros and Cons",
            "helpful": 26,
            "author": "Nattath Sreeram ",
            "text": "Pros:\n1. The Matte Finish of the screen and Glossy Back makes the Design Perfectly premium.\n2. I am a Photo-Freak and Loved the SLR equaled 23MP Camera.\n3. Snapdragon 810 Octa Core packed with 3GB RAM make it a beast.\n4. Water Proof, FingerPrint and what else would you need !!! Awesome.\n5. One of the only Dual SIM Supported Premium Phones.\n\nCons:\n1. Heating issues are lesser compared to my Xperia Z1 but still heats up a little too much on heavy usage.\n2. Takes great selfie shots but no Flash on the Front Camera is a Drawback.\n\nOverall I loved it soooooo much...",
            "certBuyer": true
        }
    ],
    [
        {
            "rating": 5,
            "title": "Little expensive but an amazing phone",
            "helpful": 16,
            "author": "Ashutosh Arya",
            "text": "First of all amazing service by Flipkat :)\nFor the phone\n1. The moment you hold the phone its real royal. \n2. One of the best in market configuration\n3. Camera very good, Flash could have been better (still using pulse LED)\n4. Touch very good, Display quality exquisite.\n5. Finger print sensor , very accurate.\n6. No heating issue till not\n7. Yeah little expensive, but if you can by a 32 gb Apple phone with 8 mp camera and non expendable memory, I would rather prefer thing phone. I know Iphone is fast, but I am not sure it is notable. 3 gb of ram can run lot of stuff before you feel the slowness",
            "certBuyer": true
        }
    ],
    [
        {
            "rating": 5,
            "title": "Sony the Best",
            "helpful": 6,
            "author": "Surendra Chauhan",
            "text": "Best phone in market, best camera ,this time SONY did great job, phone is Fantastic in every angle, nice Design, looks beautiful to hold, Battery also very good, very nice Camera, no lag , smooth, light & it's a Master Piece, Go for it.",
            "certBuyer": false
        }
    ],
    [
        {
            "rating": 5,
            "title": "Just wow!",
            "helpful": 4,
            "author": "the katil",
            "text": "If you don't want to compromise with quality and looking for smartphone with all good features like water and dust proof, fingerprint sensor, good camera, expandable memory, good internal memory, fast processing, etc. then this product from Sony is what I suggest.",
            "certBuyer": false
        }
    ],
    [
        {
            "rating": 5,
            "title": "Simply awesome",
            "helpful": 4,
            "author": "Cherian Jacob",
            "text": "I have had little problems so far. During making calls. The screen shuts down automatically. I have to use the power button to bring it back on, ending the call. \nOther than this ,i haven't faced much problems . No hanging. Camera is good. Battery life is acceptable.",
            "certBuyer": false
        }
    ],
    [
        {
            "rating": 5,
            "title": "Good phone, over priced",
            "helpful": 11,
            "author": "Vinoj",
            "text": "Pros:\nGood design and premium feel,\nPlacement of fingerprint sensor feels perfect.\nPhone is fast with 3gb ram and snapdragon 810. \nRear camera is very good.\nAnd love the small apps.\nbeing a flagship phone this is only a phone which supports external SD card.\n\ncons: \nNo flash for front camera\nHeating issues during heavy app usage/playing games.\nOverpriced.",
            "certBuyer": true
        }
    ],
    [
        {
            "rating": 4,
            "title": "Good Phone but extremely overpriced",
            "helpful": 7,
            "author": "Kunal Shukla",
            "text": "Checked this phone at the sony store and played around with this for 15 min. Here are my initial thoughts\n\n1. Design feels and looks premium. The frosted glass at back is better than all previous xperia versions\n\n2. battery life couldn't test. But camera uses the battery pretty fast\n\n3. heating issue is still there but much less when compared to z3+\n\n4. screen quality hasnt improved much. There are better LCD screen out there and at much lower price range.\n\n5. Camera performed good inside the showroom under good lighting but you could easily see artefacts around objects. Autofocus is amazingly fast and response time is second to none. Low light photography still needs much improvement in my opinion and a weak flash doesn't help the cause.\n\n6 Audio quality is good but phone backside vibrates on full volume. Ringer volume is average at best.\n\n7 Bundles with quick charger and flip cover can needs to get through xperia lounge which is a hectic procedure.\n\n8. Software is vanilla android like with no extra features as provided by the likes of samsung, LG or even HTC.\n\n9. Priced around 47K I thought it to be very expensive. If it had been priced around 37k it would have been a better buy. \n\n10 fingerprint id coudln't check as i wasn't allowed to set my fingerprint for obvious reasons. Though the feedback from power button itself isn't that great if I compare it to previous generation Xperia's.\n\nNo wonder samsung guys had much buyers to attend than the sony guys which gave me all that time to play around with this monster of a device. Undoubtedly the best sony yet.",
            "certBuyer": false
        }
    ],
    [
        {
            "rating": 4,
            "title": "Nice product",
            "helpful": 2,
            "author": "Ravivarman",
            "text": "Camera and performance is awesome, battery life is good for normal usage.\nAfter updating to Nougat 7.0 felt some reduction of volume in loud speaker",
            "certBuyer": false
        }
    ],
    [
        {
            "rating": 5,
            "title": "Perfect product!",
            "helpful": 1,
            "author": "Flipkart Customer",
            "text": "Nice phone",
            "certBuyer": false
        }
    ],
    [
        {
            "rating": 3,
            "title": "Does the job",
            "helpful": 1,
            "author": "Flipkart Customer",
            "text": "M using this phone from last 2 month all thing are good but only the display quality is too bad...  m Disappointed by Sony...",
            "certBuyer": false
        }
    ],
    [
        {
            "rating": 5,
            "title": "Super!",
            "helpful": 1,
            "author": "rohit sonawane",
            "text": "Past 10 months i m using this device... Totally speechless.... Sony is quality... I love sony products... Worth 52000 rs.... Price is still 50000. ... RICH BRAND...???",
            "certBuyer": true
        }
    ],
    [
        {
            "rating": 4,
            "title": "Amazing fone",
            "helpful": 1,
            "author": "Shivam393  X",
            "text": "Fone is best display is very gud quality\nCamera is 23mp pictures is soo clear\nBut hand free sound is little low but phone is awesome.",
            "certBuyer": false
        }
    ],
    [
        {
            "rating": 5,
            "title": "lovely features and lot of benifits",
            "helpful": 1,
            "author": "Rudra Mukherjee",
            "text": "This is awesome .this phone has such a beautiful features...",
            "certBuyer": false
        }
    ],
    [
        {
            "rating": 5,
            "title": "Unmatched Phone",
            "helpful": 1,
            "author": "Kaushal  Purohit",
            "text": "Sound quality\nSuper fast processor\nRare flagship device with dual sim\nWater and Dust proof\n23 mp Camera with 4K Recording\nPlayStation Games\nAnd much moreeee....!!\n\nHIGHLY RECOMMENDED FOR SONY LOVERS",
            "certBuyer": true
        }
    ],
    [
        {
            "rating": 1,
            "title": "very expensive",
            "helpful": 13,
            "author": "Faisal Khatri",
            "text": "Now a days companies like Sony, Apple & HTC have good and long lasting phone models. But the race is not for the end user, it\u2019s for the user who can afford the company's manufacturing end products. Companies are thinking on the wrong side of the drum. They feel high end phones will inspire 100 people, but they don\u2019t know, people who are inspired, can afford the phone by 1%, so overall the mishap of expensive phones is only 1% sale. Rest is the hype created by marketing without actual user survey.",
            "certBuyer": false
        }
    ],
    [
        {
            "rating": 4,
            "title": "genuine product",
            "helpful": 2,
            "author": "ag. ",
            "text": "I got my item on time as promised, so far my Z5 looks preety good and solid,although i wished the packaging could have been much better,as it was merely just a dual layer protection packaging(outisde main cover box and inside a very thin single layer flexbile sponge type plastic sheet wrapped around the z5 box)  for a premium phone like this considering the various transit stoppages it undergoes during delivery process.I shall do another review later after scopping the phone in detail. \nPS: quick and responsive seller.",
            "certBuyer": true
        }
    ],
    [
        {
            "rating": 1,
            "title": "Nexus 6p",
            "helpful": 2,
            "author": "Harshang Chhaya",
            "text": "110 times better Nexus 6p.\n same configuration",
            "certBuyer": false
        }
    ],
    [
        {
            "rating": 4,
            "title": "Flagship phone! serious!",
            "helpful": 4,
            "author": "Venkat Vinay",
            "text": "*****This review or ratings is for the phone and not for flipkart***** \nI bought this phone from Sony Centre 10 days back. After using this mobile for 10 days, here are my reviews: \n1) Processor: Xperia Z5 has Snapdragon 810 processor. On this phone, this is under clocked processor. Which is not given the best in performance. \n2) Heating issue: This phone heats up like hell and the battery will drop drastically. I tried playing HD games, VR Video streaming. One can't even hold the phone. Heating of the phone can be noticed when you use camera options like AR effect, AR Mask, & 4k video. \n3) Camera: This phone has G sensor with 23 million pixles. But on daylight, images are good not the best. Low light conditions, forget about taking images. \n4) Fingerprint Scanner: Sony changed the iconic round power button to flat button which acts as unlocking the phone along with Finger print. This scanner is smooth and worked all the time. One can save upto 5 finger prints. \n5) Display: Display is gud. One can enjoy gud quality of full HD movies or video clips* \n *Conditions apply: You need to place the phone on a stand, you cant hold the phone for long since the phone gets heated up. \n6) UI: This phone has Sony UI based on Android 5.1.1. UI is smooth \n7) Sony apps: There are lots of sony apps, you can uninstall them if you are not using them. \n8) Camera Options: Whats the point in providing awesome options in camera when you can't even enjoy the best pics. My OPX delivers the best images in all conditions. \nOverall - this is not worth for the money. \n\n------- Update after 30 days of usage & after Andy 6.0 Mashy update;-) --------\n\n1) Drastic update to cam app. Currently i have 654 pics & 18 videos in my gallery which was clicked from Sony Xperia Z5 cam. Stock cam looks pretty descent. I started using 3rd party cam app (Camera MX) for clicking pics. Now I prefer Stock cam after updating to 6.0 \n2) As said before, Sony UI on top of Andy 6.0 is smooth. No lags in UI\n3) Lots of security features after update. (You can't download youtube videos from 3rd party apps. Micro SD is used only to store Media files. I experienced lag in apps after moving them from Phone to SD Card.\n4) Heating issue is still the same.\n5) Before & Now, battery is awesome. As said by Sony, I can use the phone for full 2 days (Provided, usage for only calls and msgs).\n6) Please remove SD card if you have in your phone while updating to 6.0 (My SD Card got corrupted :-( after update) \n\nOverall - Please update to latest version of Android (6.0 Mash-mellow) to unleash the beast of your phone.",
            "certBuyer": false
        }
    ],
    [
        {
            "rating": 2,
            "title": "I personally dont like this device",
            "helpful": 2,
            "author": "vicky",
            "text": "using it since launch\nPhone is good but sony mobiles are not like what it used to be before...\npros:\nGood display\nCamera is also fine but nothing extra ordinary so adding of pixels doesn't bring much change\nnot any other pros..\nCons:\nheats a lot\nlags a lot after heating\ncamera surprisingly not as expected\ndoesn't look as premium as other phones\nover sized\npoor xperia User Interface",
            "certBuyer": false
        }
    ],
    [
        {
            "rating": 1,
            "title": "Disappointed",
            "helpful": 5,
            "author": "Guest",
            "text": "Flag ship - is not a perfect word for this phone from Sony. I have been using it for past 1 month and n nothing impressive \n\nFinger print won't work properly if you have even little bit of wet finger \n\nCamera is not impressive. Even 20k phone gives better clarity \n\nImportant - phone heats up very quickly in 10 mins of usage \n\nPhone doesn't looks that much premium. Yes the square edge looks great but not comfortable in had ( note I used 4.7 inch phone b4 and using this 5.2 inch feels very uncomfortable) \n\nI'm still in confusion to use under water or not since Sony has taken a step back with their terms n condition on their water resistance features \n\nOver all for the money I spend I'll give 1 \nIf you have 40k plus n not a iPhone lover then close your eyes n go for Samsung s6 edge.. \n\nI hate Samsung before becoz of its usual look but after hands on experience I loved it n feeling sad for buying Sony \n\nI don't recommend any one to stop buying Sony z5 dual .. Before buying try demo of s6 edge.. You will know which s premium n flag ship \n\nSorry Sony",
            "certBuyer": false
        }
    ],
    [
        {
            "rating": 1,
            "title": "Gobbu moBile",
            "helpful": 1,
            "author": "Flipkart Customer",
            "text": "sharing experience of 5months very bad phone not a worth of buying",
            "certBuyer": false
        }
    ],
    [
        {
            "rating": 5,
            "title": "Great phone at this price",
            "helpful": 1,
            "author": "Paras Jaglaganeshwala",
            "text": "Purchase in Jun-16\nPro: \n1] Awesome battery life,  after 4 to 5 chrge.\nEasily get SOT is 6 hr when charge with original charger.\n2] Decent camara both. In low light also\n3] Never hang or heating issue( only heavy use)\n4] super display quality. \n5] Free ram is around 1.3 gb\n6] Best UI with theme.\n7] Best look, no need cover..mine graphite black. \n\nCons:\n1] Average fingerprint sensor. If you change lock screen type all fingerprint reset.\n2] No Original accessories available in market or even in Sony store. [ if you are fan]\n3] Charging time is higher.",
            "certBuyer": false
        }
    ],
    [
        {
            "rating": 1,
            "title": "Useless product",
            "helpful": 0,
            "author": "Ashis sonar",
            "text": "hii i am prches z 5 dual only one week he dead and filip cart not supported",
            "certBuyer": true
        }
    ],
    [
        {
            "rating": 5,
            "title": "Best in the market!",
            "helpful": 0,
            "author": "Flipkart Customer",
            "text": "Thank you Flipkart.\nBut it is hard to fine Shockproof cases.",
            "certBuyer": true
        }
    ],
    [
        {
            "rating": 4,
            "title": "Value-for-money",
            "helpful": 0,
            "author": "Ragavan",
            "text": "Excellent phone. That says all.",
            "certBuyer": true
        }
    ],
    [
        {
            "rating": 5,
            "title": "Excellent",
            "helpful": 0,
            "author": "Ajith kumar Pogu",
            "text": "Guys its SONY you can buy it blindly.",
            "certBuyer": true
        }
    ],
    [
        {
            "rating": 5,
            "title": "Awesome",
            "helpful": 0,
            "author": "jitendra singh",
            "text": "Super phone",
            "certBuyer": true
        }
    ],
    [
        {
            "rating": 5,
            "title": "Just wow!",
            "helpful": 0,
            "author": "Flipkart Customer",
            "text": "It's great phone then iPhone 6s great display awesome preformed water proof dust proof gold colour is brilliant then other gold colour don't buy iPhone",
            "certBuyer": false
        }
    ],
    [
        {
            "rating": 4,
            "title": "Pretty good",
            "helpful": 0,
            "author": "Sunil Thombare",
            "text": "Good",
            "certBuyer": true
        }
    ],
    [
        {
            "rating": 4,
            "title": "Pretty good",
            "helpful": 0,
            "author": "Jalireddy Lingareddy",
            "text": "Good phone, but i have find two problems\n1) when start the camera for video recording phone getting too much heat with in 5 minites and turn off video recording automatically\n2)flash light is very low\nRemaining others is fine.",
            "certBuyer": false
        }
    ],
    [
        {
            "rating": 5,
            "title": "Just wow!",
            "helpful": 0,
            "author": "Flipkart Customer",
            "text": "Best phone ever...",
            "certBuyer": false
        }
    ],
    [
        {
            "rating": 5,
            "title": "mbl",
            "helpful": 0,
            "author": "Karthik",
            "text": "Good",
            "certBuyer": false
        }
    ],
    [
        {
            "rating": 1,
            "title": "Absolute rubbish!",
            "helpful": 0,
            "author": "Kiran N Reddy",
            "text": "Went worst with my purchase of sony xperia z5",
            "certBuyer": true
        }
    ],
    [
        {
            "rating": 4,
            "title": "Nice product",
            "helpful": 0,
            "author": "Flipkart Customer",
            "text": "Nice phone but increase selfie camera and battery",
            "certBuyer": false
        }
    ],
    [
        {
            "rating": 5,
            "title": "Must buy!",
            "helpful": 0,
            "author": "Shoaib saifi ",
            "text": "I'm very impressed for this features looking gud",
            "certBuyer": false
        }
    ],
    [
        {
            "rating": 5,
            "title": "Highly recommended",
            "helpful": 0,
            "author": "Akhil DR Akhi",
            "text": "Supper phone....",
            "certBuyer": false
        }
    ],
    [
        {
            "rating": 5,
            "title": "Worth every penny",
            "helpful": 0,
            "author": "Raushan Sharma ",
            "text": "Awesome phone.....white fast processing and best camera...the best of sony for best of me.....thanks aony",
            "certBuyer": false
        }
    ],
    [
        {
            "rating": 5,
            "title": "Best in the market!",
            "helpful": 0,
            "author": "Rohan Ganatra",
            "text": "Best in design & resolution and performance of mobile is awesome.",
            "certBuyer": false
        }
    ],
    [
        {
            "rating": 5,
            "title": "Fabulous!",
            "helpful": 0,
            "author": "Raja Rahangdale",
            "text": "Superb Great Work love flipkart awesome products",
            "certBuyer": true
        }
    ],
    [
        {
            "rating": 5,
            "title": "Worth every penny",
            "helpful": 0,
            "author": "Akshay Kamble",
            "text": "I own this best phone till date. Very classy!! 5 star rating for Z5.",
            "certBuyer": false
        }
    ],
    [
        {
            "rating": 5,
            "title": "Awesome",
            "helpful": 0,
            "author": "Vamshi Krishna",
            "text": "Nice producj",
            "certBuyer": false
        }
    ],
    [
        {
            "rating": 4,
            "title": "Best in performance and build but with some flaws",
            "helpful": 0,
            "author": "Alekh Andole",
            "text": "I bought this phone from the local market at 35k, this price is not available online. Not in any ecommerce sites.\n\nI have been using this phone since a month and here are my findings:\nBuild and quality are very good. IP68 stands on its word. Tested it underwater and not a single drop remains in any of the parts. But make sure to let the ports dry completely do not charge or plugin your headphones just to be on a safer side.\n1. Display: good and crisp. Contrast and brightness levels are decent. Outdoor visibility is good as well but the auto brightness mode doesn't work properly.\nIt increases contrast instead of brightness. \nIm using manual brightness control for now and I hope Android Nougat update will include a fix for this.\n2.Software and Multitasking: Since the day I brought the phone I updated it to marshmallow and it works very well.\nNo lag at all.. Apps run smoothly,multitasking is good as well. Holds upto 6 day to day apps in memory consumes and consumes 2.1Gigs of RAM on an average.\nThe phone does heat up while gaming and when using the camera app. But it doesn't make the usability sluggish or unresponsive. And as soon as we are out of these apps the phone cools down quickly.\n3. Camera and Batter life: 23MP sensor in the intelligent auto mode does a great job for all your randoms clicks in daylight and for macro pictures the wide angle less does help us in take very good landscapes.But if you want to take the full potential of the camera use the maual mode you have all the rich controls and they do the job in the way we need .\nFront camera is wide angle too and helps to grab those backgrounds very well. A flash if included on the front would be awesome but that doesn't make it a deal breaker.\n\nBattery life is OK, just 3 to 3.5 hours of screen on time when the WiFi is always on and when you fiddle some or the other thing on your device whole day. But the standby time is about 2 days when we just take calls and look at messages at 30-40% brightness.\n\nLastly call quality, audio quality and video quality is very impressive try using flac audio files and the headphones will bast your ears, network reception is very good. WiFi holds and connects very well.\nBluetooth and NFC do their job wonderfully.\nIf you need a good day to day companion and some good looking premium device, go for it.\nOr if you have some extra bucks try investing on X performance, Samsung galaxy S6 edge or galaxy S7 they are some very good alternatives.",
            "certBuyer": false
        }
    ],
    [
        {
            "rating": 5,
            "title": "Nice",
            "helpful": 0,
            "author": "Flipkart Customer",
            "text": "I love it",
            "certBuyer": false
        }
    ],
    [
        {
            "rating": 5,
            "title": "Nmb",
            "helpful": 0,
            "author": "Nitin",
            "text": "Excellent mobile and amazing cameras  it'svaryvary excellent mobile",
            "certBuyer": false
        }
    ],
    [
        {
            "rating": 4,
            "title": "Awasome Product for Sony Lovers",
            "helpful": 0,
            "author": "Suresh Chandra",
            "text": "Everything is good.....But I noticed some heating problem. May be it will resolve by software update.",
            "certBuyer": true
        }
    ],
    [
        {
            "rating": 4,
            "title": "best of sony",
            "helpful": 0,
            "author": "rajat kumar",
            "text": "pros: \n-excellent camera with 23mp.\n-fast octa core processor.\n-upto 200gb storage.\n\ncons:\n-should be less price.\n-not comes with latest os like 6.0",
            "certBuyer": false
        }
    ],
    [
        {
            "rating": 3,
            "title": "Camera quality and battery issue",
            "helpful": 0,
            "author": "Flipkart Customer",
            "text": "I have this mbl, the camera pictures is not good as 23 MP. And battery ? is last long one day only.",
            "certBuyer": false
        }
    ],
    [
        {
            "rating": 1,
            "title": "Fake waterproof mobile.",
            "helpful": 13,
            "author": "prasad kanna",
            "text": "Just 10 minutes in rain and the phone got dead. When i approached the service center, they told me that water has got into the mobile and for that warranty is not possible. Worst sony xperia z5 experience. lost 50k in just 6 months. Never again buy sony. Disappointed.",
            "certBuyer": true
        }
    ],
    [
        {
            "rating": 1,
            "title": "Did not meet expectations",
            "helpful": 3,
            "author": "Vikash Shah",
            "text": "The dealer is not official dealer of sony so u don't get warranty very unhappy with flipkart nd my phone is heating a lot nd have some issues with headphone jack",
            "certBuyer": true
        }
    ],
    [
        {
            "rating": 5,
            "title": "Mind-blowing purchase",
            "helpful": 0,
            "author": "Adaikiaraj Arun",
            "text": "Thanking you",
            "certBuyer": true
        }
    ],
    [
        {
            "rating": 1,
            "title": "Dabba phone hai.",
            "helpful": 0,
            "author": "kumar Amrit",
            "text": "Over priced and bakwaas phone.",
            "certBuyer": false
        }
    ],
    [
        {
            "rating": 1,
            "title": "We pay Sony for a Advertisement Player",
            "helpful": 0,
            "author": "Rithwik Jacob",
            "text": "I Switched from Samsung to Sony expecting less bloatware and freezing issues. But I was disappointed.\n\nPros\nDecent Battery Life\nWater Resistance\nTap top unlock\nFinger print unlock\n\nCons\nPoor camera. Images lack clarity compared to my Galaxy s4. No use of megapixels if they lack clarity\nNo native file manager, uses 3rd party which always asks for updates and asks for upgrade to paid version.\nLot of Bloatware. Pre-installed games (Trial games)takes lot of space. even after factory reset and upgrade they came back.\nCheap Headset. No Volume keys on headset.\nUSB connector become very loose for the charging cable within a month of use, other cables and USB OTG were very tight and I was afraid to use the fearing damaging the connector.\nHeating Issues\nWhile roaming the network show \"R\" so we cannot know what is the network type.\nI compared the audio quality with Xiaomi MI4I this was no where near a \u20b913K mobiles audio quality\nNot very good support(read not optimised) for Chromecast",
            "certBuyer": true
        }
    ],
    [
        {
            "rating": 1,
            "title": "Price is high. WS Retail should sell such phone.",
            "helpful": 0,
            "author": "Mohammad Wahidur Rahman",
            "text": "The phone is available at same price or at lesser price at local market, than what is benefit of buying online. WS Retail should sell this type of high end phone than I guess it will available at more lesser price.",
            "certBuyer": false
        }
    ],
    [
        {
            "rating": 5,
            "title": "sony xperia z5 dual",
            "helpful": 0,
            "author": "Raxit Patel",
            "text": "best produt.very fast delivery.best packing.\nvery very good seller.i am satisfied with my mobile\nvery very best product.very low price.good price.",
            "certBuyer": true
        }
    ],
    [
        {
            "rating": 2,
            "title": "Heating Issue when work with Internet",
            "helpful": 1,
            "author": "Jabir Ahammed C",
            "text": "As usual, same like all Z series phone...feeling very high heating issue with this phone..\nam really disappointed! :(\n\nOther than its a perfect phone.!",
            "certBuyer": false
        }
    ],
    [
        {
            "rating": 1,
            "title": "used phone the earphone was not original",
            "helpful": 1,
            "author": "ritesh sharma",
            "text": "i got a used phone from them \nearphone was not the one which you get with xperia z5 which support noise cancellation\nso i am disappointed with them\nfake comany \ngave me the used device\nscreen gaurd was already on the phone and some scratches on it an device",
            "certBuyer": true
        }
    ],
    [
        {
            "rating": 5,
            "title": "Best in the market!",
            "helpful": 0,
            "author": "Vaibhav Choudhary",
            "text": "I want to buy this product please available this on pincode 211004",
            "certBuyer": false
        }
    ],
    [
        {
            "rating": 4,
            "title": "Nice product",
            "helpful": 0,
            "author": "Chhotan Giri",
            "text": "GM Marketing  sell this phone green colour 52999..but Sony  original MRP is 42990.....this seller is most thirdclass seller..I requst flipkat please take a legal action aganist this seller.",
            "certBuyer": false
        }
    ],
    [
        {
            "rating": 5,
            "title": "i want to buy this mobile under 30000",
            "helpful": 0,
            "author": "Sonu kumar",
            "text": "can any one seller provide me this mobile phone under 30000 then that's one is flater for me \n\n Please Dude ?",
            "certBuyer": false
        }
    ]
]