[
    [
        {
            "rating": 5,
            "title": "Terrific",
            "helpful": 122,
            "author": "Kandarp Joshi",
            "text": "Awesome experience.. Received the product before time\ud83d\udc4d",
            "certBuyer": true
        }
    ],
    [
        {
            "rating": 5,
            "title": "Best in the market!",
            "helpful": 95,
            "author": "Flipkart Customer",
            "text": "Simply superb",
            "certBuyer": true
        }
    ],
    [
        {
            "rating": 5,
            "title": "Worth every penny",
            "helpful": 101,
            "author": "AMAR WALE",
            "text": "Worst slow delivery by flipkart, fully disappointed, sony xperia xa1 is full loaded all rounder phone five star is for only sony. One star for flipkart delivery.",
            "certBuyer": true
        }
    ],
    [
        {
            "rating": 5,
            "title": "Love Sony - Just wow!",
            "helpful": 37,
            "author": "Shatarupa Banerjee",
            "text": "bought the blue one and have been using since one week. IPhone has become such a clich&eacute; these days, which is why I decided to go for Sony, which produces premium devices. First mid-range Sony phone with 5.5&quot; display. Very smooth operation. Super fast fingerprint sensor. Excellent cameras - although I personally found the front camera better than the back one. Two days battery backup on full charging and moderate usage. Heavy usage and all day internet/Wi-Fi will give you around 1.5 days. Even 15% battery will give you another 5 hours on stamina mode. Clear and loud speakers. Not to speak of the rich feel of the phone. Beats every other phone in this price segment, both looks and performance wise. Perfect size for small hands as well. Not too bulky like Samsung 5.5&quot; display phones. The blue one is an unusually cool colour, unlike the regular black and gold - trust Sony to include the best in its products.",
            "certBuyer": true
        }
    ],
    [
        {
            "rating": 5,
            "title": "Awesome",
            "helpful": 13,
            "author": "Flipkart Customer",
            "text": "It's my second phone from Sony. And I have no complaint from either of the phone. Looking for trouble free stylish phone sony xperia is the answer.",
            "certBuyer": true
        }
    ],
    [
        {
            "rating": 5,
            "title": "Worth every penny",
            "helpful": 4,
            "author": "Mayuresh Attarde.",
            "text": "Nice product...\nWorth money....\nWorking fine... Smooth performance\nDisplay quality is awesome... \nCamera is perfect.... \nFound front camera better than back one in low light conditions.... \nVery good phone.... \nBattery backup is also very good..... Easily lasts for a day for heavy user... \nDon't go through the negative feedbacks.... Phone is perfect",
            "certBuyer": true
        }
    ],
    [
        {
            "rating": 5,
            "title": "Worth every penny",
            "helpful": 3,
            "author": "Ravitosh Kumar",
            "text": "Till now its gud, battery is fantastic",
            "certBuyer": true
        }
    ],
    [
        {
            "rating": 5,
            "title": "Very Good",
            "helpful": 6,
            "author": "Flipkart Customer",
            "text": "Awasome.  Sony make believe.",
            "certBuyer": true
        }
    ],
    [
        {
            "rating": 5,
            "title": "Excellent",
            "helpful": 6,
            "author": "Anil Kumar Somisetti",
            "text": "Good Sony product i like it. can recommend",
            "certBuyer": true
        }
    ],
    [
        {
            "rating": 5,
            "title": "Terrific",
            "helpful": 4,
            "author": "chirodip  bhadra",
            "text": "Fabulous just love it extremely handy and convenient front camera is okk and back rear camera is incredible....",
            "certBuyer": true
        }
    ],
    [
        {
            "rating": 5,
            "title": "Wonderful",
            "helpful": 4,
            "author": "Flipkart Customer",
            "text": "Premium look.Love it.\nBattery ,user interface,camera ,everything is superb.Lucky one that I bought it",
            "certBuyer": true
        }
    ],
    [
        {
            "rating": 5,
            "title": "Super!",
            "helpful": 6,
            "author": "Sattar Shaikh ",
            "text": "Thanks flipkart",
            "certBuyer": true
        }
    ],
    [
        {
            "rating": 5,
            "title": "Premium Device",
            "helpful": 2,
            "author": "Rahul  Saha",
            "text": "Awesome product..\nReally enjoying it..\nLooks very premium..",
            "certBuyer": true
        }
    ],
    [
        {
            "rating": 4,
            "title": "Good choice",
            "helpful": 2,
            "author": "Flipkart Customer",
            "text": "I am experiencing the Sony XA 1 Plus. Its incredible. Feeling fantastic.",
            "certBuyer": true
        }
    ],
    [
        {
            "rating": 4,
            "title": "Delightful",
            "helpful": 2,
            "author": "Flipkart Customer",
            "text": "Amazing phone for the cost. Loved it. Blue colour is very cool. Sleek design, battery is also long lasting. For all those who like a big screen, this is a good choice...\ud83d\udc4c",
            "certBuyer": true
        }
    ],
    [
        {
            "rating": 5,
            "title": "Super!",
            "helpful": 5,
            "author": "Sivakumar Chandrasekarabharathi",
            "text": "This is a wonderful smartphone from Sony, it's very smooth to operate and doesn't heat while playing games, power utilization is great and charges pretty decently. Front cam is lovely without using beautification tools.. Back cam is 23 mp so obviously it's great and with exmor tech pics are flawless.. I love the music experience it's different from any other phone and it's in next level... Love the premium look.. I keep gazing at it every now and then.. 2 hands needed to operate and slippery back are disadvantages.. I have ordered a premium back cover which should give good grip.. I rate 4.5/5 for Sony Experia XA1 Plus.. Undoubtedly one of the best smart phones I have ever user...",
            "certBuyer": true
        }
    ],
    [
        {
            "rating": 4,
            "title": "Really Nice",
            "helpful": 8,
            "author": "Flipkart Customer",
            "text": "every things is good, but 4g jio direct video call not available.",
            "certBuyer": true
        }
    ],
    [
        {
            "rating": 5,
            "title": "Terrific purchase",
            "helpful": 3,
            "author": "rajesh narandra rao",
            "text": "Value for money\nAwesome phone with extreme battery pack and as well known awesome camera. Music quality is too good - feeling released from a jail after changing from apple i phone.",
            "certBuyer": true
        }
    ],
    [
        {
            "rating": 5,
            "title": "Great product",
            "helpful": 3,
            "author": "Ramakrishna Reddy",
            "text": "awsome mobile from sony..",
            "certBuyer": true
        }
    ],
    [
        {
            "rating": 5,
            "title": "Highly recommended",
            "helpful": 4,
            "author": "Janakiram Rn",
            "text": "Nice mobile Sony you are always best excellent camera and music",
            "certBuyer": true
        }
    ],
    [
        {
            "rating": 5,
            "title": "Fabulous!",
            "helpful": 4,
            "author": "Saju Sudakar",
            "text": "Nice Sony Xperia phone. I really like it.",
            "certBuyer": true
        }
    ],
    [
        {
            "rating": 4,
            "title": "Worth the money",
            "helpful": 4,
            "author": "Amogh Yadawad",
            "text": "Pros : \n1. Looks stylish and premium .\n2. Great battery life.\n3. Sound through ear-phone is too good.\n4. Both front and rear camera are good.\n\ncons :\n1. speaker output is not so effective.\n2. Too big to carry.",
            "certBuyer": true
        }
    ],
    [
        {
            "rating": 5,
            "title": "Wonderful",
            "helpful": 2,
            "author": "udaykiran kiran",
            "text": "This phone is gives very awesome gaming performance and premium quality and camera is good perfect wide cam.. go on it",
            "certBuyer": true
        }
    ],
    [
        {
            "rating": 4,
            "title": "Very Good",
            "helpful": 2,
            "author": "Flipkart Customer",
            "text": "Good product..value for money",
            "certBuyer": true
        }
    ],
    [
        {
            "rating": 5,
            "title": "Highly recommended",
            "helpful": 2,
            "author": "Prosenjit Das",
            "text": "Good",
            "certBuyer": true
        }
    ],
    [
        {
            "rating": 3,
            "title": "Cunning seller",
            "helpful": 10,
            "author": "Bop",
            "text": "Camera not great for this prize tag,  purchased from seller SPEEDO, his price from 400 INR less Fassured seller beacuse he selling OPEN box phone i.e seal is broken, so this seller should be in the open box phone category.",
            "certBuyer": true
        }
    ],
    [
        {
            "rating": 5,
            "title": "Terrific",
            "helpful": 1,
            "author": "Muthu Kumar",
            "text": "Superp",
            "certBuyer": true
        }
    ],
    [
        {
            "rating": 5,
            "title": "Awesome",
            "helpful": 1,
            "author": "Yashwant  Sen",
            "text": "Good product",
            "certBuyer": true
        }
    ],
    [
        {
            "rating": 5,
            "title": "Simply awesome",
            "helpful": 1,
            "author": "Neel Aakash Bharath S",
            "text": "Super mobile",
            "certBuyer": true
        }
    ],
    [
        {
            "rating": 5,
            "title": "Perfect product!",
            "helpful": 1,
            "author": "Flipkart Customer",
            "text": "Very good phone.... Premium look it is very super.. Sound clarity is very very excellent performance",
            "certBuyer": true
        }
    ],
    [
        {
            "rating": 5,
            "title": "Highly recommended",
            "helpful": 0,
            "author": "Dipan Chatterjee",
            "text": "Nice",
            "certBuyer": true
        }
    ],
    [
        {
            "rating": 5,
            "title": "Beast",
            "helpful": 0,
            "author": "Naznin Nida",
            "text": "best buy! blue colour is very attractive.",
            "certBuyer": true
        }
    ],
    [
        {
            "rating": 5,
            "title": "Highly recommended",
            "helpful": 1,
            "author": "Saurabh Bhatnagar",
            "text": "Excellent product Sony Xperia",
            "certBuyer": true
        }
    ],
    [
        {
            "rating": 5,
            "title": "Worth every penny",
            "helpful": 1,
            "author": "Flipkart Customer",
            "text": "Best in class",
            "certBuyer": true
        }
    ],
    [
        {
            "rating": 5,
            "title": "Terrific",
            "helpful": 1,
            "author": "Parikshith Pari",
            "text": "A good product from Sony. I happy with it.",
            "certBuyer": true
        }
    ],
    [
        {
            "rating": 5,
            "title": "Awesome",
            "helpful": 0,
            "author": "Flipkart Customer",
            "text": "This mobile was superr",
            "certBuyer": true
        }
    ],
    [
        {
            "rating": 5,
            "title": "Best in the market!",
            "helpful": 1,
            "author": "Munindra Malaka",
            "text": "Excellent phone. As always Sony Xperia up to the mark.",
            "certBuyer": true
        }
    ],
    [
        {
            "rating": 5,
            "title": "Highly recommended",
            "helpful": 1,
            "author": "srini vasan",
            "text": "my mobile battery problem",
            "certBuyer": true
        }
    ],
    [
        {
            "rating": 5,
            "title": "Mind-blowing purchase",
            "helpful": 0,
            "author": "Durai Maran",
            "text": "OK super",
            "certBuyer": true
        }
    ],
    [
        {
            "rating": 5,
            "title": "Sony xperia XA1 plus",
            "helpful": 1,
            "author": "Flipkart Customer",
            "text": "Best phone from best brand \nHighly recommented",
            "certBuyer": true
        }
    ],
    [
        {
            "rating": 5,
            "title": "Awesome",
            "helpful": 3,
            "author": "Flipkart Customer",
            "text": "Fastest delivery ever less than 24 hrs. Best display with fast fingerprint sensor. Audio quality and speaker are nice. Performance is greater than expected and battery life is the best. I got almost 12 hrs of continuous usage. Camera is good as usual because it's sony. All specs are good. Never expected that Sony would give these specs for this price. It's the best one of midrange mobiles",
            "certBuyer": true
        }
    ],
    [
        {
            "rating": 1,
            "title": "Terrible product",
            "helpful": 7,
            "author": "Flipkart Customer",
            "text": "Camera quality is to much bad.i ever see in this price segment this type of camera quality.only looking of mobile is good",
            "certBuyer": true
        }
    ],
    [
        {
            "rating": 1,
            "title": "Utterly Disappointed",
            "helpful": 2,
            "author": "Mijajur Rahman",
            "text": "The phone looks good. But lots of software bugs. No major updates received. No satisfying response from Sony customer support.",
            "certBuyer": true
        }
    ],
    [
        {
            "rating": 5,
            "title": "Worth every penny",
            "helpful": 2,
            "author": "Salu",
            "text": "Awesome mobile, good camera, I would like to say network access in this mobile is very good over all mobile is super cool in performance, battery awesome, I really impressed by Sony and camera...... Worth for money.",
            "certBuyer": true
        }
    ],
    [
        {
            "rating": 5,
            "title": "Highly recommended",
            "helpful": 1,
            "author": "kumaresh mitra",
            "text": "After use 1week I am very very disappointed because of its charging.... It's taken 2.40 hr for full charge. \nSony did not given fast charger adaptor..",
            "certBuyer": true
        }
    ],
    [
        {
            "rating": 5,
            "title": "Awesome",
            "helpful": 1,
            "author": "Atharva  Joshi",
            "text": "Amazing product great service by flipcart recieved in 1 day..",
            "certBuyer": true
        }
    ],
    [
        {
            "rating": 4,
            "title": "Very Good",
            "helpful": 2,
            "author": "SURIYA PRAKASH",
            "text": "Best mobile I ever used.. This mobile is a mid range beast..  Using this mobile for the past 2weeks.. Before this mobile I used Samsung Galaxy duos, Xperia SP, Xperia M4 aqua dual, Asus Zenfone 3, iPhone 5s and now this one. Here is the pros and cons in my point of view..\nPros. \n1. Awesome display. The 5.5 inch full HD screen gives you an awesome experience while using it and the Sony's default font gives your phone a premium look while holding it. And in super vivid mode ur pics and videos looks magnificent. \n\n2.  Battery life.  With the 3430mah battery you can easily  use the mobile for nearly 2 days if  are an average user and 1 day if you are a frequent user. With full time 4g connection and average use of surfing net, music and YouTube the battery lasts for more than a day for me.\n\n3. Music. No need to mention here, Sony is always the best when it comes to music. Sony didnt lose its charm in this mobile too. \n\n4. Camera. The rear camera with 23mp gives you clear pics with minute details. \n\n5. Design. I don't know why people hate Sony's design. This mobile gives you a premium feel when you hold it. Don't get misjudged by others suggestion. Just visit Sony showroom and use the demo mobile,  U will just love it. This is my 3rd Sony mobile. Sony is simply awesome. Don't simply go behind cheap Chinese mobiles bcoz of specs. \n\nCONS\nThe only con I personally feel is the front camera, which is not upto the mark when compared to previous mobiles. It do take good pics in daylight. But in low light it will test ur patience.",
            "certBuyer": true
        }
    ],
    [
        {
            "rating": 1,
            "title": "Not recommended at all",
            "helpful": 2,
            "author": "Flipkart Customer",
            "text": "Sony now the brand that is going to over in mobiles.\n\nProblems with in a month of buying. \n\nWill they change the phone or just going to open a phone in a month only.",
            "certBuyer": true
        }
    ],
    [
        {
            "rating": 1,
            "title": "Hated it!",
            "helpful": 4,
            "author": "Flipkart Customer",
            "text": "I don't see going Good with battery, when compared with moto",
            "certBuyer": true
        }
    ],
    [
        {
            "rating": 5,
            "title": "Terrific",
            "helpful": 1,
            "author": "Flipkart Customer",
            "text": "Phone and it's features are absolutely good. But I'm facing a problem with the speaker. Sometimes the output becomes so noisy and clumsy. Automatically it setting up right and working normally. This disturbing me more. Other than that, phone is too good. Hope this could have slow motion capturing.",
            "certBuyer": true
        }
    ],
    [
        {
            "rating": 1,
            "title": "Waste of money!",
            "helpful": 1,
            "author": "Pramod Chandrababu",
            "text": "Defective product",
            "certBuyer": true
        }
    ],
    [
        {
            "rating": 1,
            "title": "Waste of money!",
            "helpful": 2,
            "author": "DrJanealam Idrisi",
            "text": "Very disappointed with this sony product,, just feeling that i m using MI phone with Sony Tag,,, i was sony fan nd customer but aftr this prdct i have to think to buy sony products in future,,, my Xperia Z2 much better than Xperia xa1 plus,,, only advnc features compare to z2 is 4G,,, camera's picture quality low, little bit hanging since today is the second day",
            "certBuyer": true
        }
    ],
    [
        {
            "rating": 2,
            "title": "Awesome",
            "helpful": 1,
            "author": "AVINASH  UMALE",
            "text": "Bad Camera Clearing. Not File maneger, but look Nice..",
            "certBuyer": true
        }
    ],
    [
        {
            "rating": 1,
            "title": "Very poor",
            "helpful": 1,
            "author": "Flipkart Customer",
            "text": "Wast of money, very slow.....",
            "certBuyer": true
        }
    ],
    [
        {
            "rating": 1,
            "title": "Worst experience ever!",
            "helpful": 1,
            "author": "SRIDHARA P",
            "text": "Speaker and camera low quality and display quality low. very bad SONY Xperia product XA1PLUS.Please check the buyer s.",
            "certBuyer": true
        }
    ],
    [
        {
            "rating": 1,
            "title": "Not recommended at all",
            "helpful": 1,
            "author": "Gokul singh Nagarkoti",
            "text": "Not good",
            "certBuyer": true
        }
    ],
    [
        {
            "rating": 1,
            "title": "Worthless",
            "helpful": 2,
            "author": "Chandrasekhar Reddy",
            "text": "This is bad product",
            "certBuyer": true
        }
    ],
    [
        {
            "rating": 5,
            "title": "Terrific purchase",
            "helpful": 0,
            "author": "Ritwik Saha",
            "text": "Awesome phone must buy",
            "certBuyer": true
        }
    ],
    [
        {
            "rating": 4,
            "title": "Awesome",
            "helpful": 0,
            "author": "Flipkart Customer",
            "text": "Nice battery... Nice sound... Excellent. Camera.. Go for it smother and beautyful",
            "certBuyer": true
        }
    ],
    [
        {
            "rating": 5,
            "title": "Must buy!",
            "helpful": 0,
            "author": "Flipkart Customer",
            "text": "Thank u flipkart For good service..... I give 5 stars to my Sony a1plus mobile",
            "certBuyer": true
        }
    ],
    [
        {
            "rating": 4,
            "title": "Nice product",
            "helpful": 0,
            "author": "vinay shukla",
            "text": "Nice mobile wid good camera. Touch is so smooth and sound is awesome. Look wise is also very good.",
            "certBuyer": true
        }
    ],
    [
        {
            "rating": 1,
            "title": "Not recommended at all",
            "helpful": 0,
            "author": "prabu G ",
            "text": "This model is very worst vest money \ud83d\udcb5, camera worst, display worst, sound quality very worst.",
            "certBuyer": true
        }
    ],
    [
        {
            "rating": 5,
            "title": "Super Sleek Looks Premium",
            "helpful": 0,
            "author": "Hemant Pandey",
            "text": "Excellent phone, looks premium rich. Different design &amp; look from other phone. Fingerprint lock is key for me to purchase this Sony. Nice camera, very good battery back-up. Overall super phone!",
            "certBuyer": true
        }
    ],
    [
        {
            "rating": 5,
            "title": "Perfect product!",
            "helpful": 0,
            "author": "MOHD ASIF",
            "text": "Yes",
            "certBuyer": true
        }
    ],
    [
        {
            "rating": 5,
            "title": "Must buy!",
            "helpful": 0,
            "author": "Flipkart Customer",
            "text": "Good Mobile from Sony. Bit extra cost. Speaker sound is more. Good battery backup.",
            "certBuyer": true
        }
    ],
    [
        {
            "rating": 5,
            "title": "Simply awesome",
            "helpful": 0,
            "author": "Flipkart Customer",
            "text": "Nice product...",
            "certBuyer": true
        }
    ],
    [
        {
            "rating": 5,
            "title": "Worth every penny",
            "helpful": 0,
            "author": "Flipkart Customer",
            "text": "Nice phone from Soney. Value for money.. Sony should improvise Camera quality as people have high hopes from Sony. Worth a buy.",
            "certBuyer": true
        }
    ],
    [
        {
            "rating": 3,
            "title": "Just okay",
            "helpful": 0,
            "author": "lakshman kumar",
            "text": "What's is good in camera \ud83d\udcf8... And its has a poor battery \ud83d\udd0b performance.",
            "certBuyer": true
        }
    ],
    [
        {
            "rating": 3,
            "title": "Just okay",
            "helpful": 0,
            "author": "Prasanna Kumar",
            "text": "Product is good but the Brand of the Sony is not upto the expectation.\nThe provided Sony earphones is not upto the quality level. \nThe blue color is not that much good color and preferred color is black",
            "certBuyer": true
        }
    ],
    [
        {
            "rating": 5,
            "title": "Wonderful",
            "helpful": 0,
            "author": "PRABHASH CHOUDHARY",
            "text": "Excellent Phone with Brand value, Value for Money. The Best Camera, Fast Internet surfing, clear cristal voice in calling and music.",
            "certBuyer": true
        }
    ],
    [
        {
            "rating": 1,
            "title": "Not recommended at all",
            "helpful": 0,
            "author": "Sowjanya Samavedham",
            "text": "Fully disappointed by flip cart I received Xperia xa1 but I ordered Xperia xa1plus...",
            "certBuyer": true
        }
    ],
    [
        {
            "rating": 5,
            "title": "Excellent",
            "helpful": 0,
            "author": "Flipkart Customer",
            "text": "Very nice charging and perfect phone",
            "certBuyer": true
        }
    ],
    [
        {
            "rating": 3,
            "title": "Camera",
            "helpful": 0,
            "author": "nithin raj",
            "text": "Bad camera quality, really very disappointed \n \ud83d\ude25",
            "certBuyer": true
        }
    ],
    [
        {
            "rating": 1,
            "title": "Very poor",
            "helpful": 0,
            "author": "Flipkart Customer",
            "text": "Not good",
            "certBuyer": true
        }
    ],
    [
        {
            "rating": 5,
            "title": "Brilliant",
            "helpful": 5,
            "author": "Thiyagarajan K",
            "text": "Fastest Service From Flipkart",
            "certBuyer": true
        }
    ],
    [
        {
            "rating": 1,
            "title": "Not recommended at all",
            "helpful": 3,
            "author": "Flipkart Customer",
            "text": "Poor delivery by flipkart ,they assured me delivery time 3-4 days but product received almost after 7-8 days and no reply comes from flipkart,i regularly follow up and send the mail for updates.\nThey doesn't any responsibility of product delivery and feedback given to customer\n\nPlease dont trust flipkart product delivery time before placing any order.",
            "certBuyer": true
        }
    ]
]