[
    [
        {
            "author": "Sk.  Moniruddin ",
            "helpful": 1,
            "certBuyer": true,
            "rating": 5,
            "title": "Must buy!",
            "text": "Nice"
        }
    ],
    [
        {
            "author": "Flipkart Customer",
            "helpful": 0,
            "certBuyer": true,
            "rating": 3,
            "title": "Does the job",
            "text": "Super product thanks to flipcart"
        }
    ],
    [
        {
            "author": "Flipkart Customer",
            "helpful": 0,
            "certBuyer": true,
            "rating": 5,
            "title": "Good",
            "text": "Good"
        }
    ]
]