[
    [
        {
            "author": "Venkat  Bachuppala",
            "helpful": 0,
            "certBuyer": true,
            "rating": 5,
            "title": "Good",
            "text": "Products"
        }
    ],
    [
        {
            "author": "Alwin  Augustine",
            "helpful": 0,
            "certBuyer": true,
            "rating": 5,
            "title": "Perfect product!",
            "text": "Its a nice product...best suits the device..."
        }
    ],
    [
        {
            "author": "Vinay Matcha",
            "helpful": 0,
            "certBuyer": true,
            "rating": 5,
            "title": "Great product",
            "text": "Super terrific product"
        }
    ],
    [
        {
            "author": "Flipkart Customer",
            "helpful": 0,
            "certBuyer": true,
            "rating": 5,
            "title": "Great product",
            "text": "Very nce product tq"
        }
    ],
    [
        {
            "author": "Flipkart Customer",
            "helpful": 0,
            "certBuyer": true,
            "rating": 5,
            "title": "Just wow!",
            "text": "Very nice"
        }
    ],
    [
        {
            "author": "Utkarsh Tripathi",
            "helpful": 0,
            "certBuyer": true,
            "rating": 5,
            "title": "Awesome",
            "text": "Really very good...."
        }
    ]
]