[
    [
        {
            "author": "Ravi  Teja",
            "helpful": 9,
            "certBuyer": true,
            "rating": 5,
            "title": "Awesome",
            "text": "Good nice fabulousok"
        }
    ],
    [
        {
            "author": "Flipkart Customer",
            "helpful": 4,
            "certBuyer": true,
            "rating": 1,
            "title": "Terrible product",
            "text": "This charger is waste product... It's very very worst ... It's like a normal charger not Coolpad note 5 charger..... Waste money.."
        }
    ],
    [
        {
            "author": "Prashanth butti",
            "helpful": 2,
            "certBuyer": true,
            "rating": 4,
            "title": "Really Nice",
            "text": "Yes it's charging very fast"
        }
    ],
    [
        {
            "author": "Flipkart Customer",
            "helpful": 1,
            "certBuyer": true,
            "rating": 4,
            "title": "Good choice",
            "text": "Good dut not so much"
        }
    ],
    [
        {
            "author": "Kiran  Naik",
            "helpful": 1,
            "certBuyer": true,
            "rating": 5,
            "title": "Highly recommended",
            "text": "Very good"
        }
    ],
    [
        {
            "author": "Raushan Ravi",
            "helpful": 0,
            "certBuyer": true,
            "rating": 4,
            "title": "Nice product",
            "text": "Nice charger..."
        }
    ],
    [
        {
            "author": "Nagaraju Lingabattina",
            "helpful": 0,
            "certBuyer": true,
            "rating": 1,
            "title": "Horrible",
            "text": "cable doesn't fit, not at all charging with loose connection"
        }
    ],
    [
        {
            "author": "SUBBARAYUDU M",
            "helpful": 0,
            "certBuyer": true,
            "rating": 4,
            "title": "Very Good",
            "text": "Nice"
        }
    ],
    [
        {
            "author": "Surinder pal ",
            "helpful": 0,
            "certBuyer": true,
            "rating": 5,
            "title": "Classy product",
            "text": "Good product charing good"
        }
    ],
    [
        {
            "author": "RITU  GOGOI",
            "helpful": 0,
            "certBuyer": true,
            "rating": 4,
            "title": "Pretty good",
            "text": "Super"
        }
    ],
    [
        {
            "author": "Flipkart Customer",
            "helpful": 0,
            "certBuyer": true,
            "rating": 3,
            "title": "Nice",
            "text": "Good product"
        }
    ]
]