[
    [
        {
            "certBuyer": true,
            "text": "its  good",
            "helpful": 143,
            "title": "vivo y31L",
            "rating": 5,
            "author": "Flipkart Customer"
        }
    ],
    [
        {
            "certBuyer": false,
            "text": "Very warmly good",
            "helpful": 110,
            "title": "Good",
            "rating": 5,
            "author": "Ravi  Kumar"
        }
    ],
    [
        {
            "certBuyer": false,
            "text": "This has good battery backup n no hanging n laging.....im feeling  much better by using this phone compare to others....good camera and smoth touch with superb smart motions",
            "helpful": 117,
            "title": "Aswome phone n battery is superb.worth fr the pric",
            "rating": 5,
            "author": "Athik ...."
        }
    ],
    [
        {
            "certBuyer": false,
            "text": "Superb battery backup,  touch  and no hagging problem, nd looking also very nice,,,  i love this mobile VIVO Y31L",
            "helpful": 9,
            "title": "Just wow!",
            "rating": 5,
            "author": "Avi Choudhary"
        }
    ],
    [
        {
            "certBuyer": false,
            "text": "Nice sistem",
            "helpful": 5,
            "title": "Bahut achha phone hai",
            "rating": 5,
            "author": "Mohammed Imtiaz"
        }
    ],
    [
        {
            "certBuyer": false,
            "text": "The mobi is too gud features gud battery backup no heating, no hang prblm i suggest everyone too purchase it I love my vivo....",
            "helpful": 5,
            "title": "Tooo gud mobile nd i suggest u plz purchase",
            "rating": 5,
            "author": "Flipkart Customer"
        }
    ],
    [
        {
            "certBuyer": true,
            "text": "Amazing products",
            "helpful": 7,
            "title": "Just wow!",
            "rating": 5,
            "author": "Raju Roy"
        }
    ],
    [
        {
            "certBuyer": false,
            "text": "No hanging problem camera is superb",
            "helpful": 7,
            "title": "One of the best feature phone at this price..",
            "rating": 5,
            "author": "Flipkart Customer"
        }
    ],
    [
        {
            "certBuyer": false,
            "text": "Everything is good but earphones is bad",
            "helpful": 9,
            "title": "Super phone",
            "rating": 5,
            "author": "Charan Devang"
        }
    ],
    [
        {
            "certBuyer": false,
            "text": "yes phone is good but 1app takes too much time to install..  bit slow not hanging..  looks are good.",
            "helpful": 7,
            "title": "y31l",
            "rating": 3,
            "author": "ritesh  pramanik"
        }
    ],
    [
        {
            "certBuyer": false,
            "text": "don't think anything about this phone... awesome set from \nvivo.....",
            "helpful": 2,
            "title": "Fabulous!",
            "rating": 5,
            "author": "Flipkart Customer"
        }
    ],
    [
        {
            "certBuyer": false,
            "text": "Nice..good Camera Quality...awesome good battery live Smooth touch",
            "helpful": 2,
            "title": "Superrrr",
            "rating": 5,
            "author": "Manju"
        }
    ],
    [
        {
            "certBuyer": false,
            "text": "Good phone... camera,screen,battery backup,and lightweight phone...compare to other mobile phone in this price range",
            "helpful": 5,
            "title": "Nishant",
            "rating": 5,
            "author": "Nishant Gaurav"
        }
    ],
    [
        {
            "certBuyer": false,
            "text": "Bad battery backup",
            "helpful": 3,
            "title": "Not good",
            "rating": 2,
            "author": "Flipkart Customer"
        }
    ],
    [
        {
            "certBuyer": false,
            "text": "Overall good features, but its music player is not good, earphone causing pain in ear, very bad earphone. Camera has clarity.",
            "helpful": 4,
            "title": "Music player & earphone not good",
            "rating": 3,
            "author": "Flipkart Customer"
        }
    ],
    [
        {
            "certBuyer": true,
            "text": "Good",
            "helpful": 0,
            "title": "Good",
            "rating": 3,
            "author": "Rohit Bhardwaj"
        }
    ],
    [
        {
            "certBuyer": false,
            "text": "Its too Good........",
            "helpful": 0,
            "title": "Fabulous!",
            "rating": 5,
            "author": "Flipkart Customer"
        }
    ],
    [
        {
            "certBuyer": false,
            "text": "Very good mobile, no hang ,smooth",
            "helpful": 0,
            "title": "Great product",
            "rating": 5,
            "author": "Samanwaya  Pattanaik "
        }
    ],
    [
        {
            "certBuyer": true,
            "text": "Awesome phone at this price i suggest everyone to buy it.",
            "helpful": 0,
            "title": "Classy product",
            "rating": 5,
            "author": "akshat  pandey"
        }
    ],
    [
        {
            "certBuyer": false,
            "text": "Super",
            "helpful": 0,
            "title": "Simply awesome",
            "rating": 5,
            "author": "Flipkart Customer"
        }
    ],
    [
        {
            "certBuyer": false,
            "text": "Vivo y31L it's a very nice and good ?",
            "helpful": 0,
            "title": "Perfect product!",
            "rating": 5,
            "author": "Flipkart Customer"
        }
    ],
    [
        {
            "certBuyer": false,
            "text": "My favourite phone ever smooth touch and more smart features I like it",
            "helpful": 0,
            "title": "Great product",
            "rating": 5,
            "author": "Flipkart Customer"
        }
    ],
    [
        {
            "certBuyer": false,
            "text": "This phone is very good phone",
            "helpful": 1,
            "title": "Highly recommended",
            "rating": 5,
            "author": "Flipkart Customer"
        }
    ],
    [
        {
            "certBuyer": false,
            "text": "Vivo y31l is one of the Best smartphone at this price range.... \n1.good battery backup....\n    battery stand upto one day with regular usage\n2.no hanging problems....\n3.no heating issues........\n         No heating issues till 3 months of regular usage \n4.smooth touch........\n5.smart motions are nice...\n    Smart motions are very helpful \n6.good cam\n    Good 5MP selfie cam & 8MP primary cam\nAND VERY GOOD PERFORMANCE.......!",
            "helpful": 0,
            "title": "Great product",
            "rating": 5,
            "author": "Jeswin  John Jacob "
        }
    ],
    [
        {
            "certBuyer": false,
            "text": "Super..... Vivo is the best brand..... Compare to Samsung",
            "helpful": 0,
            "title": "Super!",
            "rating": 5,
            "author": "Rakesh Kumar Nayak "
        }
    ],
    [
        {
            "certBuyer": false,
            "text": "very good",
            "helpful": 1,
            "title": "Brilliant",
            "rating": 5,
            "author": "sudha reddy"
        }
    ],
    [
        {
            "certBuyer": false,
            "text": "Long buttery",
            "helpful": 1,
            "title": "Super!",
            "rating": 5,
            "author": "Prashanth Eltepu"
        }
    ],
    [
        {
            "certBuyer": false,
            "text": "nice but RAM is low . Expand the RAM  and battery  . May chance to leading product",
            "helpful": 1,
            "title": "Must buy!",
            "rating": 5,
            "author": "chaitu Shanu"
        }
    ],
    [
        {
            "certBuyer": false,
            "text": "best mobilr so far",
            "helpful": 2,
            "title": "kluyfu",
            "rating": 4,
            "author": "nikhil"
        }
    ],
    [
        {
            "certBuyer": false,
            "text": "Camera quality is very poor when we zoom camera its pixel always burst on 1.2 to 4 pixel other thing is so good",
            "helpful": 3,
            "title": "Poor",
            "rating": 1,
            "author": "Flipkart Customer"
        }
    ],
    [
        {
            "certBuyer": true,
            "text": "Its been one year now for thia phn ....phn ia exactly how it was descripted...no complaints....good service\ud83d\ude18\ud83d\ude18",
            "helpful": 1,
            "title": "Awesome phn",
            "rating": 5,
            "author": "Anjali  Rama"
        }
    ],
    [
        {
            "certBuyer": true,
            "text": "Awesome product.cam is very good. especially the shortcuts and smart motions are nice.looks very stylish.l rated 4 stars coz am not aware of life time of tis one.",
            "helpful": 1,
            "title": "Nice product",
            "rating": 4,
            "author": "Sabari Nath"
        }
    ],
    [
        {
            "certBuyer": true,
            "text": "Super",
            "helpful": 1,
            "title": "Terrific",
            "rating": 5,
            "author": "manjunath"
        }
    ],
    [
        {
            "certBuyer": true,
            "text": "Super",
            "helpful": 0,
            "title": "Nice product",
            "rating": 4,
            "author": "Murali Harsha"
        }
    ],
    [
        {
            "certBuyer": false,
            "text": "It's good",
            "helpful": 0,
            "title": "Super!",
            "rating": 5,
            "author": "Flipkart Customer"
        }
    ],
    [
        {
            "certBuyer": false,
            "text": "Comparing the features and price its much huge but by comparing the features qith other mobiles its performance is superb.\nIts camera quality is good comparing with the mobiles having the same pixels. RAM utility is also in a good way but sometimes it may have a tendency to hang. The inbuilt RAM booster is reduces the RAM overflow.",
            "helpful": 0,
            "title": "Simply awesome",
            "rating": 5,
            "author": "Arun Surendran"
        }
    ],
    [
        {
            "certBuyer": false,
            "text": "Nice smart phone.....",
            "helpful": 0,
            "title": "Wonderful",
            "rating": 5,
            "author": "Manoj kumar Mohanty "
        }
    ],
    [
        {
            "certBuyer": true,
            "text": "Good",
            "helpful": 0,
            "title": "Brilliant",
            "rating": 5,
            "author": "Chandan  Sharma "
        }
    ],
    [
        {
            "certBuyer": false,
            "text": "Good product... Performance is really good... Battery is also good.",
            "helpful": 0,
            "title": "Worth the money",
            "rating": 4,
            "author": "Saifuddin  Khan"
        }
    ],
    [
        {
            "certBuyer": false,
            "text": "Hanging problem and camera quality is not good.",
            "helpful": 0,
            "title": "Overpriced",
            "rating": 2,
            "author": "Flipkart Customer"
        }
    ],
    [
        {
            "certBuyer": false,
            "text": "Best",
            "helpful": 0,
            "title": "Best in the market!",
            "rating": 5,
            "author": "Mohd Rayyan"
        }
    ],
    [
        {
            "certBuyer": false,
            "text": "The performance of the phone is very good. But the touch screen like a onion skin.my screen is brokened.you need must handle the phone very careful.",
            "helpful": 0,
            "title": "Value-for-money",
            "rating": 4,
            "author": "Jithin  Raj k"
        }
    ],
    [
        {
            "certBuyer": false,
            "text": "Buy it. Camera quality  is fabulous. No hanging  problem. 4.7 display  is perfect. Touch works  fine. Under 8k this is best phone. Speaker sound quality  very clear",
            "helpful": 0,
            "title": "Awesome",
            "rating": 5,
            "author": "Raju Biswas"
        }
    ],
    [
        {
            "certBuyer": false,
            "text": "Sabse best smart and sabse good hai i love vivo y31l Samsung kesibhi Smartphones jiski price 15000 ke andar ho vo vivo y31l ko takkar nahi depayega",
            "helpful": 4,
            "title": "Must buy!",
            "rating": 5,
            "author": "Flipkart Customer"
        }
    ],
    [
        {
            "certBuyer": true,
            "text": "product is good...but the delivery is very bad....they gave us used mobile which has pattern lock when i open it first time.....",
            "helpful": 6,
            "title": "Biggest mistake of my life!",
            "rating": 1,
            "author": "Shiba Shil"
        }
    ],
    [
        {
            "certBuyer": true,
            "text": "I ordered this phone for my uncle..he received stone in the phone box...",
            "helpful": 5,
            "title": "Very Bad",
            "rating": 1,
            "author": "Flipkart Customer"
        }
    ],
    [
        {
            "certBuyer": true,
            "text": "Service sooo good",
            "helpful": 0,
            "title": "Fabulous!",
            "rating": 5,
            "author": "biswajit das"
        }
    ],
    [
        {
            "certBuyer": true,
            "text": "Excellent packing and price.",
            "helpful": 0,
            "title": "Awesome",
            "rating": 5,
            "author": "Flipkart Customer"
        }
    ],
    [
        {
            "certBuyer": false,
            "text": "Awesome full too paisa wasool love it....",
            "helpful": 0,
            "title": "Excellent",
            "rating": 5,
            "author": "Anchal  Aithani "
        }
    ],
    [
        {
            "certBuyer": false,
            "text": "Its not to gud for use...I sggst u pll dnt thnk abt ths set",
            "helpful": 1,
            "title": "Slightly disappointed",
            "rating": 2,
            "author": "Flipkart Customer"
        }
    ],
    [
        {
            "certBuyer": false,
            "text": "Sab acha h is phone pr bs sound qlty acha nhi h",
            "helpful": 1,
            "title": "Sound qlty bad",
            "rating": 4,
            "author": "Flipkart Srishti "
        }
    ],
    [
        {
            "certBuyer": false,
            "text": "I just want to know that is this phone is available in exchange.",
            "helpful": 1,
            "title": "VIVO Y31L (White, 16 GB)",
            "rating": 4,
            "author": "Amit Shirke"
        }
    ]
]